timestamp, memory.used [MiB], temperature.gpu, power.draw [W], clocks.current.sm [MHz], clocks.current.memory [MHz], clocks_event_reasons.sw_power_cap, clocks_event_reasons.hw_slowdown, clocks_event_reasons.hw_thermal_slowdown, clocks_event_reasons.hw_power_brake_slowdown, clocks_event_reasons.sw_thermal_slowdown
2026/09/03 04:29:27.738, 2 MiB, 50, 94.35 W, 2910 MHz, 14001 MHz, Not Active, Not Active, Not Active, Not Active, Not Active
2026/09/03 04:29:27.942, 2 MiB, 50, 94.35 W, 2910 MHz, 14001 MHz, Not Active, Not Active, Not Active, Not Active, Not Active
2026/09/03 04:29:28.142, 4 MiB, 50, 94.35 W, 2910 MHz, 14001 MHz, Not Active, Not Active, Not Active, Not Active, Not Active
2026/09/03 04:29:28.342, 21 MiB, 49, 62.42 W, 697 MHz, 14001 MHz, Not Active, Not Active, Not Active, Not Active, Not Active
2026/09/03 04:29:28.542, 506 MiB, 49, 62.42 W, 697 MHz, 14001 MHz, Not Active, Not Active, Not Active, Not Active, Not Active
2026/09/03 04:29:28.743, 506 MiB, 49, 62.42 W, 697 MHz, 14001 MHz, Not Active, Not Active, Not Active, Not Active, Not Active
2026/09/03 04:29:28.943, 506 MiB, 49, 61.31 W, 2400 MHz, 13801 MHz, Not Active, Not Active, Not Active, Not Active, Not Active
2026/09/03 04:29:29.143, 506 MiB, 49, 61.31 W, 2400 MHz, 13801 MHz, Not Active, Not Active, Not Active, Not Active, Not Active
2026/09/03 04:29:29.343, 506 MiB, 48, 57.45 W, 2400 MHz, 13801 MHz, Not Active, Not Active, Not Active, Not Active, Not Active
2026/09/03 04:29:29.544, 506 MiB, 48, 57.45 W, 2400 MHz, 13801 MHz, Not Active, Not Active, Not Active, Not Active, Not Active
2026/09/03 04:29:29.744, 506 MiB, 48, 57.45 W, 2400 MHz, 13801 MHz, Not Active, Not Active, Not Active, Not Active, Not Active
2026/09/03 04:29:29.944, 506 MiB, 48, 56.57 W, 2400 MHz, 13801 MHz, Not Active, Not Active, Not Active, Not Active, Not Active
2026/09/03 04:29:30.144, 506 MiB, 48, 56.57 W, 2400 MHz, 13801 MHz, Not Active, Not Active, Not Active, Not Active, Not Active
2026/09/03 04:29:30.345, 506 MiB, 48, 56.70 W, 2400 MHz, 13801 MHz, Not Active, Not Active, Not Active, Not Active, Not Active
2026/09/03 04:29:30.545, 506 MiB, 48, 56.70 W, 2400 MHz, 13801 MHz, Not Active, Not Active, Not Active, Not Active, Not Active
2026/09/03 04:29:30.745, 506 MiB, 48, 56.70 W, 2400 MHz, 13801 MHz, Not Active, Not Active, Not Active, Not Active, Not Active
2026/09/03 04:29:30.945, 506 MiB, 48, 56.59 W, 2400 MHz, 13801 MHz, Not Active, Not Active, Not Active, Not Active, Not Active
2026/09/03 04:29:31.146, 506 MiB, 48, 56.59 W, 2400 MHz, 13801 MHz, Not Active, Not Active, Not Active, Not Active, Not Active
2026/09/03 04:29:31.346, 506 MiB, 48, 56.46 W, 2400 MHz, 13801 MHz, Not Active, Not Active, Not Active, Not Active, Not Active
2026/09/03 04:29:31.546, 506 MiB, 48, 56.46 W, 2400 MHz, 13801 MHz, Not Active, Not Active, Not Active, Not Active, Not Active
2026/09/03 04:29:31.746, 506 MiB, 48, 56.46 W, 2400 MHz, 13801 MHz, Not Active, Not Active, Not Active, Not Active, Not Active
2026/09/03 04:29:31.946, 506 MiB, 48, 56.39 W, 2400 MHz, 13801 MHz, Not Active, Not Active, Not Active, Not Active, Not Active
2026/09/03 04:29:32.147, 506 MiB, 48, 56.39 W, 2400 MHz, 13801 MHz, Not Active, Not Active, Not Active, Not Active, Not Active
2026/09/03 04:29:32.347, 506 MiB, 48, 56.28 W, 2400 MHz, 13801 MHz, Not Active, Not Active, Not Active, Not Active, Not Active
2026/09/03 04:29:32.547, 506 MiB, 48, 56.28 W, 2400 MHz, 13801 MHz, Not Active, Not Active, Not Active, Not Active, Not Active
2026/09/03 04:29:32.747, 506 MiB, 48, 56.28 W, 2400 MHz, 13801 MHz, Not Active, Not Active, Not Active, Not Active, Not Active
2026/09/03 04:29:32.948, 506 MiB, 47, 56.26 W, 2400 MHz, 13801 MHz, Not Active, Not Active, Not Active, Not Active, Not Active
2026/09/03 04:29:33.148, 506 MiB, 47, 56.26 W, 2400 MHz, 13801 MHz, Not Active, Not Active, Not Active, Not Active, Not Active
2026/09/03 04:29:33.348, 506 MiB, 47, 56.23 W, 2400 MHz, 13801 MHz, Not Active, Not Active, Not Active, Not Active, Not Active
2026/09/03 04:29:33.548, 506 MiB, 47, 56.23 W, 2400 MHz, 13801 MHz, Not Active, Not Active, Not Active, Not Active, Not Active
2026/09/03 04:29:33.748, 506 MiB, 47, 56.23 W, 2400 MHz, 13801 MHz, Not Active, Not Active, Not Active, Not Active, Not Active
2026/09/03 04:29:33.949, 506 MiB, 47, 56.19 W, 2400 MHz, 13801 MHz, Not Active, Not Active, Not Active, Not Active, Not Active
2026/09/03 04:29:34.149, 506 MiB, 47, 56.19 W, 2400 MHz, 13801 MHz, Not Active, Not Active, Not Active, Not Active, Not Active
2026/09/03 04:29:34.349, 506 MiB, 47, 56.16 W, 2400 MHz, 13801 MHz, Not Active, Not Active, Not Active, Not Active, Not Active
2026/09/03 04:29:34.549, 506 MiB, 47, 56.16 W, 2400 MHz, 13801 MHz, Not Active, Not Active, Not Active, Not Active, Not Active
2026/09/03 04:29:34.750, 506 MiB, 47, 56.16 W, 2400 MHz, 13801 MHz, Not Active, Not Active, Not Active, Not Active, Not Active
2026/09/03 04:29:34.950, 506 MiB, 47, 56.21 W, 2400 MHz, 13801 MHz, Not Active, Not Active, Not Active, Not Active, Not Active
2026/09/03 04:29:35.150, 506 MiB, 47, 56.21 W, 2400 MHz, 13801 MHz, Not Active, Not Active, Not Active, Not Active, Not Active
2026/09/03 04:29:35.351, 506 MiB, 47, 56.34 W, 2400 MHz, 13801 MHz, Not Active, Not Active, Not Active, Not Active, Not Active
2026/09/03 04:29:35.551, 506 MiB, 47, 56.34 W, 2400 MHz, 13801 MHz, Not Active, Not Active, Not Active, Not Active, Not Active
2026/09/03 04:29:35.751, 506 MiB, 47, 56.34 W, 2400 MHz, 13801 MHz, Not Active, Not Active, Not Active, Not Active, Not Active
2026/09/03 04:29:35.951, 506 MiB, 47, 56.26 W, 2400 MHz, 13801 MHz, Not Active, Not Active, Not Active, Not Active, Not Active
2026/09/03 04:29:36.151, 506 MiB, 47, 56.26 W, 2400 MHz, 13801 MHz, Not Active, Not Active, Not Active, Not Active, Not Active
2026/09/03 04:29:36.352, 506 MiB, 47, 56.26 W, 2400 MHz, 13801 MHz, Not Active, Not Active, Not Active, Not Active, Not Active
2026/09/03 04:29:36.552, 506 MiB, 47, 56.26 W, 2400 MHz, 13801 MHz, Not Active, Not Active, Not Active, Not Active, Not Active
2026/09/03 04:29:36.752, 506 MiB, 47, 56.26 W, 2400 MHz, 13801 MHz, Not Active, Not Active, Not Active, Not Active, Not Active
2026/09/03 04:29:36.952, 506 MiB, 47, 56.38 W, 2400 MHz, 13801 MHz, Not Active, Not Active, Not Active, Not Active, Not Active
2026/09/03 04:29:37.153, 506 MiB, 47, 56.38 W, 2400 MHz, 13801 MHz, Not Active, Not Active, Not Active, Not Active, Not Active
2026/09/03 04:29:37.353, 506 MiB, 47, 56.33 W, 2400 MHz, 13801 MHz, Not Active, Not Active, Not Active, Not Active, Not Active
2026/09/03 04:29:37.553, 506 MiB, 47, 56.33 W, 2400 MHz, 13801 MHz, Not Active, Not Active, Not Active, Not Active, Not Active
2026/09/03 04:29:37.753, 506 MiB, 47, 56.33 W, 2400 MHz, 13801 MHz, Not Active, Not Active, Not Active, Not Active, Not Active
2026/09/03 04:29:37.953, 506 MiB, 46, 56.19 W, 2400 MHz, 13801 MHz, Not Active, Not Active, Not Active, Not Active, Not Active
2026/09/03 04:29:38.154, 506 MiB, 46, 56.19 W, 2400 MHz, 13801 MHz, Not Active, Not Active, Not Active, Not Active, Not Active
2026/09/03 04:29:38.354, 506 MiB, 46, 55.99 W, 2400 MHz, 13801 MHz, Not Active, Not Active, Not Active, Not Active, Not Active
2026/09/03 04:29:38.554, 506 MiB, 46, 55.99 W, 2400 MHz, 13801 MHz, Not Active, Not Active, Not Active, Not Active, Not Active
2026/09/03 04:29:38.754, 506 MiB, 46, 55.99 W, 2400 MHz, 13801 MHz, Not Active, Not Active, Not Active, Not Active, Not Active
2026/09/03 04:29:38.954, 506 MiB, 46, 55.80 W, 2400 MHz, 13801 MHz, Not Active, Not Active, Not Active, Not Active, Not Active
2026/09/03 04:29:39.155, 506 MiB, 46, 55.80 W, 2400 MHz, 13801 MHz, Not Active, Not Active, Not Active, Not Active, Not Active
2026/09/03 04:29:39.355, 506 MiB, 46, 55.75 W, 2400 MHz, 13801 MHz, Not Active, Not Active, Not Active, Not Active, Not Active
2026/09/03 04:29:39.555, 506 MiB, 46, 55.75 W, 2400 MHz, 13801 MHz, Not Active, Not Active, Not Active, Not Active, Not Active
2026/09/03 04:29:39.755, 506 MiB, 46, 55.75 W, 2400 MHz, 13801 MHz, Not Active, Not Active, Not Active, Not Active, Not Active
2026/09/03 04:29:39.956, 506 MiB, 46, 55.85 W, 2400 MHz, 13801 MHz, Not Active, Not Active, Not Active, Not Active, Not Active
2026/09/03 04:29:40.156, 506 MiB, 46, 55.85 W, 2400 MHz, 13801 MHz, Not Active, Not Active, Not Active, Not Active, Not Active
2026/09/03 04:29:40.356, 506 MiB, 46, 55.86 W, 2400 MHz, 13801 MHz, Not Active, Not Active, Not Active, Not Active, Not Active
2026/09/03 04:29:40.556, 506 MiB, 46, 55.86 W, 2400 MHz, 13801 MHz, Not Active, Not Active, Not Active, Not Active, Not Active
2026/09/03 04:29:40.757, 506 MiB, 46, 55.86 W, 2400 MHz, 13801 MHz, Not Active, Not Active, Not Active, Not Active, Not Active
2026/09/03 04:29:40.957, 506 MiB, 46, 55.78 W, 2400 MHz, 13801 MHz, Not Active, Not Active, Not Active, Not Active, Not Active
2026/09/03 04:29:41.157, 506 MiB, 46, 55.78 W, 2400 MHz, 13801 MHz, Not Active, Not Active, Not Active, Not Active, Not Active
2026/09/03 04:29:41.357, 506 MiB, 46, 55.65 W, 2400 MHz, 13801 MHz, Not Active, Not Active, Not Active, Not Active, Not Active
2026/09/03 04:29:41.557, 506 MiB, 46, 55.65 W, 2400 MHz, 13801 MHz, Not Active, Not Active, Not Active, Not Active, Not Active
2026/09/03 04:29:41.758, 506 MiB, 46, 55.65 W, 2400 MHz, 13801 MHz, Not Active, Not Active, Not Active, Not Active, Not Active
2026/09/03 04:29:41.958, 506 MiB, 46, 55.57 W, 2400 MHz, 13801 MHz, Not Active, Not Active, Not Active, Not Active, Not Active
2026/09/03 04:29:42.158, 506 MiB, 46, 55.57 W, 2400 MHz, 13801 MHz, Not Active, Not Active, Not Active, Not Active, Not Active
2026/09/03 04:29:42.358, 506 MiB, 46, 55.49 W, 2400 MHz, 13801 MHz, Not Active, Not Active, Not Active, Not Active, Not Active
2026/09/03 04:29:42.558, 506 MiB, 46, 55.49 W, 2400 MHz, 13801 MHz, Not Active, Not Active, Not Active, Not Active, Not Active
2026/09/03 04:29:42.759, 506 MiB, 46, 55.49 W, 2400 MHz, 13801 MHz, Not Active, Not Active, Not Active, Not Active, Not Active
2026/09/03 04:29:42.959, 506 MiB, 46, 55.42 W, 2400 MHz, 13801 MHz, Not Active, Not Active, Not Active, Not Active, Not Active
2026/09/03 04:29:43.159, 506 MiB, 46, 55.42 W, 2400 MHz, 13801 MHz, Not Active, Not Active, Not Active, Not Active, Not Active
2026/09/03 04:29:43.359, 506 MiB, 45, 55.45 W, 2400 MHz, 13801 MHz, Not Active, Not Active, Not Active, Not Active, Not Active
2026/09/03 04:29:43.559, 506 MiB, 45, 55.45 W, 2400 MHz, 13801 MHz, Not Active, Not Active, Not Active, Not Active, Not Active
2026/09/03 04:29:43.760, 506 MiB, 45, 55.45 W, 2400 MHz, 13801 MHz, Not Active, Not Active, Not Active, Not Active, Not Active
2026/09/03 04:29:43.960, 506 MiB, 45, 55.55 W, 2400 MHz, 13801 MHz, Not Active, Not Active, Not Active, Not Active, Not Active
2026/09/03 04:29:44.160, 506 MiB, 45, 55.55 W, 2400 MHz, 13801 MHz, Not Active, Not Active, Not Active, Not Active, Not Active
2026/09/03 04:29:44.360, 506 MiB, 45, 55.60 W, 2400 MHz, 13801 MHz, Not Active, Not Active, Not Active, Not Active, Not Active
2026/09/03 04:29:44.561, 506 MiB, 45, 55.60 W, 2400 MHz, 13801 MHz, Not Active, Not Active, Not Active, Not Active, Not Active
2026/09/03 04:29:44.761, 506 MiB, 45, 55.60 W, 2400 MHz, 13801 MHz, Not Active, Not Active, Not Active, Not Active, Not Active
2026/09/03 04:29:44.961, 506 MiB, 45, 55.62 W, 2400 MHz, 13801 MHz, Not Active, Not Active, Not Active, Not Active, Not Active
2026/09/03 04:29:45.161, 506 MiB, 45, 55.62 W, 2400 MHz, 13801 MHz, Not Active, Not Active, Not Active, Not Active, Not Active
2026/09/03 04:29:45.361, 506 MiB, 45, 39.40 W, 480 MHz, 810 MHz, Not Active, Not Active, Not Active, Not Active, Not Active
2026/09/03 04:29:45.562, 506 MiB, 45, 39.40 W, 480 MHz, 810 MHz, Not Active, Not Active, Not Active, Not Active, Not Active
2026/09/03 04:29:45.762, 506 MiB, 45, 39.40 W, 480 MHz, 810 MHz, Not Active, Not Active, Not Active, Not Active, Not Active
2026/09/03 04:29:45.962, 506 MiB, 44, 20.01 W, 45 MHz, 810 MHz, Not Active, Not Active, Not Active, Not Active, Not Active
2026/09/03 04:29:46.162, 506 MiB, 44, 20.01 W, 45 MHz, 810 MHz, Not Active, Not Active, Not Active, Not Active, Not Active
2026/09/03 04:29:46.363, 506 MiB, 44, 20.01 W, 45 MHz, 810 MHz, Not Active, Not Active, Not Active, Not Active, Not Active
2026/09/03 04:29:46.563, 506 MiB, 44, 20.01 W, 45 MHz, 810 MHz, Not Active, Not Active, Not Active, Not Active, Not Active
2026/09/03 04:29:46.763, 506 MiB, 44, 20.01 W, 45 MHz, 810 MHz, Not Active, Not Active, Not Active, Not Active, Not Active
2026/09/03 04:29:46.963, 506 MiB, 44, 12.36 W, 45 MHz, 810 MHz, Not Active, Not Active, Not Active, Not Active, Not Active
2026/09/03 04:29:47.163, 506 MiB, 44, 12.36 W, 45 MHz, 810 MHz, Not Active, Not Active, Not Active, Not Active, Not Active
2026/09/03 04:29:47.364, 506 MiB, 44, 12.36 W, 26 MHz, 810 MHz, Not Active, Not Active, Not Active, Not Active, Not Active
2026/09/03 04:29:47.564, 506 MiB, 44, 12.36 W, 26 MHz, 810 MHz, Not Active, Not Active, Not Active, Not Active, Not Active
2026/09/03 04:29:47.764, 506 MiB, 44, 12.36 W, 26 MHz, 810 MHz, Not Active, Not Active, Not Active, Not Active, Not Active
2026/09/03 04:29:47.964, 506 MiB, 44, 12.13 W, 26 MHz, 810 MHz, Not Active, Not Active, Not Active, Not Active, Not Active
2026/09/03 04:29:48.165, 506 MiB, 44, 12.13 W, 26 MHz, 810 MHz, Not Active, Not Active, Not Active, Not Active, Not Active
2026/09/03 04:29:48.365, 506 MiB, 44, 12.13 W, 22 MHz, 405 MHz, Not Active, Not Active, Not Active, Not Active, Not Active
2026/09/03 04:29:48.565, 506 MiB, 44, 12.13 W, 22 MHz, 405 MHz, Not Active, Not Active, Not Active, Not Active, Not Active
2026/09/03 04:29:48.766, 506 MiB, 44, 12.13 W, 22 MHz, 405 MHz, Not Active, Not Active, Not Active, Not Active, Not Active
2026/09/03 04:29:48.966, 506 MiB, 44, 11.89 W, 22 MHz, 405 MHz, Not Active, Not Active, Not Active, Not Active, Not Active
2026/09/03 04:29:49.166, 506 MiB, 44, 11.89 W, 22 MHz, 405 MHz, Not Active, Not Active, Not Active, Not Active, Not Active
2026/09/03 04:29:49.367, 506 MiB, 44, 11.89 W, 22 MHz, 405 MHz, Not Active, Not Active, Not Active, Not Active, Not Active
2026/09/03 04:29:49.567, 506 MiB, 44, 11.89 W, 22 MHz, 405 MHz, Not Active, Not Active, Not Active, Not Active, Not Active
2026/09/03 04:29:49.767, 506 MiB, 44, 11.89 W, 22 MHz, 405 MHz, Not Active, Not Active, Not Active, Not Active, Not Active
2026/09/03 04:29:49.967, 506 MiB, 43, 11.75 W, 22 MHz, 405 MHz, Not Active, Not Active, Not Active, Not Active, Not Active
2026/09/03 04:29:50.168, 506 MiB, 43, 11.75 W, 22 MHz, 405 MHz, Not Active, Not Active, Not Active, Not Active, Not Active
2026/09/03 04:29:50.368, 506 MiB, 43, 11.75 W, 22 MHz, 405 MHz, Not Active, Not Active, Not Active, Not Active, Not Active
2026/09/03 04:29:50.568, 506 MiB, 43, 11.75 W, 22 MHz, 405 MHz, Not Active, Not Active, Not Active, Not Active, Not Active
2026/09/03 04:29:50.768, 506 MiB, 43, 11.75 W, 22 MHz, 405 MHz, Not Active, Not Active, Not Active, Not Active, Not Active
2026/09/03 04:29:50.968, 506 MiB, 43, 11.23 W, 22 MHz, 405 MHz, Not Active, Not Active, Not Active, Not Active, Not Active
2026/09/03 04:29:51.169, 506 MiB, 43, 11.23 W, 22 MHz, 405 MHz, Not Active, Not Active, Not Active, Not Active, Not Active
2026/09/03 04:29:51.369, 506 MiB, 43, 11.23 W, 22 MHz, 405 MHz, Not Active, Not Active, Not Active, Not Active, Not Active
2026/09/03 04:29:51.569, 506 MiB, 43, 11.23 W, 22 MHz, 405 MHz, Not Active, Not Active, Not Active, Not Active, Not Active
2026/09/03 04:29:51.770, 506 MiB, 43, 11.23 W, 22 MHz, 405 MHz, Not Active, Not Active, Not Active, Not Active, Not Active
2026/09/03 04:29:51.970, 506 MiB, 43, 11.28 W, 22 MHz, 405 MHz, Not Active, Not Active, Not Active, Not Active, Not Active
2026/09/03 04:29:52.170, 506 MiB, 43, 11.28 W, 22 MHz, 405 MHz, Not Active, Not Active, Not Active, Not Active, Not Active
2026/09/03 04:29:52.370, 506 MiB, 43, 11.28 W, 22 MHz, 405 MHz, Not Active, Not Active, Not Active, Not Active, Not Active
2026/09/03 04:29:52.571, 506 MiB, 43, 11.28 W, 22 MHz, 405 MHz, Not Active, Not Active, Not Active, Not Active, Not Active
2026/09/03 04:29:52.771, 506 MiB, 43, 11.28 W, 22 MHz, 405 MHz, Not Active, Not Active, Not Active, Not Active, Not Active
2026/09/03 04:29:52.971, 506 MiB, 43, 11.52 W, 22 MHz, 405 MHz, Not Active, Not Active, Not Active, Not Active, Not Active
2026/09/03 04:29:53.171, 506 MiB, 43, 11.52 W, 22 MHz, 405 MHz, Not Active, Not Active, Not Active, Not Active, Not Active
2026/09/03 04:29:53.372, 506 MiB, 43, 11.52 W, 22 MHz, 405 MHz, Not Active, Not Active, Not Active, Not Active, Not Active
2026/09/03 04:29:53.572, 506 MiB, 43, 11.52 W, 22 MHz, 405 MHz, Not Active, Not Active, Not Active, Not Active, Not Active
2026/09/03 04:29:53.772, 506 MiB, 43, 11.52 W, 22 MHz, 405 MHz, Not Active, Not Active, Not Active, Not Active, Not Active
2026/09/03 04:29:53.972, 506 MiB, 43, 11.55 W, 22 MHz, 405 MHz, Not Active, Not Active, Not Active, Not Active, Not Active
2026/09/03 04:29:54.173, 506 MiB, 43, 11.55 W, 22 MHz, 405 MHz, Not Active, Not Active, Not Active, Not Active, Not Active
2026/09/03 04:29:54.373, 506 MiB, 43, 11.55 W, 22 MHz, 405 MHz, Not Active, Not Active, Not Active, Not Active, Not Active
2026/09/03 04:29:54.573, 506 MiB, 43, 11.55 W, 22 MHz, 405 MHz, Not Active, Not Active, Not Active, Not Active, Not Active
2026/09/03 04:29:54.774, 506 MiB, 43, 11.55 W, 22 MHz, 405 MHz, Not Active, Not Active, Not Active, Not Active, Not Active
2026/09/03 04:29:54.974, 506 MiB, 42, 11.56 W, 22 MHz, 405 MHz, Not Active, Not Active, Not Active, Not Active, Not Active
2026/09/03 04:29:55.174, 506 MiB, 42, 11.56 W, 22 MHz, 405 MHz, Not Active, Not Active, Not Active, Not Active, Not Active
2026/09/03 04:29:55.374, 506 MiB, 42, 11.56 W, 22 MHz, 405 MHz, Not Active, Not Active, Not Active, Not Active, Not Active
2026/09/03 04:29:55.574, 506 MiB, 42, 11.56 W, 22 MHz, 405 MHz, Not Active, Not Active, Not Active, Not Active, Not Active
2026/09/03 04:29:55.774, 506 MiB, 42, 11.56 W, 22 MHz, 405 MHz, Not Active, Not Active, Not Active, Not Active, Not Active
2026/09/03 04:29:55.975, 506 MiB, 42, 11.54 W, 22 MHz, 405 MHz, Not Active, Not Active, Not Active, Not Active, Not Active
2026/09/03 04:29:56.175, 506 MiB, 42, 11.54 W, 22 MHz, 405 MHz, Not Active, Not Active, Not Active, Not Active, Not Active
2026/09/03 04:29:56.375, 506 MiB, 42, 11.54 W, 22 MHz, 405 MHz, Not Active, Not Active, Not Active, Not Active, Not Active
2026/09/03 04:29:56.575, 506 MiB, 42, 11.54 W, 22 MHz, 405 MHz, Not Active, Not Active, Not Active, Not Active, Not Active
2026/09/03 04:29:56.776, 506 MiB, 42, 11.54 W, 22 MHz, 405 MHz, Not Active, Not Active, Not Active, Not Active, Not Active
2026/09/03 04:29:56.976, 506 MiB, 42, 11.12 W, 22 MHz, 405 MHz, Not Active, Not Active, Not Active, Not Active, Not Active
2026/09/03 04:29:57.176, 506 MiB, 42, 11.12 W, 22 MHz, 405 MHz, Not Active, Not Active, Not Active, Not Active, Not Active
2026/09/03 04:29:57.376, 506 MiB, 42, 11.12 W, 22 MHz, 405 MHz, Not Active, Not Active, Not Active, Not Active, Not Active
2026/09/03 04:29:57.577, 506 MiB, 42, 11.12 W, 22 MHz, 405 MHz, Not Active, Not Active, Not Active, Not Active, Not Active
2026/09/03 04:29:57.777, 506 MiB, 42, 11.12 W, 22 MHz, 405 MHz, Not Active, Not Active, Not Active, Not Active, Not Active
2026/09/03 04:29:57.977, 506 MiB, 42, 11.13 W, 22 MHz, 405 MHz, Not Active, Not Active, Not Active, Not Active, Not Active
2026/09/03 04:29:58.177, 506 MiB, 42, 11.13 W, 22 MHz, 405 MHz, Not Active, Not Active, Not Active, Not Active, Not Active
2026/09/03 04:29:58.378, 506 MiB, 42, 11.13 W, 22 MHz, 405 MHz, Not Active, Not Active, Not Active, Not Active, Not Active
2026/09/03 04:29:58.578, 506 MiB, 42, 11.13 W, 22 MHz, 405 MHz, Not Active, Not Active, Not Active, Not Active, Not Active
2026/09/03 04:29:58.778, 506 MiB, 42, 11.13 W, 22 MHz, 405 MHz, Not Active, Not Active, Not Active, Not Active, Not Active
2026/09/03 04:29:58.978, 506 MiB, 42, 11.21 W, 22 MHz, 405 MHz, Not Active, Not Active, Not Active, Not Active, Not Active
2026/09/03 04:29:59.179, 506 MiB, 42, 11.21 W, 22 MHz, 405 MHz, Not Active, Not Active, Not Active, Not Active, Not Active
2026/09/03 04:29:59.379, 506 MiB, 42, 11.21 W, 22 MHz, 405 MHz, Not Active, Not Active, Not Active, Not Active, Not Active
2026/09/03 04:29:59.579, 506 MiB, 42, 11.21 W, 22 MHz, 405 MHz, Not Active, Not Active, Not Active, Not Active, Not Active
2026/09/03 04:29:59.779, 506 MiB, 42, 11.21 W, 22 MHz, 405 MHz, Not Active, Not Active, Not Active, Not Active, Not Active
2026/09/03 04:29:59.980, 506 MiB, 42, 11.09 W, 22 MHz, 405 MHz, Not Active, Not Active, Not Active, Not Active, Not Active
2026/09/03 04:30:00.180, 506 MiB, 42, 11.09 W, 22 MHz, 405 MHz, Not Active, Not Active, Not Active, Not Active, Not Active
2026/09/03 04:30:00.380, 506 MiB, 42, 11.09 W, 22 MHz, 405 MHz, Not Active, Not Active, Not Active, Not Active, Not Active
2026/09/03 04:30:00.581, 506 MiB, 42, 11.09 W, 22 MHz, 405 MHz, Not Active, Not Active, Not Active, Not Active, Not Active
2026/09/03 04:30:00.781, 506 MiB, 42, 11.09 W, 22 MHz, 405 MHz, Not Active, Not Active, Not Active, Not Active, Not Active
2026/09/03 04:30:00.981, 506 MiB, 41, 11.01 W, 22 MHz, 405 MHz, Not Active, Not Active, Not Active, Not Active, Not Active
2026/09/03 04:30:01.181, 506 MiB, 41, 11.01 W, 22 MHz, 405 MHz, Not Active, Not Active, Not Active, Not Active, Not Active
2026/09/03 04:30:01.381, 506 MiB, 41, 11.01 W, 22 MHz, 405 MHz, Not Active, Not Active, Not Active, Not Active, Not Active
2026/09/03 04:30:01.582, 506 MiB, 41, 11.01 W, 22 MHz, 405 MHz, Not Active, Not Active, Not Active, Not Active, Not Active
2026/09/03 04:30:01.782, 506 MiB, 41, 11.01 W, 22 MHz, 405 MHz, Not Active, Not Active, Not Active, Not Active, Not Active
2026/09/03 04:30:01.982, 506 MiB, 41, 10.93 W, 22 MHz, 405 MHz, Not Active, Not Active, Not Active, Not Active, Not Active
2026/09/03 04:30:02.182, 506 MiB, 41, 10.93 W, 22 MHz, 405 MHz, Not Active, Not Active, Not Active, Not Active, Not Active
2026/09/03 04:30:02.383, 506 MiB, 41, 10.93 W, 22 MHz, 405 MHz, Not Active, Not Active, Not Active, Not Active, Not Active
2026/09/03 04:30:02.583, 506 MiB, 41, 10.93 W, 22 MHz, 405 MHz, Not Active, Not Active, Not Active, Not Active, Not Active
2026/09/03 04:30:02.783, 506 MiB, 41, 10.93 W, 22 MHz, 405 MHz, Not Active, Not Active, Not Active, Not Active, Not Active
2026/09/03 04:30:02.983, 506 MiB, 41, 11.02 W, 22 MHz, 405 MHz, Not Active, Not Active, Not Active, Not Active, Not Active
2026/09/03 04:30:03.184, 506 MiB, 41, 11.02 W, 22 MHz, 405 MHz, Not Active, Not Active, Not Active, Not Active, Not Active
2026/09/03 04:30:03.384, 506 MiB, 41, 11.02 W, 22 MHz, 405 MHz, Not Active, Not Active, Not Active, Not Active, Not Active
2026/09/03 04:30:03.584, 506 MiB, 41, 11.02 W, 22 MHz, 405 MHz, Not Active, Not Active, Not Active, Not Active, Not Active
2026/09/03 04:30:03.784, 506 MiB, 41, 11.02 W, 22 MHz, 405 MHz, Not Active, Not Active, Not Active, Not Active, Not Active
2026/09/03 04:30:03.984, 506 MiB, 41, 11.18 W, 22 MHz, 405 MHz, Not Active, Not Active, Not Active, Not Active, Not Active
2026/09/03 04:30:04.185, 506 MiB, 41, 11.18 W, 22 MHz, 405 MHz, Not Active, Not Active, Not Active, Not Active, Not Active
2026/09/03 04:30:04.385, 506 MiB, 41, 11.18 W, 22 MHz, 405 MHz, Not Active, Not Active, Not Active, Not Active, Not Active
2026/09/03 04:30:04.585, 506 MiB, 41, 11.18 W, 22 MHz, 405 MHz, Not Active, Not Active, Not Active, Not Active, Not Active
2026/09/03 04:30:04.785, 506 MiB, 41, 11.18 W, 22 MHz, 405 MHz, Not Active, Not Active, Not Active, Not Active, Not Active
2026/09/03 04:30:04.985, 506 MiB, 41, 11.14 W, 22 MHz, 405 MHz, Not Active, Not Active, Not Active, Not Active, Not Active
2026/09/03 04:30:05.186, 506 MiB, 41, 11.14 W, 22 MHz, 405 MHz, Not Active, Not Active, Not Active, Not Active, Not Active
2026/09/03 04:30:05.386, 506 MiB, 41, 11.14 W, 22 MHz, 405 MHz, Not Active, Not Active, Not Active, Not Active, Not Active
2026/09/03 04:30:05.586, 506 MiB, 41, 11.14 W, 22 MHz, 405 MHz, Not Active, Not Active, Not Active, Not Active, Not Active
2026/09/03 04:30:05.786, 506 MiB, 41, 11.14 W, 22 MHz, 405 MHz, Not Active, Not Active, Not Active, Not Active, Not Active
2026/09/03 04:30:05.986, 506 MiB, 41, 11.13 W, 22 MHz, 405 MHz, Not Active, Not Active, Not Active, Not Active, Not Active
2026/09/03 04:30:06.187, 506 MiB, 41, 11.13 W, 22 MHz, 405 MHz, Not Active, Not Active, Not Active, Not Active, Not Active
2026/09/03 04:30:06.387, 506 MiB, 41, 11.13 W, 22 MHz, 405 MHz, Not Active, Not Active, Not Active, Not Active, Not Active
2026/09/03 04:30:06.587, 506 MiB, 41, 11.13 W, 22 MHz, 405 MHz, Not Active, Not Active, Not Active, Not Active, Not Active
2026/09/03 04:30:06.788, 506 MiB, 41, 11.13 W, 22 MHz, 405 MHz, Not Active, Not Active, Not Active, Not Active, Not Active
2026/09/03 04:30:06.988, 506 MiB, 41, 10.93 W, 22 MHz, 405 MHz, Not Active, Not Active, Not Active, Not Active, Not Active
2026/09/03 04:30:07.188, 506 MiB, 41, 10.93 W, 22 MHz, 405 MHz, Not Active, Not Active, Not Active, Not Active, Not Active
2026/09/03 04:30:07.388, 506 MiB, 41, 10.93 W, 22 MHz, 405 MHz, Not Active, Not Active, Not Active, Not Active, Not Active
2026/09/03 04:30:07.588, 506 MiB, 41, 10.93 W, 22 MHz, 405 MHz, Not Active, Not Active, Not Active, Not Active, Not Active
2026/09/03 04:30:07.789, 506 MiB, 41, 10.93 W, 22 MHz, 405 MHz, Not Active, Not Active, Not Active, Not Active, Not Active
2026/09/03 04:30:07.989, 506 MiB, 40, 11.13 W, 22 MHz, 405 MHz, Not Active, Not Active, Not Active, Not Active, Not Active
2026/09/03 04:30:08.189, 506 MiB, 40, 11.13 W, 22 MHz, 405 MHz, Not Active, Not Active, Not Active, Not Active, Not Active
2026/09/03 04:30:08.389, 506 MiB, 40, 11.13 W, 22 MHz, 405 MHz, Not Active, Not Active, Not Active, Not Active, Not Active
2026/09/03 04:30:08.590, 506 MiB, 40, 11.13 W, 22 MHz, 405 MHz, Not Active, Not Active, Not Active, Not Active, Not Active
2026/09/03 04:30:08.790, 506 MiB, 40, 11.13 W, 22 MHz, 405 MHz, Not Active, Not Active, Not Active, Not Active, Not Active
2026/09/03 04:30:08.990, 506 MiB, 40, 10.98 W, 22 MHz, 405 MHz, Not Active, Not Active, Not Active, Not Active, Not Active
2026/09/03 04:30:09.190, 506 MiB, 40, 10.98 W, 22 MHz, 405 MHz, Not Active, Not Active, Not Active, Not Active, Not Active
2026/09/03 04:30:09.391, 506 MiB, 40, 10.98 W, 22 MHz, 405 MHz, Not Active, Not Active, Not Active, Not Active, Not Active
2026/09/03 04:30:09.591, 506 MiB, 40, 10.98 W, 22 MHz, 405 MHz, Not Active, Not Active, Not Active, Not Active, Not Active
2026/09/03 04:30:09.791, 506 MiB, 40, 10.98 W, 22 MHz, 405 MHz, Not Active, Not Active, Not Active, Not Active, Not Active
2026/09/03 04:30:09.991, 506 MiB, 40, 11.00 W, 22 MHz, 405 MHz, Not Active, Not Active, Not Active, Not Active, Not Active
2026/09/03 04:30:10.191, 506 MiB, 40, 11.00 W, 22 MHz, 405 MHz, Not Active, Not Active, Not Active, Not Active, Not Active
2026/09/03 04:30:10.392, 506 MiB, 40, 11.00 W, 22 MHz, 405 MHz, Not Active, Not Active, Not Active, Not Active, Not Active
2026/09/03 04:30:10.592, 506 MiB, 40, 11.00 W, 22 MHz, 405 MHz, Not Active, Not Active, Not Active, Not Active, Not Active
2026/09/03 04:30:10.792, 506 MiB, 40, 11.00 W, 22 MHz, 405 MHz, Not Active, Not Active, Not Active, Not Active, Not Active
2026/09/03 04:30:10.992, 506 MiB, 40, 10.70 W, 22 MHz, 405 MHz, Not Active, Not Active, Not Active, Not Active, Not Active
2026/09/03 04:30:11.192, 506 MiB, 40, 10.70 W, 22 MHz, 405 MHz, Not Active, Not Active, Not Active, Not Active, Not Active
2026/09/03 04:30:11.393, 506 MiB, 40, 10.70 W, 22 MHz, 405 MHz, Not Active, Not Active, Not Active, Not Active, Not Active
2026/09/03 04:30:11.593, 506 MiB, 40, 10.70 W, 22 MHz, 405 MHz, Not Active, Not Active, Not Active, Not Active, Not Active
2026/09/03 04:30:11.793, 506 MiB, 40, 10.70 W, 22 MHz, 405 MHz, Not Active, Not Active, Not Active, Not Active, Not Active
2026/09/03 04:30:11.993, 506 MiB, 40, 10.68 W, 22 MHz, 405 MHz, Not Active, Not Active, Not Active, Not Active, Not Active
2026/09/03 04:30:12.194, 506 MiB, 40, 10.68 W, 22 MHz, 405 MHz, Not Active, Not Active, Not Active, Not Active, Not Active
2026/09/03 04:30:12.394, 506 MiB, 40, 10.68 W, 22 MHz, 405 MHz, Not Active, Not Active, Not Active, Not Active, Not Active
2026/09/03 04:30:12.594, 506 MiB, 40, 10.68 W, 22 MHz, 405 MHz, Not Active, Not Active, Not Active, Not Active, Not Active
2026/09/03 04:30:12.794, 506 MiB, 40, 10.68 W, 22 MHz, 405 MHz, Not Active, Not Active, Not Active, Not Active, Not Active
2026/09/03 04:30:12.995, 506 MiB, 40, 10.70 W, 22 MHz, 405 MHz, Not Active, Not Active, Not Active, Not Active, Not Active
2026/09/03 04:30:13.195, 506 MiB, 40, 10.70 W, 22 MHz, 405 MHz, Not Active, Not Active, Not Active, Not Active, Not Active
2026/09/03 04:30:13.395, 506 MiB, 40, 10.70 W, 22 MHz, 405 MHz, Not Active, Not Active, Not Active, Not Active, Not Active
2026/09/03 04:30:13.595, 506 MiB, 40, 10.70 W, 22 MHz, 405 MHz, Not Active, Not Active, Not Active, Not Active, Not Active
2026/09/03 04:30:13.795, 506 MiB, 40, 10.70 W, 22 MHz, 405 MHz, Not Active, Not Active, Not Active, Not Active, Not Active
2026/09/03 04:30:13.995, 506 MiB, 40, 10.68 W, 22 MHz, 405 MHz, Not Active, Not Active, Not Active, Not Active, Not Active
2026/09/03 04:30:14.196, 506 MiB, 40, 10.68 W, 22 MHz, 405 MHz, Not Active, Not Active, Not Active, Not Active, Not Active
2026/09/03 04:30:14.396, 506 MiB, 40, 10.68 W, 22 MHz, 405 MHz, Not Active, Not Active, Not Active, Not Active, Not Active
2026/09/03 04:30:14.596, 506 MiB, 40, 10.68 W, 22 MHz, 405 MHz, Not Active, Not Active, Not Active, Not Active, Not Active
2026/09/03 04:30:14.796, 506 MiB, 40, 10.68 W, 22 MHz, 405 MHz, Not Active, Not Active, Not Active, Not Active, Not Active
2026/09/03 04:30:14.997, 506 MiB, 40, 10.56 W, 22 MHz, 405 MHz, Not Active, Not Active, Not Active, Not Active, Not Active
2026/09/03 04:30:15.197, 506 MiB, 40, 10.56 W, 22 MHz, 405 MHz, Not Active, Not Active, Not Active, Not Active, Not Active
2026/09/03 04:30:15.397, 506 MiB, 40, 10.56 W, 22 MHz, 405 MHz, Not Active, Not Active, Not Active, Not Active, Not Active
2026/09/03 04:30:15.597, 506 MiB, 40, 10.56 W, 22 MHz, 405 MHz, Not Active, Not Active, Not Active, Not Active, Not Active
2026/09/03 04:30:15.797, 506 MiB, 40, 10.56 W, 22 MHz, 405 MHz, Not Active, Not Active, Not Active, Not Active, Not Active
2026/09/03 04:30:15.998, 506 MiB, 40, 10.50 W, 22 MHz, 405 MHz, Not Active, Not Active, Not Active, Not Active, Not Active
2026/09/03 04:30:16.198, 506 MiB, 40, 10.50 W, 22 MHz, 405 MHz, Not Active, Not Active, Not Active, Not Active, Not Active
2026/09/03 04:30:16.398, 506 MiB, 40, 10.50 W, 22 MHz, 405 MHz, Not Active, Not Active, Not Active, Not Active, Not Active
2026/09/03 04:30:16.598, 506 MiB, 40, 10.50 W, 22 MHz, 405 MHz, Not Active, Not Active, Not Active, Not Active, Not Active
2026/09/03 04:30:16.798, 506 MiB, 40, 10.50 W, 22 MHz, 405 MHz, Not Active, Not Active, Not Active, Not Active, Not Active
2026/09/03 04:30:16.999, 506 MiB, 40, 10.60 W, 22 MHz, 405 MHz, Not Active, Not Active, Not Active, Not Active, Not Active
2026/09/03 04:30:17.199, 506 MiB, 40, 10.60 W, 22 MHz, 405 MHz, Not Active, Not Active, Not Active, Not Active, Not Active
2026/09/03 04:30:17.399, 506 MiB, 40, 10.60 W, 22 MHz, 405 MHz, Not Active, Not Active, Not Active, Not Active, Not Active
2026/09/03 04:30:17.599, 506 MiB, 40, 10.60 W, 22 MHz, 405 MHz, Not Active, Not Active, Not Active, Not Active, Not Active
2026/09/03 04:30:17.799, 506 MiB, 40, 10.60 W, 22 MHz, 405 MHz, Not Active, Not Active, Not Active, Not Active, Not Active
2026/09/03 04:30:18.000, 506 MiB, 40, 10.61 W, 22 MHz, 405 MHz, Not Active, Not Active, Not Active, Not Active, Not Active
2026/09/03 04:30:18.200, 506 MiB, 40, 10.61 W, 22 MHz, 405 MHz, Not Active, Not Active, Not Active, Not Active, Not Active
2026/09/03 04:30:18.400, 506 MiB, 40, 10.61 W, 22 MHz, 405 MHz, Not Active, Not Active, Not Active, Not Active, Not Active
2026/09/03 04:30:18.600, 506 MiB, 40, 10.61 W, 22 MHz, 405 MHz, Not Active, Not Active, Not Active, Not Active, Not Active
2026/09/03 04:30:18.801, 506 MiB, 40, 10.61 W, 22 MHz, 405 MHz, Not Active, Not Active, Not Active, Not Active, Not Active
2026/09/03 04:30:19.001, 506 MiB, 40, 10.55 W, 22 MHz, 405 MHz, Not Active, Not Active, Not Active, Not Active, Not Active
2026/09/03 04:30:19.201, 506 MiB, 40, 10.55 W, 22 MHz, 405 MHz, Not Active, Not Active, Not Active, Not Active, Not Active
2026/09/03 04:30:19.401, 506 MiB, 40, 10.55 W, 22 MHz, 405 MHz, Not Active, Not Active, Not Active, Not Active, Not Active
2026/09/03 04:30:19.601, 506 MiB, 40, 10.55 W, 22 MHz, 405 MHz, Not Active, Not Active, Not Active, Not Active, Not Active
2026/09/03 04:30:19.802, 506 MiB, 40, 10.55 W, 22 MHz, 405 MHz, Not Active, Not Active, Not Active, Not Active, Not Active
2026/09/03 04:30:20.002, 506 MiB, 40, 10.46 W, 22 MHz, 405 MHz, Not Active, Not Active, Not Active, Not Active, Not Active
2026/09/03 04:30:20.202, 506 MiB, 40, 10.46 W, 22 MHz, 405 MHz, Not Active, Not Active, Not Active, Not Active, Not Active
2026/09/03 04:30:20.402, 506 MiB, 40, 10.46 W, 22 MHz, 405 MHz, Not Active, Not Active, Not Active, Not Active, Not Active
2026/09/03 04:30:20.602, 506 MiB, 40, 10.46 W, 22 MHz, 405 MHz, Not Active, Not Active, Not Active, Not Active, Not Active
2026/09/03 04:30:20.803, 506 MiB, 40, 10.46 W, 22 MHz, 405 MHz, Not Active, Not Active, Not Active, Not Active, Not Active
2026/09/03 04:30:21.003, 506 MiB, 40, 10.71 W, 22 MHz, 405 MHz, Not Active, Not Active, Not Active, Not Active, Not Active
2026/09/03 04:30:21.203, 506 MiB, 40, 10.71 W, 22 MHz, 405 MHz, Not Active, Not Active, Not Active, Not Active, Not Active
2026/09/03 04:30:21.403, 506 MiB, 40, 10.71 W, 22 MHz, 405 MHz, Not Active, Not Active, Not Active, Not Active, Not Active
2026/09/03 04:30:21.603, 506 MiB, 40, 10.71 W, 22 MHz, 405 MHz, Not Active, Not Active, Not Active, Not Active, Not Active
2026/09/03 04:30:21.804, 506 MiB, 40, 10.71 W, 22 MHz, 405 MHz, Not Active, Not Active, Not Active, Not Active, Not Active
2026/09/03 04:30:22.004, 506 MiB, 40, 10.65 W, 22 MHz, 405 MHz, Not Active, Not Active, Not Active, Not Active, Not Active
2026/09/03 04:30:22.204, 506 MiB, 40, 10.65 W, 22 MHz, 405 MHz, Not Active, Not Active, Not Active, Not Active, Not Active
2026/09/03 04:30:22.404, 506 MiB, 40, 10.65 W, 22 MHz, 405 MHz, Not Active, Not Active, Not Active, Not Active, Not Active
2026/09/03 04:30:22.605, 506 MiB, 40, 10.65 W, 22 MHz, 405 MHz, Not Active, Not Active, Not Active, Not Active, Not Active
2026/09/03 04:30:22.805, 506 MiB, 40, 10.65 W, 22 MHz, 405 MHz, Not Active, Not Active, Not Active, Not Active, Not Active
2026/09/03 04:30:23.005, 506 MiB, 40, 10.54 W, 22 MHz, 405 MHz, Not Active, Not Active, Not Active, Not Active, Not Active
2026/09/03 04:30:23.205, 506 MiB, 40, 10.54 W, 22 MHz, 405 MHz, Not Active, Not Active, Not Active, Not Active, Not Active
2026/09/03 04:30:23.406, 506 MiB, 40, 10.54 W, 22 MHz, 405 MHz, Not Active, Not Active, Not Active, Not Active, Not Active
2026/09/03 04:30:23.606, 506 MiB, 40, 10.54 W, 22 MHz, 405 MHz, Not Active, Not Active, Not Active, Not Active, Not Active
2026/09/03 04:30:23.806, 506 MiB, 40, 10.54 W, 22 MHz, 405 MHz, Not Active, Not Active, Not Active, Not Active, Not Active
2026/09/03 04:30:24.007, 506 MiB, 40, 10.49 W, 22 MHz, 405 MHz, Not Active, Not Active, Not Active, Not Active, Not Active
2026/09/03 04:30:24.207, 506 MiB, 40, 10.49 W, 22 MHz, 405 MHz, Not Active, Not Active, Not Active, Not Active, Not Active
2026/09/03 04:30:24.407, 506 MiB, 40, 10.49 W, 22 MHz, 405 MHz, Not Active, Not Active, Not Active, Not Active, Not Active
2026/09/03 04:30:24.607, 506 MiB, 40, 10.49 W, 22 MHz, 405 MHz, Not Active, Not Active, Not Active, Not Active, Not Active
2026/09/03 04:30:24.808, 506 MiB, 40, 10.49 W, 22 MHz, 405 MHz, Not Active, Not Active, Not Active, Not Active, Not Active
2026/09/03 04:30:25.008, 506 MiB, 40, 10.54 W, 22 MHz, 405 MHz, Not Active, Not Active, Not Active, Not Active, Not Active
2026/09/03 04:30:25.208, 506 MiB, 40, 10.54 W, 22 MHz, 405 MHz, Not Active, Not Active, Not Active, Not Active, Not Active
2026/09/03 04:30:25.408, 506 MiB, 40, 10.54 W, 22 MHz, 405 MHz, Not Active, Not Active, Not Active, Not Active, Not Active
2026/09/03 04:30:25.609, 506 MiB, 40, 10.54 W, 22 MHz, 405 MHz, Not Active, Not Active, Not Active, Not Active, Not Active
2026/09/03 04:30:25.809, 506 MiB, 40, 10.54 W, 22 MHz, 405 MHz, Not Active, Not Active, Not Active, Not Active, Not Active
2026/09/03 04:30:26.009, 506 MiB, 40, 10.49 W, 22 MHz, 405 MHz, Not Active, Not Active, Not Active, Not Active, Not Active
2026/09/03 04:30:26.209, 506 MiB, 40, 10.49 W, 22 MHz, 405 MHz, Not Active, Not Active, Not Active, Not Active, Not Active
2026/09/03 04:30:26.410, 506 MiB, 40, 10.49 W, 22 MHz, 405 MHz, Not Active, Not Active, Not Active, Not Active, Not Active
2026/09/03 04:30:26.610, 506 MiB, 40, 10.49 W, 22 MHz, 405 MHz, Not Active, Not Active, Not Active, Not Active, Not Active
2026/09/03 04:30:26.810, 506 MiB, 40, 10.49 W, 22 MHz, 405 MHz, Not Active, Not Active, Not Active, Not Active, Not Active
2026/09/03 04:30:27.010, 506 MiB, 40, 10.66 W, 22 MHz, 405 MHz, Not Active, Not Active, Not Active, Not Active, Not Active
2026/09/03 04:30:27.211, 506 MiB, 40, 10.66 W, 22 MHz, 405 MHz, Not Active, Not Active, Not Active, Not Active, Not Active
2026/09/03 04:30:27.411, 506 MiB, 40, 10.66 W, 22 MHz, 405 MHz, Not Active, Not Active, Not Active, Not Active, Not Active
2026/09/03 04:30:27.611, 506 MiB, 40, 10.66 W, 22 MHz, 405 MHz, Not Active, Not Active, Not Active, Not Active, Not Active
2026/09/03 04:30:27.811, 506 MiB, 40, 10.66 W, 22 MHz, 405 MHz, Not Active, Not Active, Not Active, Not Active, Not Active
2026/09/03 04:30:28.012, 506 MiB, 40, 10.79 W, 22 MHz, 405 MHz, Not Active, Not Active, Not Active, Not Active, Not Active
2026/09/03 04:30:28.212, 506 MiB, 40, 10.79 W, 22 MHz, 405 MHz, Not Active, Not Active, Not Active, Not Active, Not Active
2026/09/03 04:30:28.412, 506 MiB, 40, 10.79 W, 22 MHz, 405 MHz, Not Active, Not Active, Not Active, Not Active, Not Active
2026/09/03 04:30:28.612, 506 MiB, 40, 10.79 W, 22 MHz, 405 MHz, Not Active, Not Active, Not Active, Not Active, Not Active
2026/09/03 04:30:28.812, 506 MiB, 40, 10.79 W, 22 MHz, 405 MHz, Not Active, Not Active, Not Active, Not Active, Not Active
2026/09/03 04:30:29.013, 506 MiB, 40, 10.64 W, 22 MHz, 405 MHz, Not Active, Not Active, Not Active, Not Active, Not Active
2026/09/03 04:30:29.213, 506 MiB, 40, 10.64 W, 22 MHz, 405 MHz, Not Active, Not Active, Not Active, Not Active, Not Active
2026/09/03 04:30:29.413, 506 MiB, 40, 10.64 W, 22 MHz, 405 MHz, Not Active, Not Active, Not Active, Not Active, Not Active
2026/09/03 04:30:29.617, 506 MiB, 40, 10.64 W, 22 MHz, 405 MHz, Not Active, Not Active, Not Active, Not Active, Not Active
2026/09/03 04:30:29.818, 506 MiB, 40, 10.64 W, 22 MHz, 405 MHz, Not Active, Not Active, Not Active, Not Active, Not Active
2026/09/03 04:30:30.018, 506 MiB, 40, 10.59 W, 22 MHz, 405 MHz, Not Active, Not Active, Not Active, Not Active, Not Active
2026/09/03 04:30:30.218, 506 MiB, 40, 10.59 W, 22 MHz, 405 MHz, Not Active, Not Active, Not Active, Not Active, Not Active
2026/09/03 04:30:30.418, 506 MiB, 40, 10.59 W, 22 MHz, 405 MHz, Not Active, Not Active, Not Active, Not Active, Not Active
2026/09/03 04:30:30.619, 506 MiB, 40, 10.59 W, 22 MHz, 405 MHz, Not Active, Not Active, Not Active, Not Active, Not Active
2026/09/03 04:30:30.819, 506 MiB, 40, 10.59 W, 22 MHz, 405 MHz, Not Active, Not Active, Not Active, Not Active, Not Active
2026/09/03 04:30:31.019, 506 MiB, 40, 10.91 W, 22 MHz, 405 MHz, Not Active, Not Active, Not Active, Not Active, Not Active
2026/09/03 04:30:31.219, 506 MiB, 40, 10.91 W, 22 MHz, 405 MHz, Not Active, Not Active, Not Active, Not Active, Not Active
2026/09/03 04:30:31.420, 506 MiB, 40, 10.91 W, 22 MHz, 405 MHz, Not Active, Not Active, Not Active, Not Active, Not Active
2026/09/03 04:30:31.620, 506 MiB, 40, 10.91 W, 22 MHz, 405 MHz, Not Active, Not Active, Not Active, Not Active, Not Active
2026/09/03 04:30:31.820, 506 MiB, 40, 10.91 W, 22 MHz, 405 MHz, Not Active, Not Active, Not Active, Not Active, Not Active
2026/09/03 04:30:32.020, 506 MiB, 40, 10.89 W, 22 MHz, 405 MHz, Not Active, Not Active, Not Active, Not Active, Not Active
2026/09/03 04:30:32.221, 506 MiB, 40, 10.89 W, 22 MHz, 405 MHz, Not Active, Not Active, Not Active, Not Active, Not Active
2026/09/03 04:30:32.421, 506 MiB, 40, 10.89 W, 22 MHz, 405 MHz, Not Active, Not Active, Not Active, Not Active, Not Active
2026/09/03 04:30:32.621, 506 MiB, 40, 10.89 W, 22 MHz, 405 MHz, Not Active, Not Active, Not Active, Not Active, Not Active
2026/09/03 04:30:32.821, 506 MiB, 40, 10.89 W, 22 MHz, 405 MHz, Not Active, Not Active, Not Active, Not Active, Not Active
2026/09/03 04:30:33.022, 506 MiB, 40, 10.84 W, 22 MHz, 405 MHz, Not Active, Not Active, Not Active, Not Active, Not Active
2026/09/03 04:30:33.222, 506 MiB, 40, 10.84 W, 22 MHz, 405 MHz, Not Active, Not Active, Not Active, Not Active, Not Active
2026/09/03 04:30:33.422, 506 MiB, 40, 10.84 W, 22 MHz, 405 MHz, Not Active, Not Active, Not Active, Not Active, Not Active
2026/09/03 04:30:33.623, 506 MiB, 40, 10.84 W, 22 MHz, 405 MHz, Not Active, Not Active, Not Active, Not Active, Not Active
2026/09/03 04:30:33.823, 506 MiB, 40, 10.84 W, 22 MHz, 405 MHz, Not Active, Not Active, Not Active, Not Active, Not Active
2026/09/03 04:30:34.023, 506 MiB, 40, 10.89 W, 22 MHz, 405 MHz, Not Active, Not Active, Not Active, Not Active, Not Active
2026/09/03 04:30:34.223, 506 MiB, 40, 10.89 W, 22 MHz, 405 MHz, Not Active, Not Active, Not Active, Not Active, Not Active
2026/09/03 04:30:34.424, 506 MiB, 40, 10.89 W, 22 MHz, 405 MHz, Not Active, Not Active, Not Active, Not Active, Not Active
2026/09/03 04:30:34.624, 506 MiB, 40, 10.89 W, 22 MHz, 405 MHz, Not Active, Not Active, Not Active, Not Active, Not Active
2026/09/03 04:30:34.824, 506 MiB, 40, 10.89 W, 22 MHz, 405 MHz, Not Active, Not Active, Not Active, Not Active, Not Active
2026/09/03 04:30:35.024, 506 MiB, 40, 10.84 W, 22 MHz, 405 MHz, Not Active, Not Active, Not Active, Not Active, Not Active
2026/09/03 04:30:35.225, 506 MiB, 40, 10.84 W, 22 MHz, 405 MHz, Not Active, Not Active, Not Active, Not Active, Not Active
2026/09/03 04:30:35.425, 506 MiB, 40, 10.84 W, 22 MHz, 405 MHz, Not Active, Not Active, Not Active, Not Active, Not Active
2026/09/03 04:30:35.625, 506 MiB, 40, 10.84 W, 22 MHz, 405 MHz, Not Active, Not Active, Not Active, Not Active, Not Active
2026/09/03 04:30:35.825, 506 MiB, 40, 10.84 W, 22 MHz, 405 MHz, Not Active, Not Active, Not Active, Not Active, Not Active
2026/09/03 04:30:36.025, 506 MiB, 40, 10.84 W, 22 MHz, 405 MHz, Not Active, Not Active, Not Active, Not Active, Not Active
2026/09/03 04:30:36.226, 506 MiB, 40, 10.84 W, 22 MHz, 405 MHz, Not Active, Not Active, Not Active, Not Active, Not Active
2026/09/03 04:30:36.426, 506 MiB, 40, 10.84 W, 22 MHz, 405 MHz, Not Active, Not Active, Not Active, Not Active, Not Active
2026/09/03 04:30:36.626, 506 MiB, 40, 10.84 W, 22 MHz, 405 MHz, Not Active, Not Active, Not Active, Not Active, Not Active
2026/09/03 04:30:36.826, 506 MiB, 40, 10.84 W, 22 MHz, 405 MHz, Not Active, Not Active, Not Active, Not Active, Not Active
2026/09/03 04:30:37.026, 506 MiB, 40, 10.76 W, 22 MHz, 405 MHz, Not Active, Not Active, Not Active, Not Active, Not Active
2026/09/03 04:30:37.227, 506 MiB, 40, 10.76 W, 22 MHz, 405 MHz, Not Active, Not Active, Not Active, Not Active, Not Active
2026/09/03 04:30:37.427, 506 MiB, 40, 10.76 W, 22 MHz, 405 MHz, Not Active, Not Active, Not Active, Not Active, Not Active
2026/09/03 04:30:37.627, 506 MiB, 40, 10.76 W, 22 MHz, 405 MHz, Not Active, Not Active, Not Active, Not Active, Not Active
2026/09/03 04:30:37.827, 506 MiB, 40, 10.76 W, 22 MHz, 405 MHz, Not Active, Not Active, Not Active, Not Active, Not Active
2026/09/03 04:30:38.027, 506 MiB, 40, 10.48 W, 22 MHz, 405 MHz, Not Active, Not Active, Not Active, Not Active, Not Active
2026/09/03 04:30:38.228, 506 MiB, 40, 10.48 W, 22 MHz, 405 MHz, Not Active, Not Active, Not Active, Not Active, Not Active
2026/09/03 04:30:38.428, 506 MiB, 40, 10.48 W, 22 MHz, 405 MHz, Not Active, Not Active, Not Active, Not Active, Not Active
2026/09/03 04:30:38.628, 506 MiB, 40, 10.48 W, 22 MHz, 405 MHz, Not Active, Not Active, Not Active, Not Active, Not Active
2026/09/03 04:30:38.828, 506 MiB, 40, 10.48 W, 22 MHz, 405 MHz, Not Active, Not Active, Not Active, Not Active, Not Active
2026/09/03 04:30:39.028, 506 MiB, 40, 10.45 W, 22 MHz, 405 MHz, Not Active, Not Active, Not Active, Not Active, Not Active
2026/09/03 04:30:39.229, 506 MiB, 40, 10.45 W, 22 MHz, 405 MHz, Not Active, Not Active, Not Active, Not Active, Not Active
2026/09/03 04:30:39.429, 506 MiB, 40, 10.45 W, 22 MHz, 405 MHz, Not Active, Not Active, Not Active, Not Active, Not Active
2026/09/03 04:30:39.629, 506 MiB, 40, 10.45 W, 22 MHz, 405 MHz, Not Active, Not Active, Not Active, Not Active, Not Active
2026/09/03 04:30:39.829, 506 MiB, 40, 10.45 W, 22 MHz, 405 MHz, Not Active, Not Active, Not Active, Not Active, Not Active
2026/09/03 04:30:40.030, 506 MiB, 40, 10.56 W, 21 MHz, 405 MHz, Not Active, Not Active, Not Active, Not Active, Not Active
2026/09/03 04:30:40.230, 506 MiB, 40, 10.56 W, 21 MHz, 405 MHz, Not Active, Not Active, Not Active, Not Active, Not Active
2026/09/03 04:30:40.430, 506 MiB, 40, 10.56 W, 21 MHz, 405 MHz, Not Active, Not Active, Not Active, Not Active, Not Active
2026/09/03 04:30:40.630, 506 MiB, 40, 10.56 W, 21 MHz, 405 MHz, Not Active, Not Active, Not Active, Not Active, Not Active
2026/09/03 04:30:40.831, 506 MiB, 40, 10.56 W, 21 MHz, 405 MHz, Not Active, Not Active, Not Active, Not Active, Not Active
2026/09/03 04:30:41.031, 506 MiB, 40, 10.64 W, 22 MHz, 405 MHz, Not Active, Not Active, Not Active, Not Active, Not Active
2026/09/03 04:30:41.231, 506 MiB, 40, 10.64 W, 22 MHz, 405 MHz, Not Active, Not Active, Not Active, Not Active, Not Active
2026/09/03 04:30:41.431, 506 MiB, 40, 10.64 W, 22 MHz, 405 MHz, Not Active, Not Active, Not Active, Not Active, Not Active
2026/09/03 04:30:41.631, 506 MiB, 40, 10.64 W, 22 MHz, 405 MHz, Not Active, Not Active, Not Active, Not Active, Not Active
2026/09/03 04:30:41.832, 506 MiB, 40, 10.64 W, 22 MHz, 405 MHz, Not Active, Not Active, Not Active, Not Active, Not Active
2026/09/03 04:30:42.032, 506 MiB, 40, 10.65 W, 22 MHz, 405 MHz, Not Active, Not Active, Not Active, Not Active, Not Active
2026/09/03 04:30:42.232, 506 MiB, 40, 10.65 W, 22 MHz, 405 MHz, Not Active, Not Active, Not Active, Not Active, Not Active
2026/09/03 04:30:42.432, 506 MiB, 40, 10.65 W, 22 MHz, 405 MHz, Not Active, Not Active, Not Active, Not Active, Not Active
2026/09/03 04:30:42.632, 506 MiB, 40, 10.65 W, 22 MHz, 405 MHz, Not Active, Not Active, Not Active, Not Active, Not Active
2026/09/03 04:30:42.832, 506 MiB, 40, 10.65 W, 22 MHz, 405 MHz, Not Active, Not Active, Not Active, Not Active, Not Active
2026/09/03 04:30:43.033, 506 MiB, 40, 10.74 W, 22 MHz, 405 MHz, Not Active, Not Active, Not Active, Not Active, Not Active
2026/09/03 04:30:43.233, 506 MiB, 40, 10.74 W, 22 MHz, 405 MHz, Not Active, Not Active, Not Active, Not Active, Not Active
2026/09/03 04:30:43.433, 506 MiB, 40, 10.74 W, 22 MHz, 405 MHz, Not Active, Not Active, Not Active, Not Active, Not Active
2026/09/03 04:30:43.633, 506 MiB, 40, 10.74 W, 22 MHz, 405 MHz, Not Active, Not Active, Not Active, Not Active, Not Active
2026/09/03 04:30:43.833, 506 MiB, 40, 10.74 W, 22 MHz, 405 MHz, Not Active, Not Active, Not Active, Not Active, Not Active
2026/09/03 04:30:44.034, 506 MiB, 40, 10.86 W, 22 MHz, 405 MHz, Not Active, Not Active, Not Active, Not Active, Not Active
2026/09/03 04:30:44.234, 506 MiB, 40, 10.86 W, 22 MHz, 405 MHz, Not Active, Not Active, Not Active, Not Active, Not Active
2026/09/03 04:30:44.434, 506 MiB, 40, 10.86 W, 22 MHz, 405 MHz, Not Active, Not Active, Not Active, Not Active, Not Active
2026/09/03 04:30:44.634, 506 MiB, 40, 10.86 W, 22 MHz, 405 MHz, Not Active, Not Active, Not Active, Not Active, Not Active
2026/09/03 04:30:44.834, 506 MiB, 40, 10.86 W, 22 MHz, 405 MHz, Not Active, Not Active, Not Active, Not Active, Not Active
2026/09/03 04:30:45.035, 506 MiB, 40, 10.70 W, 22 MHz, 405 MHz, Not Active, Not Active, Not Active, Not Active, Not Active
2026/09/03 04:30:45.235, 506 MiB, 40, 10.70 W, 22 MHz, 405 MHz, Not Active, Not Active, Not Active, Not Active, Not Active
2026/09/03 04:30:45.435, 506 MiB, 40, 10.70 W, 22 MHz, 405 MHz, Not Active, Not Active, Not Active, Not Active, Not Active
2026/09/03 04:30:45.635, 506 MiB, 40, 10.70 W, 22 MHz, 405 MHz, Not Active, Not Active, Not Active, Not Active, Not Active
2026/09/03 04:30:45.836, 506 MiB, 40, 10.70 W, 22 MHz, 405 MHz, Not Active, Not Active, Not Active, Not Active, Not Active
2026/09/03 04:30:46.036, 506 MiB, 40, 10.76 W, 22 MHz, 405 MHz, Not Active, Not Active, Not Active, Not Active, Not Active
2026/09/03 04:30:46.236, 506 MiB, 40, 10.76 W, 22 MHz, 405 MHz, Not Active, Not Active, Not Active, Not Active, Not Active
2026/09/03 04:30:46.436, 506 MiB, 40, 10.76 W, 22 MHz, 405 MHz, Not Active, Not Active, Not Active, Not Active, Not Active
2026/09/03 04:30:46.636, 506 MiB, 40, 10.76 W, 22 MHz, 405 MHz, Not Active, Not Active, Not Active, Not Active, Not Active
2026/09/03 04:30:46.837, 506 MiB, 40, 10.76 W, 22 MHz, 405 MHz, Not Active, Not Active, Not Active, Not Active, Not Active
2026/09/03 04:30:47.037, 506 MiB, 40, 10.86 W, 22 MHz, 405 MHz, Not Active, Not Active, Not Active, Not Active, Not Active
2026/09/03 04:30:47.237, 506 MiB, 40, 10.86 W, 22 MHz, 405 MHz, Not Active, Not Active, Not Active, Not Active, Not Active
2026/09/03 04:30:47.437, 506 MiB, 40, 10.86 W, 22 MHz, 405 MHz, Not Active, Not Active, Not Active, Not Active, Not Active
2026/09/03 04:30:47.637, 506 MiB, 40, 10.86 W, 22 MHz, 405 MHz, Not Active, Not Active, Not Active, Not Active, Not Active
2026/09/03 04:30:47.838, 506 MiB, 40, 10.86 W, 22 MHz, 405 MHz, Not Active, Not Active, Not Active, Not Active, Not Active
2026/09/03 04:30:48.038, 506 MiB, 40, 10.82 W, 22 MHz, 405 MHz, Not Active, Not Active, Not Active, Not Active, Not Active
2026/09/03 04:30:48.238, 506 MiB, 40, 10.82 W, 22 MHz, 405 MHz, Not Active, Not Active, Not Active, Not Active, Not Active
2026/09/03 04:30:48.438, 506 MiB, 40, 10.82 W, 22 MHz, 405 MHz, Not Active, Not Active, Not Active, Not Active, Not Active
2026/09/03 04:30:48.639, 506 MiB, 40, 10.82 W, 22 MHz, 405 MHz, Not Active, Not Active, Not Active, Not Active, Not Active
2026/09/03 04:30:48.839, 506 MiB, 40, 10.82 W, 22 MHz, 405 MHz, Not Active, Not Active, Not Active, Not Active, Not Active
2026/09/03 04:30:49.039, 506 MiB, 40, 10.90 W, 22 MHz, 405 MHz, Not Active, Not Active, Not Active, Not Active, Not Active
2026/09/03 04:30:49.239, 506 MiB, 40, 10.90 W, 22 MHz, 405 MHz, Not Active, Not Active, Not Active, Not Active, Not Active
2026/09/03 04:30:49.440, 506 MiB, 40, 10.90 W, 22 MHz, 405 MHz, Not Active, Not Active, Not Active, Not Active, Not Active
2026/09/03 04:30:49.640, 506 MiB, 40, 10.90 W, 22 MHz, 405 MHz, Not Active, Not Active, Not Active, Not Active, Not Active
2026/09/03 04:30:49.840, 506 MiB, 40, 10.90 W, 22 MHz, 405 MHz, Not Active, Not Active, Not Active, Not Active, Not Active
2026/09/03 04:30:50.041, 506 MiB, 40, 10.78 W, 22 MHz, 405 MHz, Not Active, Not Active, Not Active, Not Active, Not Active
2026/09/03 04:30:50.241, 506 MiB, 40, 10.78 W, 22 MHz, 405 MHz, Not Active, Not Active, Not Active, Not Active, Not Active
2026/09/03 04:30:50.441, 506 MiB, 40, 10.78 W, 22 MHz, 405 MHz, Not Active, Not Active, Not Active, Not Active, Not Active
2026/09/03 04:30:50.641, 506 MiB, 40, 10.78 W, 22 MHz, 405 MHz, Not Active, Not Active, Not Active, Not Active, Not Active
2026/09/03 04:30:50.842, 506 MiB, 40, 10.78 W, 22 MHz, 405 MHz, Not Active, Not Active, Not Active, Not Active, Not Active
2026/09/03 04:30:51.042, 506 MiB, 40, 10.54 W, 22 MHz, 405 MHz, Not Active, Not Active, Not Active, Not Active, Not Active
2026/09/03 04:30:51.242, 506 MiB, 40, 10.54 W, 22 MHz, 405 MHz, Not Active, Not Active, Not Active, Not Active, Not Active
2026/09/03 04:30:51.442, 506 MiB, 40, 10.54 W, 22 MHz, 405 MHz, Not Active, Not Active, Not Active, Not Active, Not Active
2026/09/03 04:30:51.643, 506 MiB, 40, 10.54 W, 22 MHz, 405 MHz, Not Active, Not Active, Not Active, Not Active, Not Active
2026/09/03 04:30:51.843, 506 MiB, 40, 10.54 W, 22 MHz, 405 MHz, Not Active, Not Active, Not Active, Not Active, Not Active
2026/09/03 04:30:52.043, 506 MiB, 40, 10.49 W, 22 MHz, 405 MHz, Not Active, Not Active, Not Active, Not Active, Not Active
2026/09/03 04:30:52.244, 506 MiB, 40, 10.49 W, 22 MHz, 405 MHz, Not Active, Not Active, Not Active, Not Active, Not Active
2026/09/03 04:30:52.444, 506 MiB, 40, 10.49 W, 22 MHz, 405 MHz, Not Active, Not Active, Not Active, Not Active, Not Active
2026/09/03 04:30:52.644, 506 MiB, 40, 10.49 W, 22 MHz, 405 MHz, Not Active, Not Active, Not Active, Not Active, Not Active
2026/09/03 04:30:52.844, 506 MiB, 40, 10.49 W, 22 MHz, 405 MHz, Not Active, Not Active, Not Active, Not Active, Not Active
2026/09/03 04:30:53.045, 506 MiB, 40, 10.44 W, 22 MHz, 405 MHz, Not Active, Not Active, Not Active, Not Active, Not Active
2026/09/03 04:30:53.245, 506 MiB, 40, 10.44 W, 22 MHz, 405 MHz, Not Active, Not Active, Not Active, Not Active, Not Active
2026/09/03 04:30:53.445, 506 MiB, 40, 10.44 W, 22 MHz, 405 MHz, Not Active, Not Active, Not Active, Not Active, Not Active
2026/09/03 04:30:53.645, 506 MiB, 40, 10.44 W, 22 MHz, 405 MHz, Not Active, Not Active, Not Active, Not Active, Not Active
2026/09/03 04:30:53.846, 506 MiB, 40, 10.44 W, 22 MHz, 405 MHz, Not Active, Not Active, Not Active, Not Active, Not Active
2026/09/03 04:30:54.046, 506 MiB, 40, 10.27 W, 21 MHz, 405 MHz, Not Active, Not Active, Not Active, Not Active, Not Active
2026/09/03 04:30:54.246, 506 MiB, 40, 10.27 W, 21 MHz, 405 MHz, Not Active, Not Active, Not Active, Not Active, Not Active
2026/09/03 04:30:54.446, 506 MiB, 40, 10.27 W, 21 MHz, 405 MHz, Not Active, Not Active, Not Active, Not Active, Not Active
2026/09/03 04:30:54.647, 506 MiB, 40, 10.27 W, 21 MHz, 405 MHz, Not Active, Not Active, Not Active, Not Active, Not Active
2026/09/03 04:30:54.847, 506 MiB, 40, 10.27 W, 21 MHz, 405 MHz, Not Active, Not Active, Not Active, Not Active, Not Active
2026/09/03 04:30:55.047, 506 MiB, 40, 10.40 W, 22 MHz, 405 MHz, Not Active, Not Active, Not Active, Not Active, Not Active
2026/09/03 04:30:55.247, 506 MiB, 40, 10.40 W, 22 MHz, 405 MHz, Not Active, Not Active, Not Active, Not Active, Not Active
2026/09/03 04:30:55.447, 506 MiB, 40, 10.40 W, 22 MHz, 405 MHz, Not Active, Not Active, Not Active, Not Active, Not Active
2026/09/03 04:30:55.648, 506 MiB, 40, 10.40 W, 22 MHz, 405 MHz, Not Active, Not Active, Not Active, Not Active, Not Active
2026/09/03 04:30:55.848, 506 MiB, 40, 10.40 W, 22 MHz, 405 MHz, Not Active, Not Active, Not Active, Not Active, Not Active
2026/09/03 04:30:56.048, 506 MiB, 40, 10.51 W, 22 MHz, 405 MHz, Not Active, Not Active, Not Active, Not Active, Not Active
2026/09/03 04:30:56.248, 506 MiB, 40, 10.51 W, 22 MHz, 405 MHz, Not Active, Not Active, Not Active, Not Active, Not Active
2026/09/03 04:30:56.449, 506 MiB, 40, 10.51 W, 22 MHz, 405 MHz, Not Active, Not Active, Not Active, Not Active, Not Active
2026/09/03 04:30:56.649, 506 MiB, 40, 10.51 W, 22 MHz, 405 MHz, Not Active, Not Active, Not Active, Not Active, Not Active
2026/09/03 04:30:56.849, 506 MiB, 40, 10.51 W, 22 MHz, 405 MHz, Not Active, Not Active, Not Active, Not Active, Not Active
2026/09/03 04:30:57.050, 506 MiB, 40, 10.58 W, 22 MHz, 405 MHz, Not Active, Not Active, Not Active, Not Active, Not Active
2026/09/03 04:30:57.250, 506 MiB, 40, 10.58 W, 22 MHz, 405 MHz, Not Active, Not Active, Not Active, Not Active, Not Active
2026/09/03 04:30:57.450, 506 MiB, 40, 10.58 W, 22 MHz, 405 MHz, Not Active, Not Active, Not Active, Not Active, Not Active
2026/09/03 04:30:57.651, 506 MiB, 40, 10.58 W, 22 MHz, 405 MHz, Not Active, Not Active, Not Active, Not Active, Not Active
2026/09/03 04:30:57.851, 506 MiB, 40, 10.58 W, 22 MHz, 405 MHz, Not Active, Not Active, Not Active, Not Active, Not Active
2026/09/03 04:30:58.051, 506 MiB, 40, 10.71 W, 22 MHz, 405 MHz, Not Active, Not Active, Not Active, Not Active, Not Active
2026/09/03 04:30:58.251, 506 MiB, 40, 10.71 W, 22 MHz, 405 MHz, Not Active, Not Active, Not Active, Not Active, Not Active
2026/09/03 04:30:58.451, 506 MiB, 40, 10.71 W, 22 MHz, 405 MHz, Not Active, Not Active, Not Active, Not Active, Not Active
2026/09/03 04:30:58.652, 506 MiB, 40, 10.71 W, 22 MHz, 405 MHz, Not Active, Not Active, Not Active, Not Active, Not Active
2026/09/03 04:30:58.852, 506 MiB, 40, 10.71 W, 22 MHz, 405 MHz, Not Active, Not Active, Not Active, Not Active, Not Active
2026/09/03 04:30:59.052, 506 MiB, 40, 10.95 W, 22 MHz, 405 MHz, Not Active, Not Active, Not Active, Not Active, Not Active
2026/09/03 04:30:59.252, 506 MiB, 40, 10.95 W, 22 MHz, 405 MHz, Not Active, Not Active, Not Active, Not Active, Not Active
2026/09/03 04:30:59.453, 506 MiB, 40, 10.95 W, 22 MHz, 405 MHz, Not Active, Not Active, Not Active, Not Active, Not Active
2026/09/03 04:30:59.653, 506 MiB, 40, 10.95 W, 22 MHz, 405 MHz, Not Active, Not Active, Not Active, Not Active, Not Active
2026/09/03 04:30:59.853, 506 MiB, 40, 10.95 W, 22 MHz, 405 MHz, Not Active, Not Active, Not Active, Not Active, Not Active
2026/09/03 04:31:00.053, 506 MiB, 40, 10.91 W, 22 MHz, 405 MHz, Not Active, Not Active, Not Active, Not Active, Not Active
2026/09/03 04:31:00.253, 506 MiB, 40, 10.91 W, 22 MHz, 405 MHz, Not Active, Not Active, Not Active, Not Active, Not Active
2026/09/03 04:31:00.454, 506 MiB, 40, 10.91 W, 22 MHz, 405 MHz, Not Active, Not Active, Not Active, Not Active, Not Active
2026/09/03 04:31:00.654, 506 MiB, 40, 10.91 W, 22 MHz, 405 MHz, Not Active, Not Active, Not Active, Not Active, Not Active
2026/09/03 04:31:00.854, 506 MiB, 40, 10.91 W, 22 MHz, 405 MHz, Not Active, Not Active, Not Active, Not Active, Not Active
2026/09/03 04:31:01.054, 506 MiB, 40, 10.85 W, 22 MHz, 405 MHz, Not Active, Not Active, Not Active, Not Active, Not Active
2026/09/03 04:31:01.254, 506 MiB, 40, 10.85 W, 22 MHz, 405 MHz, Not Active, Not Active, Not Active, Not Active, Not Active
2026/09/03 04:31:01.455, 506 MiB, 40, 10.85 W, 22 MHz, 405 MHz, Not Active, Not Active, Not Active, Not Active, Not Active
2026/09/03 04:31:01.655, 506 MiB, 40, 10.85 W, 22 MHz, 405 MHz, Not Active, Not Active, Not Active, Not Active, Not Active
2026/09/03 04:31:01.855, 506 MiB, 40, 10.85 W, 22 MHz, 405 MHz, Not Active, Not Active, Not Active, Not Active, Not Active
2026/09/03 04:31:02.056, 506 MiB, 40, 10.71 W, 22 MHz, 405 MHz, Not Active, Not Active, Not Active, Not Active, Not Active
2026/09/03 04:31:02.256, 506 MiB, 40, 10.71 W, 22 MHz, 405 MHz, Not Active, Not Active, Not Active, Not Active, Not Active
2026/09/03 04:31:02.456, 506 MiB, 40, 10.71 W, 22 MHz, 405 MHz, Not Active, Not Active, Not Active, Not Active, Not Active
2026/09/03 04:31:02.656, 506 MiB, 40, 10.71 W, 22 MHz, 405 MHz, Not Active, Not Active, Not Active, Not Active, Not Active
2026/09/03 04:31:02.856, 506 MiB, 40, 10.71 W, 22 MHz, 405 MHz, Not Active, Not Active, Not Active, Not Active, Not Active
2026/09/03 04:31:03.057, 506 MiB, 40, 10.57 W, 22 MHz, 405 MHz, Not Active, Not Active, Not Active, Not Active, Not Active
2026/09/03 04:31:03.257, 506 MiB, 40, 10.57 W, 22 MHz, 405 MHz, Not Active, Not Active, Not Active, Not Active, Not Active
2026/09/03 04:31:03.457, 506 MiB, 40, 10.57 W, 22 MHz, 405 MHz, Not Active, Not Active, Not Active, Not Active, Not Active
2026/09/03 04:31:03.657, 506 MiB, 40, 10.57 W, 22 MHz, 405 MHz, Not Active, Not Active, Not Active, Not Active, Not Active
2026/09/03 04:31:03.858, 506 MiB, 40, 10.57 W, 22 MHz, 405 MHz, Not Active, Not Active, Not Active, Not Active, Not Active
2026/09/03 04:31:04.058, 506 MiB, 40, 10.62 W, 22 MHz, 405 MHz, Not Active, Not Active, Not Active, Not Active, Not Active
2026/09/03 04:31:04.258, 506 MiB, 40, 10.62 W, 22 MHz, 405 MHz, Not Active, Not Active, Not Active, Not Active, Not Active
2026/09/03 04:31:04.458, 506 MiB, 40, 10.62 W, 22 MHz, 405 MHz, Not Active, Not Active, Not Active, Not Active, Not Active
2026/09/03 04:31:04.659, 506 MiB, 40, 10.62 W, 22 MHz, 405 MHz, Not Active, Not Active, Not Active, Not Active, Not Active
2026/09/03 04:31:04.859, 506 MiB, 40, 10.62 W, 22 MHz, 405 MHz, Not Active, Not Active, Not Active, Not Active, Not Active
2026/09/03 04:31:05.059, 506 MiB, 41, 10.65 W, 22 MHz, 405 MHz, Not Active, Not Active, Not Active, Not Active, Not Active
2026/09/03 04:31:05.259, 506 MiB, 41, 10.65 W, 22 MHz, 405 MHz, Not Active, Not Active, Not Active, Not Active, Not Active
2026/09/03 04:31:05.460, 506 MiB, 41, 10.65 W, 22 MHz, 405 MHz, Not Active, Not Active, Not Active, Not Active, Not Active
2026/09/03 04:31:05.660, 506 MiB, 41, 10.65 W, 22 MHz, 405 MHz, Not Active, Not Active, Not Active, Not Active, Not Active
2026/09/03 04:31:05.860, 506 MiB, 41, 10.65 W, 22 MHz, 405 MHz, Not Active, Not Active, Not Active, Not Active, Not Active
2026/09/03 04:31:06.060, 506 MiB, 41, 10.61 W, 22 MHz, 405 MHz, Not Active, Not Active, Not Active, Not Active, Not Active
2026/09/03 04:31:06.261, 506 MiB, 41, 10.61 W, 22 MHz, 405 MHz, Not Active, Not Active, Not Active, Not Active, Not Active
2026/09/03 04:31:06.461, 506 MiB, 41, 10.61 W, 22 MHz, 405 MHz, Not Active, Not Active, Not Active, Not Active, Not Active
2026/09/03 04:31:06.661, 506 MiB, 41, 10.61 W, 22 MHz, 405 MHz, Not Active, Not Active, Not Active, Not Active, Not Active
2026/09/03 04:31:06.861, 506 MiB, 41, 10.61 W, 22 MHz, 405 MHz, Not Active, Not Active, Not Active, Not Active, Not Active
2026/09/03 04:31:07.062, 506 MiB, 41, 10.51 W, 22 MHz, 405 MHz, Not Active, Not Active, Not Active, Not Active, Not Active
2026/09/03 04:31:07.262, 506 MiB, 41, 10.51 W, 22 MHz, 405 MHz, Not Active, Not Active, Not Active, Not Active, Not Active
2026/09/03 04:31:07.462, 506 MiB, 41, 10.51 W, 22 MHz, 405 MHz, Not Active, Not Active, Not Active, Not Active, Not Active
2026/09/03 04:31:07.662, 506 MiB, 41, 10.51 W, 22 MHz, 405 MHz, Not Active, Not Active, Not Active, Not Active, Not Active
2026/09/03 04:31:07.862, 506 MiB, 41, 10.51 W, 22 MHz, 405 MHz, Not Active, Not Active, Not Active, Not Active, Not Active
2026/09/03 04:31:08.062, 506 MiB, 41, 10.77 W, 22 MHz, 405 MHz, Not Active, Not Active, Not Active, Not Active, Not Active
2026/09/03 04:31:08.263, 506 MiB, 41, 10.77 W, 22 MHz, 405 MHz, Not Active, Not Active, Not Active, Not Active, Not Active
2026/09/03 04:31:08.463, 506 MiB, 41, 10.77 W, 22 MHz, 405 MHz, Not Active, Not Active, Not Active, Not Active, Not Active
2026/09/03 04:31:08.663, 506 MiB, 41, 10.77 W, 22 MHz, 405 MHz, Not Active, Not Active, Not Active, Not Active, Not Active
2026/09/03 04:31:08.863, 506 MiB, 41, 10.77 W, 22 MHz, 405 MHz, Not Active, Not Active, Not Active, Not Active, Not Active
2026/09/03 04:31:09.064, 506 MiB, 41, 10.65 W, 22 MHz, 405 MHz, Not Active, Not Active, Not Active, Not Active, Not Active
2026/09/03 04:31:09.264, 506 MiB, 41, 10.65 W, 22 MHz, 405 MHz, Not Active, Not Active, Not Active, Not Active, Not Active
2026/09/03 04:31:09.464, 506 MiB, 41, 10.65 W, 22 MHz, 405 MHz, Not Active, Not Active, Not Active, Not Active, Not Active
2026/09/03 04:31:09.664, 506 MiB, 41, 10.65 W, 22 MHz, 405 MHz, Not Active, Not Active, Not Active, Not Active, Not Active
2026/09/03 04:31:09.865, 506 MiB, 41, 10.65 W, 22 MHz, 405 MHz, Not Active, Not Active, Not Active, Not Active, Not Active
2026/09/03 04:31:10.065, 506 MiB, 41, 10.57 W, 22 MHz, 405 MHz, Not Active, Not Active, Not Active, Not Active, Not Active
2026/09/03 04:31:10.265, 506 MiB, 41, 10.57 W, 22 MHz, 405 MHz, Not Active, Not Active, Not Active, Not Active, Not Active
2026/09/03 04:31:10.465, 506 MiB, 41, 10.57 W, 22 MHz, 405 MHz, Not Active, Not Active, Not Active, Not Active, Not Active
2026/09/03 04:31:10.665, 506 MiB, 41, 10.57 W, 22 MHz, 405 MHz, Not Active, Not Active, Not Active, Not Active, Not Active
2026/09/03 04:31:10.865, 506 MiB, 41, 10.57 W, 22 MHz, 405 MHz, Not Active, Not Active, Not Active, Not Active, Not Active
2026/09/03 04:31:11.066, 506 MiB, 41, 10.71 W, 22 MHz, 405 MHz, Not Active, Not Active, Not Active, Not Active, Not Active
2026/09/03 04:31:11.266, 506 MiB, 41, 10.71 W, 22 MHz, 405 MHz, Not Active, Not Active, Not Active, Not Active, Not Active
2026/09/03 04:31:11.466, 506 MiB, 41, 10.71 W, 22 MHz, 405 MHz, Not Active, Not Active, Not Active, Not Active, Not Active
2026/09/03 04:31:11.667, 506 MiB, 41, 10.71 W, 22 MHz, 405 MHz, Not Active, Not Active, Not Active, Not Active, Not Active
2026/09/03 04:31:11.867, 506 MiB, 41, 10.71 W, 22 MHz, 405 MHz, Not Active, Not Active, Not Active, Not Active, Not Active
2026/09/03 04:31:12.067, 506 MiB, 41, 10.65 W, 22 MHz, 405 MHz, Not Active, Not Active, Not Active, Not Active, Not Active
2026/09/03 04:31:12.267, 506 MiB, 41, 10.65 W, 22 MHz, 405 MHz, Not Active, Not Active, Not Active, Not Active, Not Active
2026/09/03 04:31:12.468, 506 MiB, 41, 10.65 W, 22 MHz, 405 MHz, Not Active, Not Active, Not Active, Not Active, Not Active
2026/09/03 04:31:12.668, 506 MiB, 41, 10.65 W, 22 MHz, 405 MHz, Not Active, Not Active, Not Active, Not Active, Not Active
2026/09/03 04:31:12.868, 506 MiB, 41, 10.65 W, 22 MHz, 405 MHz, Not Active, Not Active, Not Active, Not Active, Not Active
2026/09/03 04:31:13.068, 506 MiB, 41, 10.45 W, 22 MHz, 405 MHz, Not Active, Not Active, Not Active, Not Active, Not Active
2026/09/03 04:31:13.269, 506 MiB, 41, 10.45 W, 22 MHz, 405 MHz, Not Active, Not Active, Not Active, Not Active, Not Active
2026/09/03 04:31:13.469, 506 MiB, 41, 10.45 W, 22 MHz, 405 MHz, Not Active, Not Active, Not Active, Not Active, Not Active
2026/09/03 04:31:13.669, 506 MiB, 41, 10.45 W, 22 MHz, 405 MHz, Not Active, Not Active, Not Active, Not Active, Not Active
2026/09/03 04:31:13.869, 506 MiB, 41, 10.45 W, 22 MHz, 405 MHz, Not Active, Not Active, Not Active, Not Active, Not Active
2026/09/03 04:31:14.070, 506 MiB, 41, 10.47 W, 22 MHz, 405 MHz, Not Active, Not Active, Not Active, Not Active, Not Active
2026/09/03 04:31:14.270, 506 MiB, 41, 10.47 W, 22 MHz, 405 MHz, Not Active, Not Active, Not Active, Not Active, Not Active
2026/09/03 04:31:14.470, 506 MiB, 41, 10.47 W, 22 MHz, 405 MHz, Not Active, Not Active, Not Active, Not Active, Not Active
2026/09/03 04:31:14.670, 506 MiB, 41, 10.47 W, 22 MHz, 405 MHz, Not Active, Not Active, Not Active, Not Active, Not Active
2026/09/03 04:31:14.871, 506 MiB, 41, 10.47 W, 22 MHz, 405 MHz, Not Active, Not Active, Not Active, Not Active, Not Active
2026/09/03 04:31:15.071, 506 MiB, 41, 10.61 W, 22 MHz, 405 MHz, Not Active, Not Active, Not Active, Not Active, Not Active
2026/09/03 04:31:15.271, 506 MiB, 41, 10.61 W, 22 MHz, 405 MHz, Not Active, Not Active, Not Active, Not Active, Not Active
2026/09/03 04:31:15.472, 506 MiB, 41, 10.61 W, 22 MHz, 405 MHz, Not Active, Not Active, Not Active, Not Active, Not Active
2026/09/03 04:31:15.672, 506 MiB, 41, 10.61 W, 22 MHz, 405 MHz, Not Active, Not Active, Not Active, Not Active, Not Active
2026/09/03 04:31:15.872, 506 MiB, 41, 10.61 W, 22 MHz, 405 MHz, Not Active, Not Active, Not Active, Not Active, Not Active
2026/09/03 04:31:16.072, 506 MiB, 41, 10.52 W, 22 MHz, 405 MHz, Not Active, Not Active, Not Active, Not Active, Not Active
2026/09/03 04:31:16.273, 506 MiB, 41, 10.52 W, 22 MHz, 405 MHz, Not Active, Not Active, Not Active, Not Active, Not Active
2026/09/03 04:31:16.473, 506 MiB, 41, 10.52 W, 22 MHz, 405 MHz, Not Active, Not Active, Not Active, Not Active, Not Active
2026/09/03 04:31:16.673, 506 MiB, 41, 10.52 W, 22 MHz, 405 MHz, Not Active, Not Active, Not Active, Not Active, Not Active
2026/09/03 04:31:16.873, 506 MiB, 41, 10.60 W, 22 MHz, 405 MHz, Not Active, Not Active, Not Active, Not Active, Not Active
2026/09/03 04:31:17.073, 506 MiB, 41, 10.60 W, 22 MHz, 405 MHz, Not Active, Not Active, Not Active, Not Active, Not Active
2026/09/03 04:31:17.274, 506 MiB, 41, 10.60 W, 22 MHz, 405 MHz, Not Active, Not Active, Not Active, Not Active, Not Active
2026/09/03 04:31:17.474, 506 MiB, 41, 10.60 W, 22 MHz, 405 MHz, Not Active, Not Active, Not Active, Not Active, Not Active
2026/09/03 04:31:17.674, 506 MiB, 41, 10.60 W, 22 MHz, 405 MHz, Not Active, Not Active, Not Active, Not Active, Not Active
2026/09/03 04:31:17.874, 506 MiB, 41, 10.61 W, 22 MHz, 405 MHz, Not Active, Not Active, Not Active, Not Active, Not Active
2026/09/03 04:31:18.074, 506 MiB, 41, 10.61 W, 22 MHz, 405 MHz, Not Active, Not Active, Not Active, Not Active, Not Active
2026/09/03 04:31:18.275, 506 MiB, 41, 10.61 W, 22 MHz, 405 MHz, Not Active, Not Active, Not Active, Not Active, Not Active
2026/09/03 04:31:18.475, 506 MiB, 41, 10.61 W, 22 MHz, 405 MHz, Not Active, Not Active, Not Active, Not Active, Not Active
2026/09/03 04:31:18.675, 506 MiB, 41, 10.61 W, 22 MHz, 405 MHz, Not Active, Not Active, Not Active, Not Active, Not Active
2026/09/03 04:31:18.875, 506 MiB, 41, 10.67 W, 22 MHz, 405 MHz, Not Active, Not Active, Not Active, Not Active, Not Active
2026/09/03 04:31:19.075, 506 MiB, 41, 10.67 W, 22 MHz, 405 MHz, Not Active, Not Active, Not Active, Not Active, Not Active
2026/09/03 04:31:19.276, 506 MiB, 41, 10.67 W, 22 MHz, 405 MHz, Not Active, Not Active, Not Active, Not Active, Not Active
2026/09/03 04:31:19.476, 506 MiB, 41, 10.67 W, 22 MHz, 405 MHz, Not Active, Not Active, Not Active, Not Active, Not Active
2026/09/03 04:31:19.676, 506 MiB, 41, 10.67 W, 22 MHz, 405 MHz, Not Active, Not Active, Not Active, Not Active, Not Active
2026/09/03 04:31:19.876, 506 MiB, 41, 10.65 W, 22 MHz, 405 MHz, Not Active, Not Active, Not Active, Not Active, Not Active
2026/09/03 04:31:20.077, 506 MiB, 41, 10.65 W, 22 MHz, 405 MHz, Not Active, Not Active, Not Active, Not Active, Not Active
2026/09/03 04:31:20.277, 506 MiB, 41, 10.65 W, 22 MHz, 405 MHz, Not Active, Not Active, Not Active, Not Active, Not Active
2026/09/03 04:31:20.477, 506 MiB, 41, 10.65 W, 22 MHz, 405 MHz, Not Active, Not Active, Not Active, Not Active, Not Active
2026/09/03 04:31:20.677, 506 MiB, 41, 10.65 W, 22 MHz, 405 MHz, Not Active, Not Active, Not Active, Not Active, Not Active
2026/09/03 04:31:20.877, 506 MiB, 41, 10.50 W, 22 MHz, 405 MHz, Not Active, Not Active, Not Active, Not Active, Not Active
2026/09/03 04:31:21.078, 506 MiB, 41, 10.50 W, 22 MHz, 405 MHz, Not Active, Not Active, Not Active, Not Active, Not Active
2026/09/03 04:31:21.278, 506 MiB, 41, 10.50 W, 22 MHz, 405 MHz, Not Active, Not Active, Not Active, Not Active, Not Active
2026/09/03 04:31:21.478, 506 MiB, 41, 10.50 W, 22 MHz, 405 MHz, Not Active, Not Active, Not Active, Not Active, Not Active
2026/09/03 04:31:21.678, 506 MiB, 41, 10.50 W, 22 MHz, 405 MHz, Not Active, Not Active, Not Active, Not Active, Not Active
2026/09/03 04:31:21.879, 506 MiB, 41, 10.49 W, 22 MHz, 405 MHz, Not Active, Not Active, Not Active, Not Active, Not Active
2026/09/03 04:31:22.079, 506 MiB, 41, 10.49 W, 22 MHz, 405 MHz, Not Active, Not Active, Not Active, Not Active, Not Active
2026/09/03 04:31:22.279, 506 MiB, 41, 10.49 W, 22 MHz, 405 MHz, Not Active, Not Active, Not Active, Not Active, Not Active
2026/09/03 04:31:22.480, 506 MiB, 41, 10.49 W, 22 MHz, 405 MHz, Not Active, Not Active, Not Active, Not Active, Not Active
2026/09/03 04:31:22.680, 506 MiB, 41, 10.49 W, 22 MHz, 405 MHz, Not Active, Not Active, Not Active, Not Active, Not Active
2026/09/03 04:31:22.880, 506 MiB, 41, 10.45 W, 22 MHz, 405 MHz, Not Active, Not Active, Not Active, Not Active, Not Active
2026/09/03 04:31:23.080, 506 MiB, 41, 10.45 W, 22 MHz, 405 MHz, Not Active, Not Active, Not Active, Not Active, Not Active
2026/09/03 04:31:23.281, 506 MiB, 41, 10.45 W, 22 MHz, 405 MHz, Not Active, Not Active, Not Active, Not Active, Not Active
2026/09/03 04:31:23.481, 506 MiB, 41, 10.45 W, 22 MHz, 405 MHz, Not Active, Not Active, Not Active, Not Active, Not Active
2026/09/03 04:31:23.681, 506 MiB, 41, 10.45 W, 22 MHz, 405 MHz, Not Active, Not Active, Not Active, Not Active, Not Active
2026/09/03 04:31:23.881, 506 MiB, 41, 10.61 W, 22 MHz, 405 MHz, Not Active, Not Active, Not Active, Not Active, Not Active
2026/09/03 04:31:24.082, 506 MiB, 41, 10.61 W, 22 MHz, 405 MHz, Not Active, Not Active, Not Active, Not Active, Not Active
2026/09/03 04:31:24.282, 506 MiB, 41, 10.61 W, 22 MHz, 405 MHz, Not Active, Not Active, Not Active, Not Active, Not Active
2026/09/03 04:31:24.482, 506 MiB, 41, 10.61 W, 22 MHz, 405 MHz, Not Active, Not Active, Not Active, Not Active, Not Active
2026/09/03 04:31:24.682, 506 MiB, 41, 10.61 W, 22 MHz, 405 MHz, Not Active, Not Active, Not Active, Not Active, Not Active
2026/09/03 04:31:24.883, 506 MiB, 41, 10.73 W, 22 MHz, 405 MHz, Not Active, Not Active, Not Active, Not Active, Not Active
2026/09/03 04:31:25.083, 506 MiB, 41, 10.73 W, 22 MHz, 405 MHz, Not Active, Not Active, Not Active, Not Active, Not Active
2026/09/03 04:31:25.283, 506 MiB, 41, 10.73 W, 22 MHz, 405 MHz, Not Active, Not Active, Not Active, Not Active, Not Active
2026/09/03 04:31:25.483, 506 MiB, 41, 10.73 W, 22 MHz, 405 MHz, Not Active, Not Active, Not Active, Not Active, Not Active
2026/09/03 04:31:25.683, 506 MiB, 41, 10.73 W, 22 MHz, 405 MHz, Not Active, Not Active, Not Active, Not Active, Not Active
2026/09/03 04:31:25.884, 506 MiB, 41, 10.73 W, 22 MHz, 405 MHz, Not Active, Not Active, Not Active, Not Active, Not Active
2026/09/03 04:31:26.084, 506 MiB, 41, 10.73 W, 22 MHz, 405 MHz, Not Active, Not Active, Not Active, Not Active, Not Active
2026/09/03 04:31:26.284, 506 MiB, 41, 10.73 W, 22 MHz, 405 MHz, Not Active, Not Active, Not Active, Not Active, Not Active
2026/09/03 04:31:26.484, 506 MiB, 41, 10.73 W, 22 MHz, 405 MHz, Not Active, Not Active, Not Active, Not Active, Not Active
2026/09/03 04:31:26.685, 506 MiB, 41, 10.73 W, 22 MHz, 405 MHz, Not Active, Not Active, Not Active, Not Active, Not Active
2026/09/03 04:31:26.885, 506 MiB, 41, 10.73 W, 22 MHz, 405 MHz, Not Active, Not Active, Not Active, Not Active, Not Active
2026/09/03 04:31:27.085, 506 MiB, 41, 10.73 W, 22 MHz, 405 MHz, Not Active, Not Active, Not Active, Not Active, Not Active
2026/09/03 04:31:27.285, 506 MiB, 41, 10.73 W, 22 MHz, 405 MHz, Not Active, Not Active, Not Active, Not Active, Not Active
2026/09/03 04:31:27.486, 506 MiB, 41, 10.73 W, 22 MHz, 405 MHz, Not Active, Not Active, Not Active, Not Active, Not Active
2026/09/03 04:31:27.686, 506 MiB, 41, 10.73 W, 22 MHz, 405 MHz, Not Active, Not Active, Not Active, Not Active, Not Active
2026/09/03 04:31:27.886, 506 MiB, 41, 10.68 W, 22 MHz, 405 MHz, Not Active, Not Active, Not Active, Not Active, Not Active
2026/09/03 04:31:28.086, 506 MiB, 41, 10.68 W, 22 MHz, 405 MHz, Not Active, Not Active, Not Active, Not Active, Not Active
2026/09/03 04:31:28.287, 506 MiB, 41, 10.68 W, 22 MHz, 405 MHz, Not Active, Not Active, Not Active, Not Active, Not Active
2026/09/03 04:31:28.487, 506 MiB, 41, 10.68 W, 22 MHz, 405 MHz, Not Active, Not Active, Not Active, Not Active, Not Active
2026/09/03 04:31:28.687, 506 MiB, 41, 10.68 W, 22 MHz, 405 MHz, Not Active, Not Active, Not Active, Not Active, Not Active
2026/09/03 04:31:28.887, 506 MiB, 41, 10.73 W, 22 MHz, 405 MHz, Not Active, Not Active, Not Active, Not Active, Not Active
2026/09/03 04:31:29.088, 506 MiB, 41, 10.73 W, 22 MHz, 405 MHz, Not Active, Not Active, Not Active, Not Active, Not Active
2026/09/03 04:31:29.288, 506 MiB, 41, 10.73 W, 22 MHz, 405 MHz, Not Active, Not Active, Not Active, Not Active, Not Active
2026/09/03 04:31:29.488, 506 MiB, 41, 10.73 W, 22 MHz, 405 MHz, Not Active, Not Active, Not Active, Not Active, Not Active
2026/09/03 04:31:29.688, 506 MiB, 41, 10.73 W, 22 MHz, 405 MHz, Not Active, Not Active, Not Active, Not Active, Not Active
2026/09/03 04:31:29.888, 506 MiB, 41, 10.76 W, 22 MHz, 405 MHz, Not Active, Not Active, Not Active, Not Active, Not Active
2026/09/03 04:31:30.089, 506 MiB, 41, 10.76 W, 22 MHz, 405 MHz, Not Active, Not Active, Not Active, Not Active, Not Active
2026/09/03 04:31:30.289, 506 MiB, 41, 10.76 W, 22 MHz, 405 MHz, Not Active, Not Active, Not Active, Not Active, Not Active
2026/09/03 04:31:30.489, 506 MiB, 41, 10.76 W, 22 MHz, 405 MHz, Not Active, Not Active, Not Active, Not Active, Not Active
2026/09/03 04:31:30.689, 506 MiB, 41, 10.76 W, 22 MHz, 405 MHz, Not Active, Not Active, Not Active, Not Active, Not Active
2026/09/03 04:31:30.890, 506 MiB, 41, 10.68 W, 22 MHz, 405 MHz, Not Active, Not Active, Not Active, Not Active, Not Active
2026/09/03 04:31:31.090, 506 MiB, 41, 10.68 W, 22 MHz, 405 MHz, Not Active, Not Active, Not Active, Not Active, Not Active
2026/09/03 04:31:31.290, 506 MiB, 41, 10.68 W, 22 MHz, 405 MHz, Not Active, Not Active, Not Active, Not Active, Not Active
2026/09/03 04:31:31.490, 506 MiB, 41, 10.68 W, 22 MHz, 405 MHz, Not Active, Not Active, Not Active, Not Active, Not Active
2026/09/03 04:31:31.690, 506 MiB, 41, 10.68 W, 22 MHz, 405 MHz, Not Active, Not Active, Not Active, Not Active, Not Active
2026/09/03 04:31:31.891, 506 MiB, 41, 10.50 W, 22 MHz, 405 MHz, Not Active, Not Active, Not Active, Not Active, Not Active
2026/09/03 04:31:32.091, 506 MiB, 41, 10.50 W, 22 MHz, 405 MHz, Not Active, Not Active, Not Active, Not Active, Not Active
2026/09/03 04:31:32.291, 506 MiB, 41, 10.50 W, 22 MHz, 405 MHz, Not Active, Not Active, Not Active, Not Active, Not Active
2026/09/03 04:31:32.491, 506 MiB, 41, 10.50 W, 22 MHz, 405 MHz, Not Active, Not Active, Not Active, Not Active, Not Active
2026/09/03 04:31:32.692, 506 MiB, 41, 10.50 W, 22 MHz, 405 MHz, Not Active, Not Active, Not Active, Not Active, Not Active
2026/09/03 04:31:32.892, 506 MiB, 41, 10.53 W, 22 MHz, 405 MHz, Not Active, Not Active, Not Active, Not Active, Not Active
2026/09/03 04:31:33.092, 506 MiB, 41, 10.53 W, 22 MHz, 405 MHz, Not Active, Not Active, Not Active, Not Active, Not Active
2026/09/03 04:31:33.292, 506 MiB, 41, 10.53 W, 22 MHz, 405 MHz, Not Active, Not Active, Not Active, Not Active, Not Active
2026/09/03 04:31:33.493, 506 MiB, 41, 10.53 W, 22 MHz, 405 MHz, Not Active, Not Active, Not Active, Not Active, Not Active
2026/09/03 04:31:33.693, 506 MiB, 41, 10.53 W, 22 MHz, 405 MHz, Not Active, Not Active, Not Active, Not Active, Not Active
2026/09/03 04:31:33.893, 506 MiB, 41, 10.57 W, 22 MHz, 405 MHz, Not Active, Not Active, Not Active, Not Active, Not Active
2026/09/03 04:31:34.093, 506 MiB, 41, 10.57 W, 22 MHz, 405 MHz, Not Active, Not Active, Not Active, Not Active, Not Active
2026/09/03 04:31:34.294, 506 MiB, 41, 10.57 W, 22 MHz, 405 MHz, Not Active, Not Active, Not Active, Not Active, Not Active
2026/09/03 04:31:34.494, 506 MiB, 41, 10.57 W, 22 MHz, 405 MHz, Not Active, Not Active, Not Active, Not Active, Not Active
2026/09/03 04:31:34.694, 506 MiB, 41, 10.57 W, 22 MHz, 405 MHz, Not Active, Not Active, Not Active, Not Active, Not Active
2026/09/03 04:31:34.894, 506 MiB, 41, 10.52 W, 22 MHz, 405 MHz, Not Active, Not Active, Not Active, Not Active, Not Active
2026/09/03 04:31:35.095, 506 MiB, 41, 10.52 W, 22 MHz, 405 MHz, Not Active, Not Active, Not Active, Not Active, Not Active
2026/09/03 04:31:35.295, 506 MiB, 41, 10.52 W, 22 MHz, 405 MHz, Not Active, Not Active, Not Active, Not Active, Not Active
2026/09/03 04:31:35.495, 506 MiB, 41, 10.52 W, 22 MHz, 405 MHz, Not Active, Not Active, Not Active, Not Active, Not Active
2026/09/03 04:31:35.696, 506 MiB, 41, 10.52 W, 22 MHz, 405 MHz, Not Active, Not Active, Not Active, Not Active, Not Active
2026/09/03 04:31:35.896, 506 MiB, 41, 10.62 W, 22 MHz, 405 MHz, Not Active, Not Active, Not Active, Not Active, Not Active
2026/09/03 04:31:36.096, 506 MiB, 41, 10.62 W, 22 MHz, 405 MHz, Not Active, Not Active, Not Active, Not Active, Not Active
2026/09/03 04:31:36.296, 506 MiB, 41, 10.62 W, 22 MHz, 405 MHz, Not Active, Not Active, Not Active, Not Active, Not Active
2026/09/03 04:31:36.497, 506 MiB, 41, 10.62 W, 22 MHz, 405 MHz, Not Active, Not Active, Not Active, Not Active, Not Active
2026/09/03 04:31:36.697, 506 MiB, 41, 10.62 W, 22 MHz, 405 MHz, Not Active, Not Active, Not Active, Not Active, Not Active
2026/09/03 04:31:36.897, 506 MiB, 41, 10.84 W, 22 MHz, 405 MHz, Not Active, Not Active, Not Active, Not Active, Not Active
2026/09/03 04:31:37.097, 506 MiB, 41, 10.84 W, 22 MHz, 405 MHz, Not Active, Not Active, Not Active, Not Active, Not Active
2026/09/03 04:31:37.298, 506 MiB, 41, 10.84 W, 22 MHz, 405 MHz, Not Active, Not Active, Not Active, Not Active, Not Active
2026/09/03 04:31:37.498, 506 MiB, 41, 10.84 W, 22 MHz, 405 MHz, Not Active, Not Active, Not Active, Not Active, Not Active
2026/09/03 04:31:37.698, 506 MiB, 41, 10.84 W, 22 MHz, 405 MHz, Not Active, Not Active, Not Active, Not Active, Not Active
2026/09/03 04:31:37.898, 506 MiB, 41, 10.72 W, 22 MHz, 405 MHz, Not Active, Not Active, Not Active, Not Active, Not Active
2026/09/03 04:31:38.098, 506 MiB, 41, 10.72 W, 22 MHz, 405 MHz, Not Active, Not Active, Not Active, Not Active, Not Active
2026/09/03 04:31:38.299, 506 MiB, 41, 10.72 W, 22 MHz, 405 MHz, Not Active, Not Active, Not Active, Not Active, Not Active
2026/09/03 04:31:38.499, 506 MiB, 41, 10.72 W, 22 MHz, 405 MHz, Not Active, Not Active, Not Active, Not Active, Not Active
2026/09/03 04:31:38.699, 506 MiB, 41, 10.72 W, 22 MHz, 405 MHz, Not Active, Not Active, Not Active, Not Active, Not Active
2026/09/03 04:31:38.899, 506 MiB, 41, 10.49 W, 22 MHz, 405 MHz, Not Active, Not Active, Not Active, Not Active, Not Active
2026/09/03 04:31:39.099, 506 MiB, 41, 10.49 W, 22 MHz, 405 MHz, Not Active, Not Active, Not Active, Not Active, Not Active
2026/09/03 04:31:39.300, 506 MiB, 41, 10.49 W, 22 MHz, 405 MHz, Not Active, Not Active, Not Active, Not Active, Not Active
2026/09/03 04:31:39.500, 506 MiB, 41, 10.49 W, 22 MHz, 405 MHz, Not Active, Not Active, Not Active, Not Active, Not Active
2026/09/03 04:31:39.700, 506 MiB, 41, 10.49 W, 22 MHz, 405 MHz, Not Active, Not Active, Not Active, Not Active, Not Active
2026/09/03 04:31:39.900, 506 MiB, 41, 10.71 W, 22 MHz, 405 MHz, Not Active, Not Active, Not Active, Not Active, Not Active
2026/09/03 04:31:40.101, 506 MiB, 41, 10.71 W, 22 MHz, 405 MHz, Not Active, Not Active, Not Active, Not Active, Not Active
2026/09/03 04:31:40.301, 506 MiB, 41, 10.71 W, 22 MHz, 405 MHz, Not Active, Not Active, Not Active, Not Active, Not Active
2026/09/03 04:31:40.501, 506 MiB, 41, 10.71 W, 22 MHz, 405 MHz, Not Active, Not Active, Not Active, Not Active, Not Active
2026/09/03 04:31:40.701, 506 MiB, 41, 10.71 W, 22 MHz, 405 MHz, Not Active, Not Active, Not Active, Not Active, Not Active
2026/09/03 04:31:40.902, 506 MiB, 41, 10.83 W, 22 MHz, 405 MHz, Not Active, Not Active, Not Active, Not Active, Not Active
2026/09/03 04:31:41.102, 506 MiB, 41, 10.83 W, 22 MHz, 405 MHz, Not Active, Not Active, Not Active, Not Active, Not Active
2026/09/03 04:31:41.302, 506 MiB, 41, 10.83 W, 22 MHz, 405 MHz, Not Active, Not Active, Not Active, Not Active, Not Active
2026/09/03 04:31:41.502, 506 MiB, 41, 10.83 W, 22 MHz, 405 MHz, Not Active, Not Active, Not Active, Not Active, Not Active
2026/09/03 04:31:41.703, 506 MiB, 41, 10.83 W, 22 MHz, 405 MHz, Not Active, Not Active, Not Active, Not Active, Not Active
2026/09/03 04:31:41.903, 506 MiB, 41, 10.84 W, 22 MHz, 405 MHz, Not Active, Not Active, Not Active, Not Active, Not Active
2026/09/03 04:31:42.103, 506 MiB, 41, 10.84 W, 22 MHz, 405 MHz, Not Active, Not Active, Not Active, Not Active, Not Active
2026/09/03 04:31:42.303, 506 MiB, 41, 10.84 W, 22 MHz, 405 MHz, Not Active, Not Active, Not Active, Not Active, Not Active
2026/09/03 04:31:42.504, 506 MiB, 41, 10.84 W, 22 MHz, 405 MHz, Not Active, Not Active, Not Active, Not Active, Not Active
2026/09/03 04:31:42.704, 506 MiB, 41, 10.84 W, 22 MHz, 405 MHz, Not Active, Not Active, Not Active, Not Active, Not Active
2026/09/03 04:31:42.904, 506 MiB, 41, 10.94 W, 22 MHz, 405 MHz, Not Active, Not Active, Not Active, Not Active, Not Active
2026/09/03 04:31:43.104, 506 MiB, 41, 10.94 W, 22 MHz, 405 MHz, Not Active, Not Active, Not Active, Not Active, Not Active
2026/09/03 04:31:43.305, 506 MiB, 41, 10.94 W, 22 MHz, 405 MHz, Not Active, Not Active, Not Active, Not Active, Not Active
2026/09/03 04:31:43.505, 506 MiB, 41, 10.94 W, 22 MHz, 405 MHz, Not Active, Not Active, Not Active, Not Active, Not Active
2026/09/03 04:31:43.705, 506 MiB, 41, 10.94 W, 22 MHz, 405 MHz, Not Active, Not Active, Not Active, Not Active, Not Active
2026/09/03 04:31:43.905, 506 MiB, 41, 10.77 W, 22 MHz, 405 MHz, Not Active, Not Active, Not Active, Not Active, Not Active
2026/09/03 04:31:44.106, 506 MiB, 41, 10.77 W, 22 MHz, 405 MHz, Not Active, Not Active, Not Active, Not Active, Not Active
2026/09/03 04:31:44.306, 506 MiB, 41, 10.77 W, 22 MHz, 405 MHz, Not Active, Not Active, Not Active, Not Active, Not Active
2026/09/03 04:31:44.506, 506 MiB, 41, 10.77 W, 22 MHz, 405 MHz, Not Active, Not Active, Not Active, Not Active, Not Active
2026/09/03 04:31:44.706, 506 MiB, 41, 10.77 W, 22 MHz, 405 MHz, Not Active, Not Active, Not Active, Not Active, Not Active
2026/09/03 04:31:44.907, 506 MiB, 41, 10.65 W, 22 MHz, 405 MHz, Not Active, Not Active, Not Active, Not Active, Not Active
2026/09/03 04:31:45.107, 506 MiB, 41, 10.65 W, 22 MHz, 405 MHz, Not Active, Not Active, Not Active, Not Active, Not Active
2026/09/03 04:31:45.307, 506 MiB, 41, 10.65 W, 22 MHz, 405 MHz, Not Active, Not Active, Not Active, Not Active, Not Active
2026/09/03 04:31:45.507, 506 MiB, 41, 10.65 W, 22 MHz, 405 MHz, Not Active, Not Active, Not Active, Not Active, Not Active
2026/09/03 04:31:45.708, 506 MiB, 41, 10.65 W, 22 MHz, 405 MHz, Not Active, Not Active, Not Active, Not Active, Not Active
2026/09/03 04:31:45.908, 506 MiB, 41, 10.62 W, 22 MHz, 405 MHz, Not Active, Not Active, Not Active, Not Active, Not Active
2026/09/03 04:31:46.108, 506 MiB, 41, 10.62 W, 22 MHz, 405 MHz, Not Active, Not Active, Not Active, Not Active, Not Active
2026/09/03 04:31:46.308, 506 MiB, 41, 10.62 W, 22 MHz, 405 MHz, Not Active, Not Active, Not Active, Not Active, Not Active
2026/09/03 04:31:46.509, 506 MiB, 41, 10.62 W, 22 MHz, 405 MHz, Not Active, Not Active, Not Active, Not Active, Not Active
2026/09/03 04:31:46.709, 506 MiB, 41, 10.62 W, 22 MHz, 405 MHz, Not Active, Not Active, Not Active, Not Active, Not Active
2026/09/03 04:31:46.909, 506 MiB, 41, 10.59 W, 22 MHz, 405 MHz, Not Active, Not Active, Not Active, Not Active, Not Active
2026/09/03 04:31:47.109, 506 MiB, 41, 10.59 W, 22 MHz, 405 MHz, Not Active, Not Active, Not Active, Not Active, Not Active
2026/09/03 04:31:47.310, 506 MiB, 41, 10.59 W, 22 MHz, 405 MHz, Not Active, Not Active, Not Active, Not Active, Not Active
2026/09/03 04:31:47.510, 506 MiB, 41, 10.59 W, 22 MHz, 405 MHz, Not Active, Not Active, Not Active, Not Active, Not Active
2026/09/03 04:31:47.710, 506 MiB, 41, 10.59 W, 22 MHz, 405 MHz, Not Active, Not Active, Not Active, Not Active, Not Active
2026/09/03 04:31:47.910, 506 MiB, 41, 10.66 W, 22 MHz, 405 MHz, Not Active, Not Active, Not Active, Not Active, Not Active
2026/09/03 04:31:48.111, 506 MiB, 41, 10.66 W, 22 MHz, 405 MHz, Not Active, Not Active, Not Active, Not Active, Not Active
2026/09/03 04:31:48.311, 506 MiB, 41, 10.66 W, 22 MHz, 405 MHz, Not Active, Not Active, Not Active, Not Active, Not Active
2026/09/03 04:31:48.511, 506 MiB, 41, 10.66 W, 22 MHz, 405 MHz, Not Active, Not Active, Not Active, Not Active, Not Active
2026/09/03 04:31:48.711, 506 MiB, 41, 10.66 W, 22 MHz, 405 MHz, Not Active, Not Active, Not Active, Not Active, Not Active
2026/09/03 04:31:48.912, 506 MiB, 41, 10.72 W, 22 MHz, 405 MHz, Not Active, Not Active, Not Active, Not Active, Not Active
2026/09/03 04:31:49.112, 506 MiB, 41, 10.72 W, 22 MHz, 405 MHz, Not Active, Not Active, Not Active, Not Active, Not Active
2026/09/03 04:31:49.312, 506 MiB, 41, 10.72 W, 22 MHz, 405 MHz, Not Active, Not Active, Not Active, Not Active, Not Active
2026/09/03 04:31:49.512, 506 MiB, 41, 10.72 W, 22 MHz, 405 MHz, Not Active, Not Active, Not Active, Not Active, Not Active
2026/09/03 04:31:49.713, 506 MiB, 41, 10.72 W, 22 MHz, 405 MHz, Not Active, Not Active, Not Active, Not Active, Not Active
2026/09/03 04:31:49.913, 506 MiB, 41, 10.72 W, 22 MHz, 405 MHz, Not Active, Not Active, Not Active, Not Active, Not Active
2026/09/03 04:31:50.113, 506 MiB, 41, 10.72 W, 22 MHz, 405 MHz, Not Active, Not Active, Not Active, Not Active, Not Active
2026/09/03 04:31:50.313, 506 MiB, 41, 10.72 W, 22 MHz, 405 MHz, Not Active, Not Active, Not Active, Not Active, Not Active
2026/09/03 04:31:50.514, 506 MiB, 41, 10.72 W, 22 MHz, 405 MHz, Not Active, Not Active, Not Active, Not Active, Not Active
2026/09/03 04:31:50.714, 506 MiB, 41, 10.72 W, 22 MHz, 405 MHz, Not Active, Not Active, Not Active, Not Active, Not Active
2026/09/03 04:31:50.914, 506 MiB, 41, 10.82 W, 22 MHz, 405 MHz, Not Active, Not Active, Not Active, Not Active, Not Active
2026/09/03 04:31:51.114, 506 MiB, 41, 10.82 W, 22 MHz, 405 MHz, Not Active, Not Active, Not Active, Not Active, Not Active
2026/09/03 04:31:51.315, 506 MiB, 41, 10.82 W, 22 MHz, 405 MHz, Not Active, Not Active, Not Active, Not Active, Not Active
2026/09/03 04:31:51.515, 506 MiB, 41, 10.82 W, 22 MHz, 405 MHz, Not Active, Not Active, Not Active, Not Active, Not Active
2026/09/03 04:31:51.715, 506 MiB, 41, 10.82 W, 22 MHz, 405 MHz, Not Active, Not Active, Not Active, Not Active, Not Active
2026/09/03 04:31:51.915, 506 MiB, 41, 10.82 W, 22 MHz, 405 MHz, Not Active, Not Active, Not Active, Not Active, Not Active
2026/09/03 04:31:52.116, 506 MiB, 41, 10.82 W, 22 MHz, 405 MHz, Not Active, Not Active, Not Active, Not Active, Not Active
2026/09/03 04:31:52.316, 506 MiB, 41, 10.82 W, 22 MHz, 405 MHz, Not Active, Not Active, Not Active, Not Active, Not Active
2026/09/03 04:31:52.516, 506 MiB, 41, 10.82 W, 22 MHz, 405 MHz, Not Active, Not Active, Not Active, Not Active, Not Active
2026/09/03 04:31:52.717, 506 MiB, 41, 10.82 W, 22 MHz, 405 MHz, Not Active, Not Active, Not Active, Not Active, Not Active
2026/09/03 04:31:52.917, 506 MiB, 41, 10.70 W, 22 MHz, 405 MHz, Not Active, Not Active, Not Active, Not Active, Not Active
2026/09/03 04:31:53.117, 506 MiB, 41, 10.70 W, 22 MHz, 405 MHz, Not Active, Not Active, Not Active, Not Active, Not Active
2026/09/03 04:31:53.318, 506 MiB, 41, 10.70 W, 22 MHz, 405 MHz, Not Active, Not Active, Not Active, Not Active, Not Active
2026/09/03 04:31:53.518, 506 MiB, 41, 10.70 W, 22 MHz, 405 MHz, Not Active, Not Active, Not Active, Not Active, Not Active
2026/09/03 04:31:53.718, 506 MiB, 41, 10.70 W, 22 MHz, 405 MHz, Not Active, Not Active, Not Active, Not Active, Not Active
2026/09/03 04:31:53.918, 506 MiB, 41, 10.50 W, 22 MHz, 405 MHz, Not Active, Not Active, Not Active, Not Active, Not Active
2026/09/03 04:31:54.119, 506 MiB, 41, 10.50 W, 22 MHz, 405 MHz, Not Active, Not Active, Not Active, Not Active, Not Active
2026/09/03 04:31:54.319, 506 MiB, 41, 10.50 W, 22 MHz, 405 MHz, Not Active, Not Active, Not Active, Not Active, Not Active
2026/09/03 04:31:54.519, 506 MiB, 41, 10.50 W, 22 MHz, 405 MHz, Not Active, Not Active, Not Active, Not Active, Not Active
2026/09/03 04:31:54.719, 506 MiB, 41, 10.50 W, 22 MHz, 405 MHz, Not Active, Not Active, Not Active, Not Active, Not Active
2026/09/03 04:31:54.920, 506 MiB, 41, 10.56 W, 22 MHz, 405 MHz, Not Active, Not Active, Not Active, Not Active, Not Active
2026/09/03 04:31:55.120, 506 MiB, 41, 10.56 W, 22 MHz, 405 MHz, Not Active, Not Active, Not Active, Not Active, Not Active
2026/09/03 04:31:55.320, 506 MiB, 41, 10.56 W, 22 MHz, 405 MHz, Not Active, Not Active, Not Active, Not Active, Not Active
2026/09/03 04:31:55.520, 506 MiB, 41, 10.56 W, 22 MHz, 405 MHz, Not Active, Not Active, Not Active, Not Active, Not Active
2026/09/03 04:31:55.721, 506 MiB, 41, 10.56 W, 22 MHz, 405 MHz, Not Active, Not Active, Not Active, Not Active, Not Active
2026/09/03 04:31:55.921, 506 MiB, 41, 10.78 W, 22 MHz, 405 MHz, Not Active, Not Active, Not Active, Not Active, Not Active
2026/09/03 04:31:56.121, 506 MiB, 41, 10.78 W, 22 MHz, 405 MHz, Not Active, Not Active, Not Active, Not Active, Not Active
2026/09/03 04:31:56.322, 506 MiB, 41, 10.78 W, 22 MHz, 405 MHz, Not Active, Not Active, Not Active, Not Active, Not Active
2026/09/03 04:31:56.522, 506 MiB, 41, 10.78 W, 22 MHz, 405 MHz, Not Active, Not Active, Not Active, Not Active, Not Active
2026/09/03 04:31:56.722, 506 MiB, 41, 10.78 W, 22 MHz, 405 MHz, Not Active, Not Active, Not Active, Not Active, Not Active
2026/09/03 04:31:56.922, 506 MiB, 41, 10.96 W, 22 MHz, 405 MHz, Not Active, Not Active, Not Active, Not Active, Not Active
2026/09/03 04:31:57.123, 506 MiB, 41, 10.96 W, 22 MHz, 405 MHz, Not Active, Not Active, Not Active, Not Active, Not Active
2026/09/03 04:31:57.323, 506 MiB, 41, 10.96 W, 22 MHz, 405 MHz, Not Active, Not Active, Not Active, Not Active, Not Active
2026/09/03 04:31:57.523, 506 MiB, 41, 10.96 W, 22 MHz, 405 MHz, Not Active, Not Active, Not Active, Not Active, Not Active
2026/09/03 04:31:57.723, 506 MiB, 41, 10.96 W, 22 MHz, 405 MHz, Not Active, Not Active, Not Active, Not Active, Not Active
2026/09/03 04:31:57.924, 506 MiB, 41, 11.01 W, 22 MHz, 405 MHz, Not Active, Not Active, Not Active, Not Active, Not Active
2026/09/03 04:31:58.124, 506 MiB, 41, 11.01 W, 22 MHz, 405 MHz, Not Active, Not Active, Not Active, Not Active, Not Active
2026/09/03 04:31:58.324, 506 MiB, 41, 11.01 W, 22 MHz, 405 MHz, Not Active, Not Active, Not Active, Not Active, Not Active
2026/09/03 04:31:58.525, 506 MiB, 41, 11.01 W, 22 MHz, 405 MHz, Not Active, Not Active, Not Active, Not Active, Not Active
2026/09/03 04:31:58.725, 506 MiB, 41, 11.01 W, 22 MHz, 405 MHz, Not Active, Not Active, Not Active, Not Active, Not Active
2026/09/03 04:31:58.925, 506 MiB, 41, 10.77 W, 22 MHz, 405 MHz, Not Active, Not Active, Not Active, Not Active, Not Active
2026/09/03 04:31:59.125, 506 MiB, 41, 10.77 W, 22 MHz, 405 MHz, Not Active, Not Active, Not Active, Not Active, Not Active
2026/09/03 04:31:59.325, 506 MiB, 41, 10.77 W, 22 MHz, 405 MHz, Not Active, Not Active, Not Active, Not Active, Not Active
2026/09/03 04:31:59.526, 506 MiB, 41, 10.77 W, 22 MHz, 405 MHz, Not Active, Not Active, Not Active, Not Active, Not Active
2026/09/03 04:31:59.726, 506 MiB, 41, 10.77 W, 22 MHz, 405 MHz, Not Active, Not Active, Not Active, Not Active, Not Active
2026/09/03 04:31:59.926, 506 MiB, 41, 10.87 W, 22 MHz, 405 MHz, Not Active, Not Active, Not Active, Not Active, Not Active
2026/09/03 04:32:00.126, 506 MiB, 41, 10.87 W, 22 MHz, 405 MHz, Not Active, Not Active, Not Active, Not Active, Not Active
2026/09/03 04:32:00.326, 506 MiB, 41, 10.87 W, 22 MHz, 405 MHz, Not Active, Not Active, Not Active, Not Active, Not Active
2026/09/03 04:32:00.526, 506 MiB, 41, 10.87 W, 22 MHz, 405 MHz, Not Active, Not Active, Not Active, Not Active, Not Active
2026/09/03 04:32:00.727, 506 MiB, 41, 10.87 W, 22 MHz, 405 MHz, Not Active, Not Active, Not Active, Not Active, Not Active
2026/09/03 04:32:00.927, 506 MiB, 41, 10.68 W, 22 MHz, 405 MHz, Not Active, Not Active, Not Active, Not Active, Not Active
2026/09/03 04:32:01.127, 506 MiB, 41, 10.68 W, 22 MHz, 405 MHz, Not Active, Not Active, Not Active, Not Active, Not Active
2026/09/03 04:32:01.327, 506 MiB, 41, 10.68 W, 22 MHz, 405 MHz, Not Active, Not Active, Not Active, Not Active, Not Active
2026/09/03 04:32:01.528, 506 MiB, 41, 10.68 W, 22 MHz, 405 MHz, Not Active, Not Active, Not Active, Not Active, Not Active
2026/09/03 04:32:01.728, 506 MiB, 41, 10.68 W, 22 MHz, 405 MHz, Not Active, Not Active, Not Active, Not Active, Not Active
2026/09/03 04:32:01.928, 506 MiB, 41, 10.43 W, 22 MHz, 405 MHz, Not Active, Not Active, Not Active, Not Active, Not Active
2026/09/03 04:32:02.128, 506 MiB, 41, 10.43 W, 22 MHz, 405 MHz, Not Active, Not Active, Not Active, Not Active, Not Active
2026/09/03 04:32:02.329, 506 MiB, 41, 10.43 W, 22 MHz, 405 MHz, Not Active, Not Active, Not Active, Not Active, Not Active
2026/09/03 04:32:02.529, 506 MiB, 41, 10.43 W, 22 MHz, 405 MHz, Not Active, Not Active, Not Active, Not Active, Not Active
2026/09/03 04:32:02.729, 506 MiB, 41, 10.43 W, 22 MHz, 405 MHz, Not Active, Not Active, Not Active, Not Active, Not Active
2026/09/03 04:32:02.929, 506 MiB, 41, 10.45 W, 22 MHz, 405 MHz, Not Active, Not Active, Not Active, Not Active, Not Active
2026/09/03 04:32:03.129, 506 MiB, 41, 10.45 W, 22 MHz, 405 MHz, Not Active, Not Active, Not Active, Not Active, Not Active
2026/09/03 04:32:03.330, 506 MiB, 41, 10.45 W, 22 MHz, 405 MHz, Not Active, Not Active, Not Active, Not Active, Not Active
2026/09/03 04:32:03.530, 506 MiB, 41, 10.45 W, 22 MHz, 405 MHz, Not Active, Not Active, Not Active, Not Active, Not Active
2026/09/03 04:32:03.730, 506 MiB, 41, 10.45 W, 22 MHz, 405 MHz, Not Active, Not Active, Not Active, Not Active, Not Active
2026/09/03 04:32:03.930, 506 MiB, 41, 10.56 W, 22 MHz, 405 MHz, Not Active, Not Active, Not Active, Not Active, Not Active
2026/09/03 04:32:04.131, 506 MiB, 41, 10.56 W, 22 MHz, 405 MHz, Not Active, Not Active, Not Active, Not Active, Not Active
2026/09/03 04:32:04.331, 506 MiB, 41, 10.56 W, 22 MHz, 405 MHz, Not Active, Not Active, Not Active, Not Active, Not Active
2026/09/03 04:32:04.531, 506 MiB, 41, 10.56 W, 22 MHz, 405 MHz, Not Active, Not Active, Not Active, Not Active, Not Active
2026/09/03 04:32:04.731, 506 MiB, 41, 10.56 W, 22 MHz, 405 MHz, Not Active, Not Active, Not Active, Not Active, Not Active
2026/09/03 04:32:04.932, 506 MiB, 41, 10.82 W, 22 MHz, 405 MHz, Not Active, Not Active, Not Active, Not Active, Not Active
2026/09/03 04:32:05.132, 506 MiB, 41, 10.82 W, 22 MHz, 405 MHz, Not Active, Not Active, Not Active, Not Active, Not Active
2026/09/03 04:32:05.332, 506 MiB, 41, 10.82 W, 22 MHz, 405 MHz, Not Active, Not Active, Not Active, Not Active, Not Active
2026/09/03 04:32:05.532, 506 MiB, 41, 10.82 W, 22 MHz, 405 MHz, Not Active, Not Active, Not Active, Not Active, Not Active
2026/09/03 04:32:05.733, 506 MiB, 41, 10.82 W, 22 MHz, 405 MHz, Not Active, Not Active, Not Active, Not Active, Not Active
2026/09/03 04:32:05.933, 506 MiB, 41, 10.83 W, 22 MHz, 405 MHz, Not Active, Not Active, Not Active, Not Active, Not Active
2026/09/03 04:32:06.133, 506 MiB, 41, 10.83 W, 22 MHz, 405 MHz, Not Active, Not Active, Not Active, Not Active, Not Active
2026/09/03 04:32:06.333, 506 MiB, 41, 10.83 W, 22 MHz, 405 MHz, Not Active, Not Active, Not Active, Not Active, Not Active
2026/09/03 04:32:06.533, 506 MiB, 41, 10.83 W, 22 MHz, 405 MHz, Not Active, Not Active, Not Active, Not Active, Not Active
2026/09/03 04:32:06.734, 506 MiB, 41, 10.83 W, 22 MHz, 405 MHz, Not Active, Not Active, Not Active, Not Active, Not Active
2026/09/03 04:32:06.934, 506 MiB, 41, 10.59 W, 22 MHz, 405 MHz, Not Active, Not Active, Not Active, Not Active, Not Active
2026/09/03 04:32:07.134, 506 MiB, 41, 10.59 W, 22 MHz, 405 MHz, Not Active, Not Active, Not Active, Not Active, Not Active
2026/09/03 04:32:07.334, 506 MiB, 41, 10.59 W, 22 MHz, 405 MHz, Not Active, Not Active, Not Active, Not Active, Not Active
2026/09/03 04:32:07.535, 506 MiB, 41, 10.59 W, 22 MHz, 405 MHz, Not Active, Not Active, Not Active, Not Active, Not Active
2026/09/03 04:32:07.735, 506 MiB, 41, 10.59 W, 22 MHz, 405 MHz, Not Active, Not Active, Not Active, Not Active, Not Active
2026/09/03 04:32:07.935, 506 MiB, 41, 10.53 W, 22 MHz, 405 MHz, Not Active, Not Active, Not Active, Not Active, Not Active
2026/09/03 04:32:08.135, 506 MiB, 41, 10.53 W, 22 MHz, 405 MHz, Not Active, Not Active, Not Active, Not Active, Not Active
2026/09/03 04:32:08.335, 506 MiB, 41, 10.53 W, 22 MHz, 405 MHz, Not Active, Not Active, Not Active, Not Active, Not Active
2026/09/03 04:32:08.536, 506 MiB, 41, 10.53 W, 22 MHz, 405 MHz, Not Active, Not Active, Not Active, Not Active, Not Active
2026/09/03 04:32:08.736, 506 MiB, 41, 10.53 W, 22 MHz, 405 MHz, Not Active, Not Active, Not Active, Not Active, Not Active
2026/09/03 04:32:08.936, 506 MiB, 41, 10.48 W, 22 MHz, 405 MHz, Not Active, Not Active, Not Active, Not Active, Not Active
2026/09/03 04:32:09.136, 506 MiB, 41, 10.48 W, 22 MHz, 405 MHz, Not Active, Not Active, Not Active, Not Active, Not Active
2026/09/03 04:32:09.337, 506 MiB, 41, 10.48 W, 22 MHz, 405 MHz, Not Active, Not Active, Not Active, Not Active, Not Active
2026/09/03 04:32:09.537, 506 MiB, 41, 10.48 W, 22 MHz, 405 MHz, Not Active, Not Active, Not Active, Not Active, Not Active
2026/09/03 04:32:09.737, 506 MiB, 41, 10.48 W, 22 MHz, 405 MHz, Not Active, Not Active, Not Active, Not Active, Not Active
2026/09/03 04:32:09.937, 506 MiB, 41, 10.66 W, 22 MHz, 405 MHz, Not Active, Not Active, Not Active, Not Active, Not Active
2026/09/03 04:32:10.138, 506 MiB, 41, 10.66 W, 22 MHz, 405 MHz, Not Active, Not Active, Not Active, Not Active, Not Active
2026/09/03 04:32:10.338, 506 MiB, 41, 10.66 W, 22 MHz, 405 MHz, Not Active, Not Active, Not Active, Not Active, Not Active
2026/09/03 04:32:10.538, 506 MiB, 41, 10.66 W, 22 MHz, 405 MHz, Not Active, Not Active, Not Active, Not Active, Not Active
2026/09/03 04:32:10.738, 506 MiB, 41, 10.66 W, 22 MHz, 405 MHz, Not Active, Not Active, Not Active, Not Active, Not Active
2026/09/03 04:32:10.939, 506 MiB, 41, 10.62 W, 22 MHz, 405 MHz, Not Active, Not Active, Not Active, Not Active, Not Active
2026/09/03 04:32:11.139, 506 MiB, 41, 10.62 W, 22 MHz, 405 MHz, Not Active, Not Active, Not Active, Not Active, Not Active
2026/09/03 04:32:11.339, 506 MiB, 41, 10.62 W, 22 MHz, 405 MHz, Not Active, Not Active, Not Active, Not Active, Not Active
2026/09/03 04:32:11.539, 506 MiB, 41, 10.62 W, 22 MHz, 405 MHz, Not Active, Not Active, Not Active, Not Active, Not Active
2026/09/03 04:32:11.740, 506 MiB, 41, 10.62 W, 22 MHz, 405 MHz, Not Active, Not Active, Not Active, Not Active, Not Active
2026/09/03 04:32:11.940, 506 MiB, 41, 10.57 W, 22 MHz, 405 MHz, Not Active, Not Active, Not Active, Not Active, Not Active
2026/09/03 04:32:12.140, 506 MiB, 41, 10.57 W, 22 MHz, 405 MHz, Not Active, Not Active, Not Active, Not Active, Not Active
2026/09/03 04:32:12.340, 506 MiB, 41, 10.57 W, 22 MHz, 405 MHz, Not Active, Not Active, Not Active, Not Active, Not Active
2026/09/03 04:32:12.540, 506 MiB, 41, 10.57 W, 22 MHz, 405 MHz, Not Active, Not Active, Not Active, Not Active, Not Active
2026/09/03 04:32:12.741, 506 MiB, 41, 10.57 W, 22 MHz, 405 MHz, Not Active, Not Active, Not Active, Not Active, Not Active
2026/09/03 04:32:12.941, 506 MiB, 41, 10.60 W, 22 MHz, 405 MHz, Not Active, Not Active, Not Active, Not Active, Not Active
2026/09/03 04:32:13.141, 506 MiB, 41, 10.60 W, 22 MHz, 405 MHz, Not Active, Not Active, Not Active, Not Active, Not Active
2026/09/03 04:32:13.341, 506 MiB, 41, 10.60 W, 22 MHz, 405 MHz, Not Active, Not Active, Not Active, Not Active, Not Active
2026/09/03 04:32:13.542, 506 MiB, 41, 10.60 W, 22 MHz, 405 MHz, Not Active, Not Active, Not Active, Not Active, Not Active
2026/09/03 04:32:13.742, 506 MiB, 41, 10.60 W, 22 MHz, 405 MHz, Not Active, Not Active, Not Active, Not Active, Not Active
2026/09/03 04:32:13.942, 506 MiB, 41, 10.82 W, 22 MHz, 405 MHz, Not Active, Not Active, Not Active, Not Active, Not Active
2026/09/03 04:32:14.143, 506 MiB, 41, 10.82 W, 22 MHz, 405 MHz, Not Active, Not Active, Not Active, Not Active, Not Active
2026/09/03 04:32:14.343, 506 MiB, 41, 10.82 W, 22 MHz, 405 MHz, Not Active, Not Active, Not Active, Not Active, Not Active
2026/09/03 04:32:14.543, 506 MiB, 41, 10.82 W, 22 MHz, 405 MHz, Not Active, Not Active, Not Active, Not Active, Not Active
2026/09/03 04:32:14.744, 506 MiB, 41, 10.82 W, 22 MHz, 405 MHz, Not Active, Not Active, Not Active, Not Active, Not Active
2026/09/03 04:32:14.944, 506 MiB, 41, 10.79 W, 22 MHz, 405 MHz, Not Active, Not Active, Not Active, Not Active, Not Active
2026/09/03 04:32:15.144, 506 MiB, 41, 10.79 W, 22 MHz, 405 MHz, Not Active, Not Active, Not Active, Not Active, Not Active
2026/09/03 04:32:15.344, 506 MiB, 41, 10.79 W, 22 MHz, 405 MHz, Not Active, Not Active, Not Active, Not Active, Not Active
2026/09/03 04:32:15.545, 506 MiB, 41, 10.79 W, 22 MHz, 405 MHz, Not Active, Not Active, Not Active, Not Active, Not Active
2026/09/03 04:32:15.745, 506 MiB, 41, 10.79 W, 22 MHz, 405 MHz, Not Active, Not Active, Not Active, Not Active, Not Active
2026/09/03 04:32:15.945, 506 MiB, 41, 10.86 W, 22 MHz, 405 MHz, Not Active, Not Active, Not Active, Not Active, Not Active
2026/09/03 04:32:16.145, 506 MiB, 41, 10.86 W, 22 MHz, 405 MHz, Not Active, Not Active, Not Active, Not Active, Not Active
2026/09/03 04:32:16.346, 506 MiB, 41, 10.86 W, 22 MHz, 405 MHz, Not Active, Not Active, Not Active, Not Active, Not Active
2026/09/03 04:32:16.546, 506 MiB, 41, 10.86 W, 22 MHz, 405 MHz, Not Active, Not Active, Not Active, Not Active, Not Active
2026/09/03 04:32:16.746, 506 MiB, 41, 10.86 W, 22 MHz, 405 MHz, Not Active, Not Active, Not Active, Not Active, Not Active
2026/09/03 04:32:16.946, 506 MiB, 41, 11.18 W, 22 MHz, 405 MHz, Not Active, Not Active, Not Active, Not Active, Not Active
2026/09/03 04:32:17.147, 506 MiB, 41, 11.18 W, 22 MHz, 405 MHz, Not Active, Not Active, Not Active, Not Active, Not Active
2026/09/03 04:32:17.347, 506 MiB, 41, 11.18 W, 22 MHz, 405 MHz, Not Active, Not Active, Not Active, Not Active, Not Active
2026/09/03 04:32:17.547, 506 MiB, 41, 11.18 W, 22 MHz, 405 MHz, Not Active, Not Active, Not Active, Not Active, Not Active
2026/09/03 04:32:17.747, 506 MiB, 41, 11.18 W, 22 MHz, 405 MHz, Not Active, Not Active, Not Active, Not Active, Not Active
2026/09/03 04:32:17.947, 506 MiB, 41, 11.08 W, 22 MHz, 405 MHz, Not Active, Not Active, Not Active, Not Active, Not Active
2026/09/03 04:32:18.148, 506 MiB, 41, 11.08 W, 22 MHz, 405 MHz, Not Active, Not Active, Not Active, Not Active, Not Active
2026/09/03 04:32:18.348, 506 MiB, 41, 11.08 W, 22 MHz, 405 MHz, Not Active, Not Active, Not Active, Not Active, Not Active
2026/09/03 04:32:18.548, 506 MiB, 41, 11.08 W, 22 MHz, 405 MHz, Not Active, Not Active, Not Active, Not Active, Not Active
2026/09/03 04:32:18.748, 506 MiB, 41, 11.08 W, 22 MHz, 405 MHz, Not Active, Not Active, Not Active, Not Active, Not Active
2026/09/03 04:32:18.949, 506 MiB, 41, 10.79 W, 21 MHz, 405 MHz, Not Active, Not Active, Not Active, Not Active, Not Active
2026/09/03 04:32:19.149, 506 MiB, 41, 10.79 W, 21 MHz, 405 MHz, Not Active, Not Active, Not Active, Not Active, Not Active
2026/09/03 04:32:19.349, 506 MiB, 41, 10.79 W, 21 MHz, 405 MHz, Not Active, Not Active, Not Active, Not Active, Not Active
2026/09/03 04:32:19.550, 506 MiB, 41, 10.79 W, 21 MHz, 405 MHz, Not Active, Not Active, Not Active, Not Active, Not Active
2026/09/03 04:32:19.750, 506 MiB, 41, 10.79 W, 21 MHz, 405 MHz, Not Active, Not Active, Not Active, Not Active, Not Active
2026/09/03 04:32:19.950, 506 MiB, 41, 10.85 W, 22 MHz, 405 MHz, Not Active, Not Active, Not Active, Not Active, Not Active
2026/09/03 04:32:20.150, 506 MiB, 41, 10.85 W, 22 MHz, 405 MHz, Not Active, Not Active, Not Active, Not Active, Not Active
2026/09/03 04:32:20.351, 506 MiB, 41, 10.85 W, 22 MHz, 405 MHz, Not Active, Not Active, Not Active, Not Active, Not Active
2026/09/03 04:32:20.551, 506 MiB, 41, 10.85 W, 22 MHz, 405 MHz, Not Active, Not Active, Not Active, Not Active, Not Active
2026/09/03 04:32:20.751, 506 MiB, 41, 10.85 W, 22 MHz, 405 MHz, Not Active, Not Active, Not Active, Not Active, Not Active
2026/09/03 04:32:20.951, 506 MiB, 41, 10.70 W, 22 MHz, 405 MHz, Not Active, Not Active, Not Active, Not Active, Not Active
2026/09/03 04:32:21.152, 506 MiB, 41, 10.70 W, 22 MHz, 405 MHz, Not Active, Not Active, Not Active, Not Active, Not Active
2026/09/03 04:32:21.352, 506 MiB, 41, 10.70 W, 22 MHz, 405 MHz, Not Active, Not Active, Not Active, Not Active, Not Active
2026/09/03 04:32:21.552, 506 MiB, 41, 10.70 W, 22 MHz, 405 MHz, Not Active, Not Active, Not Active, Not Active, Not Active
2026/09/03 04:32:21.752, 506 MiB, 41, 10.70 W, 22 MHz, 405 MHz, Not Active, Not Active, Not Active, Not Active, Not Active
2026/09/03 04:32:21.953, 506 MiB, 41, 10.69 W, 22 MHz, 405 MHz, Not Active, Not Active, Not Active, Not Active, Not Active
2026/09/03 04:32:22.153, 506 MiB, 41, 10.69 W, 22 MHz, 405 MHz, Not Active, Not Active, Not Active, Not Active, Not Active
2026/09/03 04:32:22.353, 506 MiB, 41, 10.69 W, 22 MHz, 405 MHz, Not Active, Not Active, Not Active, Not Active, Not Active
2026/09/03 04:32:22.553, 506 MiB, 41, 10.69 W, 22 MHz, 405 MHz, Not Active, Not Active, Not Active, Not Active, Not Active
2026/09/03 04:32:22.753, 506 MiB, 41, 10.69 W, 22 MHz, 405 MHz, Not Active, Not Active, Not Active, Not Active, Not Active
2026/09/03 04:32:22.954, 506 MiB, 41, 10.40 W, 22 MHz, 405 MHz, Not Active, Not Active, Not Active, Not Active, Not Active
2026/09/03 04:32:23.154, 506 MiB, 41, 10.40 W, 22 MHz, 405 MHz, Not Active, Not Active, Not Active, Not Active, Not Active
2026/09/03 04:32:23.354, 506 MiB, 41, 10.40 W, 22 MHz, 405 MHz, Not Active, Not Active, Not Active, Not Active, Not Active
2026/09/03 04:32:23.554, 506 MiB, 41, 10.40 W, 22 MHz, 405 MHz, Not Active, Not Active, Not Active, Not Active, Not Active
2026/09/03 04:32:23.755, 506 MiB, 41, 10.40 W, 22 MHz, 405 MHz, Not Active, Not Active, Not Active, Not Active, Not Active
2026/09/03 04:32:23.955, 506 MiB, 41, 10.52 W, 22 MHz, 405 MHz, Not Active, Not Active, Not Active, Not Active, Not Active
2026/09/03 04:32:24.155, 506 MiB, 41, 10.52 W, 22 MHz, 405 MHz, Not Active, Not Active, Not Active, Not Active, Not Active
2026/09/03 04:32:24.355, 506 MiB, 41, 10.52 W, 22 MHz, 405 MHz, Not Active, Not Active, Not Active, Not Active, Not Active
2026/09/03 04:32:24.556, 506 MiB, 41, 10.52 W, 22 MHz, 405 MHz, Not Active, Not Active, Not Active, Not Active, Not Active
2026/09/03 04:32:24.756, 506 MiB, 41, 10.52 W, 22 MHz, 405 MHz, Not Active, Not Active, Not Active, Not Active, Not Active
2026/09/03 04:32:24.956, 506 MiB, 41, 10.56 W, 22 MHz, 405 MHz, Not Active, Not Active, Not Active, Not Active, Not Active
2026/09/03 04:32:25.156, 506 MiB, 41, 10.56 W, 22 MHz, 405 MHz, Not Active, Not Active, Not Active, Not Active, Not Active
2026/09/03 04:32:25.357, 506 MiB, 41, 10.56 W, 22 MHz, 405 MHz, Not Active, Not Active, Not Active, Not Active, Not Active
2026/09/03 04:32:25.557, 506 MiB, 41, 10.56 W, 22 MHz, 405 MHz, Not Active, Not Active, Not Active, Not Active, Not Active
2026/09/03 04:32:25.757, 506 MiB, 41, 10.56 W, 22 MHz, 405 MHz, Not Active, Not Active, Not Active, Not Active, Not Active
2026/09/03 04:32:25.957, 506 MiB, 41, 10.40 W, 21 MHz, 405 MHz, Not Active, Not Active, Not Active, Not Active, Not Active
2026/09/03 04:32:26.158, 506 MiB, 41, 10.40 W, 21 MHz, 405 MHz, Not Active, Not Active, Not Active, Not Active, Not Active
2026/09/03 04:32:26.358, 506 MiB, 41, 10.40 W, 21 MHz, 405 MHz, Not Active, Not Active, Not Active, Not Active, Not Active
2026/09/03 04:32:26.558, 506 MiB, 41, 10.40 W, 21 MHz, 405 MHz, Not Active, Not Active, Not Active, Not Active, Not Active
2026/09/03 04:32:26.758, 506 MiB, 41, 10.40 W, 21 MHz, 405 MHz, Not Active, Not Active, Not Active, Not Active, Not Active
2026/09/03 04:32:26.959, 506 MiB, 41, 10.44 W, 22 MHz, 405 MHz, Not Active, Not Active, Not Active, Not Active, Not Active
2026/09/03 04:32:27.159, 506 MiB, 41, 10.44 W, 22 MHz, 405 MHz, Not Active, Not Active, Not Active, Not Active, Not Active
2026/09/03 04:32:27.359, 506 MiB, 41, 10.44 W, 22 MHz, 405 MHz, Not Active, Not Active, Not Active, Not Active, Not Active
2026/09/03 04:32:27.559, 506 MiB, 41, 10.44 W, 22 MHz, 405 MHz, Not Active, Not Active, Not Active, Not Active, Not Active
2026/09/03 04:32:27.760, 506 MiB, 41, 10.44 W, 22 MHz, 405 MHz, Not Active, Not Active, Not Active, Not Active, Not Active
2026/09/03 04:32:27.960, 506 MiB, 41, 10.42 W, 22 MHz, 405 MHz, Not Active, Not Active, Not Active, Not Active, Not Active
2026/09/03 04:32:28.160, 506 MiB, 41, 10.42 W, 22 MHz, 405 MHz, Not Active, Not Active, Not Active, Not Active, Not Active
2026/09/03 04:32:28.360, 506 MiB, 41, 10.42 W, 22 MHz, 405 MHz, Not Active, Not Active, Not Active, Not Active, Not Active
2026/09/03 04:32:28.561, 506 MiB, 41, 10.42 W, 22 MHz, 405 MHz, Not Active, Not Active, Not Active, Not Active, Not Active
2026/09/03 04:32:28.761, 506 MiB, 41, 10.42 W, 22 MHz, 405 MHz, Not Active, Not Active, Not Active, Not Active, Not Active
2026/09/03 04:32:28.961, 506 MiB, 41, 10.43 W, 22 MHz, 405 MHz, Not Active, Not Active, Not Active, Not Active, Not Active
2026/09/03 04:32:29.161, 506 MiB, 41, 10.43 W, 22 MHz, 405 MHz, Not Active, Not Active, Not Active, Not Active, Not Active
2026/09/03 04:32:29.361, 506 MiB, 41, 10.43 W, 22 MHz, 405 MHz, Not Active, Not Active, Not Active, Not Active, Not Active
2026/09/03 04:32:29.562, 506 MiB, 41, 10.43 W, 22 MHz, 405 MHz, Not Active, Not Active, Not Active, Not Active, Not Active
2026/09/03 04:32:29.762, 506 MiB, 41, 10.43 W, 22 MHz, 405 MHz, Not Active, Not Active, Not Active, Not Active, Not Active
2026/09/03 04:32:29.962, 506 MiB, 41, 10.63 W, 22 MHz, 405 MHz, Not Active, Not Active, Not Active, Not Active, Not Active
2026/09/03 04:32:30.162, 506 MiB, 41, 10.63 W, 22 MHz, 405 MHz, Not Active, Not Active, Not Active, Not Active, Not Active
2026/09/03 04:32:30.363, 506 MiB, 41, 10.63 W, 22 MHz, 405 MHz, Not Active, Not Active, Not Active, Not Active, Not Active
2026/09/03 04:32:30.563, 506 MiB, 41, 10.63 W, 22 MHz, 405 MHz, Not Active, Not Active, Not Active, Not Active, Not Active
2026/09/03 04:32:30.763, 506 MiB, 41, 10.63 W, 22 MHz, 405 MHz, Not Active, Not Active, Not Active, Not Active, Not Active
2026/09/03 04:32:30.964, 506 MiB, 41, 10.51 W, 22 MHz, 405 MHz, Not Active, Not Active, Not Active, Not Active, Not Active
2026/09/03 04:32:31.164, 506 MiB, 41, 10.51 W, 22 MHz, 405 MHz, Not Active, Not Active, Not Active, Not Active, Not Active
2026/09/03 04:32:31.364, 506 MiB, 41, 10.51 W, 22 MHz, 405 MHz, Not Active, Not Active, Not Active, Not Active, Not Active
2026/09/03 04:32:31.564, 506 MiB, 41, 10.51 W, 22 MHz, 405 MHz, Not Active, Not Active, Not Active, Not Active, Not Active
2026/09/03 04:32:31.764, 506 MiB, 41, 10.51 W, 22 MHz, 405 MHz, Not Active, Not Active, Not Active, Not Active, Not Active
2026/09/03 04:32:31.965, 506 MiB, 41, 10.48 W, 22 MHz, 405 MHz, Not Active, Not Active, Not Active, Not Active, Not Active
2026/09/03 04:32:32.165, 506 MiB, 41, 10.48 W, 22 MHz, 405 MHz, Not Active, Not Active, Not Active, Not Active, Not Active
2026/09/03 04:32:32.365, 506 MiB, 41, 10.48 W, 22 MHz, 405 MHz, Not Active, Not Active, Not Active, Not Active, Not Active
2026/09/03 04:32:32.566, 506 MiB, 41, 10.48 W, 22 MHz, 405 MHz, Not Active, Not Active, Not Active, Not Active, Not Active
2026/09/03 04:32:32.766, 506 MiB, 41, 10.48 W, 22 MHz, 405 MHz, Not Active, Not Active, Not Active, Not Active, Not Active
2026/09/03 04:32:32.966, 506 MiB, 41, 10.57 W, 22 MHz, 405 MHz, Not Active, Not Active, Not Active, Not Active, Not Active
2026/09/03 04:32:33.166, 506 MiB, 41, 10.57 W, 22 MHz, 405 MHz, Not Active, Not Active, Not Active, Not Active, Not Active
2026/09/03 04:32:33.367, 506 MiB, 41, 10.57 W, 22 MHz, 405 MHz, Not Active, Not Active, Not Active, Not Active, Not Active
2026/09/03 04:32:33.567, 506 MiB, 41, 10.57 W, 22 MHz, 405 MHz, Not Active, Not Active, Not Active, Not Active, Not Active
2026/09/03 04:32:33.767, 506 MiB, 41, 10.57 W, 22 MHz, 405 MHz, Not Active, Not Active, Not Active, Not Active, Not Active
2026/09/03 04:32:33.968, 506 MiB, 41, 10.70 W, 22 MHz, 405 MHz, Not Active, Not Active, Not Active, Not Active, Not Active
2026/09/03 04:32:34.168, 506 MiB, 41, 10.70 W, 22 MHz, 405 MHz, Not Active, Not Active, Not Active, Not Active, Not Active
2026/09/03 04:32:34.368, 506 MiB, 41, 10.70 W, 22 MHz, 405 MHz, Not Active, Not Active, Not Active, Not Active, Not Active
2026/09/03 04:32:34.568, 506 MiB, 41, 10.70 W, 22 MHz, 405 MHz, Not Active, Not Active, Not Active, Not Active, Not Active
2026/09/03 04:32:34.769, 506 MiB, 41, 10.70 W, 22 MHz, 405 MHz, Not Active, Not Active, Not Active, Not Active, Not Active
2026/09/03 04:32:34.969, 506 MiB, 41, 10.64 W, 22 MHz, 405 MHz, Not Active, Not Active, Not Active, Not Active, Not Active
2026/09/03 04:32:35.169, 506 MiB, 41, 10.64 W, 22 MHz, 405 MHz, Not Active, Not Active, Not Active, Not Active, Not Active
2026/09/03 04:32:35.370, 506 MiB, 41, 10.64 W, 22 MHz, 405 MHz, Not Active, Not Active, Not Active, Not Active, Not Active
2026/09/03 04:32:35.570, 506 MiB, 41, 10.64 W, 22 MHz, 405 MHz, Not Active, Not Active, Not Active, Not Active, Not Active
2026/09/03 04:32:35.770, 506 MiB, 41, 10.64 W, 22 MHz, 405 MHz, Not Active, Not Active, Not Active, Not Active, Not Active
2026/09/03 04:32:35.970, 506 MiB, 41, 10.41 W, 22 MHz, 405 MHz, Not Active, Not Active, Not Active, Not Active, Not Active
2026/09/03 04:32:36.171, 506 MiB, 41, 10.41 W, 22 MHz, 405 MHz, Not Active, Not Active, Not Active, Not Active, Not Active
2026/09/03 04:32:36.371, 506 MiB, 41, 10.41 W, 22 MHz, 405 MHz, Not Active, Not Active, Not Active, Not Active, Not Active
2026/09/03 04:32:36.571, 506 MiB, 41, 10.41 W, 22 MHz, 405 MHz, Not Active, Not Active, Not Active, Not Active, Not Active
2026/09/03 04:32:36.772, 506 MiB, 41, 10.41 W, 22 MHz, 405 MHz, Not Active, Not Active, Not Active, Not Active, Not Active
2026/09/03 04:32:36.972, 506 MiB, 41, 10.44 W, 22 MHz, 405 MHz, Not Active, Not Active, Not Active, Not Active, Not Active
2026/09/03 04:32:37.172, 506 MiB, 41, 10.44 W, 22 MHz, 405 MHz, Not Active, Not Active, Not Active, Not Active, Not Active
2026/09/03 04:32:37.372, 506 MiB, 41, 10.44 W, 22 MHz, 405 MHz, Not Active, Not Active, Not Active, Not Active, Not Active
2026/09/03 04:32:37.573, 506 MiB, 41, 10.44 W, 22 MHz, 405 MHz, Not Active, Not Active, Not Active, Not Active, Not Active
2026/09/03 04:32:37.773, 506 MiB, 41, 10.44 W, 22 MHz, 405 MHz, Not Active, Not Active, Not Active, Not Active, Not Active
2026/09/03 04:32:37.973, 506 MiB, 41, 10.51 W, 22 MHz, 405 MHz, Not Active, Not Active, Not Active, Not Active, Not Active
2026/09/03 04:32:38.173, 506 MiB, 41, 10.51 W, 22 MHz, 405 MHz, Not Active, Not Active, Not Active, Not Active, Not Active
2026/09/03 04:32:38.374, 506 MiB, 41, 10.51 W, 22 MHz, 405 MHz, Not Active, Not Active, Not Active, Not Active, Not Active
2026/09/03 04:32:38.574, 506 MiB, 41, 10.51 W, 22 MHz, 405 MHz, Not Active, Not Active, Not Active, Not Active, Not Active
2026/09/03 04:32:38.774, 506 MiB, 41, 10.51 W, 22 MHz, 405 MHz, Not Active, Not Active, Not Active, Not Active, Not Active
2026/09/03 04:32:38.974, 506 MiB, 41, 10.63 W, 22 MHz, 405 MHz, Not Active, Not Active, Not Active, Not Active, Not Active
2026/09/03 04:32:39.175, 506 MiB, 41, 10.63 W, 22 MHz, 405 MHz, Not Active, Not Active, Not Active, Not Active, Not Active
2026/09/03 04:32:39.375, 506 MiB, 41, 10.63 W, 22 MHz, 405 MHz, Not Active, Not Active, Not Active, Not Active, Not Active
2026/09/03 04:32:39.575, 506 MiB, 41, 10.63 W, 22 MHz, 405 MHz, Not Active, Not Active, Not Active, Not Active, Not Active
2026/09/03 04:32:39.776, 506 MiB, 41, 10.63 W, 22 MHz, 405 MHz, Not Active, Not Active, Not Active, Not Active, Not Active
2026/09/03 04:32:39.976, 506 MiB, 41, 10.62 W, 21 MHz, 405 MHz, Not Active, Not Active, Not Active, Not Active, Not Active
2026/09/03 04:32:40.176, 506 MiB, 41, 10.62 W, 21 MHz, 405 MHz, Not Active, Not Active, Not Active, Not Active, Not Active
2026/09/03 04:32:40.376, 506 MiB, 41, 10.62 W, 21 MHz, 405 MHz, Not Active, Not Active, Not Active, Not Active, Not Active
2026/09/03 04:32:40.577, 506 MiB, 41, 10.62 W, 21 MHz, 405 MHz, Not Active, Not Active, Not Active, Not Active, Not Active
2026/09/03 04:32:40.777, 506 MiB, 41, 10.62 W, 21 MHz, 405 MHz, Not Active, Not Active, Not Active, Not Active, Not Active
2026/09/03 04:32:40.977, 506 MiB, 41, 10.88 W, 22 MHz, 405 MHz, Not Active, Not Active, Not Active, Not Active, Not Active
2026/09/03 04:32:41.177, 506 MiB, 41, 10.88 W, 22 MHz, 405 MHz, Not Active, Not Active, Not Active, Not Active, Not Active
2026/09/03 04:32:41.378, 506 MiB, 41, 10.88 W, 22 MHz, 405 MHz, Not Active, Not Active, Not Active, Not Active, Not Active
2026/09/03 04:32:41.578, 506 MiB, 41, 10.88 W, 22 MHz, 405 MHz, Not Active, Not Active, Not Active, Not Active, Not Active
2026/09/03 04:32:41.778, 506 MiB, 41, 10.88 W, 22 MHz, 405 MHz, Not Active, Not Active, Not Active, Not Active, Not Active
2026/09/03 04:32:41.978, 506 MiB, 41, 10.83 W, 22 MHz, 405 MHz, Not Active, Not Active, Not Active, Not Active, Not Active
2026/09/03 04:32:42.179, 506 MiB, 41, 10.83 W, 22 MHz, 405 MHz, Not Active, Not Active, Not Active, Not Active, Not Active
2026/09/03 04:32:42.379, 506 MiB, 41, 10.83 W, 22 MHz, 405 MHz, Not Active, Not Active, Not Active, Not Active, Not Active
2026/09/03 04:32:42.579, 506 MiB, 41, 10.83 W, 22 MHz, 405 MHz, Not Active, Not Active, Not Active, Not Active, Not Active
2026/09/03 04:32:42.779, 506 MiB, 41, 10.83 W, 22 MHz, 405 MHz, Not Active, Not Active, Not Active, Not Active, Not Active
2026/09/03 04:32:42.980, 506 MiB, 41, 10.90 W, 22 MHz, 405 MHz, Not Active, Not Active, Not Active, Not Active, Not Active
2026/09/03 04:32:43.180, 506 MiB, 41, 10.90 W, 22 MHz, 405 MHz, Not Active, Not Active, Not Active, Not Active, Not Active
2026/09/03 04:32:43.380, 506 MiB, 41, 10.90 W, 22 MHz, 405 MHz, Not Active, Not Active, Not Active, Not Active, Not Active
2026/09/03 04:32:43.580, 506 MiB, 41, 10.90 W, 22 MHz, 405 MHz, Not Active, Not Active, Not Active, Not Active, Not Active
2026/09/03 04:32:43.781, 506 MiB, 41, 10.90 W, 22 MHz, 405 MHz, Not Active, Not Active, Not Active, Not Active, Not Active
2026/09/03 04:32:43.981, 506 MiB, 41, 10.75 W, 22 MHz, 405 MHz, Not Active, Not Active, Not Active, Not Active, Not Active
2026/09/03 04:32:44.181, 506 MiB, 41, 10.75 W, 22 MHz, 405 MHz, Not Active, Not Active, Not Active, Not Active, Not Active
2026/09/03 04:32:44.381, 506 MiB, 41, 10.75 W, 22 MHz, 405 MHz, Not Active, Not Active, Not Active, Not Active, Not Active
2026/09/03 04:32:44.582, 506 MiB, 41, 10.75 W, 22 MHz, 405 MHz, Not Active, Not Active, Not Active, Not Active, Not Active
2026/09/03 04:32:44.782, 506 MiB, 41, 10.75 W, 22 MHz, 405 MHz, Not Active, Not Active, Not Active, Not Active, Not Active
2026/09/03 04:32:44.982, 506 MiB, 41, 10.68 W, 22 MHz, 405 MHz, Not Active, Not Active, Not Active, Not Active, Not Active
2026/09/03 04:32:45.182, 506 MiB, 41, 10.68 W, 22 MHz, 405 MHz, Not Active, Not Active, Not Active, Not Active, Not Active
2026/09/03 04:32:45.383, 506 MiB, 41, 10.68 W, 22 MHz, 405 MHz, Not Active, Not Active, Not Active, Not Active, Not Active
2026/09/03 04:32:45.583, 506 MiB, 41, 10.68 W, 22 MHz, 405 MHz, Not Active, Not Active, Not Active, Not Active, Not Active
2026/09/03 04:32:45.783, 506 MiB, 41, 10.68 W, 22 MHz, 405 MHz, Not Active, Not Active, Not Active, Not Active, Not Active
2026/09/03 04:32:45.983, 506 MiB, 41, 10.82 W, 22 MHz, 405 MHz, Not Active, Not Active, Not Active, Not Active, Not Active
2026/09/03 04:32:46.184, 506 MiB, 41, 10.82 W, 22 MHz, 405 MHz, Not Active, Not Active, Not Active, Not Active, Not Active
2026/09/03 04:32:46.384, 506 MiB, 41, 10.82 W, 22 MHz, 405 MHz, Not Active, Not Active, Not Active, Not Active, Not Active
2026/09/03 04:32:46.584, 506 MiB, 41, 10.82 W, 22 MHz, 405 MHz, Not Active, Not Active, Not Active, Not Active, Not Active
2026/09/03 04:32:46.784, 506 MiB, 41, 10.82 W, 22 MHz, 405 MHz, Not Active, Not Active, Not Active, Not Active, Not Active
2026/09/03 04:32:46.985, 506 MiB, 41, 10.70 W, 22 MHz, 405 MHz, Not Active, Not Active, Not Active, Not Active, Not Active
2026/09/03 04:32:47.185, 506 MiB, 41, 10.70 W, 22 MHz, 405 MHz, Not Active, Not Active, Not Active, Not Active, Not Active
2026/09/03 04:32:47.385, 506 MiB, 41, 10.70 W, 22 MHz, 405 MHz, Not Active, Not Active, Not Active, Not Active, Not Active
2026/09/03 04:32:47.585, 506 MiB, 41, 10.70 W, 22 MHz, 405 MHz, Not Active, Not Active, Not Active, Not Active, Not Active
2026/09/03 04:32:47.786, 506 MiB, 41, 10.70 W, 22 MHz, 405 MHz, Not Active, Not Active, Not Active, Not Active, Not Active
2026/09/03 04:32:47.986, 506 MiB, 41, 10.66 W, 22 MHz, 405 MHz, Not Active, Not Active, Not Active, Not Active, Not Active
2026/09/03 04:32:48.186, 506 MiB, 41, 10.66 W, 22 MHz, 405 MHz, Not Active, Not Active, Not Active, Not Active, Not Active
2026/09/03 04:32:48.387, 506 MiB, 41, 10.66 W, 22 MHz, 405 MHz, Not Active, Not Active, Not Active, Not Active, Not Active
2026/09/03 04:32:48.587, 506 MiB, 41, 10.66 W, 22 MHz, 405 MHz, Not Active, Not Active, Not Active, Not Active, Not Active
2026/09/03 04:32:48.787, 506 MiB, 41, 10.66 W, 22 MHz, 405 MHz, Not Active, Not Active, Not Active, Not Active, Not Active
2026/09/03 04:32:48.987, 506 MiB, 41, 10.81 W, 22 MHz, 405 MHz, Not Active, Not Active, Not Active, Not Active, Not Active
2026/09/03 04:32:49.188, 506 MiB, 41, 10.81 W, 22 MHz, 405 MHz, Not Active, Not Active, Not Active, Not Active, Not Active
2026/09/03 04:32:49.388, 506 MiB, 41, 10.81 W, 22 MHz, 405 MHz, Not Active, Not Active, Not Active, Not Active, Not Active
2026/09/03 04:32:49.588, 506 MiB, 41, 10.81 W, 22 MHz, 405 MHz, Not Active, Not Active, Not Active, Not Active, Not Active
2026/09/03 04:32:49.788, 506 MiB, 41, 10.81 W, 22 MHz, 405 MHz, Not Active, Not Active, Not Active, Not Active, Not Active
2026/09/03 04:32:49.988, 506 MiB, 41, 10.90 W, 22 MHz, 405 MHz, Not Active, Not Active, Not Active, Not Active, Not Active
2026/09/03 04:32:50.189, 506 MiB, 41, 10.90 W, 22 MHz, 405 MHz, Not Active, Not Active, Not Active, Not Active, Not Active
2026/09/03 04:32:50.389, 506 MiB, 41, 10.90 W, 22 MHz, 405 MHz, Not Active, Not Active, Not Active, Not Active, Not Active
2026/09/03 04:32:50.589, 506 MiB, 41, 10.90 W, 22 MHz, 405 MHz, Not Active, Not Active, Not Active, Not Active, Not Active
2026/09/03 04:32:50.790, 506 MiB, 41, 10.90 W, 22 MHz, 405 MHz, Not Active, Not Active, Not Active, Not Active, Not Active
2026/09/03 04:32:50.990, 506 MiB, 41, 10.95 W, 22 MHz, 405 MHz, Not Active, Not Active, Not Active, Not Active, Not Active
2026/09/03 04:32:51.190, 506 MiB, 41, 10.95 W, 22 MHz, 405 MHz, Not Active, Not Active, Not Active, Not Active, Not Active
2026/09/03 04:32:51.390, 506 MiB, 41, 10.95 W, 22 MHz, 405 MHz, Not Active, Not Active, Not Active, Not Active, Not Active
2026/09/03 04:32:51.590, 506 MiB, 41, 10.95 W, 22 MHz, 405 MHz, Not Active, Not Active, Not Active, Not Active, Not Active
2026/09/03 04:32:51.791, 506 MiB, 41, 10.95 W, 22 MHz, 405 MHz, Not Active, Not Active, Not Active, Not Active, Not Active
2026/09/03 04:32:51.991, 506 MiB, 41, 10.88 W, 22 MHz, 405 MHz, Not Active, Not Active, Not Active, Not Active, Not Active
2026/09/03 04:32:52.191, 506 MiB, 41, 10.88 W, 22 MHz, 405 MHz, Not Active, Not Active, Not Active, Not Active, Not Active
2026/09/03 04:32:52.391, 506 MiB, 41, 10.88 W, 22 MHz, 405 MHz, Not Active, Not Active, Not Active, Not Active, Not Active
2026/09/03 04:32:52.592, 506 MiB, 41, 10.88 W, 22 MHz, 405 MHz, Not Active, Not Active, Not Active, Not Active, Not Active
2026/09/03 04:32:52.792, 506 MiB, 41, 10.88 W, 22 MHz, 405 MHz, Not Active, Not Active, Not Active, Not Active, Not Active
2026/09/03 04:32:52.992, 506 MiB, 41, 10.84 W, 22 MHz, 405 MHz, Not Active, Not Active, Not Active, Not Active, Not Active
2026/09/03 04:32:53.192, 506 MiB, 41, 10.84 W, 22 MHz, 405 MHz, Not Active, Not Active, Not Active, Not Active, Not Active
2026/09/03 04:32:53.393, 506 MiB, 41, 10.84 W, 22 MHz, 405 MHz, Not Active, Not Active, Not Active, Not Active, Not Active
2026/09/03 04:32:53.593, 506 MiB, 41, 10.84 W, 22 MHz, 405 MHz, Not Active, Not Active, Not Active, Not Active, Not Active
2026/09/03 04:32:53.793, 506 MiB, 41, 10.84 W, 22 MHz, 405 MHz, Not Active, Not Active, Not Active, Not Active, Not Active
2026/09/03 04:32:53.994, 506 MiB, 41, 10.87 W, 22 MHz, 405 MHz, Not Active, Not Active, Not Active, Not Active, Not Active
2026/09/03 04:32:54.194, 506 MiB, 41, 10.87 W, 22 MHz, 405 MHz, Not Active, Not Active, Not Active, Not Active, Not Active
2026/09/03 04:32:54.394, 506 MiB, 41, 10.87 W, 22 MHz, 405 MHz, Not Active, Not Active, Not Active, Not Active, Not Active
2026/09/03 04:32:54.594, 506 MiB, 41, 10.87 W, 22 MHz, 405 MHz, Not Active, Not Active, Not Active, Not Active, Not Active
2026/09/03 04:32:54.795, 506 MiB, 41, 10.87 W, 22 MHz, 405 MHz, Not Active, Not Active, Not Active, Not Active, Not Active
2026/09/03 04:32:54.995, 506 MiB, 41, 10.79 W, 22 MHz, 405 MHz, Not Active, Not Active, Not Active, Not Active, Not Active
2026/09/03 04:32:55.195, 506 MiB, 41, 10.79 W, 22 MHz, 405 MHz, Not Active, Not Active, Not Active, Not Active, Not Active
2026/09/03 04:32:55.395, 506 MiB, 41, 10.79 W, 22 MHz, 405 MHz, Not Active, Not Active, Not Active, Not Active, Not Active
2026/09/03 04:32:55.596, 506 MiB, 41, 10.79 W, 22 MHz, 405 MHz, Not Active, Not Active, Not Active, Not Active, Not Active
2026/09/03 04:32:55.796, 506 MiB, 41, 10.79 W, 22 MHz, 405 MHz, Not Active, Not Active, Not Active, Not Active, Not Active
2026/09/03 04:32:55.996, 506 MiB, 41, 10.52 W, 22 MHz, 405 MHz, Not Active, Not Active, Not Active, Not Active, Not Active
2026/09/03 04:32:56.196, 506 MiB, 41, 10.52 W, 22 MHz, 405 MHz, Not Active, Not Active, Not Active, Not Active, Not Active
2026/09/03 04:32:56.397, 506 MiB, 41, 10.52 W, 22 MHz, 405 MHz, Not Active, Not Active, Not Active, Not Active, Not Active
2026/09/03 04:32:56.597, 506 MiB, 41, 10.52 W, 22 MHz, 405 MHz, Not Active, Not Active, Not Active, Not Active, Not Active
2026/09/03 04:32:56.797, 506 MiB, 41, 10.52 W, 22 MHz, 405 MHz, Not Active, Not Active, Not Active, Not Active, Not Active
2026/09/03 04:32:56.997, 506 MiB, 41, 10.70 W, 22 MHz, 405 MHz, Not Active, Not Active, Not Active, Not Active, Not Active
2026/09/03 04:32:57.197, 506 MiB, 41, 10.70 W, 22 MHz, 405 MHz, Not Active, Not Active, Not Active, Not Active, Not Active
2026/09/03 04:32:57.398, 506 MiB, 41, 10.70 W, 22 MHz, 405 MHz, Not Active, Not Active, Not Active, Not Active, Not Active
2026/09/03 04:32:57.598, 506 MiB, 41, 10.70 W, 22 MHz, 405 MHz, Not Active, Not Active, Not Active, Not Active, Not Active
2026/09/03 04:32:57.798, 506 MiB, 41, 10.70 W, 22 MHz, 405 MHz, Not Active, Not Active, Not Active, Not Active, Not Active
2026/09/03 04:32:57.998, 506 MiB, 42, 10.99 W, 22 MHz, 405 MHz, Not Active, Not Active, Not Active, Not Active, Not Active
2026/09/03 04:32:58.198, 506 MiB, 42, 10.99 W, 22 MHz, 405 MHz, Not Active, Not Active, Not Active, Not Active, Not Active
2026/09/03 04:32:58.399, 506 MiB, 42, 10.99 W, 22 MHz, 405 MHz, Not Active, Not Active, Not Active, Not Active, Not Active
2026/09/03 04:32:58.599, 506 MiB, 42, 10.99 W, 22 MHz, 405 MHz, Not Active, Not Active, Not Active, Not Active, Not Active
2026/09/03 04:32:58.799, 506 MiB, 42, 10.99 W, 22 MHz, 405 MHz, Not Active, Not Active, Not Active, Not Active, Not Active
2026/09/03 04:32:58.999, 506 MiB, 42, 10.90 W, 22 MHz, 405 MHz, Not Active, Not Active, Not Active, Not Active, Not Active
2026/09/03 04:32:59.199, 506 MiB, 42, 10.90 W, 22 MHz, 405 MHz, Not Active, Not Active, Not Active, Not Active, Not Active
2026/09/03 04:32:59.400, 506 MiB, 42, 10.90 W, 22 MHz, 405 MHz, Not Active, Not Active, Not Active, Not Active, Not Active
2026/09/03 04:32:59.600, 506 MiB, 42, 10.90 W, 22 MHz, 405 MHz, Not Active, Not Active, Not Active, Not Active, Not Active
2026/09/03 04:32:59.800, 506 MiB, 42, 10.90 W, 22 MHz, 405 MHz, Not Active, Not Active, Not Active, Not Active, Not Active
2026/09/03 04:33:00.000, 506 MiB, 42, 10.88 W, 22 MHz, 405 MHz, Not Active, Not Active, Not Active, Not Active, Not Active
2026/09/03 04:33:00.201, 506 MiB, 42, 10.88 W, 22 MHz, 405 MHz, Not Active, Not Active, Not Active, Not Active, Not Active
2026/09/03 04:33:00.401, 506 MiB, 42, 10.88 W, 22 MHz, 405 MHz, Not Active, Not Active, Not Active, Not Active, Not Active
2026/09/03 04:33:00.601, 506 MiB, 42, 10.88 W, 22 MHz, 405 MHz, Not Active, Not Active, Not Active, Not Active, Not Active
2026/09/03 04:33:00.802, 506 MiB, 42, 10.88 W, 22 MHz, 405 MHz, Not Active, Not Active, Not Active, Not Active, Not Active
2026/09/03 04:33:01.002, 506 MiB, 42, 10.64 W, 22 MHz, 405 MHz, Not Active, Not Active, Not Active, Not Active, Not Active
2026/09/03 04:33:01.202, 506 MiB, 42, 10.64 W, 22 MHz, 405 MHz, Not Active, Not Active, Not Active, Not Active, Not Active
2026/09/03 04:33:01.402, 506 MiB, 42, 10.64 W, 22 MHz, 405 MHz, Not Active, Not Active, Not Active, Not Active, Not Active
2026/09/03 04:33:01.603, 506 MiB, 42, 10.64 W, 22 MHz, 405 MHz, Not Active, Not Active, Not Active, Not Active, Not Active
2026/09/03 04:33:01.803, 506 MiB, 42, 10.64 W, 22 MHz, 405 MHz, Not Active, Not Active, Not Active, Not Active, Not Active
2026/09/03 04:33:02.003, 506 MiB, 42, 10.47 W, 22 MHz, 405 MHz, Not Active, Not Active, Not Active, Not Active, Not Active
2026/09/03 04:33:02.203, 506 MiB, 42, 10.47 W, 22 MHz, 405 MHz, Not Active, Not Active, Not Active, Not Active, Not Active
2026/09/03 04:33:02.404, 506 MiB, 42, 10.47 W, 22 MHz, 405 MHz, Not Active, Not Active, Not Active, Not Active, Not Active
2026/09/03 04:33:02.604, 506 MiB, 42, 10.47 W, 22 MHz, 405 MHz, Not Active, Not Active, Not Active, Not Active, Not Active
2026/09/03 04:33:02.804, 506 MiB, 42, 10.47 W, 22 MHz, 405 MHz, Not Active, Not Active, Not Active, Not Active, Not Active
2026/09/03 04:33:03.004, 506 MiB, 42, 10.58 W, 22 MHz, 405 MHz, Not Active, Not Active, Not Active, Not Active, Not Active
2026/09/03 04:33:03.205, 506 MiB, 42, 10.58 W, 22 MHz, 405 MHz, Not Active, Not Active, Not Active, Not Active, Not Active
2026/09/03 04:33:03.405, 506 MiB, 42, 10.58 W, 22 MHz, 405 MHz, Not Active, Not Active, Not Active, Not Active, Not Active
2026/09/03 04:33:03.605, 506 MiB, 42, 10.58 W, 22 MHz, 405 MHz, Not Active, Not Active, Not Active, Not Active, Not Active
2026/09/03 04:33:03.805, 506 MiB, 42, 10.58 W, 22 MHz, 405 MHz, Not Active, Not Active, Not Active, Not Active, Not Active
2026/09/03 04:33:04.006, 506 MiB, 42, 10.50 W, 22 MHz, 405 MHz, Not Active, Not Active, Not Active, Not Active, Not Active
2026/09/03 04:33:04.206, 506 MiB, 42, 10.50 W, 22 MHz, 405 MHz, Not Active, Not Active, Not Active, Not Active, Not Active
2026/09/03 04:33:04.406, 506 MiB, 42, 10.50 W, 22 MHz, 405 MHz, Not Active, Not Active, Not Active, Not Active, Not Active
2026/09/03 04:33:04.606, 506 MiB, 42, 10.50 W, 22 MHz, 405 MHz, Not Active, Not Active, Not Active, Not Active, Not Active
2026/09/03 04:33:04.807, 506 MiB, 42, 10.50 W, 22 MHz, 405 MHz, Not Active, Not Active, Not Active, Not Active, Not Active
2026/09/03 04:33:05.007, 506 MiB, 42, 10.44 W, 22 MHz, 405 MHz, Not Active, Not Active, Not Active, Not Active, Not Active
2026/09/03 04:33:05.207, 506 MiB, 42, 10.44 W, 22 MHz, 405 MHz, Not Active, Not Active, Not Active, Not Active, Not Active
2026/09/03 04:33:05.407, 506 MiB, 42, 10.44 W, 22 MHz, 405 MHz, Not Active, Not Active, Not Active, Not Active, Not Active
2026/09/03 04:33:05.608, 506 MiB, 42, 10.44 W, 22 MHz, 405 MHz, Not Active, Not Active, Not Active, Not Active, Not Active
2026/09/03 04:33:05.808, 506 MiB, 42, 10.44 W, 22 MHz, 405 MHz, Not Active, Not Active, Not Active, Not Active, Not Active
2026/09/03 04:33:06.008, 506 MiB, 42, 10.55 W, 22 MHz, 405 MHz, Not Active, Not Active, Not Active, Not Active, Not Active
2026/09/03 04:33:06.208, 506 MiB, 42, 10.55 W, 22 MHz, 405 MHz, Not Active, Not Active, Not Active, Not Active, Not Active
2026/09/03 04:33:06.409, 506 MiB, 42, 10.55 W, 22 MHz, 405 MHz, Not Active, Not Active, Not Active, Not Active, Not Active
2026/09/03 04:33:06.609, 506 MiB, 42, 10.55 W, 22 MHz, 405 MHz, Not Active, Not Active, Not Active, Not Active, Not Active
2026/09/03 04:33:06.809, 506 MiB, 42, 10.55 W, 22 MHz, 405 MHz, Not Active, Not Active, Not Active, Not Active, Not Active
2026/09/03 04:33:07.009, 506 MiB, 42, 10.32 W, 22 MHz, 405 MHz, Not Active, Not Active, Not Active, Not Active, Not Active
2026/09/03 04:33:07.210, 506 MiB, 42, 10.32 W, 22 MHz, 405 MHz, Not Active, Not Active, Not Active, Not Active, Not Active
2026/09/03 04:33:07.410, 506 MiB, 42, 10.32 W, 22 MHz, 405 MHz, Not Active, Not Active, Not Active, Not Active, Not Active
2026/09/03 04:33:07.610, 506 MiB, 42, 10.32 W, 22 MHz, 405 MHz, Not Active, Not Active, Not Active, Not Active, Not Active
2026/09/03 04:33:07.810, 506 MiB, 42, 10.32 W, 22 MHz, 405 MHz, Not Active, Not Active, Not Active, Not Active, Not Active
2026/09/03 04:33:08.011, 506 MiB, 42, 10.37 W, 22 MHz, 405 MHz, Not Active, Not Active, Not Active, Not Active, Not Active
2026/09/03 04:33:08.211, 506 MiB, 42, 10.37 W, 22 MHz, 405 MHz, Not Active, Not Active, Not Active, Not Active, Not Active
2026/09/03 04:33:08.411, 506 MiB, 42, 10.37 W, 22 MHz, 405 MHz, Not Active, Not Active, Not Active, Not Active, Not Active
2026/09/03 04:33:08.611, 506 MiB, 42, 10.37 W, 22 MHz, 405 MHz, Not Active, Not Active, Not Active, Not Active, Not Active
2026/09/03 04:33:08.812, 506 MiB, 42, 10.37 W, 22 MHz, 405 MHz, Not Active, Not Active, Not Active, Not Active, Not Active
2026/09/03 04:33:09.012, 506 MiB, 42, 10.32 W, 22 MHz, 405 MHz, Not Active, Not Active, Not Active, Not Active, Not Active
2026/09/03 04:33:09.212, 506 MiB, 42, 10.32 W, 22 MHz, 405 MHz, Not Active, Not Active, Not Active, Not Active, Not Active
2026/09/03 04:33:09.412, 506 MiB, 42, 10.32 W, 22 MHz, 405 MHz, Not Active, Not Active, Not Active, Not Active, Not Active
2026/09/03 04:33:09.612, 506 MiB, 42, 10.32 W, 22 MHz, 405 MHz, Not Active, Not Active, Not Active, Not Active, Not Active
2026/09/03 04:33:09.813, 506 MiB, 42, 10.32 W, 22 MHz, 405 MHz, Not Active, Not Active, Not Active, Not Active, Not Active
2026/09/03 04:33:10.013, 506 MiB, 42, 10.31 W, 22 MHz, 405 MHz, Not Active, Not Active, Not Active, Not Active, Not Active
2026/09/03 04:33:10.213, 506 MiB, 42, 10.31 W, 22 MHz, 405 MHz, Not Active, Not Active, Not Active, Not Active, Not Active
2026/09/03 04:33:10.413, 506 MiB, 42, 10.31 W, 22 MHz, 405 MHz, Not Active, Not Active, Not Active, Not Active, Not Active
2026/09/03 04:33:10.614, 506 MiB, 42, 10.31 W, 22 MHz, 405 MHz, Not Active, Not Active, Not Active, Not Active, Not Active
2026/09/03 04:33:10.814, 506 MiB, 42, 10.31 W, 22 MHz, 405 MHz, Not Active, Not Active, Not Active, Not Active, Not Active
2026/09/03 04:33:11.014, 506 MiB, 42, 10.33 W, 22 MHz, 405 MHz, Not Active, Not Active, Not Active, Not Active, Not Active
2026/09/03 04:33:11.214, 506 MiB, 42, 10.33 W, 22 MHz, 405 MHz, Not Active, Not Active, Not Active, Not Active, Not Active
2026/09/03 04:33:11.414, 506 MiB, 42, 10.33 W, 22 MHz, 405 MHz, Not Active, Not Active, Not Active, Not Active, Not Active
2026/09/03 04:33:11.614, 506 MiB, 42, 10.33 W, 22 MHz, 405 MHz, Not Active, Not Active, Not Active, Not Active, Not Active
2026/09/03 04:33:11.815, 506 MiB, 42, 10.33 W, 22 MHz, 405 MHz, Not Active, Not Active, Not Active, Not Active, Not Active
2026/09/03 04:33:12.015, 506 MiB, 42, 10.53 W, 22 MHz, 405 MHz, Not Active, Not Active, Not Active, Not Active, Not Active
2026/09/03 04:33:12.215, 506 MiB, 42, 10.53 W, 22 MHz, 405 MHz, Not Active, Not Active, Not Active, Not Active, Not Active
2026/09/03 04:33:12.415, 506 MiB, 42, 10.53 W, 22 MHz, 405 MHz, Not Active, Not Active, Not Active, Not Active, Not Active
2026/09/03 04:33:12.616, 506 MiB, 42, 10.53 W, 22 MHz, 405 MHz, Not Active, Not Active, Not Active, Not Active, Not Active
2026/09/03 04:33:12.816, 506 MiB, 42, 10.53 W, 22 MHz, 405 MHz, Not Active, Not Active, Not Active, Not Active, Not Active
2026/09/03 04:33:13.016, 506 MiB, 42, 10.51 W, 22 MHz, 405 MHz, Not Active, Not Active, Not Active, Not Active, Not Active
2026/09/03 04:33:13.216, 506 MiB, 42, 10.51 W, 22 MHz, 405 MHz, Not Active, Not Active, Not Active, Not Active, Not Active
2026/09/03 04:33:13.417, 506 MiB, 42, 10.51 W, 22 MHz, 405 MHz, Not Active, Not Active, Not Active, Not Active, Not Active
2026/09/03 04:33:13.617, 506 MiB, 42, 10.51 W, 22 MHz, 405 MHz, Not Active, Not Active, Not Active, Not Active, Not Active
2026/09/03 04:33:13.817, 506 MiB, 42, 10.51 W, 22 MHz, 405 MHz, Not Active, Not Active, Not Active, Not Active, Not Active
2026/09/03 04:33:14.017, 506 MiB, 42, 10.51 W, 22 MHz, 405 MHz, Not Active, Not Active, Not Active, Not Active, Not Active
2026/09/03 04:33:14.218, 506 MiB, 42, 10.51 W, 22 MHz, 405 MHz, Not Active, Not Active, Not Active, Not Active, Not Active
2026/09/03 04:33:14.418, 506 MiB, 42, 10.51 W, 22 MHz, 405 MHz, Not Active, Not Active, Not Active, Not Active, Not Active
2026/09/03 04:33:14.618, 506 MiB, 42, 10.51 W, 22 MHz, 405 MHz, Not Active, Not Active, Not Active, Not Active, Not Active
2026/09/03 04:33:14.818, 506 MiB, 42, 10.51 W, 22 MHz, 405 MHz, Not Active, Not Active, Not Active, Not Active, Not Active
2026/09/03 04:33:15.019, 506 MiB, 42, 10.56 W, 22 MHz, 405 MHz, Not Active, Not Active, Not Active, Not Active, Not Active
2026/09/03 04:33:15.219, 506 MiB, 42, 10.56 W, 22 MHz, 405 MHz, Not Active, Not Active, Not Active, Not Active, Not Active
2026/09/03 04:33:15.419, 506 MiB, 42, 10.56 W, 22 MHz, 405 MHz, Not Active, Not Active, Not Active, Not Active, Not Active
2026/09/03 04:33:15.619, 506 MiB, 42, 10.56 W, 22 MHz, 405 MHz, Not Active, Not Active, Not Active, Not Active, Not Active
2026/09/03 04:33:15.820, 506 MiB, 42, 10.56 W, 22 MHz, 405 MHz, Not Active, Not Active, Not Active, Not Active, Not Active
2026/09/03 04:33:16.020, 506 MiB, 42, 10.60 W, 22 MHz, 405 MHz, Not Active, Not Active, Not Active, Not Active, Not Active
2026/09/03 04:33:16.220, 506 MiB, 42, 10.60 W, 22 MHz, 405 MHz, Not Active, Not Active, Not Active, Not Active, Not Active
2026/09/03 04:33:16.420, 506 MiB, 42, 10.60 W, 22 MHz, 405 MHz, Not Active, Not Active, Not Active, Not Active, Not Active
2026/09/03 04:33:16.621, 506 MiB, 42, 10.60 W, 22 MHz, 405 MHz, Not Active, Not Active, Not Active, Not Active, Not Active
2026/09/03 04:33:16.821, 506 MiB, 42, 10.60 W, 22 MHz, 405 MHz, Not Active, Not Active, Not Active, Not Active, Not Active
2026/09/03 04:33:17.021, 506 MiB, 42, 10.37 W, 22 MHz, 405 MHz, Not Active, Not Active, Not Active, Not Active, Not Active
2026/09/03 04:33:17.221, 506 MiB, 42, 10.37 W, 22 MHz, 405 MHz, Not Active, Not Active, Not Active, Not Active, Not Active
2026/09/03 04:33:17.421, 506 MiB, 42, 10.37 W, 22 MHz, 405 MHz, Not Active, Not Active, Not Active, Not Active, Not Active
2026/09/03 04:33:17.622, 506 MiB, 42, 10.37 W, 22 MHz, 405 MHz, Not Active, Not Active, Not Active, Not Active, Not Active
2026/09/03 04:33:17.822, 506 MiB, 42, 10.37 W, 22 MHz, 405 MHz, Not Active, Not Active, Not Active, Not Active, Not Active
2026/09/03 04:33:18.022, 506 MiB, 42, 10.52 W, 22 MHz, 405 MHz, Not Active, Not Active, Not Active, Not Active, Not Active
2026/09/03 04:33:18.222, 506 MiB, 42, 10.52 W, 22 MHz, 405 MHz, Not Active, Not Active, Not Active, Not Active, Not Active
2026/09/03 04:33:18.423, 506 MiB, 42, 10.52 W, 22 MHz, 405 MHz, Not Active, Not Active, Not Active, Not Active, Not Active
2026/09/03 04:33:18.623, 506 MiB, 42, 10.52 W, 22 MHz, 405 MHz, Not Active, Not Active, Not Active, Not Active, Not Active
2026/09/03 04:33:18.823, 506 MiB, 42, 10.52 W, 22 MHz, 405 MHz, Not Active, Not Active, Not Active, Not Active, Not Active
2026/09/03 04:33:19.023, 506 MiB, 42, 10.81 W, 22 MHz, 405 MHz, Not Active, Not Active, Not Active, Not Active, Not Active
2026/09/03 04:33:19.224, 506 MiB, 42, 10.81 W, 22 MHz, 405 MHz, Not Active, Not Active, Not Active, Not Active, Not Active
2026/09/03 04:33:19.424, 506 MiB, 42, 10.81 W, 22 MHz, 405 MHz, Not Active, Not Active, Not Active, Not Active, Not Active
2026/09/03 04:33:19.624, 506 MiB, 42, 10.81 W, 22 MHz, 405 MHz, Not Active, Not Active, Not Active, Not Active, Not Active
2026/09/03 04:33:19.824, 506 MiB, 42, 10.81 W, 22 MHz, 405 MHz, Not Active, Not Active, Not Active, Not Active, Not Active
2026/09/03 04:33:20.025, 506 MiB, 42, 10.79 W, 22 MHz, 405 MHz, Not Active, Not Active, Not Active, Not Active, Not Active
2026/09/03 04:33:20.225, 506 MiB, 42, 10.79 W, 22 MHz, 405 MHz, Not Active, Not Active, Not Active, Not Active, Not Active
2026/09/03 04:33:20.425, 506 MiB, 42, 10.79 W, 22 MHz, 405 MHz, Not Active, Not Active, Not Active, Not Active, Not Active
2026/09/03 04:33:20.625, 506 MiB, 42, 10.79 W, 22 MHz, 405 MHz, Not Active, Not Active, Not Active, Not Active, Not Active
2026/09/03 04:33:20.826, 506 MiB, 42, 10.79 W, 22 MHz, 405 MHz, Not Active, Not Active, Not Active, Not Active, Not Active
2026/09/03 04:33:21.026, 506 MiB, 42, 10.65 W, 22 MHz, 405 MHz, Not Active, Not Active, Not Active, Not Active, Not Active
2026/09/03 04:33:21.226, 506 MiB, 42, 10.65 W, 22 MHz, 405 MHz, Not Active, Not Active, Not Active, Not Active, Not Active
2026/09/03 04:33:21.427, 506 MiB, 42, 10.65 W, 22 MHz, 405 MHz, Not Active, Not Active, Not Active, Not Active, Not Active
2026/09/03 04:33:21.627, 506 MiB, 42, 10.65 W, 22 MHz, 405 MHz, Not Active, Not Active, Not Active, Not Active, Not Active
2026/09/03 04:33:21.827, 506 MiB, 42, 10.65 W, 22 MHz, 405 MHz, Not Active, Not Active, Not Active, Not Active, Not Active
2026/09/03 04:33:22.027, 506 MiB, 42, 10.68 W, 22 MHz, 405 MHz, Not Active, Not Active, Not Active, Not Active, Not Active
2026/09/03 04:33:22.227, 506 MiB, 42, 10.68 W, 22 MHz, 405 MHz, Not Active, Not Active, Not Active, Not Active, Not Active
2026/09/03 04:33:22.428, 506 MiB, 42, 10.68 W, 22 MHz, 405 MHz, Not Active, Not Active, Not Active, Not Active, Not Active
2026/09/03 04:33:22.628, 506 MiB, 42, 10.68 W, 22 MHz, 405 MHz, Not Active, Not Active, Not Active, Not Active, Not Active
2026/09/03 04:33:22.828, 506 MiB, 42, 10.68 W, 22 MHz, 405 MHz, Not Active, Not Active, Not Active, Not Active, Not Active
2026/09/03 04:33:23.028, 506 MiB, 42, 10.70 W, 22 MHz, 405 MHz, Not Active, Not Active, Not Active, Not Active, Not Active
2026/09/03 04:33:23.229, 506 MiB, 42, 10.70 W, 22 MHz, 405 MHz, Not Active, Not Active, Not Active, Not Active, Not Active
2026/09/03 04:33:23.429, 506 MiB, 42, 10.70 W, 22 MHz, 405 MHz, Not Active, Not Active, Not Active, Not Active, Not Active
2026/09/03 04:33:23.629, 508 MiB, 42, 10.70 W, 22 MHz, 405 MHz, Not Active, Not Active, Not Active, Not Active, Not Active
2026/09/03 04:33:23.830, 508 MiB, 42, 10.70 W, 22 MHz, 405 MHz, Not Active, Not Active, Not Active, Not Active, Not Active
2026/09/03 04:33:24.030, 508 MiB, 42, 16.22 W, 2400 MHz, 13801 MHz, Not Active, Not Active, Not Active, Not Active, Not Active
2026/09/03 04:33:24.230, 508 MiB, 42, 16.22 W, 2400 MHz, 13801 MHz, Not Active, Not Active, Not Active, Not Active, Not Active
2026/09/03 04:33:24.430, 508 MiB, 43, 32.70 W, 2400 MHz, 13801 MHz, Not Active, Not Active, Not Active, Not Active, Not Active
2026/09/03 04:33:24.631, 508 MiB, 43, 32.70 W, 2400 MHz, 13801 MHz, Not Active, Not Active, Not Active, Not Active, Not Active
2026/09/03 04:33:24.831, 508 MiB, 43, 32.70 W, 2400 MHz, 13801 MHz, Not Active, Not Active, Not Active, Not Active, Not Active
2026/09/03 04:33:25.031, 508 MiB, 43, 54.63 W, 2400 MHz, 13801 MHz, Not Active, Not Active, Not Active, Not Active, Not Active
2026/09/03 04:33:25.231, 508 MiB, 43, 54.63 W, 2400 MHz, 13801 MHz, Not Active, Not Active, Not Active, Not Active, Not Active
2026/09/03 04:33:25.431, 508 MiB, 43, 54.65 W, 2400 MHz, 13801 MHz, Not Active, Not Active, Not Active, Not Active, Not Active
2026/09/03 04:33:25.632, 508 MiB, 43, 54.65 W, 2400 MHz, 13801 MHz, Not Active, Not Active, Not Active, Not Active, Not Active
2026/09/03 04:33:25.832, 508 MiB, 43, 54.65 W, 2400 MHz, 13801 MHz, Not Active, Not Active, Not Active, Not Active, Not Active
2026/09/03 04:33:26.032, 508 MiB, 43, 54.74 W, 2400 MHz, 13801 MHz, Not Active, Not Active, Not Active, Not Active, Not Active
2026/09/03 04:33:26.232, 508 MiB, 43, 54.74 W, 2400 MHz, 13801 MHz, Not Active, Not Active, Not Active, Not Active, Not Active
2026/09/03 04:33:26.432, 508 MiB, 43, 54.78 W, 2400 MHz, 13801 MHz, Not Active, Not Active, Not Active, Not Active, Not Active
2026/09/03 04:33:26.633, 508 MiB, 43, 54.78 W, 2400 MHz, 13801 MHz, Not Active, Not Active, Not Active, Not Active, Not Active
2026/09/03 04:33:26.833, 508 MiB, 43, 54.78 W, 2400 MHz, 13801 MHz, Not Active, Not Active, Not Active, Not Active, Not Active
2026/09/03 04:33:27.033, 508 MiB, 43, 54.75 W, 2400 MHz, 13801 MHz, Not Active, Not Active, Not Active, Not Active, Not Active
2026/09/03 04:33:27.233, 508 MiB, 43, 54.75 W, 2400 MHz, 13801 MHz, Not Active, Not Active, Not Active, Not Active, Not Active
2026/09/03 04:33:27.433, 508 MiB, 43, 54.80 W, 2400 MHz, 13801 MHz, Not Active, Not Active, Not Active, Not Active, Not Active
2026/09/03 04:33:27.634, 508 MiB, 43, 54.80 W, 2400 MHz, 13801 MHz, Not Active, Not Active, Not Active, Not Active, Not Active
2026/09/03 04:33:27.834, 508 MiB, 43, 54.80 W, 2400 MHz, 13801 MHz, Not Active, Not Active, Not Active, Not Active, Not Active
2026/09/03 04:33:28.034, 508 MiB, 43, 54.88 W, 2400 MHz, 13801 MHz, Not Active, Not Active, Not Active, Not Active, Not Active
2026/09/03 04:33:28.234, 508 MiB, 43, 54.88 W, 2400 MHz, 13801 MHz, Not Active, Not Active, Not Active, Not Active, Not Active
2026/09/03 04:33:28.435, 508 MiB, 43, 54.87 W, 2400 MHz, 13801 MHz, Not Active, Not Active, Not Active, Not Active, Not Active
2026/09/03 04:33:28.635, 508 MiB, 43, 54.87 W, 2400 MHz, 13801 MHz, Not Active, Not Active, Not Active, Not Active, Not Active
2026/09/03 04:33:28.835, 508 MiB, 43, 54.87 W, 2400 MHz, 13801 MHz, Not Active, Not Active, Not Active, Not Active, Not Active
2026/09/03 04:33:29.035, 508 MiB, 43, 54.80 W, 2400 MHz, 13801 MHz, Not Active, Not Active, Not Active, Not Active, Not Active
2026/09/03 04:33:29.236, 508 MiB, 43, 54.80 W, 2400 MHz, 13801 MHz, Not Active, Not Active, Not Active, Not Active, Not Active
2026/09/03 04:33:29.436, 508 MiB, 43, 54.76 W, 2400 MHz, 13801 MHz, Not Active, Not Active, Not Active, Not Active, Not Active
2026/09/03 04:33:29.636, 508 MiB, 43, 54.76 W, 2400 MHz, 13801 MHz, Not Active, Not Active, Not Active, Not Active, Not Active
2026/09/03 04:33:29.836, 508 MiB, 43, 54.76 W, 2400 MHz, 13801 MHz, Not Active, Not Active, Not Active, Not Active, Not Active
2026/09/03 04:33:30.037, 508 MiB, 43, 54.87 W, 2400 MHz, 13801 MHz, Not Active, Not Active, Not Active, Not Active, Not Active
2026/09/03 04:33:30.237, 508 MiB, 43, 54.87 W, 2400 MHz, 13801 MHz, Not Active, Not Active, Not Active, Not Active, Not Active
2026/09/03 04:33:30.437, 508 MiB, 43, 54.90 W, 2400 MHz, 13801 MHz, Not Active, Not Active, Not Active, Not Active, Not Active
2026/09/03 04:33:30.637, 508 MiB, 43, 54.90 W, 2400 MHz, 13801 MHz, Not Active, Not Active, Not Active, Not Active, Not Active
2026/09/03 04:33:30.837, 508 MiB, 43, 54.90 W, 2400 MHz, 13801 MHz, Not Active, Not Active, Not Active, Not Active, Not Active
2026/09/03 04:33:31.038, 508 MiB, 43, 54.76 W, 2400 MHz, 13801 MHz, Not Active, Not Active, Not Active, Not Active, Not Active
2026/09/03 04:33:31.238, 508 MiB, 43, 54.76 W, 2400 MHz, 13801 MHz, Not Active, Not Active, Not Active, Not Active, Not Active
2026/09/03 04:33:31.438, 508 MiB, 43, 54.69 W, 2400 MHz, 13801 MHz, Not Active, Not Active, Not Active, Not Active, Not Active
2026/09/03 04:33:31.638, 508 MiB, 43, 54.69 W, 2400 MHz, 13801 MHz, Not Active, Not Active, Not Active, Not Active, Not Active
2026/09/03 04:33:31.839, 508 MiB, 43, 54.69 W, 2400 MHz, 13801 MHz, Not Active, Not Active, Not Active, Not Active, Not Active
2026/09/03 04:33:32.039, 508 MiB, 43, 54.69 W, 2400 MHz, 13801 MHz, Not Active, Not Active, Not Active, Not Active, Not Active
2026/09/03 04:33:32.239, 508 MiB, 43, 54.69 W, 2400 MHz, 13801 MHz, Not Active, Not Active, Not Active, Not Active, Not Active
2026/09/03 04:33:32.439, 508 MiB, 43, 54.76 W, 2400 MHz, 13801 MHz, Not Active, Not Active, Not Active, Not Active, Not Active
2026/09/03 04:33:32.640, 508 MiB, 43, 54.76 W, 2400 MHz, 13801 MHz, Not Active, Not Active, Not Active, Not Active, Not Active
2026/09/03 04:33:32.840, 508 MiB, 43, 54.76 W, 2400 MHz, 13801 MHz, Not Active, Not Active, Not Active, Not Active, Not Active
2026/09/03 04:33:33.040, 508 MiB, 43, 54.74 W, 2400 MHz, 13801 MHz, Not Active, Not Active, Not Active, Not Active, Not Active
2026/09/03 04:33:33.241, 508 MiB, 43, 54.74 W, 2400 MHz, 13801 MHz, Not Active, Not Active, Not Active, Not Active, Not Active
2026/09/03 04:33:33.441, 508 MiB, 43, 54.74 W, 2400 MHz, 13801 MHz, Not Active, Not Active, Not Active, Not Active, Not Active
2026/09/03 04:33:33.641, 508 MiB, 43, 54.74 W, 2400 MHz, 13801 MHz, Not Active, Not Active, Not Active, Not Active, Not Active
2026/09/03 04:33:33.841, 508 MiB, 43, 54.74 W, 2400 MHz, 13801 MHz, Not Active, Not Active, Not Active, Not Active, Not Active
2026/09/03 04:33:34.041, 508 MiB, 43, 54.81 W, 2400 MHz, 13801 MHz, Not Active, Not Active, Not Active, Not Active, Not Active
2026/09/03 04:33:34.242, 508 MiB, 43, 54.81 W, 2400 MHz, 13801 MHz, Not Active, Not Active, Not Active, Not Active, Not Active
2026/09/03 04:33:34.442, 508 MiB, 43, 54.75 W, 2400 MHz, 13801 MHz, Not Active, Not Active, Not Active, Not Active, Not Active
2026/09/03 04:33:34.642, 508 MiB, 43, 54.75 W, 2400 MHz, 13801 MHz, Not Active, Not Active, Not Active, Not Active, Not Active
2026/09/03 04:33:34.842, 508 MiB, 43, 54.75 W, 2400 MHz, 13801 MHz, Not Active, Not Active, Not Active, Not Active, Not Active
2026/09/03 04:33:35.043, 508 MiB, 43, 54.72 W, 2400 MHz, 13801 MHz, Not Active, Not Active, Not Active, Not Active, Not Active
2026/09/03 04:33:35.243, 508 MiB, 43, 54.72 W, 2400 MHz, 13801 MHz, Not Active, Not Active, Not Active, Not Active, Not Active
2026/09/03 04:33:35.443, 508 MiB, 43, 54.71 W, 2400 MHz, 13801 MHz, Not Active, Not Active, Not Active, Not Active, Not Active
2026/09/03 04:33:35.643, 508 MiB, 43, 54.71 W, 2400 MHz, 13801 MHz, Not Active, Not Active, Not Active, Not Active, Not Active
2026/09/03 04:33:35.843, 508 MiB, 43, 54.71 W, 2400 MHz, 13801 MHz, Not Active, Not Active, Not Active, Not Active, Not Active
2026/09/03 04:33:36.044, 508 MiB, 43, 54.82 W, 2400 MHz, 13801 MHz, Not Active, Not Active, Not Active, Not Active, Not Active
2026/09/03 04:33:36.244, 508 MiB, 43, 54.82 W, 2400 MHz, 13801 MHz, Not Active, Not Active, Not Active, Not Active, Not Active
2026/09/03 04:33:36.444, 508 MiB, 43, 54.83 W, 2400 MHz, 13801 MHz, Not Active, Not Active, Not Active, Not Active, Not Active
2026/09/03 04:33:36.644, 508 MiB, 43, 54.83 W, 2400 MHz, 13801 MHz, Not Active, Not Active, Not Active, Not Active, Not Active
2026/09/03 04:33:36.844, 508 MiB, 43, 54.83 W, 2400 MHz, 13801 MHz, Not Active, Not Active, Not Active, Not Active, Not Active
2026/09/03 04:33:37.044, 508 MiB, 43, 54.67 W, 2400 MHz, 13801 MHz, Not Active, Not Active, Not Active, Not Active, Not Active
2026/09/03 04:33:37.245, 508 MiB, 43, 54.67 W, 2400 MHz, 13801 MHz, Not Active, Not Active, Not Active, Not Active, Not Active
2026/09/03 04:33:37.445, 508 MiB, 44, 54.73 W, 2400 MHz, 13801 MHz, Not Active, Not Active, Not Active, Not Active, Not Active
2026/09/03 04:33:37.645, 508 MiB, 44, 54.73 W, 2400 MHz, 13801 MHz, Not Active, Not Active, Not Active, Not Active, Not Active
2026/09/03 04:33:37.845, 508 MiB, 44, 54.73 W, 2400 MHz, 13801 MHz, Not Active, Not Active, Not Active, Not Active, Not Active
2026/09/03 04:33:38.046, 508 MiB, 44, 54.78 W, 2400 MHz, 13801 MHz, Not Active, Not Active, Not Active, Not Active, Not Active
2026/09/03 04:33:38.246, 508 MiB, 44, 54.78 W, 2400 MHz, 13801 MHz, Not Active, Not Active, Not Active, Not Active, Not Active
2026/09/03 04:33:38.446, 508 MiB, 44, 54.73 W, 2400 MHz, 13801 MHz, Not Active, Not Active, Not Active, Not Active, Not Active
2026/09/03 04:33:38.646, 508 MiB, 44, 54.73 W, 2400 MHz, 13801 MHz, Not Active, Not Active, Not Active, Not Active, Not Active
2026/09/03 04:33:38.846, 508 MiB, 44, 54.73 W, 2400 MHz, 13801 MHz, Not Active, Not Active, Not Active, Not Active, Not Active
2026/09/03 04:33:39.047, 508 MiB, 44, 54.89 W, 2400 MHz, 13801 MHz, Not Active, Not Active, Not Active, Not Active, Not Active
2026/09/03 04:33:39.247, 508 MiB, 44, 54.89 W, 2400 MHz, 13801 MHz, Not Active, Not Active, Not Active, Not Active, Not Active
2026/09/03 04:33:39.447, 508 MiB, 44, 55.01 W, 2400 MHz, 13801 MHz, Not Active, Not Active, Not Active, Not Active, Not Active
2026/09/03 04:33:39.647, 508 MiB, 44, 55.01 W, 2400 MHz, 13801 MHz, Not Active, Not Active, Not Active, Not Active, Not Active
2026/09/03 04:33:39.848, 508 MiB, 44, 55.01 W, 2400 MHz, 13801 MHz, Not Active, Not Active, Not Active, Not Active, Not Active
2026/09/03 04:33:40.048, 508 MiB, 44, 55.05 W, 2400 MHz, 13801 MHz, Not Active, Not Active, Not Active, Not Active, Not Active
2026/09/03 04:33:40.248, 508 MiB, 44, 55.05 W, 2400 MHz, 13801 MHz, Not Active, Not Active, Not Active, Not Active, Not Active
2026/09/03 04:33:40.448, 508 MiB, 44, 55.06 W, 2400 MHz, 13801 MHz, Not Active, Not Active, Not Active, Not Active, Not Active
2026/09/03 04:33:40.648, 508 MiB, 44, 55.06 W, 2400 MHz, 13801 MHz, Not Active, Not Active, Not Active, Not Active, Not Active
2026/09/03 04:33:40.849, 508 MiB, 44, 55.06 W, 2400 MHz, 13801 MHz, Not Active, Not Active, Not Active, Not Active, Not Active
2026/09/03 04:33:41.049, 508 MiB, 44, 55.08 W, 2400 MHz, 13801 MHz, Not Active, Not Active, Not Active, Not Active, Not Active
2026/09/03 04:33:41.249, 508 MiB, 44, 55.08 W, 2400 MHz, 13801 MHz, Not Active, Not Active, Not Active, Not Active, Not Active
2026/09/03 04:33:41.449, 508 MiB, 43, 39.34 W, 52 MHz, 810 MHz, Not Active, Not Active, Not Active, Not Active, Not Active
2026/09/03 04:33:41.649, 508 MiB, 43, 39.34 W, 52 MHz, 810 MHz, Not Active, Not Active, Not Active, Not Active, Not Active
2026/09/03 04:33:41.849, 508 MiB, 43, 39.34 W, 52 MHz, 810 MHz, Not Active, Not Active, Not Active, Not Active, Not Active
2026/09/03 04:33:42.050, 508 MiB, 43, 19.62 W, 40 MHz, 810 MHz, Not Active, Not Active, Not Active, Not Active, Not Active
2026/09/03 04:33:42.250, 508 MiB, 43, 19.62 W, 40 MHz, 810 MHz, Not Active, Not Active, Not Active, Not Active, Not Active
2026/09/03 04:33:42.450, 508 MiB, 43, 19.62 W, 40 MHz, 810 MHz, Not Active, Not Active, Not Active, Not Active, Not Active
2026/09/03 04:33:42.650, 508 MiB, 43, 19.62 W, 40 MHz, 810 MHz, Not Active, Not Active, Not Active, Not Active, Not Active
2026/09/03 04:33:42.850, 508 MiB, 43, 19.62 W, 40 MHz, 810 MHz, Not Active, Not Active, Not Active, Not Active, Not Active
2026/09/03 04:33:43.050, 508 MiB, 43, 12.00 W, 23 MHz, 405 MHz, Not Active, Not Active, Not Active, Not Active, Not Active
2026/09/03 04:33:43.251, 508 MiB, 43, 12.00 W, 23 MHz, 405 MHz, Not Active, Not Active, Not Active, Not Active, Not Active
2026/09/03 04:33:43.451, 508 MiB, 43, 12.00 W, 23 MHz, 405 MHz, Not Active, Not Active, Not Active, Not Active, Not Active
2026/09/03 04:33:43.651, 508 MiB, 43, 12.00 W, 23 MHz, 405 MHz, Not Active, Not Active, Not Active, Not Active, Not Active
2026/09/03 04:33:43.851, 508 MiB, 43, 12.00 W, 23 MHz, 405 MHz, Not Active, Not Active, Not Active, Not Active, Not Active
2026/09/03 04:33:44.052, 508 MiB, 43, 10.86 W, 22 MHz, 405 MHz, Not Active, Not Active, Not Active, Not Active, Not Active
2026/09/03 04:33:44.252, 508 MiB, 43, 10.86 W, 22 MHz, 405 MHz, Not Active, Not Active, Not Active, Not Active, Not Active
2026/09/03 04:33:44.452, 508 MiB, 43, 10.86 W, 22 MHz, 405 MHz, Not Active, Not Active, Not Active, Not Active, Not Active
2026/09/03 04:33:44.652, 508 MiB, 43, 10.86 W, 22 MHz, 405 MHz, Not Active, Not Active, Not Active, Not Active, Not Active
2026/09/03 04:33:44.852, 508 MiB, 43, 10.86 W, 22 MHz, 405 MHz, Not Active, Not Active, Not Active, Not Active, Not Active
2026/09/03 04:33:45.053, 508 MiB, 43, 10.77 W, 22 MHz, 405 MHz, Not Active, Not Active, Not Active, Not Active, Not Active
2026/09/03 04:33:45.253, 508 MiB, 43, 10.77 W, 22 MHz, 405 MHz, Not Active, Not Active, Not Active, Not Active, Not Active
2026/09/03 04:33:45.453, 508 MiB, 43, 10.77 W, 22 MHz, 405 MHz, Not Active, Not Active, Not Active, Not Active, Not Active
2026/09/03 04:33:45.653, 508 MiB, 43, 10.77 W, 22 MHz, 405 MHz, Not Active, Not Active, Not Active, Not Active, Not Active
2026/09/03 04:33:45.854, 508 MiB, 43, 10.77 W, 22 MHz, 405 MHz, Not Active, Not Active, Not Active, Not Active, Not Active
2026/09/03 04:33:46.054, 508 MiB, 43, 10.84 W, 22 MHz, 405 MHz, Not Active, Not Active, Not Active, Not Active, Not Active
2026/09/03 04:33:46.254, 508 MiB, 43, 10.84 W, 22 MHz, 405 MHz, Not Active, Not Active, Not Active, Not Active, Not Active
2026/09/03 04:33:46.454, 508 MiB, 43, 10.84 W, 22 MHz, 405 MHz, Not Active, Not Active, Not Active, Not Active, Not Active
2026/09/03 04:33:46.655, 508 MiB, 43, 10.84 W, 22 MHz, 405 MHz, Not Active, Not Active, Not Active, Not Active, Not Active
2026/09/03 04:33:46.855, 508 MiB, 43, 10.84 W, 22 MHz, 405 MHz, Not Active, Not Active, Not Active, Not Active, Not Active
2026/09/03 04:33:47.055, 508 MiB, 43, 10.96 W, 22 MHz, 405 MHz, Not Active, Not Active, Not Active, Not Active, Not Active
2026/09/03 04:33:47.255, 508 MiB, 43, 10.96 W, 22 MHz, 405 MHz, Not Active, Not Active, Not Active, Not Active, Not Active
2026/09/03 04:33:47.455, 508 MiB, 43, 10.96 W, 22 MHz, 405 MHz, Not Active, Not Active, Not Active, Not Active, Not Active
2026/09/03 04:33:47.656, 508 MiB, 43, 10.96 W, 22 MHz, 405 MHz, Not Active, Not Active, Not Active, Not Active, Not Active
2026/09/03 04:33:47.856, 508 MiB, 43, 10.96 W, 22 MHz, 405 MHz, Not Active, Not Active, Not Active, Not Active, Not Active
2026/09/03 04:33:48.056, 508 MiB, 43, 11.04 W, 22 MHz, 405 MHz, Not Active, Not Active, Not Active, Not Active, Not Active
2026/09/03 04:33:48.256, 508 MiB, 43, 11.04 W, 22 MHz, 405 MHz, Not Active, Not Active, Not Active, Not Active, Not Active
2026/09/03 04:33:48.456, 508 MiB, 43, 11.04 W, 22 MHz, 405 MHz, Not Active, Not Active, Not Active, Not Active, Not Active
2026/09/03 04:33:48.656, 508 MiB, 43, 11.04 W, 22 MHz, 405 MHz, Not Active, Not Active, Not Active, Not Active, Not Active
2026/09/03 04:33:48.857, 508 MiB, 43, 11.04 W, 22 MHz, 405 MHz, Not Active, Not Active, Not Active, Not Active, Not Active
2026/09/03 04:33:49.057, 508 MiB, 43, 11.11 W, 22 MHz, 405 MHz, Not Active, Not Active, Not Active, Not Active, Not Active
2026/09/03 04:33:49.257, 508 MiB, 43, 11.11 W, 22 MHz, 405 MHz, Not Active, Not Active, Not Active, Not Active, Not Active
2026/09/03 04:33:49.458, 508 MiB, 43, 11.11 W, 22 MHz, 405 MHz, Not Active, Not Active, Not Active, Not Active, Not Active
2026/09/03 04:33:49.658, 508 MiB, 43, 11.11 W, 22 MHz, 405 MHz, Not Active, Not Active, Not Active, Not Active, Not Active
2026/09/03 04:33:49.858, 508 MiB, 43, 11.11 W, 22 MHz, 405 MHz, Not Active, Not Active, Not Active, Not Active, Not Active
2026/09/03 04:33:50.058, 508 MiB, 43, 11.06 W, 22 MHz, 405 MHz, Not Active, Not Active, Not Active, Not Active, Not Active
2026/09/03 04:33:50.258, 508 MiB, 43, 11.06 W, 22 MHz, 405 MHz, Not Active, Not Active, Not Active, Not Active, Not Active
2026/09/03 04:33:50.459, 508 MiB, 43, 11.06 W, 22 MHz, 405 MHz, Not Active, Not Active, Not Active, Not Active, Not Active
2026/09/03 04:33:50.659, 508 MiB, 43, 11.06 W, 22 MHz, 405 MHz, Not Active, Not Active, Not Active, Not Active, Not Active
2026/09/03 04:33:50.859, 508 MiB, 43, 11.06 W, 22 MHz, 405 MHz, Not Active, Not Active, Not Active, Not Active, Not Active
2026/09/03 04:33:51.059, 508 MiB, 43, 10.99 W, 22 MHz, 405 MHz, Not Active, Not Active, Not Active, Not Active, Not Active
2026/09/03 04:33:51.259, 508 MiB, 43, 10.99 W, 22 MHz, 405 MHz, Not Active, Not Active, Not Active, Not Active, Not Active
2026/09/03 04:33:51.460, 508 MiB, 43, 10.99 W, 22 MHz, 405 MHz, Not Active, Not Active, Not Active, Not Active, Not Active
2026/09/03 04:33:51.660, 508 MiB, 43, 10.99 W, 22 MHz, 405 MHz, Not Active, Not Active, Not Active, Not Active, Not Active
2026/09/03 04:33:51.860, 508 MiB, 43, 10.99 W, 22 MHz, 405 MHz, Not Active, Not Active, Not Active, Not Active, Not Active
2026/09/03 04:33:52.060, 508 MiB, 43, 10.80 W, 22 MHz, 405 MHz, Not Active, Not Active, Not Active, Not Active, Not Active
2026/09/03 04:33:52.261, 508 MiB, 43, 10.80 W, 22 MHz, 405 MHz, Not Active, Not Active, Not Active, Not Active, Not Active
2026/09/03 04:33:52.461, 508 MiB, 43, 10.80 W, 22 MHz, 405 MHz, Not Active, Not Active, Not Active, Not Active, Not Active
2026/09/03 04:33:52.661, 508 MiB, 43, 10.80 W, 22 MHz, 405 MHz, Not Active, Not Active, Not Active, Not Active, Not Active
2026/09/03 04:33:52.861, 508 MiB, 43, 10.80 W, 22 MHz, 405 MHz, Not Active, Not Active, Not Active, Not Active, Not Active
2026/09/03 04:33:53.061, 508 MiB, 43, 10.73 W, 22 MHz, 405 MHz, Not Active, Not Active, Not Active, Not Active, Not Active
2026/09/03 04:33:53.262, 578 MiB, 43, 10.73 W, 22 MHz, 405 MHz, Not Active, Not Active, Not Active, Not Active, Not Active
2026/09/03 04:33:53.462, 578 MiB, 43, 18.97 W, 2400 MHz, 13801 MHz, Not Active, Not Active, Not Active, Not Active, Not Active
2026/09/03 04:33:53.662, 578 MiB, 43, 18.97 W, 2400 MHz, 13801 MHz, Not Active, Not Active, Not Active, Not Active, Not Active
2026/09/03 04:33:53.862, 578 MiB, 43, 18.97 W, 2400 MHz, 13801 MHz, Not Active, Not Active, Not Active, Not Active, Not Active
2026/09/03 04:33:54.062, 7556 MiB, 44, 27.93 W, 2422 MHz, 13801 MHz, Not Active, Not Active, Not Active, Not Active, Not Active
2026/09/03 04:33:54.263, 7686 MiB, 44, 27.93 W, 2422 MHz, 13801 MHz, Not Active, Not Active, Not Active, Not Active, Not Active
2026/09/03 04:33:54.463, 7686 MiB, 46, 76.72 W, 2887 MHz, 13801 MHz, Not Active, Not Active, Not Active, Not Active, Not Active
2026/09/03 04:33:54.663, 7686 MiB, 46, 76.72 W, 2887 MHz, 13801 MHz, Not Active, Not Active, Not Active, Not Active, Not Active
2026/09/03 04:33:54.863, 9222 MiB, 46, 76.72 W, 2887 MHz, 13801 MHz, Not Active, Not Active, Not Active, Not Active, Not Active
2026/09/03 04:33:55.064, 9222 MiB, 47, 121.46 W, 2887 MHz, 13801 MHz, Not Active, Not Active, Not Active, Not Active, Not Active
2026/09/03 04:33:55.264, 9292 MiB, 47, 121.46 W, 2887 MHz, 13801 MHz, Not Active, Not Active, Not Active, Not Active, Not Active
2026/09/03 04:33:55.464, 9294 MiB, 49, 191.41 W, 2820 MHz, 13801 MHz, Not Active, Not Active, Not Active, Not Active, Not Active
2026/09/03 04:33:55.664, 9294 MiB, 49, 191.41 W, 2820 MHz, 13801 MHz, Not Active, Not Active, Not Active, Not Active, Not Active
2026/09/03 04:33:55.864, 9294 MiB, 49, 191.41 W, 2820 MHz, 13801 MHz, Not Active, Not Active, Not Active, Not Active, Not Active
2026/09/03 04:33:56.065, 9294 MiB, 48, 238.06 W, 2842 MHz, 13801 MHz, Not Active, Not Active, Not Active, Not Active, Not Active
2026/09/03 04:33:56.265, 9294 MiB, 48, 238.06 W, 2842 MHz, 13801 MHz, Not Active, Not Active, Not Active, Not Active, Not Active
2026/09/03 04:33:56.465, 9294 MiB, 49, 247.69 W, 2842 MHz, 13801 MHz, Not Active, Not Active, Not Active, Not Active, Not Active
2026/09/03 04:33:56.665, 9294 MiB, 49, 247.69 W, 2842 MHz, 13801 MHz, Not Active, Not Active, Not Active, Not Active, Not Active
2026/09/03 04:33:56.865, 9294 MiB, 49, 247.69 W, 2842 MHz, 13801 MHz, Not Active, Not Active, Not Active, Not Active, Not Active
2026/09/03 04:33:57.066, 9294 MiB, 49, 242.46 W, 2842 MHz, 13801 MHz, Not Active, Not Active, Not Active, Not Active, Not Active
2026/09/03 04:33:57.266, 9294 MiB, 49, 242.46 W, 2842 MHz, 13801 MHz, Not Active, Not Active, Not Active, Not Active, Not Active
2026/09/03 04:33:57.466, 9294 MiB, 47, 226.16 W, 2887 MHz, 13801 MHz, Not Active, Not Active, Not Active, Not Active, Not Active
2026/09/03 04:33:57.666, 9294 MiB, 47, 226.16 W, 2887 MHz, 13801 MHz, Not Active, Not Active, Not Active, Not Active, Not Active
2026/09/03 04:33:57.866, 9294 MiB, 47, 226.16 W, 2887 MHz, 13801 MHz, Not Active, Not Active, Not Active, Not Active, Not Active
2026/09/03 04:33:58.067, 9294 MiB, 49, 181.02 W, 2887 MHz, 13801 MHz, Not Active, Not Active, Not Active, Not Active, Not Active
2026/09/03 04:33:58.267, 9294 MiB, 49, 181.02 W, 2887 MHz, 13801 MHz, Not Active, Not Active, Not Active, Not Active, Not Active
2026/09/03 04:33:58.467, 9294 MiB, 49, 174.77 W, 2857 MHz, 13801 MHz, Not Active, Not Active, Not Active, Not Active, Not Active
2026/09/03 04:33:58.667, 9294 MiB, 49, 174.77 W, 2857 MHz, 13801 MHz, Not Active, Not Active, Not Active, Not Active, Not Active
2026/09/03 04:33:58.868, 9294 MiB, 49, 174.77 W, 2857 MHz, 13801 MHz, Not Active, Not Active, Not Active, Not Active, Not Active
2026/09/03 04:33:59.068, 9294 MiB, 50, 216.35 W, 2857 MHz, 13801 MHz, Not Active, Not Active, Not Active, Not Active, Not Active
2026/09/03 04:33:59.268, 9294 MiB, 50, 216.35 W, 2857 MHz, 13801 MHz, Not Active, Not Active, Not Active, Not Active, Not Active
2026/09/03 04:33:59.468, 9294 MiB, 51, 216.00 W, 2857 MHz, 13801 MHz, Not Active, Not Active, Not Active, Not Active, Not Active
2026/09/03 04:33:59.669, 9294 MiB, 51, 216.00 W, 2857 MHz, 13801 MHz, Not Active, Not Active, Not Active, Not Active, Not Active
2026/09/03 04:33:59.869, 9294 MiB, 51, 216.00 W, 2857 MHz, 13801 MHz, Not Active, Not Active, Not Active, Not Active, Not Active
2026/09/03 04:34:00.069, 9294 MiB, 48, 203.39 W, 2880 MHz, 13801 MHz, Not Active, Not Active, Not Active, Not Active, Not Active
2026/09/03 04:34:00.269, 9294 MiB, 48, 203.39 W, 2880 MHz, 13801 MHz, Not Active, Not Active, Not Active, Not Active, Not Active
2026/09/03 04:34:00.470, 9294 MiB, 49, 163.29 W, 2887 MHz, 13801 MHz, Not Active, Not Active, Not Active, Not Active, Not Active
2026/09/03 04:34:00.670, 9294 MiB, 49, 163.29 W, 2887 MHz, 13801 MHz, Not Active, Not Active, Not Active, Not Active, Not Active
2026/09/03 04:34:00.870, 9294 MiB, 49, 163.29 W, 2887 MHz, 13801 MHz, Not Active, Not Active, Not Active, Not Active, Not Active
2026/09/03 04:34:01.070, 9294 MiB, 49, 176.73 W, 2865 MHz, 13801 MHz, Not Active, Not Active, Not Active, Not Active, Not Active
2026/09/03 04:34:01.270, 9294 MiB, 49, 176.73 W, 2865 MHz, 13801 MHz, Not Active, Not Active, Not Active, Not Active, Not Active
2026/09/03 04:34:01.471, 9294 MiB, 50, 210.49 W, 2880 MHz, 13801 MHz, Not Active, Not Active, Not Active, Not Active, Not Active
2026/09/03 04:34:01.671, 9294 MiB, 50, 210.49 W, 2880 MHz, 13801 MHz, Not Active, Not Active, Not Active, Not Active, Not Active
2026/09/03 04:34:01.871, 9294 MiB, 50, 210.49 W, 2880 MHz, 13801 MHz, Not Active, Not Active, Not Active, Not Active, Not Active
2026/09/03 04:34:02.071, 9294 MiB, 50, 220.49 W, 2880 MHz, 13801 MHz, Not Active, Not Active, Not Active, Not Active, Not Active
2026/09/03 04:34:02.272, 9294 MiB, 50, 220.49 W, 2880 MHz, 13801 MHz, Not Active, Not Active, Not Active, Not Active, Not Active
2026/09/03 04:34:02.472, 9294 MiB, 50, 220.71 W, 2880 MHz, 13801 MHz, Not Active, Not Active, Not Active, Not Active, Not Active
2026/09/03 04:34:02.672, 9294 MiB, 50, 220.71 W, 2880 MHz, 13801 MHz, Not Active, Not Active, Not Active, Not Active, Not Active
2026/09/03 04:34:02.872, 9294 MiB, 50, 220.71 W, 2880 MHz, 13801 MHz, Not Active, Not Active, Not Active, Not Active, Not Active
2026/09/03 04:34:03.072, 9294 MiB, 49, 186.41 W, 2887 MHz, 13801 MHz, Not Active, Not Active, Not Active, Not Active, Not Active
2026/09/03 04:34:03.273, 9294 MiB, 49, 186.41 W, 2887 MHz, 13801 MHz, Not Active, Not Active, Not Active, Not Active, Not Active
2026/09/03 04:34:03.473, 9294 MiB, 48, 162.45 W, 2887 MHz, 13801 MHz, Not Active, Not Active, Not Active, Not Active, Not Active
2026/09/03 04:34:03.673, 9294 MiB, 48, 162.45 W, 2887 MHz, 13801 MHz, Not Active, Not Active, Not Active, Not Active, Not Active
2026/09/03 04:34:03.873, 9294 MiB, 48, 162.45 W, 2887 MHz, 13801 MHz, Not Active, Not Active, Not Active, Not Active, Not Active
2026/09/03 04:34:04.073, 9294 MiB, 51, 203.85 W, 2850 MHz, 13801 MHz, Not Active, Not Active, Not Active, Not Active, Not Active
2026/09/03 04:34:04.274, 9294 MiB, 51, 203.85 W, 2850 MHz, 13801 MHz, Not Active, Not Active, Not Active, Not Active, Not Active
2026/09/03 04:34:04.474, 9294 MiB, 50, 225.32 W, 2850 MHz, 13801 MHz, Not Active, Not Active, Not Active, Not Active, Not Active
2026/09/03 04:34:04.674, 9294 MiB, 50, 225.32 W, 2850 MHz, 13801 MHz, Not Active, Not Active, Not Active, Not Active, Not Active
2026/09/03 04:34:04.875, 9294 MiB, 50, 225.32 W, 2850 MHz, 13801 MHz, Not Active, Not Active, Not Active, Not Active, Not Active
2026/09/03 04:34:05.075, 9294 MiB, 51, 227.60 W, 2850 MHz, 13801 MHz, Not Active, Not Active, Not Active, Not Active, Not Active
2026/09/03 04:34:05.275, 9294 MiB, 51, 227.60 W, 2850 MHz, 13801 MHz, Not Active, Not Active, Not Active, Not Active, Not Active
2026/09/03 04:34:05.475, 9294 MiB, 49, 212.27 W, 2895 MHz, 13801 MHz, Not Active, Not Active, Not Active, Not Active, Not Active
2026/09/03 04:34:05.675, 9294 MiB, 49, 212.27 W, 2895 MHz, 13801 MHz, Not Active, Not Active, Not Active, Not Active, Not Active
2026/09/03 04:34:05.876, 9294 MiB, 49, 212.27 W, 2895 MHz, 13801 MHz, Not Active, Not Active, Not Active, Not Active, Not Active
2026/09/03 04:34:06.076, 9294 MiB, 50, 171.36 W, 2887 MHz, 13801 MHz, Not Active, Not Active, Not Active, Not Active, Not Active
2026/09/03 04:34:06.276, 9294 MiB, 50, 171.36 W, 2887 MHz, 13801 MHz, Not Active, Not Active, Not Active, Not Active, Not Active
2026/09/03 04:34:06.476, 9296 MiB, 51, 166.46 W, 2880 MHz, 13801 MHz, Not Active, Not Active, Not Active, Not Active, Not Active
2026/09/03 04:34:06.677, 9296 MiB, 51, 166.46 W, 2880 MHz, 13801 MHz, Not Active, Not Active, Not Active, Not Active, Not Active
2026/09/03 04:34:06.877, 9296 MiB, 51, 166.46 W, 2880 MHz, 13801 MHz, Not Active, Not Active, Not Active, Not Active, Not Active
2026/09/03 04:34:07.077, 9296 MiB, 51, 207.32 W, 2872 MHz, 13801 MHz, Not Active, Not Active, Not Active, Not Active, Not Active
2026/09/03 04:34:07.277, 9296 MiB, 51, 207.32 W, 2872 MHz, 13801 MHz, Not Active, Not Active, Not Active, Not Active, Not Active
2026/09/03 04:34:07.477, 9296 MiB, 51, 224.51 W, 2872 MHz, 13801 MHz, Not Active, Not Active, Not Active, Not Active, Not Active
2026/09/03 04:34:07.678, 9296 MiB, 51, 224.51 W, 2872 MHz, 13801 MHz, Not Active, Not Active, Not Active, Not Active, Not Active
2026/09/03 04:34:07.878, 9296 MiB, 51, 224.51 W, 2872 MHz, 13801 MHz, Not Active, Not Active, Not Active, Not Active, Not Active
2026/09/03 04:34:08.078, 9296 MiB, 54, 225.10 W, 2872 MHz, 13801 MHz, Not Active, Not Active, Not Active, Not Active, Not Active
2026/09/03 04:34:08.278, 9296 MiB, 54, 225.10 W, 2872 MHz, 13801 MHz, Not Active, Not Active, Not Active, Not Active, Not Active
2026/09/03 04:34:08.479, 9296 MiB, 49, 198.50 W, 2887 MHz, 13801 MHz, Not Active, Not Active, Not Active, Not Active, Not Active
2026/09/03 04:34:08.679, 9296 MiB, 49, 198.50 W, 2887 MHz, 13801 MHz, Not Active, Not Active, Not Active, Not Active, Not Active
2026/09/03 04:34:08.879, 9296 MiB, 49, 198.50 W, 2887 MHz, 13801 MHz, Not Active, Not Active, Not Active, Not Active, Not Active
2026/09/03 04:34:09.080, 9298 MiB, 50, 158.86 W, 2887 MHz, 13801 MHz, Not Active, Not Active, Not Active, Not Active, Not Active
2026/09/03 04:34:09.280, 9300 MiB, 50, 158.86 W, 2887 MHz, 13801 MHz, Not Active, Not Active, Not Active, Not Active, Not Active
2026/09/03 04:34:09.480, 9300 MiB, 50, 173.61 W, 2857 MHz, 13801 MHz, Not Active, Not Active, Not Active, Not Active, Not Active
2026/09/03 04:34:09.681, 9300 MiB, 50, 173.61 W, 2857 MHz, 13801 MHz, Not Active, Not Active, Not Active, Not Active, Not Active
2026/09/03 04:34:09.881, 9300 MiB, 50, 173.61 W, 2857 MHz, 13801 MHz, Not Active, Not Active, Not Active, Not Active, Not Active
2026/09/03 04:34:10.081, 9300 MiB, 52, 209.23 W, 2857 MHz, 13801 MHz, Not Active, Not Active, Not Active, Not Active, Not Active
2026/09/03 04:34:10.281, 9300 MiB, 52, 209.23 W, 2857 MHz, 13801 MHz, Not Active, Not Active, Not Active, Not Active, Not Active
2026/09/03 04:34:10.481, 9300 MiB, 53, 217.87 W, 2857 MHz, 13801 MHz, Not Active, Not Active, Not Active, Not Active, Not Active
2026/09/03 04:34:10.682, 9300 MiB, 53, 217.87 W, 2857 MHz, 13801 MHz, Not Active, Not Active, Not Active, Not Active, Not Active
2026/09/03 04:34:10.882, 9300 MiB, 53, 217.87 W, 2857 MHz, 13801 MHz, Not Active, Not Active, Not Active, Not Active, Not Active
2026/09/03 04:34:11.082, 9300 MiB, 49, 211.90 W, 2857 MHz, 13801 MHz, Not Active, Not Active, Not Active, Not Active, Not Active
2026/09/03 04:34:11.282, 9300 MiB, 49, 211.90 W, 2857 MHz, 13801 MHz, Not Active, Not Active, Not Active, Not Active, Not Active
2026/09/03 04:34:11.482, 9300 MiB, 49, 173.47 W, 2887 MHz, 13801 MHz, Not Active, Not Active, Not Active, Not Active, Not Active
2026/09/03 04:34:11.683, 9300 MiB, 49, 173.47 W, 2887 MHz, 13801 MHz, Not Active, Not Active, Not Active, Not Active, Not Active
2026/09/03 04:34:11.883, 9300 MiB, 49, 173.47 W, 2887 MHz, 13801 MHz, Not Active, Not Active, Not Active, Not Active, Not Active
2026/09/03 04:34:12.083, 9300 MiB, 54, 144.79 W, 2857 MHz, 13801 MHz, Active, Not Active, Not Active, Not Active, Not Active
2026/09/03 04:34:12.283, 9300 MiB, 54, 144.79 W, 2857 MHz, 13801 MHz, Active, Not Active, Not Active, Not Active, Not Active
2026/09/03 04:34:12.483, 9300 MiB, 53, 195.65 W, 2872 MHz, 13801 MHz, Not Active, Not Active, Not Active, Not Active, Not Active
2026/09/03 04:34:12.684, 9300 MiB, 53, 195.65 W, 2872 MHz, 13801 MHz, Not Active, Not Active, Not Active, Not Active, Not Active
2026/09/03 04:34:12.884, 9300 MiB, 53, 195.65 W, 2872 MHz, 13801 MHz, Not Active, Not Active, Not Active, Not Active, Not Active
2026/09/03 04:34:13.084, 9300 MiB, 51, 231.04 W, 2880 MHz, 13801 MHz, Not Active, Not Active, Not Active, Not Active, Not Active
2026/09/03 04:34:13.284, 9300 MiB, 51, 231.04 W, 2880 MHz, 13801 MHz, Not Active, Not Active, Not Active, Not Active, Not Active
2026/09/03 04:34:13.485, 9300 MiB, 50, 224.43 W, 2872 MHz, 13801 MHz, Not Active, Not Active, Not Active, Not Active, Not Active
2026/09/03 04:34:13.685, 9300 MiB, 50, 224.43 W, 2872 MHz, 13801 MHz, Not Active, Not Active, Not Active, Not Active, Not Active
2026/09/03 04:34:13.885, 9300 MiB, 50, 224.43 W, 2872 MHz, 13801 MHz, Not Active, Not Active, Not Active, Not Active, Not Active
2026/09/03 04:34:14.085, 9300 MiB, 49, 202.76 W, 2902 MHz, 13801 MHz, Not Active, Not Active, Not Active, Not Active, Not Active
2026/09/03 04:34:14.285, 9300 MiB, 49, 202.76 W, 2902 MHz, 13801 MHz, Not Active, Not Active, Not Active, Not Active, Not Active
2026/09/03 04:34:14.486, 9300 MiB, 49, 157.69 W, 2887 MHz, 13801 MHz, Not Active, Not Active, Not Active, Not Active, Not Active
2026/09/03 04:34:14.686, 9300 MiB, 49, 157.69 W, 2887 MHz, 13801 MHz, Not Active, Not Active, Not Active, Not Active, Not Active
2026/09/03 04:34:14.886, 9300 MiB, 49, 157.69 W, 2887 MHz, 13801 MHz, Not Active, Not Active, Not Active, Not Active, Not Active
2026/09/03 04:34:15.086, 9300 MiB, 51, 160.10 W, 2850 MHz, 13801 MHz, Not Active, Not Active, Not Active, Not Active, Not Active
2026/09/03 04:34:15.287, 9300 MiB, 51, 160.10 W, 2850 MHz, 13801 MHz, Not Active, Not Active, Not Active, Not Active, Not Active
2026/09/03 04:34:15.487, 9300 MiB, 53, 192.11 W, 2865 MHz, 13801 MHz, Not Active, Not Active, Not Active, Not Active, Not Active
2026/09/03 04:34:15.687, 9300 MiB, 53, 192.11 W, 2865 MHz, 13801 MHz, Not Active, Not Active, Not Active, Not Active, Not Active
2026/09/03 04:34:15.887, 9300 MiB, 53, 192.11 W, 2865 MHz, 13801 MHz, Not Active, Not Active, Not Active, Not Active, Not Active
2026/09/03 04:34:16.087, 9300 MiB, 51, 214.27 W, 2865 MHz, 13801 MHz, Not Active, Not Active, Not Active, Not Active, Not Active
2026/09/03 04:34:16.287, 9300 MiB, 51, 214.27 W, 2865 MHz, 13801 MHz, Not Active, Not Active, Not Active, Not Active, Not Active
2026/09/03 04:34:16.488, 9300 MiB, 49, 213.44 W, 2857 MHz, 13801 MHz, Not Active, Not Active, Not Active, Not Active, Not Active
2026/09/03 04:34:16.688, 9300 MiB, 49, 213.44 W, 2857 MHz, 13801 MHz, Not Active, Not Active, Not Active, Not Active, Not Active
2026/09/03 04:34:16.888, 9300 MiB, 49, 213.44 W, 2857 MHz, 13801 MHz, Not Active, Not Active, Not Active, Not Active, Not Active
2026/09/03 04:34:17.088, 9300 MiB, 49, 167.93 W, 2887 MHz, 13801 MHz, Not Active, Not Active, Not Active, Not Active, Not Active
2026/09/03 04:34:17.288, 9300 MiB, 49, 167.93 W, 2887 MHz, 13801 MHz, Not Active, Not Active, Not Active, Not Active, Not Active
2026/09/03 04:34:17.489, 9300 MiB, 50, 147.13 W, 2887 MHz, 13801 MHz, Not Active, Not Active, Not Active, Not Active, Not Active
2026/09/03 04:34:17.689, 9300 MiB, 50, 147.13 W, 2887 MHz, 13801 MHz, Not Active, Not Active, Not Active, Not Active, Not Active
2026/09/03 04:34:17.889, 9300 MiB, 50, 147.13 W, 2887 MHz, 13801 MHz, Not Active, Not Active, Not Active, Not Active, Not Active
2026/09/03 04:34:18.089, 9300 MiB, 52, 163.21 W, 2632 MHz, 13801 MHz, Not Active, Not Active, Not Active, Not Active, Not Active
2026/09/03 04:34:18.290, 9300 MiB, 52, 163.21 W, 2632 MHz, 13801 MHz, Not Active, Not Active, Not Active, Not Active, Not Active
2026/09/03 04:34:18.490, 9300 MiB, 51, 203.66 W, 2850 MHz, 13801 MHz, Not Active, Not Active, Not Active, Not Active, Not Active
2026/09/03 04:34:18.690, 9300 MiB, 51, 203.66 W, 2850 MHz, 13801 MHz, Not Active, Not Active, Not Active, Not Active, Not Active
2026/09/03 04:34:18.890, 9300 MiB, 51, 203.66 W, 2850 MHz, 13801 MHz, Not Active, Not Active, Not Active, Not Active, Not Active
2026/09/03 04:34:19.090, 9300 MiB, 50, 223.36 W, 2850 MHz, 13801 MHz, Not Active, Not Active, Not Active, Not Active, Not Active
2026/09/03 04:34:19.291, 9300 MiB, 50, 223.36 W, 2850 MHz, 13801 MHz, Not Active, Not Active, Not Active, Not Active, Not Active
2026/09/03 04:34:19.491, 9300 MiB, 53, 227.85 W, 2850 MHz, 13801 MHz, Not Active, Not Active, Not Active, Not Active, Not Active
2026/09/03 04:34:19.691, 9300 MiB, 53, 227.85 W, 2850 MHz, 13801 MHz, Not Active, Not Active, Not Active, Not Active, Not Active
2026/09/03 04:34:19.891, 11348 MiB, 53, 227.85 W, 2850 MHz, 13801 MHz, Not Active, Not Active, Not Active, Not Active, Not Active
2026/09/03 04:34:20.092, 11348 MiB, 49, 199.36 W, 2887 MHz, 13801 MHz, Not Active, Not Active, Not Active, Not Active, Not Active
2026/09/03 04:34:20.292, 11348 MiB, 49, 199.36 W, 2887 MHz, 13801 MHz, Not Active, Not Active, Not Active, Not Active, Not Active
2026/09/03 04:34:20.492, 11348 MiB, 49, 160.93 W, 2887 MHz, 13801 MHz, Not Active, Not Active, Not Active, Not Active, Not Active
2026/09/03 04:34:20.692, 11348 MiB, 49, 160.93 W, 2887 MHz, 13801 MHz, Not Active, Not Active, Not Active, Not Active, Not Active
2026/09/03 04:34:20.892, 11348 MiB, 49, 160.93 W, 2887 MHz, 13801 MHz, Not Active, Not Active, Not Active, Not Active, Not Active
2026/09/03 04:34:21.093, 11348 MiB, 48, 161.78 W, 2902 MHz, 13801 MHz, Not Active, Not Active, Not Active, Not Active, Not Active
2026/09/03 04:34:21.293, 11348 MiB, 48, 161.78 W, 2902 MHz, 13801 MHz, Not Active, Not Active, Not Active, Not Active, Not Active
2026/09/03 04:34:21.493, 11348 MiB, 51, 204.43 W, 2850 MHz, 13801 MHz, Not Active, Not Active, Not Active, Not Active, Not Active
2026/09/03 04:34:21.693, 11348 MiB, 51, 204.43 W, 2850 MHz, 13801 MHz, Not Active, Not Active, Not Active, Not Active, Not Active
2026/09/03 04:34:21.894, 11348 MiB, 51, 204.43 W, 2850 MHz, 13801 MHz, Not Active, Not Active, Not Active, Not Active, Not Active
2026/09/03 04:34:22.094, 11348 MiB, 50, 216.15 W, 2850 MHz, 13801 MHz, Not Active, Not Active, Not Active, Not Active, Not Active
2026/09/03 04:34:22.294, 11348 MiB, 50, 216.15 W, 2850 MHz, 13801 MHz, Not Active, Not Active, Not Active, Not Active, Not Active
2026/09/03 04:34:22.494, 11348 MiB, 51, 233.64 W, 2850 MHz, 13801 MHz, Not Active, Not Active, Not Active, Not Active, Not Active
2026/09/03 04:34:22.694, 11348 MiB, 51, 233.64 W, 2850 MHz, 13801 MHz, Not Active, Not Active, Not Active, Not Active, Not Active
2026/09/03 04:34:22.895, 11348 MiB, 51, 233.64 W, 2850 MHz, 13801 MHz, Not Active, Not Active, Not Active, Not Active, Not Active
2026/09/03 04:34:23.095, 11348 MiB, 49, 222.19 W, 2887 MHz, 13801 MHz, Not Active, Not Active, Not Active, Not Active, Not Active
2026/09/03 04:34:23.295, 11348 MiB, 49, 222.19 W, 2887 MHz, 13801 MHz, Not Active, Not Active, Not Active, Not Active, Not Active
2026/09/03 04:34:23.495, 11348 MiB, 48, 150.88 W, 2910 MHz, 13801 MHz, Not Active, Not Active, Not Active, Not Active, Not Active
2026/09/03 04:34:23.696, 11348 MiB, 48, 150.88 W, 2910 MHz, 13801 MHz, Not Active, Not Active, Not Active, Not Active, Not Active
2026/09/03 04:34:23.896, 4 MiB, 48, 150.88 W, 2910 MHz, 13801 MHz, Not Active, Not Active, Not Active, Not Active, Not Active
