WARNING: Logging before InitGoogleLogging() is written to STDERR
I20260902 18:50:58.657241 127648987119616 gpreemptclient.cpp:136] Init vgg_rt done
I20260902 18:50:58.891098 127648987119616 gpreemptclient.cpp:136] Init resnet152_be done
gpreempt_hint_ready: backend=ubpf-jit clock=system_clock comparison=strict_gt
gpreempt_context_registered: role=0 hclient=3251634428 htsg=1543504397 tsg_id=2 engine=1 runlist=0 timeslice_us=1000000 cuda_context=127637972323312
gpreempt_flag_transport: transport=host_mapped portable=1 original_gdr=0
I20260902 18:51:00.676964 127640064065536 gpreemptclient.cpp:186] Init in thread vgg_rt done
gpreempt_context_registered: role=1 hclient=3251634428 htsg=1543504585 tsg_id=3 engine=1 runlist=0 timeslice_us=1 cuda_context=127637905214448
I20260902 18:51:00.992879 127640072458240 gpreemptclient.cpp:186] Init in thread resnet152_be done
{
	"beginTime" : "2026-09-02 18:51:03",
	"benchmarkTime(s)" : 60,
	"endTime" : "2026-09-02 18:52:03",
	"results" : 
	[
		{
			"analyzers" : 
			[
				{
					"avgCopyInputLatency(us)" : 22,
					"avgCopyOutputLatency(us)" : 6,
					"avgInferLatency(us)" : 5058,
					"avgPostprocessLatency(us)" : 2,
					"avgPrepareInputLatency(us)" : 0,
					"avgPreprocessLatency(us)" : 254,
					"avgThroughput(req/s)" : 99.933333333333337,
					"avgTotalLatency(us)" : 5345,
					"avgTotalLatencyIncrease(us)" : 535,
					"completedRequests" : 5996,
					"latencyDefinition" : "sum_of_original_six_recorded_stages",
					"requestLatencyNs" : 
					[
						6322558,
						4824397,
						4887529,
						4892242,
						4892138,
						6262961,
						4833331,
						4889016,
						4894204,
						4901377,
						4893822,
						4895628,
						6269887,
						6207753,
						6206816,
						6197519,
						4831122,
						4892178,
						6265870,
						4823200,
						6278703,
						4831093,
						6274661,
						4830002,
						4889806,
						6264596,
						4823684,
						4892811,
						4885103,
						4893532,
						4894381,
						4893660,
						4893386,
						4893696,
						4893299,
						4898035,
						4888425,
						6269804,
						4833110,
						4896717,
						6264713,
						6197277,
						4823161,
						4889064,
						4888937,
						4889016,
						6272841,
						4824645,
						6262730,
						4821462,
						4884600,
						4891282,
						6269019,
						4830391,
						4888048,
						6262873,
						4824375,
						6255265,
						4817584,
						6253111,
						4824255,
						6266691,
						4829367,
						6260935,
						4822478,
						4884519,
						4887249,
						4897554,
						4890566,
						6258371,
						4826490,
						6263029,
						4822716,
						6282291,
						4827905,
						6264997,
						4825004,
						4893985,
						4888054,
						6257032,
						4824972,
						6240642,
						4830354,
						4893054,
						4887872,
						4892061,
						4896408,
						4894003,
						6264456,
						4830514,
						6273648,
						4824701,
						6263411,
						4818582,
						4893658,
						4890503,
						4894088,
						6263825,
						6201248,
						4822222,
						4887762,
						4886728,
						4888425,
						4889307,
						4894418,
						4888179,
						4888666,
						6241015,
						4827799,
						4887499,
						6267357,
						4819060,
						4889319,
						4890892,
						6251761,
						4821058,
						6261606,
						4825138,
						4892756,
						6274638,
						4830613,
						4893219,
						4891879,
						6258318,
						4827680,
						4892181,
						4897499,
						4888155,
						6252664,
						4823926,
						4889078,
						4887928,
						4890221,
						6261674,
						4823590,
						6262429,
						6184489,
						4822132,
						4896061,
						6253388,
						4828207,
						4891691,
						4889219,
						6269464,
						4828218,
						6259565,
						4821595,
						4889179,
						6230528,
						4823170,
						6273113,
						4819910,
						4898750,
						6253454,
						6201643,
						4819425,
						4895101,
						4886318,
						6264955,
						6197724,
						4828661,
						6262010,
						4818753,
						6252620,
						4826143,
						4892941,
						6265240,
						4819616,
						4897396,
						6261154,
						4824267,
						6271194,
						4820703,
						4897115,
						6267854,
						4824569,
						6263383,
						4832876,
						4893980,
						6262239,
						6202402,
						6201901,
						4824561,
						6264978,
						4822091,
						4891903,
						4890622,
						4880745,
						6264843,
						4823106,
						4890726,
						6262461,
						4830067,
						6264351,
						4826342,
						4897743,
						4887108,
						4891239,
						6259614,
						4818019,
						4891626,
						4887423,
						4887578,
						4887421,
						4889730,
						4891496,
						6261976,
						4825382,
						6260809,
						4822979,
						6256159,
						4827478,
						6271527,
						6200596,
						4832197,
						4892058,
						6259676,
						6209498,
						4822443,
						6260947,
						6203174,
						4824923,
						4888795,
						6259074,
						4827610,
						6260420,
						4822073,
						6267793,
						4824318,
						6259370,
						4824764,
						4892702,
						4889258,
						6262282,
						4832641,
						4895153,
						4891610,
						4896874,
						4892419,
						6263496,
						6186275,
						6204081,
						6203530,
						4831648,
						4893442,
						4881349,
						6260635,
						4823507,
						4887516,
						4893075,
						4888346,
						6258311,
						4828245,
						6262917,
						4827944,
						4882652,
						4895058,
						6278318,
						4822505,
						4893311,
						4903827,
						6259636,
						4824866,
						4889848,
						4891195,
						4891977,
						4888818,
						4890256,
						6267285,
						6199845,
						4821123,
						6266628,
						4827878,
						6268757,
						4824756,
						4886435,
						4894152,
						4890246,
						4894937,
						4889352,
						4893330,
						4891961,
						4893955,
						4887258,
						4890457,
						4894872,
						4895917,
						4888533,
						6269757,
						4822718,
						4887941,
						4893604,
						6263524,
						4826197,
						4889419,
						6286551,
						4828987,
						4914542,
						4898555,
						4884772,
						4887954,
						4903112,
						4893167,
						4894990,
						4887923,
						4890522,
						4899863,
						4888283,
						4893561,
						4889465,
						6262636,
						4822661,
						6261404,
						4824469,
						4889637,
						4890159,
						6260520,
						4822128,
						4888539,
						6273995,
						4817809,
						6272020,
						4823060,
						4887378,
						4899622,
						6259131,
						4821099,
						4885691,
						4893490,
						4895706,
						4882886,
						4893448,
						4890985,
						4889052,
						4886165,
						4824603,
						6259842,
						4823546,
						6271813,
						4837144,
						6257820,
						4827193,
						4894990,
						6268579,
						4821685,
						4884806,
						6262936,
						6203821,
						4838046,
						4886143,
						6262918,
						4829908,
						4888283,
						6247988,
						4827002,
						6270848,
						4833508,
						6265327,
						6198679,
						4834959,
						4891710,
						6245901,
						4827412,
						6264090,
						6206482,
						4829533,
						6269265,
						6197723,
						4829686,
						4883997,
						4892738,
						4890397,
						4894538,
						4890449,
						4890942,
						6261690,
						4821865,
						4891772,
						4887096,
						6262059,
						6198130,
						6215493,
						4827818,
						6260392,
						4823980,
						4887687,
						4895712,
						4893970,
						6251382,
						4823615,
						6256620,
						4824428,
						6267601,
						4824201,
						6255221,
						4827067,
						4890602,
						4890448,
						4898487,
						4891528,
						4892308,
						4890664,
						4896567,
						4893420,
						4892504,
						6263930,
						6209350,
						6200190,
						4822814,
						4891659,
						4891218,
						4894469,
						6266424,
						4824247,
						4889405,
						6261332,
						4831131,
						4887511,
						4896718,
						6268033,
						6201168,
						6209977,
						4828224,
						4888416,
						4888939,
						4890741,
						4895693,
						4894357,
						4895787,
						4880258,
						6268382,
						4824595,
						6256498,
						6202744,
						4824794,
						4884375,
						4892957,
						4890243,
						6266467,
						4832174,
						4890522,
						4893898,
						6263223,
						6210913,
						4823295,
						6272162,
						4819152,
						4890830,
						6271138,
						4824089,
						6260796,
						4826023,
						6258760,
						4821526,
						6264566,
						4827502,
						4885708,
						6267239,
						4826736,
						4898402,
						6266735,
						4818866,
						6264016,
						6191636,
						4824062,
						4896724,
						4894009,
						6261824,
						4824279,
						4892115,
						4898890,
						4890968,
						4895935,
						6269898,
						4818276,
						6264899,
						6209211,
						4818992,
						6259562,
						4821714,
						6266554,
						4824166,
						6267400,
						4833869,
						4895901,
						6258905,
						6198283,
						6200407,
						6198867,
						6196275,
						6184984,
						4832660,
						6263069,
						4822594,
						6259031,
						4819114,
						6258304,
						4827329,
						6259624,
						4827826,
						6266949,
						4826754,
						4894132,
						6263971,
						4826345,
						6271861,
						4827588,
						4892955,
						6275364,
						4832016,
						6258715,
						4820183,
						6276725,
						4824074,
						6255280,
						6197424,
						4826659,
						4888804,
						4897904,
						6274385,
						4823093,
						6269009,
						4822675,
						6259754,
						4826227,
						4890217,
						4896248,
						6256310,
						4823472,
						4893320,
						4889621,
						4893197,
						4888089,
						6242863,
						4825216,
						4891778,
						6259618,
						4826040,
						6249329,
						4819914,
						6269531,
						4824750,
						4891466,
						4891040,
						4888318,
						6274734,
						6204312,
						6192628,
						4823597,
						4893687,
						6270889,
						4825270,
						4890166,
						4892336,
						6260190,
						4818936,
						6264366,
						6203847,
						4829696,
						4896886,
						4891997,
						4892057,
						4889709,
						4894074,
						4895726,
						6260101,
						4823554,
						4895358,
						4889487,
						4887428,
						4897049,
						4887479,
						6263592,
						4825421,
						4884288,
						4891820,
						4895117,
						4888063,
						6266532,
						4815873,
						6243483,
						4827944,
						4893041,
						4889101,
						4891791,
						6260775,
						4823423,
						4887642,
						4893615,
						4893358,
						4892757,
						6265533,
						4819704,
						4895608,
						6264412,
						4824992,
						6250589,
						4823707,
						4891078,
						6264594,
						4828626,
						6257620,
						4820414,
						4888043,
						6262297,
						4823830,
						6260384,
						4825338,
						4902264,
						4887303,
						6263834,
						4826884,
						6266386,
						4818752,
						4884201,
						4892975,
						4887930,
						4889418,
						6259784,
						4824298,
						6266432,
						4822287,
						6263282,
						4818829,
						4892641,
						4884188,
						6262135,
						4826929,
						4888063,
						6266102,
						4826257,
						6244379,
						4821180,
						4894215,
						6347343,
						4822040,
						4895577,
						6267982,
						4826022,
						6268110,
						4816581,
						6260540,
						4817229,
						4895006,
						4887289,
						4885669,
						4895110,
						6278042,
						6198719,
						6198304,
						4829931,
						4892343,
						4889326,
						4893954,
						4893795,
						6268044,
						4819702,
						4893157,
						4891390,
						6265310,
						4822970,
						4893881,
						6267074,
						6201654,
						4833233,
						4895449,
						4889387,
						4887568,
						4890431,
						4887497,
						6279410,
						4820796,
						4894246,
						6262856,
						4823439,
						4893929,
						4888777,
						4895924,
						4896957,
						6259927,
						4826643,
						6335258,
						4824708,
						6270193,
						4820496,
						4889250,
						4894391,
						4884531,
						4898859,
						4893535,
						4899630,
						6263373,
						4827405,
						4894988,
						6261811,
						4820581,
						6256556,
						4821647,
						4890762,
						4892205,
						6265470,
						6202437,
						4822373,
						4896026,
						4897757,
						6264594,
						4829094,
						4894830,
						6268986,
						4826103,
						6257557,
						4834749,
						4891146,
						4889238,
						6268865,
						6207936,
						4824461,
						4901100,
						4889714,
						4889970,
						4897593,
						4894233,
						6266375,
						4819362,
						4891173,
						4893041,
						4885455,
						6270545,
						4826455,
						4885649,
						4883849,
						6265699,
						4827982,
						6259924,
						4823307,
						4886303,
						4899526,
						4883544,
						6261501,
						4818694,
						6269459,
						6197069,
						4820585,
						4896537,
						4897054,
						4889531,
						6259559,
						4822880,
						4892783,
						4885020,
						4884123,
						4890371,
						4892612,
						4890605,
						4889077,
						4895542,
						4888148,
						4903163,
						4894268,
						4891794,
						6253518,
						4824444,
						4895373,
						6259464,
						4825334,
						6268732,
						4822201,
						4897939,
						6265519,
						4827968,
						4887834,
						4891923,
						4893091,
						4884379,
						4891798,
						6261233,
						4819214,
						4896870,
						6272511,
						6198467,
						4821808,
						6275366,
						4828050,
						6256340,
						4825482,
						6263037,
						4826669,
						6241713,
						4826019,
						4894410,
						4883556,
						7216075,
						4829922,
						6260822,
						4833997,
						4884101,
						6253651,
						6203810,
						4832021,
						6250998,
						4825060,
						6337530,
						4825977,
						4885439,
						6265781,
						4828010,
						6268296,
						4830941,
						4891643,
						4895238,
						4879321,
						4889207,
						6254987,
						4826034,
						6266752,
						4827619,
						4892759,
						4891174,
						6266537,
						4819848,
						4885930,
						6290203,
						6200519,
						4821853,
						4893909,
						6259528,
						4821459,
						6268229,
						4826075,
						6272838,
						6200315,
						4827055,
						4887394,
						6254119,
						6208190,
						4831810,
						6266132,
						4828396,
						4885765,
						4888183,
						4894187,
						4886344,
						4890333,
						4888630,
						4886629,
						6264721,
						4819835,
						4888577,
						4888956,
						6267461,
						4826433,
						4902124,
						4892373,
						4889080,
						4892097,
						4895983,
						4896272,
						6270658,
						4819233,
						4895364,
						6270313,
						4827191,
						6264997,
						4819967,
						4888785,
						6268821,
						4821097,
						4903603,
						6257798,
						6201112,
						4818652,
						4890955,
						4891873,
						6264351,
						4822623,
						4892762,
						4893565,
						6260191,
						4816129,
						6248050,
						6201126,
						4831224,
						6257617,
						4831869,
						4889379,
						4891039,
						4893959,
						6261303,
						4823013,
						4886233,
						6267987,
						4825570,
						4894561,
						4888274,
						4894421,
						4887501,
						6259072,
						4825235,
						6265037,
						4830436,
						4894880,
						6268184,
						4828484,
						6263692,
						4820308,
						4881576,
						4889970,
						4888771,
						6255367,
						4824384,
						6264929,
						6199584,
						4820610,
						4889115,
						6258690,
						4828529,
						6268053,
						4825936,
						6272651,
						4827574,
						6264447,
						4821127,
						6266589,
						4824101,
						6267124,
						6201931,
						4830822,
						6258561,
						6204509,
						4821805,
						4884245,
						6257627,
						6204920,
						6215106,
						4824027,
						6265113,
						4835444,
						6249722,
						6198433,
						4823179,
						4891437,
						6266845,
						4827196,
						4893297,
						4900193,
						6258656,
						4835461,
						6254215,
						4824442,
						4890908,
						4892679,
						4897780,
						4892713,
						4890742,
						6271455,
						4817838,
						4886526,
						4891913,
						4891962,
						4891921,
						4893471,
						6266647,
						4822131,
						4889132,
						4885212,
						4891487,
						4892767,
						4892123,
						6255720,
						4825415,
						6244028,
						4821875,
						4891492,
						4889229,
						4885532,
						6265128,
						4812850,
						4884767,
						6261503,
						4822918,
						6268405,
						4822228,
						6269867,
						4822726,
						6269031,
						4822980,
						4888336,
						4894129,
						6259053,
						4822001,
						4892724,
						6271134,
						6199431,
						6206080,
						6200687,
						4823054,
						4888429,
						4892396,
						4909855,
						4880747,
						4890609,
						4888958,
						4890536,
						4885365,
						4897027,
						6268438,
						4826360,
						4890679,
						4895150,
						4892884,
						4888715,
						6265223,
						6199796,
						4826736,
						4888210,
						4890552,
						6269302,
						4828782,
						4890133,
						6268266,
						4838686,
						4885882,
						6255140,
						4830867,
						4890845,
						6265163,
						4821762,
						6252012,
						6200074,
						4835718,
						4887249,
						6251932,
						4822180,
						6271404,
						6202629,
						4830928,
						4893008,
						6261714,
						4823697,
						4894622,
						6260808,
						4819834,
						6256871,
						6170453,
						4822619,
						6278251,
						4825504,
						4891460,
						4888216,
						4883059,
						4889256,
						4894796,
						4887946,
						4887147,
						4892421,
						4892609,
						6267490,
						4826996,
						6264057,
						4823492,
						6264445,
						4822804,
						4891467,
						4893878,
						4893613,
						6269641,
						4818264,
						6260712,
						6203256,
						4828840,
						4889819,
						6265126,
						4821356,
						4894662,
						4893882,
						4893296,
						4887772,
						4892337,
						4893548,
						4892805,
						4897889,
						6203555,
						4824635,
						4891821,
						4893082,
						4892646,
						4889801,
						6263730,
						4833572,
						4890484,
						6266667,
						6179253,
						4822163,
						4888551,
						4893997,
						4893581,
						4894901,
						6252225,
						4831369,
						6251467,
						4821163,
						4889589,
						4890633,
						4893149,
						4890109,
						4890622,
						4896928,
						6260360,
						4823841,
						4891379,
						4901438,
						6254691,
						4821638,
						6267360,
						4822495,
						4892966,
						4890670,
						6262994,
						4817886,
						4891046,
						6262372,
						4827922,
						6262612,
						4820839,
						6262081,
						4822669,
						4887666,
						6263742,
						4829066,
						6264395,
						6178303,
						4820478,
						6269136,
						4819518,
						4891378,
						6267008,
						4824964,
						4891626,
						4897138,
						4891201,
						4884510,
						6253975,
						4827297,
						4890704,
						4892687,
						6274697,
						4824824,
						4887933,
						6258248,
						4825598,
						4888136,
						6263640,
						4817315,
						6263866,
						4828573,
						6262398,
						6206902,
						4828979,
						4890243,
						4892401,
						4899864,
						4890712,
						4882584,
						6269375,
						4824956,
						4893623,
						6258018,
						4829044,
						4893285,
						4887106,
						4889992,
						4890580,
						6254054,
						4825886,
						4889484,
						4886426,
						6259084,
						4820882,
						6265931,
						4828096,
						4889240,
						4892840,
						4887712,
						6256015,
						4826078,
						4888464,
						6255247,
						4821057,
						4888872,
						4894141,
						6267188,
						6205916,
						4825760,
						4890737,
						4891354,
						4888228,
						4901385,
						4887958,
						4892605,
						4889524,
						4893188,
						6264566,
						4825554,
						4892535,
						4896321,
						6258080,
						4832709,
						4887414,
						6267400,
						4823878,
						4887789,
						4888474,
						6263559,
						4827702,
						4890881,
						4892792,
						6260931,
						4822075,
						4893882,
						4891121,
						4886028,
						6262987,
						4827065,
						4892376,
						4893023,
						6269072,
						4826088,
						6259145,
						4821862,
						6268288,
						6202429,
						4827671,
						4890930,
						6255259,
						4831115,
						4885404,
						6259119,
						4828350,
						4893412,
						6275375,
						4822422,
						6271832,
						4816707,
						4887364,
						6265139,
						4827624,
						6262384,
						4824626,
						4891249,
						4895398,
						6244209,
						4825832,
						6271783,
						4827471,
						4886537,
						4888743,
						6266651,
						4818028,
						4883512,
						6264907,
						6201287,
						4821531,
						6271564,
						4827423,
						4894219,
						6269378,
						4820193,
						4885978,
						4889971,
						4891935,
						4891352,
						6268491,
						6192735,
						4828792,
						4890889,
						6259751,
						6200742,
						4822747,
						4894459,
						6255944,
						4826567,
						4894437,
						4891029,
						6273847,
						4822646,
						4897076,
						4890773,
						4891219,
						4899967,
						4892033,
						6267404,
						4825821,
						6263598,
						4823128,
						4889771,
						6263101,
						4824710,
						4888114,
						6252505,
						4820539,
						6266639,
						6197942,
						4822980,
						4888503,
						4888675,
						6260386,
						4824260,
						4887487,
						4898714,
						4888226,
						6262815,
						4829477,
						6256329,
						4823876,
						4895149,
						4893156,
						6267085,
						6201761,
						4829780,
						6264043,
						4825802,
						6264152,
						4822607,
						6257707,
						4824790,
						4890395,
						4888644,
						4888900,
						6271959,
						4820708,
						4887210,
						4890022,
						4884760,
						6286716,
						4823667,
						6264690,
						4821456,
						6263369,
						4827421,
						4896032,
						4892000,
						6267225,
						4821278,
						4890874,
						4897538,
						6263610,
						4832780,
						6266090,
						6182247,
						6202388,
						6197826,
						4826099,
						6256727,
						4829390,
						6262969,
						4816578,
						6268292,
						6205463,
						6208463,
						4819328,
						4892381,
						6261942,
						6207677,
						4819389,
						4889494,
						4890357,
						6262898,
						4817111,
						4896706,
						4896980,
						4894605,
						4889178,
						6269343,
						6202680,
						4830173,
						4883883,
						4892765,
						6270396,
						4822705,
						6262115,
						4825148,
						4888224,
						6283113,
						4829662,
						4892445,
						4889446,
						4892338,
						4892757,
						4889365,
						6273364,
						4823006,
						4892896,
						4890648,
						4899791,
						4896654,
						6257690,
						4826353,
						4883469,
						4890557,
						6267681,
						4826908,
						6257298,
						6198846,
						4819249,
						4892287,
						4894680,
						6262750,
						4817885,
						4889885,
						4891722,
						4894615,
						4897282,
						4892350,
						4888006,
						6264308,
						6206719,
						6208185,
						4815672,
						4887102,
						6262274,
						6206990,
						4820870,
						6277448,
						6209397,
						4828982,
						6257209,
						6204114,
						4831162,
						4894379,
						6267825,
						4825504,
						4893635,
						6260030,
						4821042,
						4893277,
						4894337,
						6264005,
						4825327,
						6264089,
						4831567,
						4892977,
						6263437,
						4828390,
						4893707,
						6265862,
						6200650,
						6208435,
						4823075,
						6235256,
						6197073,
						4819842,
						6268470,
						4828346,
						4891130,
						6261484,
						4830521,
						4886719,
						6262399,
						6205185,
						4831273,
						6262916,
						6215576,
						4826157,
						4886177,
						4888344,
						6258382,
						4825754,
						4891476,
						6264308,
						4821909,
						4897538,
						4893980,
						4893586,
						4894004,
						4899300,
						4890658,
						4891518,
						6251838,
						6203600,
						4821239,
						4887103,
						4929452,
						4900727,
						4888737,
						4890597,
						4895838,
						4883710,
						6241673,
						4830520,
						6262764,
						4822757,
						4891654,
						4882507,
						4884274,
						6260513,
						6194570,
						6195487,
						4825478,
						4885770,
						4896239,
						4893342,
						4895914,
						4888054,
						4888575,
						6269749,
						4821799,
						4897247,
						6265242,
						4828293,
						6272753,
						4822179,
						4882979,
						6262571,
						4825983,
						6254267,
						6199045,
						4826219,
						4889938,
						4888207,
						6243615,
						4828956,
						6267865,
						6199434,
						4826062,
						4894115,
						6262086,
						4823539,
						4893015,
						4893816,
						4889784,
						6253508,
						4824403,
						6272977,
						6191840,
						4819919,
						4896126,
						6268603,
						6210881,
						4824966,
						4892779,
						4884779,
						4892224,
						6267891,
						4820858,
						4886062,
						6260098,
						4852129,
						4886537,
						4897069,
						4897811,
						4898847,
						4893280,
						4887238,
						6265621,
						4820311,
						4891102,
						6260468,
						4826312,
						4890007,
						6266708,
						4821405,
						4891313,
						4894174,
						4883917,
						4897806,
						4885407,
						6249204,
						4817931,
						6270725,
						6210806,
						4826808,
						6263983,
						4832328,
						6253831,
						4825377,
						6264218,
						6199929,
						6175660,
						4822131,
						6259561,
						4824523,
						4884301,
						6274181,
						4826508,
						4897076,
						4889566,
						4889299,
						4899274,
						4889293,
						4890026,
						6266137,
						4823902,
						6255437,
						4828607,
						4886743,
						4887959,
						4888903,
						4884843,
						4896492,
						6276197,
						4835053,
						6261425,
						6182567,
						4830048,
						4890569,
						4894333,
						6267662,
						4823074,
						6264872,
						4828990,
						6271101,
						4821777,
						4893108,
						4893415,
						4889559,
						4895096,
						6260136,
						6189709,
						4826239,
						6265648,
						6202180,
						4822639,
						6271235,
						4823894,
						4892056,
						6272796,
						6201071,
						6201468,
						4835167,
						6268804,
						6195345,
						4825577,
						6265630,
						4825902,
						4896487,
						6258700,
						4818133,
						4891715,
						6274235,
						4814658,
						4885137,
						4888523,
						4890841,
						4893009,
						6266202,
						6199785,
						4820776,
						6260573,
						4825780,
						4890163,
						4888550,
						6264141,
						4824845,
						4891454,
						6239436,
						4820994,
						6261362,
						4824491,
						4893241,
						4885150,
						4892212,
						6274039,
						4820878,
						4894530,
						4896938,
						4894194,
						4890416,
						6269371,
						4818339,
						6261025,
						6198916,
						4824846,
						6263374,
						4823970,
						4890988,
						4889301,
						4887862,
						4885449,
						4892297,
						6257988,
						4820255,
						4892898,
						6258821,
						4823313,
						6260948,
						4827634,
						4891298,
						6272445,
						4824687,
						6266305,
						4836804,
						6267043,
						4823944,
						6255656,
						4822823,
						4890644,
						4897183,
						6272565,
						4827122,
						6276034,
						6191640,
						4827276,
						6264159,
						4826234,
						6274964,
						4830198,
						4893155,
						6266133,
						4823265,
						6270104,
						6198832,
						4830774,
						6267801,
						4819891,
						6276019,
						4828132,
						6261530,
						6200820,
						6197587,
						4819907,
						6263908,
						4825241,
						6269439,
						4825594,
						6266317,
						4824553,
						4888988,
						4889786,
						6267534,
						4825020,
						4889539,
						4888122,
						6257817,
						4820266,
						4891314,
						4891390,
						4891992,
						4894923,
						4893053,
						4892128,
						6267967,
						4816184,
						6253390,
						4821958,
						4892438,
						6269202,
						4826482,
						4891631,
						4897290,
						4883632,
						4893743,
						4894788,
						6281748,
						4831305,
						4883745,
						4895346,
						4886785,
						6268105,
						4823126,
						4896316,
						6268347,
						6209456,
						4820169,
						6262673,
						4821271,
						6257955,
						4826508,
						4896136,
						6268012,
						4821655,
						4888788,
						4890561,
						4891034,
						4899154,
						4891333,
						4887020,
						4894842,
						4886669,
						4894082,
						6265480,
						4826194,
						4887774,
						6270363,
						4823007,
						4889078,
						4890019,
						6265527,
						4823435,
						6262709,
						4831306,
						6260123,
						4832853,
						6263664,
						4827698,
						6257176,
						4822864,
						6262194,
						4826948,
						6273290,
						4822678,
						4887608,
						6261770,
						4835442,
						6263749,
						4821197,
						4905588,
						6252747,
						4833563,
						4894187,
						6257852,
						4823735,
						4888527,
						4893941,
						4886895,
						4890690,
						4893179,
						4888237,
						4888466,
						4888823,
						4884428,
						4890627,
						6311533,
						4831336,
						4896408,
						6264784,
						4822796,
						4893703,
						4892514,
						4904128,
						4897307,
						4892886,
						6260947,
						4823555,
						6262941,
						4821564,
						6270253,
						4826726,
						4895291,
						4883240,
						4889630,
						6264729,
						4815976,
						4890341,
						6260112,
						4826491,
						6245902,
						4827013,
						4897192,
						4892017,
						6262028,
						4825661,
						4821625,
						4886632,
						4894500,
						6258954,
						4820054,
						6269587,
						4831130,
						6265317,
						4821762,
						4889894,
						4889297,
						6264157,
						4822469,
						6264498,
						4826985,
						6276111,
						6199664,
						4827018,
						4893433,
						4887595,
						4895597,
						6268992,
						6206100,
						4829335,
						6272504,
						4828317,
						6273878,
						4823567,
						6267991,
						4829212,
						4885128,
						4896564,
						4887112,
						4887592,
						4890601,
						6271781,
						4816278,
						4887992,
						6272287,
						4830617,
						6262494,
						6202556,
						4822518,
						4891639,
						4888613,
						4892403,
						6261154,
						6184419,
						4824276,
						4896052,
						6265255,
						6196683,
						6201780,
						6203744,
						4821376,
						6265773,
						4828481,
						6264387,
						4830935,
						4891226,
						4891957,
						4894349,
						6269570,
						4824875,
						4893708,
						4894233,
						6261564,
						4872814,
						4890523,
						4885676,
						4895524,
						4881471,
						4899101,
						4886663,
						4890571,
						4900237,
						6274513,
						4828729,
						6257343,
						6198638,
						4827598,
						6261176,
						4826308,
						4891645,
						4891033,
						6273587,
						4822263,
						4896311,
						4891797,
						4889007,
						4890665,
						6272263,
						4825598,
						6267535,
						4826909,
						6259938,
						4824357,
						4891023,
						4894460,
						6267100,
						4823529,
						6260201,
						4821674,
						4887465,
						4892593,
						6271055,
						4828239,
						4891276,
						4893601,
						4898346,
						6272963,
						6202555,
						4819690,
						4892450,
						6266584,
						4826727,
						6263815,
						4823076,
						4891103,
						6259173,
						4816792,
						4899354,
						4893116,
						6270395,
						4830921,
						4891965,
						6262944,
						4820235,
						4892307,
						4888452,
						6250459,
						4830966,
						4887627,
						6256324,
						4828984,
						4893389,
						4886924,
						6264054,
						4827593,
						4889803,
						6262453,
						4826726,
						6270024,
						4829138,
						4895822,
						6265427,
						4822259,
						4892604,
						4892540,
						4899031,
						4891359,
						4887981,
						6263994,
						4827708,
						4887193,
						4890361,
						6261163,
						4825534,
						4895427,
						4894114,
						4894380,
						4886510,
						4888151,
						4888649,
						6273934,
						6189047,
						4819890,
						6267372,
						4821028,
						4891721,
						4890125,
						6266483,
						4820141,
						6256494,
						4823181,
						4894807,
						4821245,
						4899097,
						4887303,
						4894610,
						6267219,
						4822342,
						4889664,
						4896808,
						4896714,
						6266738,
						4826656,
						4890909,
						4888142,
						6264001,
						4837973,
						4897257,
						6270682,
						4827265,
						4885378,
						4894668,
						6260329,
						4827486,
						6264553,
						4824922,
						4888882,
						4891329,
						4893383,
						6268220,
						4819680,
						6253101,
						4812123,
						4892239,
						4889752,
						6263475,
						4820387,
						6263377,
						4825989,
						6264850,
						4825980,
						6263461,
						4826575,
						6267518,
						4822524,
						4892951,
						4896414,
						4893058,
						4892081,
						4885803,
						6266172,
						4829412,
						4895713,
						4889408,
						4890674,
						6267665,
						4817464,
						4889529,
						4898534,
						6277680,
						4825676,
						6264932,
						4826540,
						4895803,
						6261997,
						4827712,
						4894016,
						4888425,
						4892059,
						4889729,
						6267056,
						4823692,
						4886727,
						6256640,
						4824268,
						6264689,
						4831005,
						6269901,
						4825183,
						4898201,
						4894765,
						4893332,
						6255474,
						4827825,
						6261635,
						4824221,
						4895711,
						6269179,
						6200428,
						4825824,
						4888968,
						6257246,
						4824266,
						6272281,
						4823108,
						4893584,
						6266040,
						4818561,
						6258791,
						4822188,
						4894436,
						6267715,
						4817867,
						4885002,
						4896646,
						4895193,
						6274844,
						4818106,
						4888823,
						6259521,
						4821453,
						6260631,
						6199210,
						4826434,
						6257000,
						6205337,
						4829057,
						4889195,
						4887736,
						4888490,
						4897915,
						4894246,
						4891915,
						4888752,
						4896609,
						4899490,
						4891369,
						6263391,
						4819085,
						4886217,
						4890015,
						4894240,
						6260803,
						6209978,
						4824346,
						4893323,
						6261212,
						6193638,
						4820006,
						6262864,
						4828906,
						6264621,
						4828579,
						6254757,
						6198400,
						4823499,
						4899126,
						4890019,
						6256124,
						4817270,
						4889149,
						4884652,
						4890051,
						6270971,
						6190277,
						4822404,
						6272974,
						4813000,
						4897893,
						4893742,
						6259568,
						4822656,
						4906136,
						4892052,
						4892888,
						4887656,
						4892658,
						4890038,
						4898774,
						4886359,
						4888288,
						6270486,
						4828792,
						4892791,
						6262959,
						4826140,
						6263170,
						4827262,
						4888733,
						4895397,
						4892458,
						4887632,
						6269013,
						4832053,
						4891561,
						4895896,
						6267193,
						4823041,
						6266472,
						6198497,
						6194682,
						4825521,
						6269554,
						4830670,
						6266371,
						4826207,
						6252540,
						4816681,
						4889332,
						4885639,
						4887322,
						6268096,
						4830078,
						4883279,
						6271844,
						4825612,
						6247150,
						4826733,
						4891052,
						6259225,
						4827126,
						4890046,
						4899619,
						4892672,
						6262717,
						4819864,
						4893524,
						4889531,
						4889841,
						4890743,
						6267803,
						4826068,
						6267203,
						4821284,
						6265397,
						4824050,
						6265743,
						4822700,
						4886037,
						4892116,
						4892761,
						4881796,
						6265295,
						4827328,
						4895466,
						4890430,
						6247133,
						4828523,
						6262528,
						4824476,
						4901056,
						6263488,
						4822653,
						6259485,
						4819313,
						6254380,
						4819199,
						6263813,
						4823271,
						6261949,
						4825698,
						6259508,
						4828992,
						4893538,
						6263323,
						4821939,
						6265647,
						6201208,
						6200216,
						4822954,
						4885293,
						4896532,
						4888219,
						4891661,
						4892544,
						6257292,
						4817144,
						4898970,
						6242999,
						4825455,
						4893593,
						4886289,
						6264394,
						4827718,
						6268807,
						4830356,
						6265630,
						4829174,
						6259866,
						4829510,
						4892848,
						6258594,
						6175543,
						4824580,
						4893209,
						6266172,
						4823348,
						6267706,
						4818793,
						4894089,
						4890998,
						6260607,
						4827169,
						6270205,
						4820639,
						6266691,
						4823475,
						6276047,
						4834204,
						4900280,
						6270857,
						4822217,
						4889026,
						6263065,
						4820077,
						6264195,
						4824290,
						4894219,
						6269116,
						4827931,
						4889040,
						6264152,
						6194891,
						4831159,
						4893551,
						4892472,
						4884916,
						4892477,
						4885499,
						4894763,
						6262506,
						4828323,
						4885558,
						4894434,
						4886689,
						4885753,
						4890265,
						4886156,
						6266811,
						4825918,
						4888770,
						4894323,
						6257961,
						4825451,
						6263768,
						4824142,
						4891818,
						6246707,
						4824562,
						4896222,
						6257299,
						6198551,
						4823520,
						6262533,
						4821805,
						6259051,
						4825724,
						6262105,
						4826161,
						6269532,
						4824327,
						6261342,
						4817555,
						6257612,
						4815610,
						4886100,
						4890083,
						6267681,
						4820417,
						4893236,
						4894993,
						4892853,
						6266932,
						4832135,
						4891833,
						4891811,
						6267244,
						4830107,
						6260663,
						4825418,
						6263982,
						4823598,
						4897602,
						4890676,
						6253953,
						4826478,
						4885253,
						4898651,
						6257183,
						4825939,
						4888149,
						4890382,
						4889026,
						4889141,
						4891810,
						4894165,
						6265686,
						4820917,
						6274900,
						4819766,
						6264739,
						4828686,
						4889090,
						6268771,
						4826841,
						6258325,
						4830637,
						4892745,
						4826378,
						4892823,
						6261459,
						4828603,
						4889361,
						6273746,
						4821459,
						4886181,
						4890606,
						4889078,
						6259001,
						4813972,
						4900070,
						4901817,
						4889026,
						4895546,
						6259284,
						4823115,
						4890836,
						4903373,
						4889114,
						4888666,
						6268704,
						4830608,
						6261837,
						6193913,
						4819589,
						4887011,
						4887550,
						6262896,
						6203273,
						4820812,
						4897829,
						4893083,
						4882217,
						6268623,
						4821762,
						4893705,
						4896824,
						6261472,
						4819542,
						4889420,
						4894641,
						4899699,
						4891037,
						4889514,
						6263538,
						4830014,
						4891019,
						4890568,
						4886250,
						4890831,
						6253822,
						6203033,
						4825277,
						6285327,
						4824021,
						4886779,
						4887006,
						4889954,
						4869906,
						4890976,
						4889884,
						4891217,
						4895895,
						4885511,
						4891908,
						4888233,
						4891416,
						4893709,
						4895573,
						4892659,
						4904119,
						4887978,
						4893513,
						4891685,
						6273344,
						4827983,
						4892560,
						4887540,
						4889649,
						4891203,
						4893819,
						4890704,
						6268706,
						4822592,
						6263423,
						6193232,
						4825230,
						4889136,
						6281261,
						4826635,
						6263406,
						4828190,
						6269867,
						4826141,
						6266443,
						4821070,
						4885658,
						6272521,
						6193496,
						4819017,
						4894222,
						4897939,
						4889714,
						4888625,
						6237212,
						6204671,
						4829657,
						6269965,
						4823763,
						4891257,
						4892094,
						4887356,
						4886086,
						6264209,
						4836893,
						6271296,
						4827852,
						6268435,
						4822150,
						4899033,
						6264350,
						4824410,
						6272542,
						6207266,
						4825325,
						6266674,
						4826136,
						4882297,
						4897013,
						4889368,
						6261682,
						4832122,
						6266418,
						4824542,
						4894403,
						6263302,
						4819166,
						4888617,
						4888116,
						4886970,
						4891809,
						6266849,
						4821140,
						4891114,
						4895170,
						4893486,
						4887651,
						4895460,
						6268134,
						4828044,
						6260681,
						4831333,
						4890182,
						4894565,
						6255997,
						4825417,
						4895726,
						6251193,
						4825374,
						4890015,
						6265023,
						4825734,
						6265068,
						6200522,
						4829179,
						6265959,
						6200346,
						4817527,
						4887254,
						4895536,
						6265879,
						4826373,
						6264572,
						6183051,
						4829329,
						4885568,
						4888738,
						4894934,
						6270036,
						4826526,
						4895780,
						4889902,
						6264184,
						6200335,
						4824797,
						4898303,
						6261007,
						4820993,
						4889623,
						4890063,
						6260459,
						6202089,
						4827929,
						6274277,
						4821557,
						6256958,
						4828197,
						6260580,
						4820819,
						4893995,
						6261090,
						4826570,
						4893813,
						6263764,
						4825107,
						6262288,
						4825081,
						4891412,
						6257331,
						4829157,
						6262184,
						6208339,
						4819994,
						4891857,
						6261347,
						4823959,
						6268145,
						4825288,
						6262967,
						4825873,
						4887155,
						6250288,
						4830532,
						4891016,
						4888543,
						4890536,
						4887091,
						4893452,
						6272055,
						4820786,
						4890295,
						4887518,
						4897636,
						4884971,
						6261017,
						6205516,
						6202406,
						4820485,
						6259950,
						6200717,
						4819719,
						6252613,
						4826028,
						6259325,
						4826998,
						4891109,
						4893422,
						6251460,
						4830198,
						4893026,
						4888636,
						4890337,
						6253218,
						4816359,
						6269942,
						6197178,
						4821963,
						4899114,
						4895305,
						4887501,
						4890767,
						4890490,
						4892388,
						4892167,
						6233636,
						4829093,
						4889790,
						6261685,
						4821207,
						4890961,
						4885695,
						4884318,
						4890480,
						4889913,
						4893528,
						6268164,
						6197938,
						4828226,
						4886580,
						6258418,
						6205390,
						6198892,
						4823722,
						6272286,
						6204844,
						6204107,
						6196150,
						4828281,
						6261980,
						4818496,
						6264532,
						6200082,
						4822527,
						4891442,
						6261024,
						4820934,
						6259307,
						4823320,
						4901074,
						6282948,
						6188409,
						4827042,
						4889029,
						6267834,
						4826043,
						4896663,
						4887909,
						6278105,
						4829807,
						4892000,
						4886635,
						6269618,
						4825103,
						6264272,
						4825409,
						6269757,
						4826434,
						6265077,
						4816909,
						6268692,
						4823603,
						4891032,
						4891829,
						4888684,
						4888959,
						6191647,
						4822355,
						4891551,
						4894919,
						4893034,
						6265163,
						4826613,
						4891716,
						4884678,
						4887550,
						6267463,
						4824553,
						4887227,
						4896597,
						6263735,
						6208584,
						4832023,
						6278915,
						4821268,
						6265146,
						4824417,
						4887555,
						4887502,
						4884126,
						6267714,
						4822625,
						6264283,
						4820491,
						4894502,
						6265299,
						4824245,
						4893443,
						6272102,
						4829192,
						4896612,
						4892864,
						6264982,
						4827549,
						4896745,
						4900205,
						4893674,
						4889549,
						4891274,
						6254844,
						9010333,
						59283693,
						4887409,
						6186534,
						6181422,
						4817738,
						4894228,
						4889469,
						4892830,
						4894054,
						4898109,
						6285146,
						4829815,
						4888331,
						6252952,
						6209311,
						4823132,
						4892747,
						4888977,
						6271673,
						4818607,
						4887052,
						4890686,
						4887465,
						6263492,
						4838396,
						6271016,
						4821782,
						4895695,
						6271486,
						4826816,
						6262172,
						6200450,
						4820150,
						6261785,
						4823080,
						6260963,
						4822846,
						4892125,
						6261176,
						6196180,
						6202377,
						4832447,
						4894592,
						6269158,
						6196677,
						4825777,
						6269041,
						4825184,
						6269603,
						4827721,
						4891274,
						6261919,
						4830046,
						4886999,
						4892890,
						6265265,
						4824299,
						4887682,
						4895753,
						6267581,
						4832246,
						6266694,
						4832748,
						4887221,
						6259809,
						6207474,
						4830202,
						4894748,
						6262112,
						4825681,
						6261840,
						4824321,
						4891159,
						4889253,
						4895284,
						4895747,
						4892202,
						4891757,
						6264748,
						4823913,
						6272231,
						6206616,
						4824942,
						4892045,
						4888853,
						6262557,
						4818234,
						4893053,
						6273784,
						4823796,
						4889138,
						6259142,
						4837667,
						6260058,
						6204828,
						6195798,
						6202038,
						6193195,
						4831602,
						4892523,
						4857119,
						4897292,
						4888529,
						4895863,
						4884912,
						4891482,
						6270478,
						6207492,
						4824017,
						4890299,
						4892649,
						6258062,
						4827646,
						4892798,
						6267781,
						4822481,
						6261937,
						4819321,
						4888276,
						4891313,
						4889893,
						4891347,
						4890821,
						4886242,
						6256748,
						4823427,
						4906798,
						4893196,
						4891593,
						4892237,
						4898747,
						6266596,
						6201168,
						6201027,
						4829577,
						4886396,
						4893331,
						6271826,
						4825523,
						4893994,
						4889749,
						4891562,
						4893265,
						6263460,
						4826647,
						6265663,
						4822773,
						4890518,
						6263351,
						4825783,
						4892418,
						6261195,
						4819060,
						4890739,
						6265633,
						4827189,
						6251294,
						4826541,
						4890418,
						4884976,
						4894324,
						4891553,
						6271046,
						4824712,
						6264386,
						4830583,
						4885236,
						4886622,
						4890259,
						6259392,
						4830709,
						4889844,
						6275033,
						4822921,
						6262885,
						4823395,
						6274304,
						6212446,
						4820441,
						4886869,
						6270620,
						4830638,
						4892379,
						4886543,
						6236110,
						4821514,
						4891355,
						4894751,
						6257677,
						4825950,
						6256297,
						6204249,
						4826865,
						4887593,
						4883748,
						6265519,
						6202839,
						4825762,
						4896554,
						6277900,
						4828686,
						4890065,
						4903060,
						6263069,
						4828417,
						6239371,
						4817759,
						6264806,
						4829835,
						4894158,
						4892634,
						4891526,
						6245421,
						4825760,
						6267986,
						6199214,
						4826098,
						4890611,
						6257285,
						6210965,
						4821009,
						6259289,
						6197225,
						6176670,
						4824933,
						4885080,
						6261532,
						4825866,
						4895444,
						4888310,
						4898262,
						4888963,
						4891000,
						4891630,
						6262326,
						6197737,
						6193088,
						4821012,
						4891402,
						6258682,
						4823813,
						4886321,
						6261435,
						4827958,
						6275581,
						6201884,
						6210610,
						6192806,
						4815501,
						6237795,
						4830741,
						4893202,
						6263631,
						4831721,
						6263821,
						4829526,
						4889631,
						6266311,
						4824112,
						6261293,
						4818359,
						4887743,
						6252078,
						4822914,
						4888750,
						4892473,
						4895533,
						4900327,
						6265227,
						4823092,
						6256607,
						4834449,
						4891878,
						4891272,
						4900714,
						6267066,
						4831356,
						4892516,
						6276948,
						4828405,
						6260837,
						6196211,
						4830098,
						4892225,
						4890256,
						4890855,
						4888681,
						6261999,
						4824448,
						4893652,
						6272817,
						4822014,
						4885595,
						4891363,
						4890744,
						4888015,
						6258696,
						4818474,
						6265074,
						6203741,
						4826697,
						4890406,
						6260654,
						4824508,
						4886844,
						6260452,
						4826478,
						6267444,
						6201031,
						4827922,
						6258487,
						4820444,
						6265618,
						6203274,
						4828319,
						6262635,
						4828353,
						4889904,
						6266153,
						4820877,
						6258353,
						4820431,
						4891116,
						4888690,
						4892212,
						4888078,
						4893376,
						4894786,
						6261431,
						6194861,
						6187270,
						4822405,
						4892803,
						4883529,
						4891517,
						6267933,
						6204711,
						4826078,
						6264886,
						4832130,
						4896784,
						4886917,
						6272869,
						4824792,
						4889926,
						4893119,
						4898281,
						4891512,
						4892186,
						4891012,
						6258556,
						6182686,
						4828732,
						4890271,
						6263325,
						4832072,
						4893206,
						4892779,
						4890514,
						4895232,
						4886088,
						4889762,
						4896047,
						4893954,
						6256380,
						6196157,
						4831312,
						4894813,
						4888670,
						4893245,
						4891936,
						4883005,
						4889252,
						6265755,
						4826374,
						6260289,
						4828387,
						6272261,
						4823374,
						6272127,
						4824943,
						4894439,
						4892801,
						4883584,
						6264781,
						4821584,
						6277974,
						4825694,
						4890984,
						6258431,
						4829474,
						6264375,
						4827289,
						6262714,
						4822626,
						4883067,
						4889597,
						4890075,
						6266716,
						4826985,
						6284041,
						6204434,
						4820897,
						4892639,
						6251408,
						4824507,
						4882224,
						6266746,
						6199207,
						4837972,
						4894783,
						6261270,
						4818232,
						4892826,
						4895715,
						4891549,
						4891783,
						4888890,
						6263604,
						6212898,
						4824094,
						6262122,
						4828094,
						4896353,
						6273469,
						6201540,
						4829060,
						6264086,
						4831184,
						4894063,
						4893246,
						4890973,
						6264706,
						4822158,
						4886312,
						4887744,
						6264374,
						4824657,
						6264505,
						4822415,
						6269233,
						4825363,
						4899628,
						4889945,
						4893466,
						4890115,
						6256399,
						6203502,
						6176664,
						6199450,
						4823726,
						6262845,
						4822673,
						6253876,
						4823327,
						4892803,
						6261475,
						4828659,
						6258968,
						4827591,
						4888823,
						4895851,
						4888099,
						6271007,
						4826518,
						4892599,
						6264658,
						6182917,
						4824332,
						4894583,
						4892977,
						6266056,
						4825490,
						6264706,
						4822284,
						6267259,
						4828047,
						6266301,
						4824814,
						4894945,
						6260739,
						4824818,
						4895698,
						4882296,
						4884653,
						6267017,
						4822685,
						4892435,
						4896045,
						6242917,
						6213098,
						4822461,
						6259242,
						4820921,
						4897996,
						4894391,
						4891325,
						6262420,
						4822501,
						6276797,
						6202079,
						4821147,
						4884737,
						4895384,
						6271929,
						4829589,
						4890308,
						4888653,
						6269046,
						4831098,
						6268760,
						4828174,
						6262907,
						4828184,
						4894367,
						6264022,
						4825608,
						6261684,
						4820453,
						4900767,
						4885922,
						6268497,
						4827052,
						4887633,
						6261039,
						4819548,
						4894735,
						6261098,
						6196797,
						4824032,
						6262284,
						4821916,
						6258613,
						4818376,
						6270950,
						4827197,
						4890993,
						4890693,
						4893257,
						4893096,
						6266095,
						4821729,
						6260336,
						6191101,
						4829136,
						6272146,
						4830851,
						4885894,
						4890081,
						6263527,
						4818411,
						6258872,
						4828047,
						6263201,
						6209765,
						6203304,
						4825884,
						4887641,
						4894078,
						4893166,
						4887187,
						4887507,
						6268467,
						6191190,
						4821470,
						4890878,
						4888794,
						6264501,
						4824580,
						4892713,
						6264297,
						4830640,
						4887544,
						6265367,
						4817228,
						4895024,
						6262008,
						6197242,
						4823289,
						6261365,
						4821703,
						4898306,
						4894263,
						4885681,
						6262828,
						4821241,
						6259060,
						4820976,
						6269826,
						4820685,
						6266548,
						4829494,
						6260112,
						4827983,
						6254777,
						6189950,
						4820747,
						6274089,
						4831911,
						4890306,
						6279994,
						4821724,
						4896645,
						6256975,
						6209141,
						4819416,
						4896244,
						4891664,
						6261616,
						4831352,
						6263076,
						6193588,
						4826713,
						4888370,
						4881737,
						4896044,
						4882516,
						4895296,
						6267148,
						4828458,
						4890309,
						6269809,
						4821909,
						4892504,
						4886665,
						6263351,
						4831055,
						4824667,
						6263068,
						4822106,
						6261646,
						4823048,
						6265993,
						6204886,
						4826866,
						6262960,
						6203882,
						4822795,
						4886203,
						4887094,
						4892407,
						6262271,
						4819408,
						4891280,
						4896092,
						6267221,
						6163700,
						4832273,
						6255619,
						4826048,
						6259639,
						4832775,
						6270298,
						4823550,
						4885124,
						4896939,
						4892466,
						4894367,
						4892480,
						6268535,
						4822961,
						4898410,
						4888661,
						4889606,
						4893421,
						4887690,
						4893195,
						4896047,
						4889771,
						4889199,
						6259398,
						6198830,
						4829485,
						4895954,
						4889297,
						6272273,
						6211001,
						4827551,
						6272350,
						4827173,
						6263041,
						4827443,
						4887274,
						6258686,
						4824355,
						4886114,
						4890128,
						4895819,
						4888366,
						4889704,
						6265969,
						4821341,
						4894058,
						4891864,
						4895280,
						6273508,
						4825715,
						6276173,
						4826747,
						4890492,
						4895960,
						4887242,
						4893871,
						4889837,
						4892151,
						6259199,
						6200306,
						6205149,
						6202331,
						4828237,
						6268320,
						4825758,
						6268780,
						4827826,
						6259592,
						4825495,
						4896576,
						6245576,
						4828519,
						6271059,
						4832263,
						6262515,
						4828092,
						4890363,
						4893856,
						4899528,
						4892277,
						4890301,
						4890765,
						4892166,
						6261592,
						4822887,
						6263880,
						6195801,
						6200321,
						4822105,
						6262773,
						4829722,
						4895090,
						4890967,
						6256868,
						6204708,
						4828227,
						6260176,
						4831246,
						4892304,
						4901270,
						6265758,
						4828152,
						6259195,
						4822330,
						6267441,
						4822020,
						4884476,
						4891046,
						4888917,
						4890704,
						4893424,
						4895901,
						4897389,
						4893913,
						6267529,
						4821938,
						4889656,
						4891522,
						4890864,
						4891527,
						4898009,
						6270160,
						4822650,
						4893821,
						4891214,
						6265910,
						4830007,
						6266161,
						4824735,
						6264803,
						6200275,
						4826260,
						4889345,
						6265174,
						4827248,
						4886151,
						6259112,
						4825447,
						6257217,
						6198388,
						4813089,
						4896100,
						6271391,
						4822171,
						4893733,
						6259479,
						6211635,
						4820222,
						6260018,
						4828074,
						4890490,
						6264996,
						4830012,
						4892389,
						4891868,
						4901680,
						4888032,
						4892997,
						4888910,
						4889042,
						4894348,
						4889259,
						4898149,
						6264805,
						4827819,
						4887069,
						4892372,
						4890305,
						4893949,
						6259701,
						4822876,
						4891062,
						6263022,
						4832076,
						4894870,
						4886500,
						6268525,
						4825606,
						4880642,
						4888486,
						6269541,
						4832026,
						6274305,
						4825183,
						4885048,
						4891710,
						6277415,
						4826225,
						4891506,
						6275434,
						4828871,
						6278339,
						4826506,
						6265712,
						4824159,
						6266511,
						4831039,
						4896759,
						4885844,
						6256095,
						4825453,
						4893248,
						4898757,
						6260258,
						6195360,
						4821010,
						4892443,
						4901643,
						4816764,
						6259427,
						6204122,
						4825347,
						4888469,
						6262633,
						4819200,
						4894797,
						6327245,
						6214913,
						6201569,
						4821342,
						4892534,
						4894833,
						4890545,
						4887116,
						4889706,
						4889568,
						6260578,
						4825146,
						4887754,
						6268335,
						4835833,
						4894061,
						4891202,
						6260334,
						6205655,
						6201761,
						4823323,
						4892425,
						6248816,
						4824052,
						6256316,
						6199027,
						6200508,
						4816954,
						6262647,
						6198001,
						4825273,
						6258535,
						4824815,
						6269077,
						4821639,
						4886348,
						4887183,
						4888835,
						4886806,
						4890740,
						4889703,
						4892138,
						4888834,
						6267059,
						4825812,
						4902986,
						6264143,
						4825205,
						4888409,
						4890299,
						4885749,
						6272121,
						6203320,
						4823198,
						4889285,
						6272902,
						6197969,
						4819081,
						6263479,
						6199939,
						4826317,
						6273002,
						4828263,
						4888133,
						6258513,
						4824113,
						6273021,
						4821343,
						4887534,
						6265548,
						4822026,
						6260059,
						4819605,
						6264658,
						6199501,
						4822133,
						6260868,
						4830251,
						6260738,
						4822095,
						4894481,
						6267559,
						6199659,
						4823194,
						6260072,
						4833428,
						4888467,
						6268693,
						4825936,
						4892519,
						4892086,
						6266349,
						4825417,
						4887783,
						6271187,
						4829702,
						4894351,
						4893474,
						4889546,
						4902860,
						6264772,
						4822473,
						4894125,
						4889413,
						4895978,
						4825695,
						6266889,
						4827486,
						4886960,
						4882979,
						6263072,
						4822630,
						4896765,
						4889130,
						4902306,
						6262105,
						4822797,
						6256156,
						4829565,
						6229552,
						4827505,
						6260589,
						4826646,
						4890883,
						6274358,
						4820058,
						6262724,
						6192100,
						4823952,
						6263648,
						6213137,
						4826628,
						4883467,
						4890135,
						6261070,
						4824587,
						6268340,
						6204806,
						4826951,
						4887217,
						6267749,
						4820304,
						4894258,
						4888115,
						4895337,
						4888865,
						4890922,
						4892526,
						4888147,
						4890810,
						4889977,
						4891117,
						4892820,
						4889996,
						6272909,
						4833188,
						4823716,
						4896182,
						6263161,
						4821419,
						6263065,
						4822083,
						4892665,
						6539833,
						4822808,
						6268189,
						4826271,
						4896051,
						4891220,
						6264055,
						4824936,
						4889515,
						4886789,
						4896274,
						6255345,
						6199373,
						6208927,
						4826841,
						6279723,
						6202260,
						4822704,
						6242914,
						4829080,
						4888959,
						4896444,
						4900389,
						6257724,
						6177585,
						4827707,
						4891651,
						4888506,
						4888361,
						4892606,
						6266412,
						4836055,
						6264450,
						4819962,
						4892793,
						4888400,
						4894160,
						6264344,
						4827247,
						4894125,
						6263432,
						6194851,
						4831081,
						6264511,
						4831669,
						6261597,
						4828269,
						6261123,
						4831562,
						4902028,
						6233511,
						4832313,
						4887297,
						6256592,
						4826501,
						4894732,
						6272214,
						6200199,
						4823090,
						4891333,
						6259835,
						4835871,
						4894274,
						6265385,
						4822650,
						6262165,
						4820675,
						4885814,
						6265004,
						4823582,
						4893684,
						6258302,
						4823810,
						4900399,
						4889956,
						6320076,
						4829922,
						4891105,
						6267497,
						4825968,
						4888262,
						6257393,
						4822859,
						6251991,
						6178281,
						6202399,
						6201185,
						6208522,
						6212623,
						4818771,
						4892273,
						4903528,
						4893899,
						4890810,
						6254152,
						4830127,
						4892507,
						4897504,
						4885882,
						4892000,
						4899614,
						6258823,
						4822965,
						6274440,
						6207213,
						4834692,
						6271734,
						6203761,
						4824911,
						4892359,
						4895961,
						4903926,
						6265756,
						4822871,
						4892862,
						6265869,
						4829000,
						4893608,
						4885320,
						4893088,
						6265912,
						4820076,
						4890002,
						4882383,
						6265175,
						4825635,
						4891820,
						4889988,
						4896219,
						6270081,
						4825222,
						4884687,
						4891367,
						4889183,
						4892197,
						4884146,
						6271318,
						4824463,
						4895894,
						4886696,
						4884859,
						4893265,
						6261935,
						4820606,
						6285955,
						4820411,
						6262967,
						6201306,
						4822996,
						4890350,
						4890057,
						4886578,
						6250456,
						4827500,
						6271779,
						4823989,
						4894051,
						6258487,
						4824441,
						4883618,
						6266588,
						4828337,
						6261283,
						6208122,
						4818077,
						6261203,
						6211372,
						6206624,
						4819829,
						4890007,
						4882891,
						4890164,
						6265621,
						4874662,
						6278014,
						4825922,
						6270769,
						6194739,
						4821423,
						6266304,
						4816473,
						6266773,
						4819446,
						6260597,
						4824795,
						6275988,
						6202307,
						4821180,
						6260890,
						4818632,
						6266350,
						6200713,
						4820235,
						4891956,
						6269385,
						6207448,
						4822509,
						6260234,
						4828461,
						4885119,
						4885322,
						4904310,
						4891545,
						4888139,
						6265375,
						4822774,
						6264884,
						4827574,
						6268715,
						4828809,
						4894502,
						6264537,
						4827355,
						4888304,
						4889988,
						4899772,
						4891098,
						6263251,
						4825330,
						4890043,
						6259609,
						6207064,
						4820322,
						4894513,
						4887798,
						6263271,
						4830570,
						4889192,
						4890523,
						4887347,
						6257691,
						4824335,
						4894860,
						4889099,
						6260722,
						6201498,
						4827904,
						6266252,
						4827112,
						4896223,
						6261988,
						4826193,
						6268036,
						4821774,
						4888433,
						6262409,
						4817076,
						6256625,
						6196107,
						4819461,
						4891106,
						6263683,
						4825516,
						6265388,
						4822502,
						4890302,
						4888195,
						6259776,
						4826158,
						4895228,
						4887691,
						6274536,
						4833518,
						6268753,
						4823793,
						4881647,
						4894229,
						6259775,
						4823366,
						4894673,
						4884310,
						4889997,
						4893123,
						4892687,
						6259915,
						4835054,
						4890414,
						6290495,
						4821546,
						4891755,
						4893717,
						6269467,
						6211844,
						4830628,
						4885274,
						4891825,
						6266371,
						4825327,
						4898690,
						6262617,
						6193967,
						6208931,
						4828647,
						6254425,
						6194980,
						4828181,
						6260332,
						6210238,
						6203473,
						4830914,
						6279000,
						6205840,
						6203854,
						6202467,
						6202473,
						6200460,
						6211521,
						6201285,
						6204852,
						4826183,
						4890605,
						6272477,
						4825019,
						4889936,
						6268091,
						4827585,
						6267523,
						6199976,
						6204518,
						6201999,
						4820966,
						4894212,
						6262143,
						4830024,
						4883024,
						6268117,
						4825409,
						4891650,
						4891082,
						6268720,
						4823262,
						6266402,
						4819317,
						4890200,
						6268592,
						6185904,
						4824357,
						6259756,
						4819053,
						6266572,
						4820528,
						4889227,
						4899383,
						6262725,
						4829833,
						6256898,
						4825197,
						4886022,
						6266664,
						4827364,
						6260427,
						4819004,
						4883898,
						6258819,
						4826660,
						4886331,
						4897570,
						4893433,
						4890483,
						4885727,
						4892660,
						4899454,
						4892517,
						4824273,
						4887600,
						4890218,
						6259922,
						4819625,
						6263675,
						4830326,
						4893926,
						6262957,
						6197460,
						4821237,
						4888663,
						4905187,
						4892489,
						6264861,
						4827373,
						4894079,
						4883442,
						6263465,
						4824442,
						4887520,
						4891043,
						4889770,
						6263398,
						4828147,
						6266074,
						4828154,
						4887868,
						4889521,
						4891052,
						6263643,
						4826946,
						6263717,
						4820526,
						4890658,
						4886806,
						6252194,
						4825837,
						4888118,
						6267170,
						4826447,
						6259129,
						4821093,
						4896603,
						4889150,
						4901927,
						6278071,
						4824069,
						4886683,
						4890727,
						6259951,
						4827827,
						4890865,
						4894490,
						4885484,
						4892371,
						4890800,
						4884312,
						4894818,
						4886672,
						4898824,
						4884935,
						4886628,
						6265790,
						4832642,
						4885087,
						4890507,
						4894156,
						6264478,
						4817674,
						6264666,
						4822970,
						4891416,
						4887832,
						4890917,
						4890167,
						4893320,
						4890573,
						6264113,
						4822000,
						4892311,
						6252023,
						4827862,
						6269306,
						4823968,
						4897016,
						4886386,
						6273432,
						6197000,
						4831448,
						6263067,
						6193159,
						6199115,
						4821636,
						6278054,
						4828379,
						4892922,
						4894216,
						4894312,
						6267979,
						6200597,
						4829816,
						4887017,
						6281998,
						4821304,
						6265940,
						4826673,
						6272671,
						4818789,
						6265349,
						4830465,
						4883765,
						4891123,
						4890559,
						4889921,
						4882197,
						4838971,
						6270653,
						6207109,
						4820004,
						4894211,
						4897350,
						4894346,
						4897598,
						6205218,
						6192526,
						4824836,
						4890717,
						6264377,
						4818644,
						4884769,
						4892978,
						4888063,
						6268957,
						4827087,
						6259450,
						4820115,
						4890842,
						4894688,
						6267208,
						4824688,
						6262005,
						4822285,
						4889125,
						4890780,
						6265127,
						4821472,
						4891313,
						4892958,
						4893460,
						4892372,
						4891444,
						6272380,
						6205973,
						4825323,
						6265979,
						4824801,
						4889410,
						6264287,
						4827510,
						6262633,
						4827525,
						6265761,
						4828197,
						6268659,
						4821329,
						4895367,
						4887475,
						6262928,
						4823982,
						4889214,
						4893378,
						4895429,
						4893190,
						6266045,
						4818255,
						6244249,
						4823754,
						6267825,
						4821178,
						6275613,
						6199924,
						4825294,
						4899060,
						6270944,
						4825298,
						4891621,
						6259295,
						4821091,
						6264496,
						4818226,
						4891138,
						4892799,
						4891266,
						4895860,
						4892396,
						6256291,
						6198967,
						4821127,
						4886894,
						4894094,
						6261759,
						6178521,
						4828236,
						4888874,
						4892295,
						6271511,
						6202910,
						4822822,
						4889820,
						6287119,
						4830076,
						4909085,
						4893682,
						4883845,
						4880989,
						4883635,
						4886544,
						4895261,
						4893296,
						4889509,
						4893427,
						4896912,
						6266216,
						4826997,
						4888046,
						4891072,
						6264488,
						4824583,
						6260339,
						4824786,
						6268942,
						4820144,
						4889452,
						6258737,
						4818587,
						6261559,
						6194111,
						6199758,
						4829387,
						4896462,
						6263130,
						4822572,
						6268266,
						4832318,
						4883712,
						4889053,
						4890555,
						6255815,
						6203707,
						4826475,
						6267627,
						4825022,
						6260836,
						4823721,
						4893585,
						4893892,
						6262342,
						4824005,
						4894867,
						4895452,
						4892348,
						4891670,
						4891593,
						6258014,
						6194303,
						6201468,
						4822351,
						4889062,
						4884180,
						4892702,
						6262562,
						4824742,
						4889381,
						6261279,
						6198225,
						4822585,
						6266568,
						4831388,
						4886316,
						4884423,
						6270825,
						4822847,
						4891252,
						6271685,
						4824235,
						6253157,
						4829464,
						4888293,
						4892068,
						4885891,
						4893223,
						6266667,
						6222711,
						4824481,
						6265716,
						6190487,
						4826803,
						4889917,
						6257091,
						4815149,
						4890807,
						4917282,
						4894397,
						4888299,
						4888339,
						4895926,
						6256023,
						6203121,
						4824582,
						4893420,
						4901629,
						6266347,
						4828186,
						4893619,
						4887465,
						4891114,
						4891826,
						6261058,
						6205476,
						4823705,
						4895617,
						6253537,
						4825014,
						4896260,
						4882254,
						4897130,
						4898884,
						4893872,
						4892825,
						4892822,
						4889051,
						4892166,
						6267142,
						4829322,
						6271214,
						4822632,
						4892947,
						6277371,
						6204227,
						4823655,
						6260300,
						4833329,
						4897148,
						4900010,
						4898280,
						6259593,
						6198272,
						6200875,
						4827274,
						4894889,
						6263345,
						6209399,
						4822119,
						6259279,
						4818304,
						6263567,
						4821713,
						4883942,
						6252109,
						4823793,
						6255866,
						4820836,
						4892337,
						4885108,
						6255486,
						4818143,
						6266190,
						4825410,
						6265198,
						4827716,
						4895300,
						6259799,
						6202699,
						4823215,
						6272430,
						4828084,
						6256545,
						4827273,
						6266737,
						4818051,
						6264178,
						4826176,
						6262784,
						4823458,
						4888345,
						6267551,
						4817971,
						4885980,
						6261372,
						4822152,
						4885560,
						4884059,
						4895090,
						6274776,
						6199295,
						6206302,
						4826097,
						4888234,
						4894533,
						6273317,
						4819957,
						6256838,
						4824499,
						6268050,
						6205681,
						4826389,
						4894258,
						4892316,
						6243115,
						6205486,
						4824014,
						6275015,
						6222016,
						4828253,
						4889754,
						6274079,
						4827553,
						4892362,
						6260096,
						4826600,
						4893855,
						4895018,
						6276671,
						6202214,
						6205740,
						6193103,
						4825074,
						6262690,
						4824596,
						6274964,
						4824808,
						6264625,
						4820619,
						4895262,
						6275352,
						4824594,
						4890504,
						6262417,
						4823619,
						4890991,
						6254442,
						4824736,
						4895098,
						6264749,
						4821984,
						6267539,
						6204445,
						6198702,
						6204730,
						4824186,
						4892156,
						4891949,
						6265271,
						4821052,
						6265270,
						4826042,
						4889178,
						4885373,
						6267940,
						4827347,
						4890072,
						4890270,
						4887959,
						4903621,
						4889517,
						4888501,
						4889076,
						4889386,
						4897069,
						4886674,
						4898279,
						4888275,
						6371579,
						4828292,
						4892487,
						4888202,
						4896200,
						4884712,
						4890801,
						4892760,
						4891045,
						4881964,
						4886908,
						4892636,
						4894296,
						6280441,
						4826830,
						6265459,
						4827813,
						6256048,
						4818469,
						6268210,
						6427706,
						4827435,
						6258336,
						4830271,
						6264486,
						6209275,
						4830573,
						4892130,
						4882020,
						4882181,
						4894574,
						6266045,
						4825303,
						4889303,
						6266314,
						6213858,
						4829288,
						6267798,
						4822374,
						4887557,
						6255667,
						4828335,
						4883433,
						4889436,
						6269749,
						4822738,
						4888939,
						4892064,
						6262885,
						4820751,
						4895522,
						6277153,
						4827896,
						4884356,
						4889848,
						4891372,
						6261675,
						4829434,
						4894214,
						6263808,
						4817956,
						6258358,
						4818190,
						4893348,
						4893158,
						6313673,
						4819299,
						4884975,
						4891123,
						6258882,
						6163083,
						4829375,
						4892068,
						4891099,
						6263890,
						4820236,
						6272983,
						4823062,
						4885043,
						4888793,
						6264998,
						4827905,
						6273872,
						4826539,
						6276070,
						4825553,
						4894907,
						4892397,
						4892774,
						6257284,
						4827315,
						4893104,
						6272003,
						4817999,
						4891250,
						6262004,
						4830395,
						6270068,
						4833948,
						4902284,
						4886903,
						6250842,
						4825398,
						6257567,
						4824539,
						4893958,
						6264944,
						6205740,
						6210715,
						4822777,
						6260503,
						4822975,
						4892410,
						4890185,
						4892164,
						4897574,
						6251374,
						4831540,
						4896767,
						4892338,
						4884083,
						4897515,
						6254985,
						6206881,
						4824372,
						4886655,
						4886532,
						4887088,
						6268322,
						4824633,
						6280721,
						4818615,
						6263330,
						4827265,
						6238494,
						4824163,
						6263951,
						6199152,
						4831518,
						4877852,
						6276771,
						4827775,
						6263242,
						4824552,
						4909034,
						4886677,
						6260251,
						4826248,
						4897899,
						4898198,
						6300422,
						4821870,
						6264661,
						4825996,
						4895241,
						6265883,
						6192983,
						4828335,
						4898071,
						4889537,
						4892423,
						6269422,
						6206924,
						4825890,
						6265459,
						4824696,
						4888525,
						4885223,
						4897950,
						4885462,
						4890646,
						6261047,
						4822097,
						4889695,
						6264860,
						4827249,
						6256071,
						4823510,
						4889115,
						4889800,
						6268080,
						4829256,
						4886627,
						4888741,
						4895734,
						6266487,
						4826271,
						6258837,
						6198242,
						6199171,
						4823855,
						6263663,
						6190198,
						4827547,
						6274421,
						4826125,
						6261225,
						6197280,
						4823232,
						4895381,
						6272003,
						4832110,
						4893849,
						6277200,
						4824996,
						4897821,
						6255428,
						4834961,
						4886124,
						6255735,
						4819990,
						4896637,
						4890900,
						6266649,
						4833139,
						6267848,
						6208147,
						4828798,
						4892898,
						4897352,
						4893692,
						6270956,
						4828892,
						4894266,
						4893064,
						6267413,
						6196984,
						6203468,
						6203264,
						4823206,
						4890266,
						4897859,
						6267174,
						4824121,
						4893813,
						4892680,
						6268533,
						4841181,
						4897811,
						4905107,
						4902791,
						4885626,
						4897790,
						6252177,
						4828072,
						6261259,
						4829900,
						6259820,
						4821862,
						4890816,
						4894634,
						4892177,
						4888554,
						4890320,
						6260672,
						4819714,
						4889809,
						4896000,
						4894774,
						6258832,
						4831569,
						4889185,
						6264493,
						6197137,
						4824362,
						6262884,
						6203229,
						4826690,
						4894349,
						4892337,
						4891573,
						4898535,
						4890846,
						6266006,
						4819569,
						4889773,
						6269076,
						4829120,
						4891816,
						4887523,
						4829217,
						4890688,
						6259873,
						4825174,
						4897387,
						4886647,
						4883821,
						4901524,
						4891787,
						4888137,
						4887892,
						4889727,
						4895586,
						4893194,
						4899850,
						6255654,
						4823614,
						4891250,
						4894362,
						6344730,
						4836718,
						4887289,
						6265206,
						4826154,
						4891924,
						6261899,
						6197533,
						4821323,
						6262885,
						4828294,
						6260657,
						4820464,
						4893505,
						6252575,
						4828943,
						4893975,
						4883858,
						6271365,
						4822993,
						4886151,
						4891467,
						4899697,
						6266726,
						4829697,
						6265526,
						4828850,
						4889318,
						4890430,
						6267331,
						4819496,
						4891091,
						4886963,
						4892226,
						6268276,
						4829433,
						6259626,
						4822304,
						4900281,
						4895845,
						4892512,
						6260464,
						4825135,
						6256984,
						4823306,
						4891263,
						4890863,
						6261576,
						4831273,
						4892301,
						6273334,
						6204003,
						4824847,
						6240019,
						6201260,
						4818949,
						4890569,
						4889959,
						4886541,
						6272302,
						6208537,
						6206254,
						6204402,
						4828506,
						4894582,
						4890724,
						6284020,
						4826039,
						4889183,
						6268268,
						4824598,
						4887120,
						6255804,
						4821353,
						4898325,
						4884533,
						6264639,
						6207083,
						6183843,
						4825463,
						4889885,
						6271433,
						4832003,
						4895551,
						6268474,
						4820362,
						4885041,
						4884706,
						4897417,
						4887107,
						6260144,
						4824840,
						6265311,
						4830228,
						6264514,
						4825500,
						4888407,
						6259077,
						4822591,
						6262103,
						4826507,
						4902211,
						4890710,
						6258864,
						6208730,
						6203982,
						4819797,
						4891887,
						4895306,
						6264857,
						4819373,
						4886396,
						6256642,
						6204448,
						4818431,
						6254021,
						4825606,
						6238233,
						4834778,
						4893878,
						6261626,
						6207604,
						4829061,
						6234186,
						4822934,
						6266688,
						4831320,
						4887421,
						4894743,
						4888446,
						6263900,
						4825708,
						4895667,
						6247858,
						6197258,
						4834451,
						6263979,
						6201974,
						4818513,
						6270183,
						4822213,
						6266242,
						4817512,
						4886926,
						4894247,
						4892723,
						4895842,
						4894919,
						4905847,
						6275814,
						4823737,
						4891090,
						4890204,
						4890251,
						6268274,
						4828893,
						4888976,
						4891062,
						4892829,
						6269441,
						4823113,
						4894512,
						4887318,
						4888361,
						4899871,
						4885695,
						4890239,
						6273756,
						4820913,
						4892634,
						6262892,
						4821740,
						4893074,
						4893990,
						4892823,
						6262869,
						4817768,
						6264561,
						4826099,
						6262706,
						4828547,
						6255521,
						4824065,
						4890027,
						4887435,
						4892099,
						4892300,
						4893714,
						6264657,
						4831375,
						6265114,
						4817620,
						6268027,
						4823474,
						4888268,
						4892709,
						4902259,
						4887389,
						6271878,
						4823448,
						6263661,
						4822222,
						6260286,
						4822125,
						6268941,
						4822020,
						4894587,
						4890927,
						4888812,
						6258824,
						4818735,
						4890130,
						4897095,
						4899435,
						6257350,
						4826954,
						6266107,
						4828552,
						6266032,
						4825660,
						6264283,
						4822121,
						6280962,
						4829242,
						6265740,
						4829327,
						6264379,
						4820015,
						4896696,
						6271034,
						4827104,
						4889272,
						6268530,
						4824729,
						4891994,
						4894577,
						6269607,
						4826716,
						4889495,
						4892133,
						4894036,
						6258624,
						4822190,
						4886801,
						4884797,
						4888969,
						6267673,
						4823714,
						4888275,
						4898172,
						6268788,
						4823598,
						4886680,
						4896741,
						4890963,
						4883650,
						6258712,
						6203452,
						4824509,
						4890448,
						6265687,
						4824794,
						4889865,
						4893257,
						6268790,
						4825700,
						4893465,
						4895219,
						6260655,
						4822687,
						6251832,
						6202199,
						4829926,
						6270953,
						4830624,
						6269582,
						4823159,
						6265126,
						4825580,
						4889123,
						6255708,
						4825797,
						4892450,
						4894881,
						4893432,
						6267428,
						4815836,
						4886833,
						6273312,
						6201973,
						4827327,
						6269327,
						4829725,
						6266173,
						4821162,
						6267273,
						4826092,
						6270951,
						4825576,
						6263643,
						4829549,
						6259623,
						6206443,
						6206469,
						4823488,
						4888053,
						4896625,
						4896373,
						6268368,
						4835316,
						4883364,
						4891667,
						6262848,
						6205541,
						6207303,
						4825593,
						4895793,
						6263041,
						6188872,
						4827669,
						4891897,
						4890290,
						4902280,
						4893527,
						4885735,
						4887850,
						6269961,
						4823894,
						6264161,
						4826102,
						4894529,
						4889190,
						4889878,
						6262943,
						4822446,
						4890191,
						6263177,
						4827870,
						6259872,
						4824856,
						6266427,
						4827408,
						4896141,
						6254352,
						4832475,
						4888739,
						4895599,
						6256195,
						4824451,
						4892924,
						6260844,
						4828359,
						4892190,
						4890543,
						4886669,
						4892537,
						4893669,
						4881197,
						6267305,
						4826434,
						6271794,
						4819977,
						6265568,
						4829342,
						6263927,
						6197628,
						6210306,
						4824678,
						6257085,
						4820772,
						4889967,
						4888251,
						4894897,
						4888502,
						4898448,
						6267381,
						6190389,
						4821091,
						4886497,
						4897484,
						4890703,
						4885501,
						4892071,
						4888697,
						4898269,
						4889718,
						4895648,
						4889523,
						4889182,
						6270309,
						4832946,
						4885826,
						6277657,
						4827807,
						4894072,
						6271083,
						4821316,
						6266949,
						4834670,
						4886769,
						4899097,
						4894032,
						4894734,
						6277643,
						4829219,
						4896234,
						4835008,
						9037614,
						6211662,
						4834257,
						4910428,
						5986024,
						4900771,
						4895159,
						4904465,
						4890237,
						4889563,
						4896534,
						6275718,
						4830228,
						4892178,
						4896022,
						6282851,
						4831171,
						4897393,
						4887140,
						6253002,
						6204632,
						6202154,
						4827480,
						6257583,
						4825727,
						4891279,
						6266330,
						4817964,
						6263186,
						4825991,
						4893910,
						4895654,
						4895745,
						4889199,
						4892089,
						4903625,
						6268061,
						6200625,
						4819505,
						4892725,
						6269764,
						4826372,
						4889111,
						4895361,
						4890928,
						6261351,
						4830388,
						4887358,
						6258088,
						4825188,
						6262871,
						6207146,
						4817271,
						6262444,
						6199075,
						4828590,
						4889397,
						4892135,
						4889908,
						4893090,
						4902723,
						4895117,
						4901956,
						6261003,
						4826774,
						4893540,
						4891666,
						4901602,
						4896488,
						4904210,
						4900135,
						4823553,
						4827618,
						6270242,
						4826873,
						4895831,
						4889657,
						7572348,
						6214461,
						4821612,
						4906229,
						6260369,
						4831564,
						4884522,
						4888167,
						4893769,
						4895559,
						4895793,
						6272921,
						4821466,
						4902617,
						4886579,
						4894856,
						4883087,
						4888121,
						4891300,
						6259909,
						4821537,
						4886114,
						6263388,
						4826645,
						6268930,
						6201803,
						4831086,
						4890966,
						6267508,
						6204450,
						4834078,
						6257722,
						6188737,
						4820839,
						6265444,
						4822684,
						6262906,
						4830126,
						4898101,
						4896449,
						4888436,
						6282098,
						4826710,
						4893661,
						4891861,
						4889318,
						6276884,
						4823025,
						4897240,
						4890108,
						4886512,
						4880648,
						4887307,
						4906135,
						6268285,
						4831094,
						6262409,
						6200474,
						6206004,
						4824652,
						4886935,
						4884472,
						6275930,
						4823631,
						4890509,
						6253076,
						4825371,
						4890493,
						4890845,
						6259857,
						4817002,
						4894749,
						6254723,
						4825509,
						4885856,
						6265571,
						4821578,
						6258423,
						4820330,
						4887112,
						4888509,
						6266118,
						4822264,
						4889993,
						6266101,
						4821642,
						4888420,
						6273070,
						4826046,
						6265302,
						4823627,
						4893658,
						6274163,
						4821285,
						6269704,
						4824546,
						4892340,
						4889607,
						6251626,
						4828456,
						4889649,
						6270832,
						4818002,
						4890167,
						4897157,
						4898222,
						6266280,
						4826186,
						4887844,
						6261612,
						4829996,
						4891427,
						4892047,
						4894656,
						6267124,
						4825307,
						6266462,
						4831501,
						6268443,
						4827187,
						4897575,
						4896549,
						6265760,
						4823092,
						4884258,
						6265159,
						6208681,
						4826877,
						4886082,
						6263679,
						6202010,
						4821164,
						4890418,
						4891035,
						4891705,
						6266210,
						4827053,
						4892322,
						6258494,
						4819058,
						6267202,
						4826285,
						4893983,
						4888584,
						4886870,
						4891331,
						4893717,
						6265934,
						4824426,
						4891014,
						4883982,
						6264468,
						4824187,
						4899746,
						6268410,
						4831541,
						4894066,
						4894060,
						6276869,
						4823197,
						4888952,
						4888871,
						6264683,
						4822304,
						6268446,
						4827763,
						6251380,
						4827036,
						6279878,
						6193689,
						6196245,
						6197447,
						4822874,
						4887996,
						6261158,
						4820004,
						4891093,
						6272897,
						4822713,
						4891605,
						4887095,
						4889169,
						4894872,
						4889437,
						6260900,
						6215376,
						6197578,
						4819626,
						4900698,
						4888213,
						6268456,
						4827886,
						4888830,
						6263534,
						4815136,
						6279681,
						4831375,
						6284155,
						4823784,
						6264142,
						6196618,
						6203454,
						6198930,
						4823815,
						4892926,
						4895123,
						6264857,
						4819288,
						6272904,
						4820687,
						4895504,
						4896073,
						4882238,
						6264055,
						4832889,
						6261411,
						4824946,
						6257181,
						6204304,
						4824400,
						6265622,
						4820907,
						6246137,
						4822916,
						6259764,
						4825252,
						6266661,
						6198060,
						4832166,
						4888027,
						4885105,
						6266572,
						4827585,
						6261154,
						4826930,
						6269093,
						4822889,
						4893401,
						6259990,
						6203374,
						4832156,
						4892026,
						4890143,
						6264699,
						4825561,
						4894215,
						4884241,
						4895855,
						4891931,
						6264139,
						4829601,
						6244713,
						6187712,
						4824627,
						4890512,
						6246720,
						4826592,
						6266606,
						4821557,
						4901526,
						4897284,
						4887279,
						4891942,
						4895766,
						4896427,
						6255541,
						4820514,
						4900371,
						6262012,
						4823057,
						4892973,
						6259761,
						4825351,
						4889978,
						4887802,
						6267594,
						4823600,
						6255400,
						4825195,
						4884102,
						6268769,
						4827210,
						6281811,
						4828106,
						6266483,
						4824396,
						6274808,
						4830805,
						4890190,
						4890923,
						4888062,
						6272467,
						4825017,
						4889655,
						4891899,
						4892603,
						6258873,
						4819039,
						6254844,
						4821773,
						6265202,
						4825995,
						6265494,
						4824970,
						4884955,
						6270716,
						6200003,
						4824931,
						4891130,
						6262640,
						4822028,
						4894238,
						4886829,
						6265416,
						6207899,
						4821179,
						6264926,
						4832683,
						6257788,
						6191985,
						4825644,
						6267603,
						4819237,
						4866484,
						4898153,
						4892198,
						4897318,
						6269114,
						4829762,
						4891196,
						6263602,
						6201027,
						6198405,
						4828645,
						6262158,
						4826938,
						6262005,
						4829194,
						4892025,
						6246917,
						4824816,
						6267236,
						4826705,
						4892310,
						6276743,
						4826660,
						6262517,
						4825950,
						4899626,
						6218117,
						4828159,
						6268784,
						4823332,
						4893509,
						6264864,
						4827473,
						6252670,
						4828278,
						4893098,
						6261472,
						4818610,
						6266197,
						4825232,
						4890505,
						4887895,
						6282561,
						4825560,
						4897713,
						6254895,
						6195268,
						4823032,
						4894178,
						4885282,
						4892686,
						6259120,
						6203388,
						4822256,
						6272214,
						4826257,
						6264023,
						6204000,
						6191363,
						4824097,
						6266480,
						6195648,
						6202862,
						6205608,
						4825355,
						6261445,
						4827446,
						6272526,
						4832169,
						4891604,
						4895701,
						4888301,
						4898822,
						4890019,
						4884677,
						4890899,
						4896502,
						4893288,
						6267491,
						4825173,
						4894004,
						4891531,
						4893814,
						4886954,
						4905544,
						4893243,
						4901845,
						4893021,
						6262684,
						4826103,
						4886307,
						4893531,
						4889356,
						4885818,
						4892998,
						4892512,
						4893013,
						6270389,
						6202129,
						4818545,
						4885631,
						6262012,
						4826908,
						4897142,
						6267353,
						4824220,
						4889278,
						6266996,
						4824322,
						6250475,
						4826208,
						6260894,
						4828373,
						4888031,
						4887223,
						6273822,
						4828693,
						4892805,
						4896944,
						4897741,
						4884137,
						4889687,
						6253732,
						4822349,
						6266020,
						4824631,
						4889316,
						4885843,
						6259561,
						4825302,
						6270363,
						4821102,
						6260256,
						4826505,
						6258646,
						4826289,
						6275183,
						4830046,
						6272092,
						4821390,
						6270057,
						4823551,
						6253909,
						4819411,
						4890732,
						4897199,
						4891363,
						6257218,
						6209418,
						4821081,
						4902254,
						6260878,
						4830950,
						6262795,
						4822089,
						6259927,
						4840515,
						6271330,
						4827870,
						6266600,
						6198144,
						4824579,
						4825303,
						6257555,
						4827574,
						6255759,
						4817987,
						4893708,
						6257231,
						4819890,
						4894431,
						6270837,
						6196077,
						4822604,
						4893674,
						4891574,
						4886438,
						4888649,
						4899904,
						4887202,
						6261186,
						4824612,
						4898105,
						6267400,
						6211540,
						4821614,
						4898770,
						6262774,
						4824108,
						4894931,
						6264875,
						4825768,
						6259694,
						6204650,
						4826103,
						6267739,
						4828678,
						4888950,
						4891667,
						6269428,
						4828328,
						6266384,
						4824104,
						4892587,
						4891761,
						6260547,
						4816391,
						4893808,
						6256630,
						6204401,
						4822730,
						4895878,
						4892485,
						4892332,
						4891957,
						4897662,
						4882264,
						4891560,
						4894260,
						6264897,
						4821160,
						6266716,
						4820147,
						6267708,
						4819514,
						4895624,
						6261740,
						4834677,
						6255400,
						4826570,
						4895229,
						4891032,
						6268943
					],
					"standAloneTotalLatency(us)" : 4809,
					"type" : "basic"
				}
			],
			"clientName" : "resnet152_be"
		},
		{
			"analyzers" : 
			[
				{
					"avgCopyInputLatency(us)" : 22,
					"avgCopyOutputLatency(us)" : 5,
					"avgInferLatency(us)" : 1118,
					"avgPostprocessLatency(us)" : 2,
					"avgPrepareInputLatency(us)" : 0,
					"avgPreprocessLatency(us)" : 254,
					"avgThroughput(req/s)" : 99.983333333333334,
					"avgTotalLatency(us)" : 1403,
					"avgTotalLatencyIncrease(us)" : 18,
					"completedRequests" : 5999,
					"latencyDefinition" : "sum_of_original_six_recorded_stages",
					"requestLatencyNs" : 
					[
						1443722,
						1398873,
						1399718,
						1402653,
						1399988,
						1405382,
						1399860,
						1408819,
						1401787,
						1399966,
						1401051,
						1399951,
						1402166,
						1399903,
						1404513,
						1401169,
						1397394,
						1401190,
						1401624,
						1399176,
						1412161,
						1401810,
						1425467,
						1399110,
						1400629,
						1407056,
						1398125,
						1404727,
						1398385,
						1401601,
						1402931,
						1401396,
						1401371,
						1401449,
						1401562,
						1399298,
						1399774,
						1405986,
						1396232,
						1401670,
						1405403,
						1402953,
						1400246,
						1403841,
						1398965,
						1399309,
						1409632,
						1402206,
						1400979,
						1396324,
						1398650,
						1404344,
						1403223,
						1402512,
						1399852,
						1400258,
						1401976,
						1403753,
						1402167,
						1402298,
						1406562,
						1404255,
						1401630,
						1403972,
						1400514,
						1405481,
						1410129,
						1403051,
						1400968,
						1401609,
						1400815,
						1401740,
						1408193,
						1412436,
						1401185,
						1402839,
						1396775,
						1403684,
						1403110,
						1402832,
						1400856,
						1411276,
						1399698,
						1399161,
						1398711,
						1403734,
						1404422,
						1401238,
						1402308,
						1402289,
						1404397,
						1398575,
						1407414,
						1399451,
						1404802,
						1397579,
						1399428,
						1401080,
						1401880,
						1400200,
						1403459,
						1400076,
						1399009,
						1402825,
						1402337,
						1402275,
						1399028,
						1401168,
						1402518,
						1400107,
						1406636,
						1403006,
						1399720,
						1402263,
						1399704,
						1398645,
						1404454,
						1395233,
						1403795,
						1401778,
						1397671,
						1401976,
						1402632,
						1403526,
						1401905,
						1404285,
						1400055,
						1403733,
						1401442,
						1397623,
						1400411,
						1398466,
						1403919,
						1402648,
						1409959,
						1406132,
						1404111,
						1399476,
						1402103,
						1401576,
						1399788,
						1399924,
						1404794,
						1403419,
						1399052,
						1402097,
						1397928,
						1405415,
						1399726,
						1398495,
						1406198,
						1402091,
						1407144,
						1401684,
						1399949,
						1398219,
						1403442,
						1401733,
						1404754,
						1399062,
						1407376,
						1404849,
						1400822,
						1404196,
						1399827,
						1416396,
						1398439,
						1397702,
						1401184,
						1404296,
						1403355,
						1402403,
						1399640,
						1403932,
						1403734,
						1401546,
						1403429,
						1399172,
						1400714,
						1400380,
						1409970,
						1406784,
						1402144,
						1402242,
						1400756,
						1400384,
						1399571,
						1399610,
						1404982,
						1398924,
						1398153,
						1403486,
						1407125,
						1400900,
						1398653,
						1396158,
						1409560,
						1412724,
						1403784,
						1401094,
						1398479,
						1400579,
						1399652,
						1398111,
						1398130,
						1407859,
						1398600,
						1416706,
						1401111,
						1413233,
						1402120,
						1402738,
						1402111,
						1401619,
						1400880,
						1413269,
						1404793,
						1407506,
						1400194,
						1404241,
						1405876,
						1402223,
						1401001,
						1402888,
						1404872,
						1403651,
						1400360,
						1407022,
						1388241,
						1399659,
						1400114,
						1399929,
						1402173,
						1399661,
						1403435,
						1401669,
						1400193,
						1407263,
						1401551,
						1400142,
						1399005,
						1409157,
						1401380,
						1402254,
						1397830,
						1402333,
						1401277,
						1399840,
						1399577,
						1402872,
						1402096,
						1400604,
						1402056,
						1402723,
						1402090,
						1403339,
						1404464,
						1409882,
						1403620,
						1401430,
						1399781,
						1402997,
						1399418,
						1401386,
						1401584,
						1409097,
						1403340,
						1400792,
						1408024,
						1405381,
						1404478,
						1403148,
						1400807,
						1402455,
						1400852,
						1405639,
						1400816,
						1398122,
						1400958,
						1399863,
						1404826,
						1408925,
						1397016,
						1400331,
						1398048,
						1401879,
						1404092,
						1398448,
						1405966,
						1407970,
						1400843,
						1402363,
						1406258,
						1396821,
						1405099,
						1407746,
						1400921,
						1404122,
						1415291,
						1402611,
						1406045,
						1413051,
						1401416,
						1400997,
						1402262,
						1417860,
						1414695,
						1405149,
						1401613,
						1400007,
						1404282,
						1404219,
						1400694,
						1402912,
						1405605,
						1401992,
						1401684,
						1398225,
						1404470,
						1407406,
						1403539,
						1403721,
						1399866,
						1403748,
						1403703,
						1403944,
						1397525,
						1400193,
						1401720,
						1408538,
						1396916,
						1402894,
						1403083,
						1400648,
						1402782,
						1401847,
						1403651,
						1399168,
						1403568,
						1401183,
						1402042,
						1410648,
						1399749,
						1406092,
						1398029,
						1400075,
						1405239,
						1403370,
						1401827,
						1402132,
						1402217,
						1399947,
						1404464,
						1402304,
						1400047,
						1410270,
						1407020,
						1402412,
						1404426,
						1397538,
						1402878,
						1405943,
						1402106,
						1402155,
						1406207,
						1406682,
						1407707,
						1406674,
						1402347,
						1403098,
						1398844,
						1397841,
						1406812,
						1398955,
						1402295,
						1408280,
						1400455,
						1401263,
						1404095,
						1401671,
						1405489,
						1417983,
						1413305,
						1399383,
						1402024,
						1401372,
						1401511,
						1404772,
						1399467,
						1400974,
						1403781,
						1404362,
						1403036,
						1400863,
						1400139,
						1399490,
						1401570,
						1403801,
						1409684,
						1407177,
						1411032,
						1399438,
						1402660,
						1397689,
						1400936,
						1404419,
						1409614,
						1403224,
						1398320,
						1403479,
						1401954,
						1397297,
						1401257,
						1401874,
						1399786,
						1405366,
						1401169,
						1404261,
						1403452,
						1403907,
						1404454,
						1403029,
						1403097,
						1409518,
						1402907,
						1402031,
						1398391,
						1403089,
						1401053,
						1403015,
						1402391,
						1404047,
						1402641,
						1399815,
						1401644,
						1398663,
						1401313,
						1406271,
						1401222,
						1405183,
						1403732,
						1400591,
						1402620,
						1405082,
						1406613,
						1404706,
						1399752,
						1399177,
						1403883,
						1403900,
						1403063,
						1402362,
						1400979,
						1399058,
						1404284,
						1401389,
						1403679,
						1404151,
						1396072,
						1402148,
						1407029,
						1401217,
						1400375,
						1403527,
						1401309,
						1405904,
						1399070,
						1399619,
						1401732,
						1403791,
						1399962,
						1401713,
						1406413,
						1408052,
						1400857,
						1405599,
						1400965,
						1402659,
						1402054,
						1403187,
						1404172,
						1409595,
						1402872,
						1401057,
						1399344,
						1405749,
						1397991,
						1403012,
						1400374,
						1401234,
						1406564,
						1402828,
						1401975,
						1397078,
						1403197,
						1401518,
						1404713,
						1398487,
						1399250,
						1400949,
						1403261,
						1411352,
						1399417,
						1398784,
						1397481,
						1401093,
						1405741,
						1406541,
						1406553,
						1400029,
						1401058,
						1400539,
						1406355,
						1395027,
						1397241,
						1403549,
						1399493,
						1403467,
						1404768,
						1404065,
						1398762,
						1402270,
						1400131,
						1403479,
						1402054,
						1398378,
						1402408,
						1403485,
						1400739,
						1396568,
						1402635,
						1402532,
						1402239,
						1404317,
						1401097,
						1404519,
						1403937,
						1398438,
						1402963,
						1405082,
						1403136,
						1400795,
						1397283,
						1398353,
						1408685,
						1402651,
						1407984,
						1406467,
						1399487,
						1399396,
						1407070,
						1402608,
						1399217,
						1400669,
						1404161,
						1399901,
						1404658,
						1405453,
						1406178,
						1398268,
						1400052,
						1401711,
						1401375,
						1398557,
						1401768,
						1401685,
						1401844,
						1399402,
						1399358,
						1400431,
						1401810,
						1398876,
						1403969,
						1404031,
						1401369,
						1405123,
						1401181,
						1399839,
						1402568,
						1401189,
						1400180,
						1413938,
						1398466,
						1401774,
						1401148,
						1399653,
						1404579,
						1399783,
						1398311,
						1400922,
						1403034,
						1402794,
						1399054,
						1402967,
						1399913,
						1401834,
						1404437,
						1400175,
						1400419,
						1401042,
						1402956,
						1403602,
						1400718,
						1402018,
						1403601,
						1396546,
						1404264,
						1405277,
						1398302,
						1400978,
						1403862,
						1403696,
						1405284,
						1404663,
						1400703,
						1398335,
						1404157,
						1399906,
						1398677,
						1405155,
						1407944,
						1400471,
						1402390,
						1397936,
						1405186,
						1401464,
						1399252,
						1394864,
						1405573,
						1408503,
						1408670,
						1404168,
						1400790,
						1401102,
						1487700,
						2691610,
						1414271,
						1404957,
						1399660,
						1401296,
						1396578,
						1400796,
						1400392,
						1402281,
						1399198,
						1398180,
						1404601,
						1415145,
						1402136,
						1402735,
						1398098,
						1398998,
						1401767,
						1401358,
						1404945,
						1403490,
						1400767,
						1400699,
						1402080,
						1405669,
						1401895,
						1401429,
						1402736,
						1401020,
						1405784,
						1400854,
						1409231,
						1403351,
						1400680,
						1400519,
						1418458,
						1401572,
						1401933,
						1403692,
						1414867,
						1410269,
						1400230,
						1402444,
						1401228,
						1400262,
						1402579,
						1401562,
						1403818,
						1402151,
						1398145,
						1401490,
						1403273,
						1401320,
						1402069,
						1401804,
						1400970,
						1403880,
						1403135,
						1402827,
						1402001,
						1403919,
						1399325,
						1402330,
						1398952,
						1403593,
						1406152,
						1404214,
						1402862,
						1400965,
						1414155,
						1404126,
						1399848,
						1401503,
						1402766,
						1398704,
						1402085,
						1405417,
						1399894,
						1400722,
						1407195,
						1402932,
						1405651,
						1411110,
						1400161,
						1402183,
						1403375,
						1403768,
						1401689,
						1400425,
						1399835,
						1400649,
						1402984,
						1405129,
						1395477,
						1399504,
						1400358,
						1403460,
						1397583,
						1403604,
						1394786,
						1402578,
						1401982,
						1397085,
						1399572,
						1407515,
						1412834,
						1405042,
						1405958,
						1401187,
						1402151,
						1398842,
						1401473,
						1401149,
						1412527,
						1401660,
						1398460,
						1399220,
						1404986,
						1402558,
						1401879,
						1405841,
						1402178,
						1404097,
						1399675,
						1402486,
						1400460,
						1396244,
						1396950,
						1399226,
						1398506,
						1403193,
						1402304,
						1405795,
						1405702,
						1399727,
						1408827,
						1403362,
						1402047,
						1399599,
						1398813,
						1401918,
						1400864,
						1401726,
						1412666,
						1405724,
						1400836,
						1410335,
						1400838,
						1403307,
						1400317,
						1403575,
						1400862,
						1405920,
						1401187,
						1405689,
						1404488,
						1412975,
						1402733,
						1403979,
						1404271,
						1400617,
						1398983,
						1403017,
						1400408,
						1405219,
						1400602,
						1400609,
						1400934,
						1400718,
						1402432,
						1404003,
						1402393,
						1402953,
						1400176,
						1404227,
						1396906,
						1398162,
						1402098,
						1398902,
						1404459,
						1402374,
						1400552,
						1402779,
						1407261,
						1400202,
						1402340,
						1414809,
						1402457,
						1398491,
						1401882,
						1407312,
						1401811,
						1406143,
						1403602,
						1407365,
						1403475,
						1398578,
						1404087,
						1400797,
						1406191,
						1403362,
						1399751,
						1397520,
						1399366,
						1400361,
						1400265,
						1445763,
						1400713,
						1403619,
						1401998,
						1403693,
						1405257,
						1404186,
						1401916,
						1406222,
						1402427,
						1405154,
						1403897,
						1399363,
						1397369,
						1402643,
						1397267,
						1399747,
						1399795,
						1403087,
						1404587,
						1400804,
						1404804,
						1402764,
						1399370,
						1401874,
						1401610,
						1404738,
						1400594,
						1401458,
						1401678,
						1399578,
						1402495,
						1403850,
						1400464,
						1400327,
						1400958,
						1405073,
						1402520,
						1401424,
						1403795,
						1399478,
						1398200,
						1406839,
						1399494,
						1402146,
						1398799,
						1402876,
						1402341,
						1401204,
						1402434,
						1398750,
						1405843,
						1404289,
						1403223,
						1399547,
						1402357,
						1397994,
						1405247,
						1399617,
						1396400,
						1404553,
						1401334,
						1400931,
						1402570,
						1404685,
						1401706,
						1400074,
						1403865,
						1400404,
						1403218,
						1399953,
						1400801,
						1401422,
						1399722,
						1407591,
						1401508,
						1409319,
						1406202,
						1400895,
						1401773,
						1408369,
						1404874,
						1404725,
						1411209,
						1402400,
						1403277,
						1400807,
						1406555,
						1402397,
						1404395,
						1404242,
						1404228,
						1418549,
						1413965,
						1403576,
						1403981,
						1413779,
						1400777,
						1404048,
						1414358,
						1407232,
						1411805,
						1412122,
						1399262,
						1402604,
						1409226,
						1401758,
						1398613,
						1400812,
						1402004,
						1400860,
						1399332,
						1401770,
						1402877,
						1402545,
						1404624,
						1399273,
						1401349,
						1403919,
						1401347,
						1407778,
						1410126,
						1404436,
						1399747,
						1401754,
						1400486,
						1404882,
						1402764,
						1402208,
						1400696,
						1400013,
						1407781,
						1400195,
						1403706,
						1402163,
						1400487,
						1403435,
						1402561,
						1400897,
						1405066,
						1402504,
						1401268,
						1399726,
						1401910,
						1401681,
						1403261,
						1402014,
						1399184,
						1399983,
						1401612,
						1403200,
						1404795,
						1404902,
						1402759,
						1409079,
						1409344,
						1400670,
						1400242,
						1410740,
						1399894,
						1399484,
						1402407,
						1398712,
						1404427,
						1404313,
						1398025,
						1403355,
						1402141,
						1401641,
						1399080,
						1402833,
						1402424,
						1405856,
						1404586,
						1405698,
						1403555,
						1400820,
						1401924,
						1402226,
						1405356,
						1398199,
						1401775,
						1397784,
						1401765,
						1402903,
						1399853,
						1404106,
						1402853,
						1403933,
						1403949,
						1403732,
						1402778,
						1404830,
						1401942,
						1400465,
						1405105,
						1408848,
						1404600,
						1402764,
						1402041,
						1401650,
						1401957,
						1401265,
						1403933,
						1418465,
						1412761,
						1403434,
						1403232,
						1403957,
						1405371,
						1399597,
						1400986,
						1402277,
						1400020,
						1397010,
						1401984,
						1396405,
						1403261,
						1401905,
						1402587,
						1400309,
						1399286,
						1405555,
						1404210,
						1403087,
						1399798,
						1403253,
						1404239,
						1401673,
						1405392,
						1401617,
						1399220,
						1399306,
						1396721,
						1403586,
						1400869,
						1402019,
						1397192,
						1400146,
						1402577,
						1408728,
						1400264,
						1400834,
						1405119,
						1400697,
						1404572,
						1399342,
						1401796,
						1404070,
						1405198,
						1404291,
						1407612,
						1404499,
						1401599,
						1403622,
						1399786,
						1399023,
						1401365,
						1401431,
						1398623,
						1400655,
						1403551,
						1397195,
						1397505,
						1403269,
						1403911,
						1398428,
						1398304,
						1403371,
						1408465,
						1403638,
						1401250,
						1407787,
						1403987,
						1398797,
						1397232,
						1401308,
						1404569,
						1404394,
						1399497,
						1397215,
						1403996,
						1402341,
						1403182,
						1402021,
						1403687,
						1405629,
						1399860,
						1400139,
						1402668,
						1400400,
						1403100,
						1397168,
						1403288,
						1403857,
						1402133,
						1398844,
						1403226,
						1399033,
						1397313,
						1401311,
						1402022,
						1402541,
						1404680,
						1409536,
						1403248,
						1402333,
						1401423,
						1401768,
						1402271,
						1400756,
						1403193,
						1404465,
						1403220,
						1402323,
						1400833,
						1404513,
						1397142,
						1403090,
						1399984,
						1408377,
						1414626,
						1406179,
						1405948,
						1402423,
						1400219,
						1398974,
						1400757,
						1401601,
						1401219,
						1399932,
						1404172,
						1401106,
						1400080,
						1402419,
						1402404,
						1399554,
						1402345,
						1403908,
						1402171,
						1409500,
						1401220,
						1403524,
						1398908,
						1403772,
						1406243,
						1399952,
						1402031,
						1402182,
						1404437,
						1404761,
						1402099,
						1401371,
						1399281,
						1404050,
						1403961,
						1409872,
						1417417,
						1405187,
						1399367,
						1406596,
						1396942,
						1401764,
						1402466,
						1400137,
						1405942,
						1406047,
						1403140,
						1400426,
						1400590,
						1399680,
						1403157,
						1399785,
						1402151,
						1401069,
						1401647,
						1404902,
						1398161,
						1398781,
						1400550,
						1404232,
						1396693,
						1400544,
						1397012,
						1403253,
						1402171,
						1402298,
						1400332,
						1401648,
						1405287,
						1400512,
						1405149,
						1402347,
						1405977,
						1410044,
						1403078,
						1403579,
						1401934,
						1403934,
						1400808,
						1402203,
						1400102,
						1398979,
						1402214,
						1401767,
						1404871,
						1398713,
						1401752,
						1399931,
						1404282,
						1402202,
						1417991,
						1416437,
						1402834,
						1406232,
						1404791,
						1399536,
						1402712,
						1405110,
						1401964,
						1399494,
						1406436,
						1397024,
						1401334,
						1405915,
						1398463,
						1400724,
						1417045,
						1499383,
						1401338,
						1401181,
						1402789,
						1399301,
						1402742,
						1402834,
						1402196,
						1402949,
						1405149,
						1404409,
						1402933,
						1401147,
						1399163,
						1405062,
						1396263,
						1398868,
						1407092,
						1403103,
						1404286,
						1400256,
						1402328,
						1399296,
						1403040,
						1398546,
						1405795,
						1404292,
						1398318,
						1402324,
						1398567,
						1403194,
						1405541,
						1402336,
						1401579,
						1400641,
						1400372,
						1404975,
						1397804,
						1403701,
						1399981,
						1401371,
						1399973,
						1400249,
						1398141,
						1399504,
						1400760,
						1403043,
						1406418,
						1406585,
						1402124,
						1401897,
						1412267,
						1406910,
						1404835,
						1399643,
						1401134,
						1400965,
						1402020,
						1420150,
						1409747,
						1403186,
						1398296,
						1399597,
						1409442,
						1419572,
						1398881,
						1403696,
						1401962,
						1401714,
						1401298,
						1405192,
						1405896,
						1403399,
						1394670,
						1398915,
						1399428,
						1406736,
						1399158,
						1404178,
						1403066,
						1403348,
						1403818,
						1397595,
						1399617,
						1399680,
						1402343,
						1397153,
						1408572,
						1404030,
						1402014,
						1403294,
						1402042,
						1404962,
						1403048,
						1401056,
						1403233,
						1399968,
						1401578,
						1396515,
						1400749,
						1404123,
						1402578,
						1401849,
						1406868,
						1403946,
						1397426,
						1401339,
						1403664,
						1402652,
						1411123,
						1404313,
						1399281,
						1384318,
						1406116,
						1401847,
						1404891,
						1399132,
						1400883,
						1403881,
						1399975,
						1403006,
						1396516,
						1400931,
						1404033,
						1401637,
						1403867,
						1400000,
						1403828,
						1411925,
						1411469,
						1412773,
						1423968,
						1399993,
						1399426,
						1402338,
						1397121,
						1400069,
						1405700,
						1402242,
						1400209,
						1403382,
						1401232,
						1403605,
						1397015,
						1401440,
						1405398,
						1403393,
						1403532,
						1403146,
						1402657,
						1405614,
						1403010,
						1403548,
						1422684,
						1404394,
						1400272,
						1402291,
						1406939,
						1399189,
						1400816,
						1406456,
						1400384,
						1402478,
						1404990,
						1400019,
						1401128,
						1404562,
						1402650,
						1400932,
						1401319,
						1399377,
						1400293,
						1399813,
						1400772,
						1406789,
						1402050,
						1404843,
						1403663,
						1405385,
						1403030,
						1402423,
						1398605,
						1401684,
						1399275,
						1401899,
						1404614,
						1401481,
						1409183,
						1401917,
						1402032,
						1399722,
						1404478,
						1412353,
						1403865,
						1399546,
						1403849,
						1401163,
						1401457,
						1402306,
						1400785,
						1402052,
						1400752,
						1404288,
						1403696,
						1402570,
						1403674,
						1399716,
						1402427,
						1402037,
						1406213,
						1400889,
						1400812,
						1408674,
						1410864,
						1397979,
						1399289,
						1402324,
						1399149,
						1401006,
						1400528,
						1406908,
						1402645,
						1402809,
						1402225,
						1404506,
						1396520,
						1402235,
						1403848,
						1403142,
						1409277,
						1404207,
						1398890,
						1399954,
						1403344,
						1400899,
						1404846,
						1395855,
						1406533,
						1403925,
						1398010,
						1404840,
						1403019,
						1400904,
						1401422,
						1401856,
						1402404,
						1404773,
						1406351,
						1404767,
						1405301,
						1404258,
						1397467,
						1404473,
						1402261,
						1402295,
						1400764,
						1401227,
						1402829,
						1403372,
						1400038,
						1400298,
						1401637,
						1403330,
						1406679,
						1402566,
						1398514,
						1403482,
						1403129,
						1406226,
						1397028,
						1401277,
						1401318,
						1402594,
						1401935,
						1397217,
						1403946,
						1399709,
						1401458,
						1403544,
						1398455,
						1396909,
						1399580,
						1403948,
						1398584,
						1403196,
						1406061,
						1403837,
						1403095,
						1400202,
						1401307,
						1403043,
						1403556,
						1402537,
						1404699,
						1398458,
						1400312,
						1405001,
						1402847,
						1401492,
						1414850,
						1406110,
						1403565,
						1406230,
						1399298,
						1403368,
						1401967,
						1403428,
						1403286,
						1400655,
						1397853,
						1400750,
						1401630,
						1419232,
						1413802,
						1409246,
						1402447,
						1401995,
						1404758,
						1402727,
						1401702,
						1403778,
						1403522,
						1402749,
						1404694,
						1396143,
						1404730,
						1399589,
						1401828,
						1402895,
						1409349,
						1409176,
						1399925,
						1404897,
						1401152,
						1403996,
						1398054,
						1399842,
						1404082,
						1401770,
						1401518,
						1396148,
						1406848,
						1399264,
						1402958,
						1396206,
						1403874,
						1405532,
						1400459,
						1400115,
						1401684,
						1402331,
						1409618,
						1401723,
						1405488,
						1402869,
						1399653,
						1402690,
						1400507,
						1404509,
						1401729,
						1404568,
						1402899,
						1400464,
						1405049,
						1398804,
						1404507,
						1407912,
						1401444,
						1400276,
						1403779,
						1401916,
						1401388,
						1402468,
						1398050,
						1405452,
						1402341,
						1406444,
						1399661,
						1402518,
						1401983,
						1418259,
						1399681,
						1405430,
						1403155,
						1403784,
						1403870,
						1397255,
						1401778,
						1400739,
						1400670,
						1402577,
						1402499,
						1402527,
						1400680,
						1405058,
						1401677,
						1409313,
						1410440,
						1404545,
						1418035,
						1403484,
						1406636,
						1399561,
						1402806,
						1399337,
						1400595,
						1403935,
						1403412,
						1398993,
						1399843,
						1404733,
						1400894,
						1410280,
						1400445,
						1400411,
						1405321,
						1397420,
						1401437,
						1404400,
						1400399,
						1403021,
						1403224,
						1402707,
						1406427,
						1400005,
						1400366,
						1402425,
						1407384,
						1405322,
						1399132,
						1404462,
						1401540,
						1404634,
						1405331,
						1401409,
						1406597,
						1403019,
						1402292,
						1404077,
						1401722,
						1405709,
						1404750,
						1399539,
						1402115,
						1402647,
						1404877,
						1402103,
						1400589,
						1402575,
						1402405,
						1398053,
						1401686,
						1403263,
						1404017,
						1402505,
						1403917,
						1400438,
						1403780,
						1401096,
						1406610,
						1398472,
						1400604,
						1406273,
						1401701,
						1403196,
						1401193,
						1405159,
						1400678,
						1399655,
						1400209,
						1400636,
						1405628,
						1402218,
						1405566,
						1402138,
						1399806,
						1407208,
						1402934,
						1400584,
						1401665,
						1401919,
						1404874,
						1398966,
						1405754,
						1400328,
						1399112,
						1403973,
						1401838,
						1402840,
						1404067,
						1403503,
						1404496,
						1404607,
						1400083,
						1401024,
						1400260,
						1402899,
						1399600,
						1402411,
						1404592,
						1403099,
						1399807,
						1401294,
						1401937,
						1401012,
						1400233,
						1397294,
						1402126,
						1400775,
						1399255,
						1401930,
						1403198,
						1414216,
						1405923,
						1396362,
						1404529,
						1401443,
						1399499,
						1399484,
						1403938,
						1399739,
						1407680,
						1398191,
						1407092,
						1400511,
						1398816,
						1398313,
						1404267,
						1399751,
						1409112,
						1402580,
						1400700,
						1401449,
						1398521,
						1400952,
						1400616,
						1401375,
						1402641,
						1403587,
						1400454,
						1399633,
						1400146,
						1404102,
						1414913,
						1400517,
						1402375,
						1400321,
						1399790,
						1398152,
						1402730,
						1400051,
						1401573,
						1427431,
						1400722,
						1398956,
						1403815,
						1401443,
						1401076,
						1401479,
						1403605,
						1401824,
						1398514,
						1402493,
						1402040,
						1408146,
						1403401,
						1405188,
						1405790,
						1400406,
						1401805,
						1400226,
						1403982,
						1402567,
						1401578,
						1401673,
						1402339,
						1402616,
						1405825,
						1403457,
						1397390,
						1399670,
						1403870,
						1403634,
						1402687,
						1400997,
						1402459,
						1400133,
						1404500,
						1399975,
						1403572,
						1400614,
						1399712,
						1400826,
						1404584,
						1400230,
						1403098,
						1398339,
						1407411,
						1404373,
						1401008,
						1410707,
						1413916,
						1412387,
						1409484,
						1406708,
						1401592,
						1413464,
						1406653,
						1409385,
						1409608,
						1405889,
						1399765,
						1411357,
						1404510,
						1403916,
						1400324,
						1403137,
						1404584,
						1407100,
						1401548,
						1407562,
						1400993,
						1402201,
						1400542,
						1403179,
						1401090,
						1398855,
						1405374,
						1404213,
						1404050,
						1406688,
						1407255,
						1400420,
						1400047,
						1399766,
						1402168,
						1401464,
						1407998,
						1402925,
						1401491,
						1403795,
						1402598,
						1401826,
						1399924,
						1404853,
						1398917,
						1406279,
						1400531,
						1407727,
						1420004,
						1403538,
						1402537,
						1402600,
						1399898,
						1404893,
						1402995,
						1400167,
						1402355,
						1402756,
						1399833,
						1405372,
						1403709,
						1401109,
						1400355,
						1399207,
						1400754,
						1401991,
						1405020,
						1399911,
						1400099,
						1401364,
						1405399,
						1406971,
						1402605,
						1402936,
						1402864,
						1403396,
						1401593,
						1401787,
						1402287,
						1404167,
						1403490,
						1400974,
						1403207,
						1397633,
						1399269,
						1401118,
						1405298,
						1405284,
						1397959,
						1405979,
						1403751,
						1406639,
						1403378,
						1401232,
						1398554,
						1405277,
						1403425,
						1402109,
						1399114,
						1399068,
						1403118,
						1398147,
						1406834,
						1400461,
						1409036,
						1402629,
						1399866,
						1404446,
						1405801,
						1403184,
						1399788,
						1404263,
						1400663,
						1400134,
						1398885,
						1400601,
						1404507,
						1399810,
						1403665,
						1399473,
						1399485,
						1401310,
						1399117,
						1404346,
						1400467,
						1401395,
						1402048,
						1402820,
						1402499,
						1396732,
						1404153,
						1402574,
						1399268,
						1404052,
						1403837,
						1404813,
						1400184,
						1405197,
						1401906,
						1404211,
						1403067,
						1398208,
						1403608,
						1400879,
						1401301,
						1403482,
						1405402,
						1401628,
						1402053,
						1399335,
						1402416,
						1409253,
						1413719,
						1399533,
						1401750,
						1398742,
						1404354,
						1402364,
						1407518,
						1403122,
						1404202,
						1402189,
						1403629,
						1398641,
						1403022,
						1398293,
						1405062,
						1403401,
						1402554,
						1401152,
						1406257,
						1408340,
						1401429,
						1403182,
						1396261,
						1402055,
						1401144,
						1403461,
						1401541,
						1404328,
						1397410,
						1400300,
						1403000,
						1403561,
						1406180,
						1396530,
						1404526,
						1404939,
						1403644,
						1402027,
						1403511,
						1405233,
						1401387,
						1400198,
						1403397,
						1402108,
						1401207,
						1403108,
						1408565,
						1410386,
						1403440,
						1405939,
						1401205,
						1399288,
						1399396,
						1403075,
						1398984,
						1405622,
						1401634,
						1401765,
						1402284,
						1398683,
						1414999,
						1400140,
						1416683,
						1400977,
						1404711,
						1403802,
						1407897,
						1405785,
						1399816,
						1400144,
						1401700,
						1402344,
						1402406,
						1400672,
						1400650,
						1402271,
						1402567,
						1400500,
						1405308,
						1404969,
						1405294,
						1404343,
						1398966,
						1403067,
						1400899,
						1401441,
						1404477,
						1410410,
						1402549,
						1400185,
						1403076,
						1399238,
						1400845,
						1403497,
						1403159,
						1396429,
						1407109,
						1398705,
						1406153,
						1404035,
						1398415,
						1400521,
						1399851,
						1401807,
						1403635,
						1403752,
						1398243,
						1398983,
						1403457,
						1406100,
						1396614,
						1400071,
						1401866,
						1403319,
						1402627,
						1403671,
						1400809,
						1403151,
						1402955,
						1398829,
						1403364,
						1400935,
						1401832,
						1403174,
						1400510,
						1399799,
						1400562,
						1404224,
						1404036,
						1401081,
						1401395,
						1401193,
						1402359,
						1401492,
						1406845,
						1401552,
						1410242,
						1403536,
						1398743,
						1407062,
						1401016,
						1402415,
						1404263,
						1398426,
						1400773,
						1403385,
						1401051,
						1406895,
						1402495,
						1405844,
						1402054,
						1402112,
						1404220,
						1398560,
						1403016,
						1399901,
						1402369,
						1402147,
						1401611,
						1409171,
						1397994,
						1404770,
						1402252,
						1402968,
						1400355,
						1401657,
						1403233,
						1400340,
						1400914,
						1399049,
						1401480,
						1403726,
						1399435,
						1401160,
						1404333,
						1402165,
						1411984,
						1400340,
						1400723,
						1402087,
						1398767,
						1402734,
						1403419,
						1398664,
						1398596,
						1405839,
						1395961,
						1402464,
						1398784,
						1404863,
						1403789,
						1403419,
						1402155,
						1400624,
						1400693,
						1403320,
						1397264,
						1404290,
						1400271,
						1400294,
						1418079,
						1404792,
						1399250,
						1403601,
						1400208,
						1401860,
						1405517,
						1404030,
						1400325,
						1405773,
						1399823,
						1401322,
						1399781,
						1404818,
						1402209,
						1403216,
						1398422,
						1401674,
						1404917,
						1401096,
						1402725,
						1400146,
						1398942,
						1402292,
						1399695,
						1409802,
						1416137,
						1404433,
						1405764,
						1405248,
						1414836,
						1396496,
						1401637,
						1406276,
						1403765,
						1402773,
						1402015,
						1400574,
						1403165,
						1403123,
						1397257,
						1405005,
						1404303,
						1399277,
						1404578,
						1407674,
						1400271,
						1402620,
						1398801,
						1403620,
						1401760,
						1402403,
						1406821,
						1401527,
						1403592,
						1401560,
						1403824,
						1402631,
						1399091,
						1401023,
						1402766,
						1403970,
						1397182,
						1404111,
						1405303,
						1409202,
						1397682,
						1399720,
						1399703,
						1397572,
						1412960,
						1402353,
						1403062,
						1405972,
						1399815,
						1404775,
						1402605,
						1401611,
						1402601,
						1404760,
						1402121,
						1402310,
						1398320,
						1400561,
						1400622,
						1405112,
						1402232,
						1401750,
						1402252,
						1397467,
						1403922,
						1400728,
						1398118,
						1399475,
						1401888,
						1395734,
						1400977,
						1400131,
						1404961,
						1399336,
						1417106,
						1409019,
						1402675,
						1404716,
						1398691,
						1404310,
						1402719,
						1402812,
						1402614,
						1404891,
						1409782,
						1406243,
						1399819,
						1401194,
						1405139,
						1399572,
						1401628,
						1400722,
						1400190,
						1405033,
						1401692,
						1397714,
						1403388,
						1402370,
						1403680,
						1400869,
						1401412,
						1403402,
						1400107,
						1398532,
						1397670,
						1403280,
						1400287,
						1400935,
						1399144,
						1404203,
						1397290,
						1401440,
						1399377,
						1404711,
						1401267,
						1401606,
						1401597,
						1405484,
						1404272,
						1399938,
						1401315,
						1399564,
						1400620,
						1401671,
						1402162,
						1402363,
						1406692,
						1400253,
						1402830,
						1399319,
						1401442,
						1400437,
						1399629,
						1400247,
						1403762,
						1399294,
						1402129,
						1402947,
						1398785,
						1404613,
						1400216,
						1403322,
						1399351,
						1403270,
						1401686,
						1404256,
						1399795,
						1401640,
						1399281,
						1403671,
						1409703,
						1399794,
						1399652,
						1398365,
						1401130,
						1396984,
						1405308,
						1400006,
						1397574,
						1401802,
						1399481,
						1403755,
						1403347,
						1404060,
						1404995,
						1406173,
						1396727,
						1403194,
						1400015,
						1400349,
						1405547,
						1398444,
						1400115,
						1420352,
						1416259,
						1402828,
						1405406,
						1402620,
						1401349,
						1400937,
						1405020,
						1403119,
						1400435,
						1402160,
						1404494,
						1402290,
						1399811,
						1399105,
						1403353,
						1400739,
						1402568,
						1402441,
						1401152,
						1402061,
						1402028,
						1402802,
						1402776,
						1403742,
						1403273,
						1408497,
						1403521,
						1401838,
						1401626,
						1405784,
						1399384,
						1401157,
						1400020,
						1411066,
						1402829,
						1405863,
						1399552,
						1397674,
						1402596,
						1404472,
						1400197,
						1400658,
						1399981,
						1400774,
						1401861,
						1403476,
						1400709,
						1403472,
						1401955,
						1401880,
						1398543,
						1402994,
						1401575,
						1401802,
						1405354,
						1403902,
						1408233,
						1417338,
						1408458,
						1415940,
						1408739,
						1418750,
						1413076,
						1399335,
						1400217,
						1410659,
						1415899,
						1406940,
						1400246,
						1400232,
						1409325,
						1409251,
						1401065,
						1405423,
						1403337,
						1402129,
						1403117,
						1411560,
						1407924,
						1406659,
						1403215,
						1401657,
						1410629,
						1416942,
						1404803,
						1407774,
						1403356,
						1403990,
						1401422,
						1397067,
						1398592,
						1412754,
						1397783,
						1402368,
						1399671,
						1405445,
						1398984,
						1404934,
						1398977,
						1401633,
						1411400,
						1401610,
						1400691,
						1402320,
						1402241,
						1400527,
						1400608,
						1404758,
						1399984,
						1400509,
						1401146,
						1399038,
						1400831,
						1406178,
						1401134,
						1402275,
						1404883,
						1403669,
						1412537,
						1402006,
						1406377,
						1398278,
						1401735,
						1404719,
						1401335,
						1401899,
						1405892,
						1400907,
						1405460,
						1401581,
						1399911,
						1399671,
						1401387,
						1402892,
						1404904,
						1402043,
						1403676,
						1404163,
						1399290,
						1402479,
						1400821,
						1409294,
						1403401,
						1399560,
						1401775,
						1398319,
						1401375,
						1402788,
						1401287,
						1402755,
						1401925,
						1400945,
						1398545,
						1404575,
						1398462,
						1404491,
						1398594,
						1399558,
						1398431,
						1405614,
						1392685,
						1399305,
						1400525,
						1402376,
						1402296,
						1401713,
						1402366,
						1398266,
						1406148,
						1399109,
						1401200,
						1398539,
						1402242,
						1398780,
						1402649,
						1404416,
						1407083,
						1402150,
						1399222,
						1410090,
						1402749,
						1406136,
						1398145,
						1404596,
						1404983,
						1402172,
						1405373,
						1403813,
						1403941,
						1398700,
						1402412,
						1402861,
						1399785,
						1405654,
						1405584,
						1399275,
						1404560,
						1401989,
						1401801,
						1403895,
						1404731,
						1398614,
						1400223,
						1403755,
						1401360,
						1400322,
						1409293,
						1403059,
						1405608,
						1400662,
						1402039,
						1400628,
						1398785,
						1402187,
						1403271,
						1401283,
						1398438,
						1402137,
						1400387,
						1407627,
						1402875,
						1402810,
						1400781,
						1403637,
						1402017,
						1399333,
						1403257,
						1397569,
						1400910,
						1401063,
						1401362,
						1406406,
						1402502,
						1403038,
						1401625,
						1403374,
						1403834,
						1401678,
						1400327,
						1400357,
						1401220,
						1403707,
						1404175,
						1401548,
						1399846,
						1402885,
						1400662,
						1397504,
						1401305,
						1402642,
						1402289,
						1399387,
						1401953,
						1402855,
						1398482,
						1397580,
						1397792,
						1404864,
						1402728,
						1415370,
						1402283,
						1403954,
						1401925,
						1403762,
						1402828,
						1400560,
						1401571,
						1401856,
						1401876,
						1403345,
						1402962,
						1403126,
						1399762,
						1401979,
						1406685,
						1397862,
						1400291,
						1401925,
						1404935,
						1403661,
						1403166,
						1404662,
						1402693,
						1403870,
						1407401,
						1408763,
						1418455,
						1403392,
						1402059,
						1401678,
						1400493,
						1403647,
						1404455,
						1402332,
						1404133,
						1403877,
						1402593,
						1401398,
						1400234,
						1402665,
						1398057,
						1408575,
						1410879,
						1404737,
						1399153,
						1399418,
						1404599,
						1402733,
						1399764,
						1403549,
						1405180,
						1402603,
						1402992,
						1404233,
						1406157,
						1404688,
						1403848,
						1401786,
						1404417,
						1400991,
						1403935,
						1398607,
						1402952,
						1399313,
						1405609,
						1404918,
						1400308,
						1399889,
						1400822,
						1400689,
						1404691,
						1402445,
						1397293,
						1400600,
						1402749,
						1402719,
						1405283,
						1403581,
						1405380,
						1402900,
						1399371,
						1403035,
						1404561,
						1402288,
						1401724,
						1411629,
						1401519,
						1397483,
						1397087,
						1409337,
						1400704,
						1402194,
						1406119,
						1405464,
						1400303,
						1402166,
						1402628,
						1403369,
						1400893,
						1411928,
						1401342,
						1398348,
						1402521,
						1403859,
						1399845,
						1399191,
						1398180,
						1394517,
						1397982,
						1398624,
						1393731,
						1408299,
						1403157,
						1402891,
						1400505,
						1403336,
						1409880,
						1397525,
						1396672,
						1409326,
						1403808,
						1401284,
						1399253,
						1400356,
						1403654,
						1395448,
						1396137,
						1408894,
						1419209,
						1411194,
						1405161,
						1405062,
						1401316,
						1406022,
						1398879,
						1403959,
						1402998,
						1402056,
						1405684,
						1397381,
						1405852,
						1400818,
						1400503,
						1403164,
						1404757,
						1406158,
						1402212,
						1405444,
						1404071,
						1406212,
						1405346,
						1401293,
						1402555,
						1403926,
						1401830,
						1401860,
						1403776,
						1402073,
						1404121,
						1401014,
						1404076,
						1400856,
						1399336,
						1405974,
						1400635,
						1402506,
						1399219,
						1401316,
						1401712,
						1402054,
						1397595,
						1400599,
						1402971,
						1402864,
						1402816,
						1403140,
						1405496,
						1402508,
						1402139,
						1401565,
						1400306,
						1402020,
						1405011,
						1400702,
						1398049,
						1404405,
						1399527,
						1401349,
						1402565,
						1400727,
						1402164,
						1404076,
						1402231,
						1401849,
						1404732,
						1404583,
						1400357,
						1406144,
						1407798,
						1406785,
						1404494,
						1403055,
						1403197,
						1405753,
						1403328,
						1408655,
						1401244,
						1406980,
						1402680,
						1399634,
						1399984,
						1410610,
						1402273,
						1405548,
						1398912,
						1400801,
						1401105,
						1407768,
						1400168,
						1398503,
						1403455,
						1398909,
						1397388,
						1402355,
						1403015,
						1403263,
						1403618,
						1403768,
						1402622,
						1402599,
						1402457,
						1404709,
						1399037,
						1401081,
						1403732,
						1400664,
						1410118,
						1416043,
						1395473,
						1398744,
						1411131,
						1402549,
						1402086,
						1399451,
						1401444,
						1405578,
						1400383,
						1404064,
						1402987,
						1401767,
						1405899,
						1404300,
						1407675,
						1400782,
						1408150,
						1400156,
						1401872,
						1400905,
						1396946,
						1401459,
						1402301,
						1400570,
						1401737,
						1399468,
						1404015,
						1404198,
						1400742,
						1404550,
						1403688,
						1399232,
						1403459,
						1400816,
						1403515,
						1404597,
						1397144,
						1405273,
						1408133,
						1401439,
						1401995,
						1404968,
						1403863,
						1397950,
						1408460,
						1402161,
						1398194,
						1403367,
						1403222,
						1400207,
						1403482,
						1407524,
						1399398,
						1399089,
						1402894,
						1404684,
						1407024,
						1401825,
						1403185,
						1407009,
						1411998,
						1412079,
						1400918,
						1402450,
						1398935,
						1403860,
						1401903,
						1401020,
						1402737,
						1401556,
						1402577,
						1399216,
						1400930,
						1398968,
						1403455,
						1401270,
						1398285,
						1401938,
						1414307,
						1404362,
						1399531,
						1400384,
						1401328,
						1401470,
						1402267,
						1402435,
						1404476,
						1399251,
						1399413,
						1406606,
						1399147,
						1400732,
						1403725,
						1400478,
						1400483,
						1405070,
						1402801,
						1404050,
						1407252,
						1399438,
						1401385,
						1401832,
						1400019,
						1414158,
						1399669,
						1400255,
						1404572,
						1400238,
						1402051,
						1401264,
						1402624,
						1398548,
						1404104,
						1401704,
						1399610,
						1402172,
						1400131,
						1404900,
						1401308,
						1396815,
						1402154,
						1403714,
						1401697,
						1409995,
						1400648,
						1407148,
						1402146,
						1402328,
						1402923,
						1404282,
						1400263,
						1399823,
						1402600,
						1409671,
						1397984,
						1400423,
						1403421,
						1399798,
						1401274,
						1399810,
						1402532,
						1398431,
						1404197,
						1397630,
						1398610,
						1401569,
						1402421,
						1403678,
						1398891,
						1400246,
						1400643,
						1406271,
						1401834,
						1401595,
						1401858,
						1394943,
						1403803,
						1405282,
						1401113,
						1404646,
						1403975,
						1416532,
						1403412,
						1398005,
						1412074,
						1403743,
						1403089,
						1401290,
						1399126,
						1407295,
						1402602,
						1399744,
						1398957,
						1403739,
						1405410,
						1399658,
						1400811,
						1401327,
						1402665,
						1411822,
						1399471,
						1404178,
						1406172,
						1404197,
						1403246,
						1400759,
						1400761,
						1407474,
						1399717,
						1399242,
						1402559,
						1404341,
						1400097,
						1403445,
						1403231,
						1402290,
						1405719,
						1405862,
						1402862,
						1402483,
						1400410,
						1398678,
						1421454,
						1408087,
						1402668,
						1404649,
						1403296,
						1400785,
						1403446,
						1403782,
						1400808,
						1407652,
						1399958,
						1398872,
						1404244,
						1403090,
						1403942,
						1402195,
						1400316,
						1401267,
						1401387,
						1400535,
						1402836,
						1401191,
						1403392,
						1399011,
						1403659,
						1404453,
						1400362,
						1399450,
						1402096,
						1405091,
						1400992,
						1403339,
						1399141,
						1400211,
						1402453,
						1781735,
						1405308,
						1400471,
						1402437,
						1397995,
						1399619,
						1402853,
						1400041,
						1403598,
						1407063,
						1400664,
						1404176,
						1400190,
						1405459,
						1402373,
						1406375,
						1402273,
						1401626,
						1402663,
						1403621,
						1401526,
						1403565,
						1399369,
						1404123,
						1399757,
						1401061,
						1403742,
						1400879,
						1419070,
						1404005,
						1404842,
						1399780,
						1409109,
						1402211,
						1401299,
						1397709,
						1402410,
						1402419,
						1400501,
						1402054,
						1401592,
						1400265,
						1404985,
						1402822,
						1400355,
						1401375,
						1404849,
						1400123,
						1402075,
						1401410,
						1399876,
						1399908,
						1412916,
						1402764,
						1404164,
						1400673,
						1402727,
						1396981,
						1405072,
						1401538,
						1401704,
						1413169,
						1403701,
						1400618,
						1412958,
						1400729,
						1405372,
						1401746,
						1400987,
						1405384,
						1401266,
						1399950,
						1404013,
						1411292,
						1406106,
						1401096,
						1398873,
						1401960,
						1403858,
						1397702,
						1400103,
						1400662,
						1403602,
						1403431,
						1398420,
						1403536,
						1401200,
						1404621,
						1401916,
						1403008,
						1404598,
						1404789,
						1398751,
						1399952,
						1400886,
						1403658,
						1400595,
						1399587,
						1402707,
						1400779,
						1400397,
						1399954,
						1403289,
						1401023,
						1400522,
						1406177,
						1402302,
						1377805,
						1407200,
						1405145,
						1404378,
						1402137,
						1404256,
						1401982,
						1400735,
						1402264,
						1399633,
						1407430,
						1399072,
						1402392,
						1401386,
						1399635,
						1400614,
						1397345,
						1400307,
						1399993,
						1403132,
						1405588,
						1402120,
						1404028,
						1400349,
						1399763,
						1403788,
						1402656,
						1402441,
						1400894,
						1396063,
						1404848,
						1397488,
						1405869,
						1403499,
						1410981,
						1405046,
						1400509,
						1396477,
						1403515,
						1404716,
						1402918,
						1402797,
						1402799,
						1409587,
						1404128,
						1401402,
						1399573,
						1400453,
						1401710,
						1403279,
						1407142,
						1402462,
						1401871,
						1405089,
						1405880,
						1402153,
						1405385,
						1399148,
						1399643,
						1404288,
						1401754,
						1402450,
						1401316,
						1400772,
						1405449,
						1404105,
						1402807,
						1403793,
						1397874,
						1404695,
						1401081,
						1397953,
						1403864,
						1402588,
						1400110,
						1401542,
						1403615,
						1405942,
						1402825,
						1400773,
						1407607,
						1404106,
						1396874,
						1400322,
						1399181,
						1406381,
						1405735,
						1398587,
						1403313,
						1403083,
						1405572,
						1398079,
						1403489,
						1403543,
						1400386,
						1401338,
						1400228,
						1403258,
						1402116,
						1403637,
						1397189,
						1401691,
						1400836,
						1399678,
						1404934,
						1403082,
						1400797,
						1402046,
						1402737,
						1400258,
						1401936,
						1403804,
						1402826,
						1399134,
						1403183,
						1407164,
						1401070,
						1405406,
						1399597,
						1404581,
						1401228,
						1403950,
						1400174,
						1406029,
						1403196,
						1410388,
						1401260,
						1403608,
						1402243,
						1400366,
						1402097,
						1402277,
						1405096,
						1401616,
						1401705,
						1412694,
						1410586,
						1403167,
						1400462,
						1404223,
						1402046,
						1400006,
						1398343,
						1401357,
						1399077,
						1406011,
						1402581,
						1401927,
						1404361,
						1398939,
						1406279,
						1398360,
						1399751,
						1403257,
						1400019,
						1398650,
						1406899,
						1400285,
						1400805,
						1399436,
						1401844,
						1400545,
						1419448,
						1404161,
						1403837,
						1403092,
						1401787,
						1406733,
						1404410,
						1406007,
						1403576,
						1403874,
						1397349,
						1401458,
						1402274,
						1400532,
						1401876,
						1397947,
						1446756,
						1403016,
						1404583,
						1364424,
						1401655,
						1400663,
						1400239,
						1398558,
						1403182,
						1403403,
						1400830,
						1401677,
						1401362,
						1402759,
						1400039,
						1399716,
						1402091,
						1403836,
						1403468,
						1402551,
						1398149,
						1402338,
						1402750,
						1400339,
						1399764,
						1398609,
						1399614,
						1401699,
						1400857,
						1401933,
						1398535,
						1398261,
						1406848,
						1406433,
						1404103,
						1406104,
						1400773,
						1402264,
						1396612,
						1397205,
						1400078,
						1401180,
						1403253,
						1401110,
						1403367,
						1400042,
						1400683,
						1401868,
						1401115,
						1400815,
						1400577,
						1402501,
						1405273,
						1401073,
						1404804,
						1402164,
						1400833,
						1406053,
						1406075,
						1405713,
						1421618,
						1398882,
						1400030,
						1403227,
						1402922,
						1404003,
						1399764,
						1407125,
						1398488,
						1406434,
						1401150,
						1400540,
						1401879,
						1399910,
						1403759,
						1397545,
						1404770,
						1402395,
						1401127,
						1397921,
						1401379,
						1399434,
						1398413,
						1400168,
						1398608,
						1397932,
						1402803,
						1405194,
						1399663,
						1404234,
						1403546,
						1402368,
						1397432,
						1404496,
						1401612,
						1400377,
						1410291,
						1400588,
						1405016,
						1400971,
						1400693,
						1401754,
						1404547,
						1405333,
						1400864,
						1401087,
						1400562,
						1397416,
						1405621,
						1401997,
						1403788,
						1402239,
						1401029,
						1402491,
						1401560,
						1401317,
						1399289,
						1400300,
						1402977,
						1402365,
						1407288,
						1400284,
						1399634,
						1402223,
						1403997,
						1404083,
						1406641,
						1403863,
						1404469,
						1407217,
						1404462,
						1406240,
						1407390,
						1400944,
						1403974,
						1402459,
						1402577,
						1401210,
						1400368,
						1419578,
						1403207,
						1399767,
						1399623,
						1401346,
						1403008,
						1403297,
						1404495,
						1403280,
						1399087,
						1406244,
						1402914,
						1410377,
						1402112,
						1396533,
						1400593,
						1403167,
						1403499,
						1406788,
						1399611,
						1397884,
						1401508,
						1403798,
						1401727,
						1398931,
						1404917,
						1399749,
						1399368,
						1404614,
						1400787,
						1401321,
						1399757,
						1402383,
						1404281,
						1398709,
						1399942,
						1402147,
						1406207,
						1402606,
						1398847,
						1401839,
						1406630,
						1396435,
						1402011,
						1402716,
						1403621,
						1402385,
						1412146,
						1403620,
						1403602,
						1399856,
						1423090,
						1403365,
						1408994,
						1412378,
						1404362,
						1414157,
						1400759,
						1401085,
						1399346,
						1404587,
						1403501,
						1402277,
						1403916,
						1402522,
						1401510,
						1400117,
						1397451,
						1403964,
						1401311,
						1406275,
						1402778,
						1408199,
						1398760,
						1402423,
						1407388,
						1400930,
						1404041,
						1404668,
						1400138,
						1401082,
						1403652,
						1418109,
						1404530,
						1404016,
						1398484,
						1396488,
						1400263,
						1363085,
						1403698,
						1405581,
						1400700,
						1399628,
						1402237,
						1406087,
						1405711,
						1401718,
						1402107,
						1397188,
						1403847,
						1411235,
						1401574,
						1400759,
						1401921,
						1412519,
						1402264,
						1403425,
						1402085,
						1403552,
						1401541,
						1403035,
						1401827,
						1398787,
						1410170,
						1403371,
						1409922,
						1403912,
						1400093,
						1399163,
						1398961,
						1401285,
						1403881,
						1400778,
						1401969,
						1401168,
						1401050,
						1403037,
						1402500,
						1398972,
						1400962,
						1402060,
						1402397,
						1400910,
						1400425,
						1397534,
						1400801,
						1400925,
						1401936,
						1403714,
						1403410,
						1399122,
						1400267,
						1408441,
						1411372,
						1402951,
						1400591,
						1398503,
						1403180,
						1396319,
						1401530,
						1402148,
						1400462,
						1401444,
						1401530,
						1404475,
						1403238,
						1401402,
						1404009,
						1403896,
						1401407,
						1404955,
						1398961,
						1403230,
						1406417,
						1402801,
						1403104,
						1402567,
						1402345,
						1405025,
						1402444,
						1398938,
						1413571,
						1404457,
						1396326,
						1397893,
						1403045,
						1405197,
						1400732,
						1400593,
						1408825,
						1419061,
						1403355,
						1398224,
						1401170,
						1401049,
						1402271,
						1402770,
						1405795,
						1399531,
						1400966,
						1403656,
						1402036,
						1401117,
						1400679,
						1400854,
						1403219,
						1401191,
						1407159,
						1401786,
						1399448,
						1411173,
						1401767,
						1400940,
						1401015,
						1398749,
						1420218,
						1398983,
						1400130,
						1401758,
						1402719,
						1404043,
						1406661,
						1401063,
						1394830,
						1399729,
						1401136,
						1408476,
						1407113,
						1402029,
						1402211,
						1402635,
						1405403,
						1402436,
						1405430,
						1402444,
						1403943,
						1402851,
						1402267,
						1401974,
						1404023,
						1404315,
						1405825,
						1394490,
						1408478,
						1399712,
						1403867,
						1400885,
						1397042,
						1402179,
						1402855,
						1417737,
						1401372,
						1401453,
						1397919,
						1414627,
						1400486,
						1401760,
						1401047,
						1404074,
						1399878,
						1403297,
						1401422,
						1404424,
						1403730,
						1402200,
						1400700,
						1402987,
						1402763,
						1400864,
						1405011,
						1400337,
						1400063,
						1406044,
						1400187,
						1403272,
						1400818,
						1405074,
						1402001,
						1403486,
						1397168,
						1403409,
						1403934,
						1401772,
						1402907,
						1401832,
						1405079,
						1402816,
						1399921,
						1401304,
						1404676,
						1398962,
						1400700,
						1401596,
						1404290,
						1403423,
						1401884,
						1401853,
						1403964,
						1398790,
						1401238,
						1404081,
						1405979,
						1399497,
						1406032,
						1377372,
						1400594,
						1402064,
						1402373,
						1398655,
						1404166,
						1410781,
						1402974,
						1402270,
						1403487,
						1401932,
						1402359,
						1401208,
						1404369,
						1402588,
						1403136,
						1400926,
						1399307,
						1401600,
						1401994,
						1403466,
						1403945,
						1397217,
						1405941,
						1407327,
						1407640,
						1398739,
						1399049,
						1405942,
						1400039,
						1403083,
						1400110,
						1404337,
						1405968,
						1403201,
						1404994,
						1401510,
						1408343,
						1404874,
						1398785,
						1403082,
						1411759,
						1415369,
						1399961,
						1400830,
						1401037,
						1412685,
						1401232,
						1401314,
						1403674,
						1404630,
						1400439,
						1399392,
						1406235,
						1401875,
						1402746,
						1407971,
						1404092,
						1397022,
						1401685,
						1402445,
						1406902,
						1401952,
						1404844,
						1403132,
						1403320,
						1401065,
						1400970,
						1400618,
						1400980,
						1401187,
						1403506,
						1402639,
						1404677,
						1401522,
						1404322,
						1419736,
						1413773,
						1403235,
						1405146,
						1403864,
						1398660,
						1403154,
						1402423,
						1407168,
						1399779,
						1399828,
						1402248,
						1397319,
						1399441,
						1406225,
						1402144,
						1402406,
						1403275,
						1406090,
						1403704,
						1400381,
						1402094,
						1398209,
						1404833,
						1402798,
						1400455,
						1401861,
						1399778,
						1402910,
						1404233,
						1410434,
						1405056,
						1400258,
						1401018,
						1402807,
						1416067,
						1401019,
						1402564,
						1395940,
						1397925,
						1408393,
						1404866,
						1398684,
						1406822,
						1404679,
						1399196,
						1402890,
						1409021,
						1411326,
						1398839,
						1406321,
						1401666,
						1399940,
						1402993,
						1400574,
						1405742,
						1401290,
						1401120,
						1413633,
						1412968,
						1403699,
						1400760,
						1399432,
						1399379,
						1404071,
						1404778,
						1407101,
						1405519,
						1404312,
						1414220,
						1400384,
						1405508,
						1398925,
						1403146,
						1400246,
						1411302,
						1401718,
						1401871,
						1407181,
						1400458,
						1405590,
						1401140,
						1404971,
						1404334,
						1403139,
						1402478,
						1401212,
						1403208,
						1400989,
						1404528,
						1402095,
						1404267,
						1405757,
						1400349,
						1399405,
						1412363,
						1399886,
						1403377,
						1401848,
						1398817,
						1400359,
						1398599,
						1401729,
						1404120,
						1406428,
						1399457,
						1399420,
						1401370,
						1402470,
						1402235,
						1399724,
						1400384,
						1402006,
						1397764,
						1402748,
						1405712,
						1403586,
						1401597,
						1399950,
						1402956,
						1399654,
						1401829,
						1403085,
						1407719,
						1401241,
						1405879,
						1398973,
						1406986,
						1400620,
						1401715,
						1410525,
						1401888,
						1410380,
						1400718,
						1399745,
						1407289,
						1400748,
						1411191,
						1399253,
						1408758,
						1358209,
						1407553,
						1396966,
						1399285,
						1406227,
						1401528,
						1401311,
						1401733,
						1402174,
						1401295,
						1401629,
						1421252,
						1409817,
						1407380,
						1402863,
						1399858,
						1411741,
						1399684,
						1400643,
						1400514,
						1399811,
						1403165,
						1401672,
						1406603,
						1397931,
						1404871,
						1399015,
						1400431,
						1402397,
						1400406,
						1401598,
						1407509,
						1401673,
						1401580,
						1409657,
						1403964,
						1407893,
						1402956,
						1404872,
						1406410,
						1411546,
						1404855,
						1403631,
						1397206,
						1401315,
						1407276,
						1403413,
						1403463,
						1403559,
						1405075,
						1401109,
						1400611,
						1401157,
						1403301,
						1403416,
						1400892,
						1400218,
						1399065,
						1399047,
						1404077,
						1398243,
						1404436,
						1404693,
						1404621,
						1396963,
						1406177,
						1403281,
						1399335,
						1404383,
						1404585,
						1402862,
						1401747,
						1399833,
						1403568,
						1402047,
						1400468,
						1401338,
						1402724,
						1403993,
						1401227,
						1403372,
						1402325,
						1404176,
						1403018,
						1402666,
						1401665,
						1404141,
						1396622,
						1397998,
						1414759,
						1409728,
						1409072,
						1397350,
						1443702,
						1401019,
						1402489,
						1402361,
						1400476,
						1395801,
						1399802,
						1400785,
						1404469,
						1402580,
						1399055,
						1402180,
						1401705,
						1403440,
						1400664,
						1409487,
						1400536,
						1401129,
						1402505,
						1396892,
						1409261,
						1413461,
						1400572,
						1400554,
						1403621,
						1406403,
						1401072,
						1404804,
						1398106,
						1405611,
						1400651,
						1402099,
						1402245,
						1402196,
						1401320,
						1402797,
						1401515,
						1410469,
						1413830,
						1409937,
						1399312,
						1403161,
						1404579,
						1403405,
						1400718,
						1399338,
						1398249,
						1402899,
						1399468,
						1400069,
						1417047,
						1403407,
						1404548,
						1399038,
						1401553,
						1400396,
						1406100,
						1407121,
						1405590,
						1402038,
						1405319,
						1401587,
						1403138,
						1402352,
						1402411,
						1400564,
						1398003,
						1403009,
						1403264,
						1404540,
						1401779,
						1397391,
						1404278,
						1408364,
						1400191,
						1400512,
						1399957,
						1400447,
						1404971,
						1405194,
						1399662,
						1404596,
						1400336,
						1401415,
						1402031,
						1398690,
						1399520,
						1405241,
						1401857,
						1406232,
						1408233,
						1405897,
						1404190,
						1405836,
						1401777,
						1400687,
						1396758,
						1416182,
						1411508,
						1403857,
						1401067,
						1397063,
						1402424,
						1403976,
						1404412,
						1402051,
						1400880,
						1405971,
						1401567,
						1408207,
						1402752,
						1403541,
						1399059,
						1402541,
						1397016,
						1401265,
						1401752,
						1401537,
						1404822,
						1400543,
						1397240,
						1410810,
						1404559,
						1401515,
						1400026,
						1400828,
						1408238,
						1403384,
						1404274,
						1399423,
						1401449,
						1405602,
						1404105,
						1402248,
						1401098,
						1405835,
						1401837,
						1407238,
						1404100,
						1400445,
						1401398,
						1401962,
						1401531,
						1401440,
						1404785,
						1402398,
						1399405,
						1402862,
						1402107,
						1401181,
						1401822,
						1401084,
						1398149,
						1400945,
						1403594,
						1402261,
						1404931,
						1402653,
						1404188,
						1402629,
						1401973,
						1399257,
						1404111,
						1399284,
						1405814,
						1399658,
						1406087,
						1402488,
						1408517,
						1403559,
						1399978,
						1399533,
						1413775,
						1406967,
						1399295,
						1398695,
						1400134,
						1403821,
						1405243,
						1400636,
						1400350,
						1405063,
						1403975,
						1416297,
						1406501,
						1403022,
						1396963,
						1401499,
						1404708,
						1402378,
						1405710,
						1403095,
						1399804,
						1404030,
						1400285,
						1405477,
						1402467,
						1399679,
						1399437,
						1401126,
						1404051,
						1401283,
						1399240,
						1399674,
						1398985,
						1400341,
						1407383,
						1403477,
						1402682,
						1401259,
						1408451,
						1402504,
						1399798,
						1398921,
						1403590,
						1415966,
						1412344,
						1404381,
						1401684,
						1398266,
						1400946,
						1406317,
						1402423,
						1401099,
						1400233,
						1400275,
						1404460,
						1404562,
						1406112,
						1400170,
						1399633,
						1405480,
						1400096,
						1402101,
						1401625,
						1406044,
						1400759,
						1399655,
						1401440,
						1398435,
						1404263,
						1403533,
						1407699,
						1412722,
						1397858,
						1403055,
						1402354,
						1400517,
						1404065,
						1404799,
						1402035,
						1401553,
						1403493,
						1404322,
						1398462,
						1405465,
						1398329,
						1400928,
						1400694,
						1403588,
						1407282,
						1403616,
						1402750,
						1401204,
						1405478,
						1402623,
						1401451,
						1395564,
						1403682,
						1401933,
						1403462,
						1400377,
						1399498,
						1400157,
						1401763,
						1403846,
						1400724,
						1397897,
						1404004,
						1402540,
						1394163,
						1408161,
						1373448,
						1404021,
						1403893,
						1409508,
						1397346,
						1400422,
						1409051,
						1398378,
						1403327,
						1403080,
						1406734,
						1399504,
						1399851,
						1401725,
						1406359,
						1413930,
						1400810,
						1406055,
						1398200,
						1398987,
						1401481,
						1402565,
						1419261,
						1405299,
						1401807,
						1400833,
						1403578,
						1400948,
						1400794,
						1398537,
						1406798,
						1401896,
						1400591,
						1404931,
						1397617,
						1417184,
						1411619,
						1402547,
						1407410,
						1401726,
						1402177,
						1403186,
						1400290,
						1401740,
						1405651,
						1402357,
						1404062,
						1398123,
						1402492,
						1404079,
						1399624,
						1400863,
						1405680,
						1399403,
						1398431,
						1404954,
						1396916,
						1400335,
						1401469,
						1402763,
						1406600,
						1404607,
						1397101,
						1399956,
						1401876,
						1404954,
						1404435,
						1396865,
						1401462,
						1398872,
						1403135,
						1397445,
						1403371,
						1402320,
						1404771,
						1400158,
						1402201,
						1403313,
						1402883,
						1399263,
						1403298,
						1401679,
						1410243,
						1404018,
						1397639,
						1401108,
						1404549,
						1401969,
						1412063,
						1402948,
						1400460,
						1402837,
						1404447,
						1399605,
						1402860,
						1406209,
						1403962,
						1404719,
						1400556,
						1404418,
						1400545,
						1406053,
						1402010,
						1400819,
						1403467,
						1404798,
						1404837,
						1402412,
						1408906,
						1409569,
						1400920,
						1398933,
						1402872,
						1407067,
						1402484,
						1413288,
						1412247,
						1400862,
						1403943,
						1398518,
						1402530,
						1401964,
						1409958,
						1397590,
						1401153,
						1402462,
						1407931,
						1403326,
						1401481,
						1398761,
						1399925,
						1404455,
						1405391,
						1397518,
						1405779,
						1417571,
						1400830,
						1399369,
						1405275,
						1403561,
						1399730,
						1403564,
						1404949,
						1401928,
						1401541,
						1403605,
						1404033,
						1404008,
						1401783,
						1407128,
						1405077,
						1397422,
						1417002,
						1409851,
						1403284,
						1402306,
						1401979,
						1404441,
						1404159,
						1397591,
						1405810,
						1400172,
						1399774,
						1402713,
						1403626,
						1402840,
						1406758,
						1397763,
						1405747,
						1403158,
						1401200,
						1403401,
						1400541,
						1402870,
						1399257,
						1405079,
						1397990,
						1405217,
						1401189,
						1399045,
						1398275,
						1405006,
						1398251,
						1402797,
						1400823,
						1399912,
						1397433,
						1402194,
						1401768,
						1410549,
						1413572,
						1402810,
						1406191,
						1397463,
						1400388,
						1405084,
						1411553,
						1402239,
						1401046,
						1399176,
						1404191,
						1403187,
						1399582,
						1401954,
						1407662,
						1413571,
						1401953,
						1408299,
						1404319,
						1398948,
						1405586,
						1400861,
						1403061,
						1401207,
						1401938,
						1410994,
						1415673,
						1403614,
						1399105,
						1405121,
						1404153,
						1398912,
						1404355,
						1404183,
						1400655,
						1400356,
						1406213,
						1407736,
						1402004,
						1404727,
						1414481,
						1397975,
						1403578,
						1401696,
						1400670,
						1403406,
						1399552,
						1396787,
						1403157,
						1402902,
						1404978,
						1403423,
						1406565,
						1405431,
						1405164,
						1400919,
						1403032,
						1416074,
						1409201,
						1402834,
						1402545,
						1400067,
						1407416,
						1397805,
						1399231,
						1402863,
						1403017,
						1403528,
						1401816,
						1401088,
						1407965,
						1398739,
						1404183,
						1404050,
						1399549,
						1364779,
						1408819,
						1400542,
						1401220,
						1400620,
						1397048,
						1405015,
						1404842,
						1401067,
						1400619,
						1402697,
						1400443,
						1402596,
						1404403,
						1405980,
						1401740,
						1400139,
						1401721,
						1400435,
						1404090,
						1400555,
						1402651,
						1403666,
						1400817,
						1403036,
						1398724,
						1397419,
						1403498,
						1417146,
						1409100,
						1401765,
						1403749,
						1402434,
						1401600,
						1404909,
						1401888,
						1402315,
						1402964,
						1412008,
						1403676,
						1402051,
						1400905,
						1400108,
						1403039,
						1408772,
						1395090,
						2666421,
						1401340,
						3011165,
						1395346,
						1397914,
						1396256,
						1401234,
						1403873,
						1401298,
						1405526,
						1402432,
						1403764,
						1403969,
						1396602,
						1410582,
						1399897,
						1399768,
						1408637,
						1403806,
						1403486,
						1405110,
						1408388,
						1406191,
						1402574,
						1409521,
						1410674,
						1402295,
						1399252,
						1403872,
						1398639,
						1402442,
						1405095,
						1403809,
						1401466,
						1402111,
						1400000,
						1402137,
						1408730,
						1402797,
						1405533,
						1405895,
						1401073,
						1398571,
						1402477,
						1410707,
						1406220,
						1404393,
						1401177,
						1410223,
						1409881,
						1401180,
						1410045,
						1414663,
						1401986,
						1401459,
						1403215,
						1403528,
						1411997,
						1402028,
						1400301,
						1402310,
						1391639,
						1399820,
						1400009,
						1403877,
						1412463,
						1409351,
						1400186,
						1397038,
						1403083,
						1398810,
						1401668,
						1402365,
						1402052,
						1396825,
						1399715,
						1400597,
						1401629,
						1414638,
						1411105,
						1404882,
						1400232,
						1400497,
						1402790,
						1406047,
						1404990,
						1398671,
						1406636,
						1400093,
						1402989,
						1401975,
						1398653,
						1400642,
						1400029,
						1403875,
						1400138,
						1403022,
						1403617,
						1401431,
						1403870,
						1407404,
						1402279,
						1400855,
						1402893,
						1402598,
						1401404,
						1397252,
						1401676,
						1400389,
						1406524,
						1402122,
						1402087,
						1403407,
						1400789,
						1396659,
						1400467,
						1401846,
						1404068,
						1405926,
						1402969,
						1401469,
						1406701,
						1412046,
						1403988,
						1399921,
						1402953,
						1400568,
						1401269,
						1400271,
						1404416,
						1400506,
						1401571,
						1400160,
						1398354,
						1400571,
						1407764,
						1400646,
						1403561,
						1398625,
						1413155,
						1403934,
						1402310,
						1403558,
						1402831,
						1402248,
						1413166,
						1403053,
						1401757,
						1402327,
						1403126,
						1405571,
						1402075,
						1400721,
						1399637,
						1403070,
						1402742,
						1399916,
						1402110,
						1401830,
						1398581,
						1403302,
						1396453,
						1404685,
						1403896,
						1399395,
						1403047,
						1403217,
						1400998,
						1402119,
						1402195,
						1402383,
						1404556,
						1401741,
						1399844,
						1400798,
						1401917,
						1404292,
						1406963,
						1403223,
						1401043,
						1401566,
						1402490,
						1408072,
						1406369,
						1399360,
						1397572,
						1401060,
						1407808,
						1406310,
						1401477,
						1400771,
						1398810,
						1402975,
						1401049,
						1402050,
						1399111,
						1403843,
						1400910,
						1398633,
						1397924,
						1406653,
						1405367,
						1401320,
						1413835,
						1400008,
						1399607,
						1411402,
						1401004,
						1410351,
						1401392,
						1401590,
						1400733,
						1405916,
						1410531,
						1400915,
						1399158,
						1400538,
						1408140,
						1399266,
						1408046,
						1400235,
						1404913,
						1410041,
						1401491,
						1403552,
						1410119,
						1402289,
						1403400,
						1400636,
						1402525,
						1409323,
						1401510,
						1402385,
						1406865,
						1404213,
						1409582,
						1400522,
						1402814,
						1403694,
						1400049,
						1401855,
						1418818,
						1404385,
						1404872,
						1407662,
						1403076,
						1402207,
						1402362,
						1400938,
						1412470,
						1402162,
						1399404,
						1404115,
						1397070,
						1408007,
						1402277,
						1400614,
						1399886,
						1407602,
						1402040,
						1405799,
						1405199,
						1398317,
						1399844,
						1402487,
						1400175,
						1402768,
						1404977,
						1398689,
						1405537,
						1398565,
						1401335,
						1405961,
						1401732,
						1399589,
						1407173,
						1399590,
						1405616,
						1398601,
						1403858,
						1402554,
						1404864,
						1402202,
						1401066,
						1402722,
						1403698,
						1400432,
						1403444,
						1402874,
						1398092,
						1398943,
						1400110,
						1401857,
						1398852,
						1400590,
						1406251,
						1405813,
						1401912,
						1402443,
						1400009,
						1374700,
						1402979,
						1399447,
						1400125,
						1412457,
						1411827,
						1402608,
						1400623,
						1402055,
						1399805,
						1403339,
						1399562,
						1400402,
						1403041,
						1400766,
						1408434,
						1403326,
						1397657,
						1399847,
						1402564,
						1400106,
						1398975,
						1405358,
						1400735,
						1404409,
						1401195,
						1398918,
						1409163,
						1399911,
						1403346,
						1401393,
						1404458,
						1407548,
						1400601,
						1404535,
						1400935,
						1400750,
						1405877,
						1401488,
						1404028,
						1400763,
						1401151,
						1401912,
						1397907,
						1401650,
						1402893,
						1404632,
						1403852,
						1397571,
						1398657,
						1407697,
						1400788,
						1401770,
						1403139,
						1404535,
						1399656,
						1403473,
						1403656,
						1403590,
						1401346,
						1404871,
						1400456,
						1403770,
						1400576,
						1403351,
						1398869,
						1399904,
						1399548,
						1401437,
						1407003,
						1406295,
						1411534,
						1404537,
						1405583,
						1403281,
						1401352,
						1399092,
						1401607,
						1401583,
						1404350,
						1405145,
						1404732,
						1402669,
						1403386,
						1404047,
						1402631,
						1396844,
						1405228,
						1398191,
						1402559,
						1406989,
						1403147,
						1402687,
						1402160,
						1405854,
						1402434,
						1397426,
						1402586,
						1400976,
						1401638,
						1401303,
						1403576,
						1403349,
						1398926,
						1402902,
						1413229,
						1403481,
						1406136,
						1398860,
						1403979,
						1402791,
						1405267,
						1400860,
						1400691,
						1398163,
						1401662,
						1402146,
						1401373,
						1401079,
						1408450,
						1402820,
						1416686,
						1413507,
						1411430,
						1401339,
						1402424,
						1398639,
						1405606,
						1404385,
						1406460,
						1399684,
						1403738,
						1406729,
						1405822,
						1400347,
						1402171,
						1399942,
						1406882,
						1401106,
						1405909,
						1404030,
						1399682,
						1404586,
						1402984,
						1400649,
						1401633,
						1416871,
						1404305,
						1402058,
						1401482,
						1403106,
						1402847,
						1410914,
						1397491,
						1407366,
						1403235,
						1401411,
						1400581,
						1405267,
						1406952,
						1403968,
						1402348,
						1400990,
						1398820,
						1400273,
						1413275,
						1409412,
						1403315,
						1401953,
						1401538,
						1399883,
						1406401,
						1404392,
						1398839,
						1405878,
						1402595,
						1402072,
						1406210,
						1404967,
						1402653,
						1403747,
						1401506,
						1406767,
						1398311,
						1403334,
						1405044,
						1405370,
						1397714,
						1404962,
						1401884,
						1404043,
						1404721,
						1401149,
						1402255,
						1400073,
						1402924,
						1404938,
						1405313,
						1399589,
						1398939,
						1405319,
						1399523,
						1402295,
						1399630,
						1404296,
						1401207,
						1401577,
						1404806,
						1403011,
						1406447,
						1401149,
						1404907,
						1399668,
						1405915,
						1399735,
						1407881,
						1405131,
						1403079,
						1405301,
						1400347,
						1400315,
						1402695,
						1404088,
						1400744,
						1403113,
						1402955,
						1400740,
						1401025,
						1411297,
						1403319,
						1402809,
						1402721,
						1400997,
						1403248,
						1402158,
						1418272,
						1398263,
						1405488,
						1406582,
						1402141,
						1368805,
						1402044,
						1401466,
						1404109,
						1403921,
						1403711,
						1400645,
						1400253,
						1401524,
						1409464,
						1403405,
						1402104,
						1402833,
						1401348,
						1401971,
						1402196,
						1397008,
						1400646,
						1401529,
						1401591,
						1403774,
						1401950,
						1400933,
						1402688,
						1398458,
						1405105,
						1399961,
						1404499,
						1401957,
						1401084,
						1401926,
						1401112,
						1405222,
						1403077,
						1400125,
						1404659,
						1402476,
						1402704,
						1406559,
						1398762,
						1407456,
						1398442,
						1401499,
						1403806,
						1402631,
						1401197,
						1410945,
						1412091,
						1426088,
						2234413,
						1403859,
						1408835,
						1407186,
						1413322,
						1401998,
						1408263,
						1408412,
						1433332,
						1401843,
						1406514,
						1416727,
						1405630,
						1402815,
						1396212,
						1402489,
						1409281,
						1398496,
						1399489,
						1404977,
						1398763,
						1403958,
						1402820,
						1404066,
						1399773,
						1401284,
						1404627,
						1402904,
						1417153,
						1404779,
						1398864,
						1400460,
						1406008,
						1401423,
						1413697,
						1398627,
						1401712,
						1402067,
						1403710,
						1400316,
						1402844,
						1408878,
						1413247,
						1401764,
						1406014,
						1402889,
						1401043,
						1400457,
						1400471,
						1403662,
						1408813,
						1403864,
						1403427,
						1400059,
						1401307,
						1402938,
						1406292,
						1407546,
						1397866,
						1413963,
						1404906,
						1410155,
						1425265,
						1412126,
						1403376,
						1399839,
						1403304,
						1406419,
						1401257,
						1415697,
						1410408,
						1411416,
						1386828,
						1410287,
						1418269,
						1405584,
						1418762,
						1404641,
						1401488,
						1405473,
						1402396,
						1407761,
						1404092,
						1407710,
						1400540,
						1403253,
						1400438,
						1402075,
						1407000,
						1411282,
						1412061,
						1401895,
						1402090,
						1406560,
						1398693,
						1404526,
						1402884,
						1400675,
						1405014,
						1403493,
						1401086,
						1402721,
						1401211,
						1402793,
						1401361,
						1403698,
						1405261,
						1404083,
						1399989,
						1400104,
						1398693,
						1401418,
						1400537,
						1400338,
						1409043,
						1401867,
						1403859,
						1403855,
						1410186,
						1402152,
						1422718,
						1399419,
						1404757,
						1404139,
						1394313,
						1402405,
						1401391,
						1401423,
						1402033,
						1399887,
						1399283,
						1405651,
						1400666,
						1402126,
						1405763,
						1404930,
						1416772,
						1403249,
						1398916,
						1405448,
						1398537,
						1402784,
						1401099,
						1401528,
						1404000,
						1403710,
						1401680,
						1401226,
						1402655,
						1400300,
						1399046,
						1403105,
						1404528,
						1403236,
						1400315,
						1404043,
						1401291,
						1402810,
						1403513,
						1402567,
						1401325,
						1405520,
						1397963,
						1400743,
						1403959,
						1399435,
						1401157,
						1403166,
						1402914,
						1405310,
						1404203,
						1404223,
						1400419,
						1404345,
						1401449,
						1401872,
						1402890,
						1398679,
						1405176,
						1399543,
						1403480,
						1403537,
						1400142,
						1402876,
						1401296,
						1403471,
						1405148,
						1402922,
						1402271,
						1401654,
						1401391,
						1404814,
						1401315,
						1403401,
						1397899,
						1404661,
						1404412,
						1399867,
						1401125,
						1405695,
						1403443,
						1404095,
						1403379,
						1405399,
						1401400,
						1403881,
						1403033,
						1402503,
						1402106,
						1403728,
						1404932,
						1400043,
						1404868,
						1404894,
						1419152,
						1400904,
						1401555,
						1409555,
						1397044,
						1399063,
						1396519,
						1401727,
						1398238,
						1400239,
						1404021,
						1399356,
						1398167,
						1397617,
						1402126,
						1402389,
						1400151,
						1402625,
						1400531,
						1400480,
						1401306,
						1402479,
						1401092,
						1404238,
						1399730,
						1401065,
						1401088,
						1406151,
						1397664,
						1399084,
						1400492,
						1405780,
						1400518,
						1398106,
						1401578,
						1395822,
						1401936,
						1404512,
						1399729,
						1398987,
						1404895,
						1400947,
						1402107,
						1402388,
						1404281,
						1402032,
						1401581,
						1404750,
						1410094,
						1412869,
						1402857,
						1404443,
						1402354,
						1403676,
						1397618,
						1404038,
						1401620,
						1400569,
						1405634,
						1400950,
						1413812,
						1401282,
						1399683,
						1401852,
						1406395,
						1405340,
						1403813,
						1401927,
						1402613,
						1401261,
						1402338,
						1402863,
						1401711,
						1403472,
						1401150,
						1405966,
						1401924,
						1403392,
						1399102,
						1397598,
						1400920,
						1403250,
						1397074,
						1404852,
						1403791,
						1400926,
						1397660,
						1402421,
						1397915,
						1407362,
						1402356,
						1402652,
						1401348,
						1399846,
						1404205,
						1400490,
						1399250,
						1401273,
						1402635,
						1404138,
						1399539,
						1402772,
						1402357,
						1400613,
						1402059,
						1401925,
						1400303,
						1400314,
						1399003,
						1403234,
						1404349,
						1402178,
						1399802,
						1399666,
						1401346,
						1402894,
						1404011,
						1402903,
						1402336,
						1403569,
						1402765,
						1397950,
						1403432,
						1401704,
						1398807,
						1401738,
						1402622,
						1399383,
						1401477,
						1403598,
						1404462,
						1401571,
						1401019,
						1403086,
						1399902,
						1400850,
						1400353,
						1404439,
						1402955,
						1402421,
						1401967,
						1400669,
						1403127,
						1405918,
						1398937,
						1403040,
						1399726,
						1403039,
						1400793,
						1404645,
						1404291,
						1402440,
						1402016,
						1402929,
						1406943,
						1399970,
						1403810,
						1402438,
						1404591,
						1404749,
						1399966,
						1399380,
						1400973,
						1406254,
						1400079,
						1403292,
						1401047,
						1400810,
						1408230,
						1404430,
						1408271,
						1401386,
						1402267,
						1403109,
						1403329,
						1402852,
						1404875,
						1403325,
						1401772,
						1401662,
						1401355,
						1404992,
						1403258,
						1400933,
						1407023,
						1399518,
						1403598,
						1402453,
						1421215,
						1407827,
						1406865,
						1399505,
						1401502,
						1398824,
						1400452,
						1401797,
						1401918,
						1404998,
						1404635,
						1402619,
						1398603,
						1406630,
						1405082,
						1398724,
						1401073,
						1401388,
						1403736,
						1395545,
						1400620,
						1400495,
						1418304,
						1399461,
						1404987,
						1403024,
						1403331,
						1401151,
						1398229,
						1411320,
						1415048,
						1405271,
						1400797,
						1402592,
						1400460,
						1400761,
						1405416,
						1400337,
						1410509,
						1399315,
						1400977,
						1397195,
						1402106,
						1403419,
						1404186,
						1406493,
						1402595,
						1407233,
						1405191,
						1402137,
						1401830,
						1408911,
						1412502,
						1417570,
						1406071,
						1399346,
						1401066,
						1401802,
						1403714,
						1399747,
						1404821,
						1406108,
						1402700,
						1399309,
						1402328,
						1401042,
						1401912,
						1402884,
						1404982,
						1416512,
						1403899,
						1402830,
						1401245,
						1400141,
						1404682,
						1397869,
						1407890,
						1396334,
						1402907,
						1401817,
						1402409,
						1401234,
						1404577,
						1403834,
						1403930,
						1397869,
						1404676,
						1401437,
						1406256,
						1402435,
						1402062,
						1404615,
						1406228,
						1402895,
						1400751,
						1405005,
						1404297,
						1401547,
						1400811,
						1400970,
						1402783,
						1403297,
						1403680,
						1403316,
						1402609,
						1401693,
						1403851,
						1402436,
						1399292,
						1402212,
						1409909,
						1399925,
						1401743,
						1408563,
						1400383,
						1402159,
						1401440,
						1399551,
						1412190,
						1403546,
						1403176,
						1401092,
						1401555,
						1402366,
						1405367,
						1404860,
						1400576,
						1398211,
						1403576,
						1396805,
						1401051,
						1409008,
						1401822,
						1399033,
						1408862,
						1397917,
						1411836,
						1401951,
						1400787,
						1400931,
						1402252,
						1404797,
						1399863,
						1404738,
						1403887,
						1406069,
						1403658,
						1397237,
						1395848,
						1400753,
						1399046,
						1403750,
						1410644,
						1401872,
						1402724,
						1404954,
						1396904,
						1402707,
						1403013,
						1399852,
						1402589,
						1402668,
						1405806,
						1403334,
						1404262,
						1411661,
						1402576,
						1400980,
						1403229,
						1403625,
						1399097,
						1399560,
						1400300,
						1403726,
						1403633,
						1406766,
						1399882,
						1401147,
						1404484,
						1399186,
						1399860,
						1410916,
						1413042,
						1408765,
						1421285,
						1402012,
						1400859,
						1401290,
						1402365,
						1400076,
						1404313,
						1402153,
						1417252,
						1411457,
						1411234,
						1403690,
						1399659,
						1411714,
						1410092,
						1398940,
						1404407,
						1395667,
						1400083,
						1405609,
						1403407,
						1404590,
						1406625,
						1404286,
						1403077,
						1399559,
						1402330,
						1399357,
						1403450,
						1402462,
						1401268,
						1401168,
						1401257,
						1401436,
						1401609,
						1402941,
						1402385,
						1403863,
						1402559,
						1401921,
						1400777,
						1404807,
						1402574,
						1403440,
						1407727,
						1401366,
						1404963
					],
					"standAloneTotalLatency(us)" : 1384,
					"type" : "basic"
				}
			],
			"clientName" : "vgg_rt"
		}
	]
}
gpreempt_flag_cleanup: transport=host_mapped status=passed slots=1
GPREEMPT_VALIDATION {"task":"vgg_rt","checked":6109,"timed_checked":5999,"max_absolute_error":0,"atol":1e-06,"rtol":0.0001}
GPREEMPT_VALIDATION {"task":"resnet152_be","checked":6106,"timed_checked":5996,"max_absolute_error":0,"atol":1e-06,"rtol":0.0001}
gpreempt_bridge_stats: backend=ubpf-jit preprocess=12215 due=24084457 infer=12215 reset=5999 hint=5999 block=5999 release=5999 scopes=2 registered=2 ended=2 errors=0
