timestamp, memory.used [MiB], temperature.gpu, power.draw [W], clocks.current.sm [MHz], clocks.current.memory [MHz], clocks_event_reasons.sw_power_cap, clocks_event_reasons.hw_slowdown, clocks_event_reasons.hw_thermal_slowdown, clocks_event_reasons.hw_power_brake_slowdown, clocks_event_reasons.sw_thermal_slowdown
2026/09/03 21:11:38.582, 15 MiB, 48, 16.23 W, 337 MHz, 810 MHz, Not Active, Not Active, Not Active, Not Active, Not Active
2026/09/03 21:11:38.785, 15 MiB, 48, 16.15 W, 337 MHz, 810 MHz, Not Active, Not Active, Not Active, Not Active, Not Active
2026/09/03 21:11:38.986, 15 MiB, 48, 16.15 W, 337 MHz, 810 MHz, Not Active, Not Active, Not Active, Not Active, Not Active
2026/09/03 21:11:39.188, 35 MiB, 48, 16.15 W, 337 MHz, 810 MHz, Not Active, Not Active, Not Active, Not Active, Not Active
2026/09/03 21:11:39.388, 519 MiB, 49, 17.48 W, 180 MHz, 14001 MHz, Not Active, Not Active, Not Active, Not Active, Not Active
2026/09/03 21:11:39.588, 519 MiB, 49, 17.48 W, 180 MHz, 14001 MHz, Not Active, Not Active, Not Active, Not Active, Not Active
2026/09/03 21:11:39.789, 519 MiB, 49, 37.10 W, 2400 MHz, 13801 MHz, Not Active, Not Active, Not Active, Not Active, Not Active
2026/09/03 21:11:39.989, 519 MiB, 49, 37.10 W, 2400 MHz, 13801 MHz, Not Active, Not Active, Not Active, Not Active, Not Active
2026/09/03 21:11:40.189, 519 MiB, 49, 37.10 W, 2400 MHz, 13801 MHz, Not Active, Not Active, Not Active, Not Active, Not Active
2026/09/03 21:11:40.389, 519 MiB, 49, 57.63 W, 2400 MHz, 13801 MHz, Not Active, Not Active, Not Active, Not Active, Not Active
2026/09/03 21:11:40.590, 519 MiB, 49, 57.63 W, 2400 MHz, 13801 MHz, Not Active, Not Active, Not Active, Not Active, Not Active
2026/09/03 21:11:40.790, 519 MiB, 49, 56.44 W, 2400 MHz, 13801 MHz, Not Active, Not Active, Not Active, Not Active, Not Active
2026/09/03 21:11:40.990, 519 MiB, 49, 56.44 W, 2400 MHz, 13801 MHz, Not Active, Not Active, Not Active, Not Active, Not Active
2026/09/03 21:11:41.191, 519 MiB, 49, 56.44 W, 2400 MHz, 13801 MHz, Not Active, Not Active, Not Active, Not Active, Not Active
2026/09/03 21:11:41.391, 519 MiB, 49, 56.35 W, 2400 MHz, 13801 MHz, Not Active, Not Active, Not Active, Not Active, Not Active
2026/09/03 21:11:41.591, 519 MiB, 49, 56.35 W, 2400 MHz, 13801 MHz, Not Active, Not Active, Not Active, Not Active, Not Active
2026/09/03 21:11:41.791, 519 MiB, 49, 56.32 W, 2400 MHz, 13801 MHz, Not Active, Not Active, Not Active, Not Active, Not Active
2026/09/03 21:11:41.992, 519 MiB, 49, 56.32 W, 2400 MHz, 13801 MHz, Not Active, Not Active, Not Active, Not Active, Not Active
2026/09/03 21:11:42.192, 519 MiB, 49, 56.32 W, 2400 MHz, 13801 MHz, Not Active, Not Active, Not Active, Not Active, Not Active
2026/09/03 21:11:42.392, 519 MiB, 49, 56.40 W, 2400 MHz, 13801 MHz, Not Active, Not Active, Not Active, Not Active, Not Active
2026/09/03 21:11:42.592, 519 MiB, 49, 56.40 W, 2400 MHz, 13801 MHz, Not Active, Not Active, Not Active, Not Active, Not Active
2026/09/03 21:11:42.793, 519 MiB, 49, 56.51 W, 2400 MHz, 13801 MHz, Not Active, Not Active, Not Active, Not Active, Not Active
2026/09/03 21:11:42.993, 519 MiB, 49, 56.51 W, 2400 MHz, 13801 MHz, Not Active, Not Active, Not Active, Not Active, Not Active
2026/09/03 21:11:43.193, 519 MiB, 49, 56.51 W, 2400 MHz, 13801 MHz, Not Active, Not Active, Not Active, Not Active, Not Active
2026/09/03 21:11:43.393, 519 MiB, 49, 56.52 W, 2400 MHz, 13801 MHz, Not Active, Not Active, Not Active, Not Active, Not Active
2026/09/03 21:11:43.594, 519 MiB, 49, 56.52 W, 2400 MHz, 13801 MHz, Not Active, Not Active, Not Active, Not Active, Not Active
2026/09/03 21:11:43.794, 519 MiB, 49, 56.44 W, 2400 MHz, 13801 MHz, Not Active, Not Active, Not Active, Not Active, Not Active
2026/09/03 21:11:43.994, 519 MiB, 49, 56.44 W, 2400 MHz, 13801 MHz, Not Active, Not Active, Not Active, Not Active, Not Active
2026/09/03 21:11:44.195, 519 MiB, 49, 56.44 W, 2400 MHz, 13801 MHz, Not Active, Not Active, Not Active, Not Active, Not Active
2026/09/03 21:11:44.395, 519 MiB, 49, 56.45 W, 2400 MHz, 13801 MHz, Not Active, Not Active, Not Active, Not Active, Not Active
2026/09/03 21:11:44.595, 519 MiB, 49, 56.45 W, 2400 MHz, 13801 MHz, Not Active, Not Active, Not Active, Not Active, Not Active
2026/09/03 21:11:44.795, 519 MiB, 49, 56.60 W, 2400 MHz, 13801 MHz, Not Active, Not Active, Not Active, Not Active, Not Active
2026/09/03 21:11:44.996, 519 MiB, 49, 56.60 W, 2400 MHz, 13801 MHz, Not Active, Not Active, Not Active, Not Active, Not Active
2026/09/03 21:11:45.196, 519 MiB, 49, 56.60 W, 2400 MHz, 13801 MHz, Not Active, Not Active, Not Active, Not Active, Not Active
2026/09/03 21:11:45.396, 519 MiB, 49, 56.66 W, 2400 MHz, 13801 MHz, Not Active, Not Active, Not Active, Not Active, Not Active
2026/09/03 21:11:45.596, 519 MiB, 49, 56.66 W, 2400 MHz, 13801 MHz, Not Active, Not Active, Not Active, Not Active, Not Active
2026/09/03 21:11:45.797, 519 MiB, 49, 56.62 W, 2400 MHz, 13801 MHz, Not Active, Not Active, Not Active, Not Active, Not Active
2026/09/03 21:11:45.997, 519 MiB, 49, 56.62 W, 2400 MHz, 13801 MHz, Not Active, Not Active, Not Active, Not Active, Not Active
2026/09/03 21:11:46.197, 519 MiB, 49, 56.62 W, 2400 MHz, 13801 MHz, Not Active, Not Active, Not Active, Not Active, Not Active
2026/09/03 21:11:46.397, 519 MiB, 49, 56.63 W, 2400 MHz, 13801 MHz, Not Active, Not Active, Not Active, Not Active, Not Active
2026/09/03 21:11:46.597, 519 MiB, 49, 56.63 W, 2400 MHz, 13801 MHz, Not Active, Not Active, Not Active, Not Active, Not Active
2026/09/03 21:11:46.798, 519 MiB, 49, 56.63 W, 2400 MHz, 13801 MHz, Not Active, Not Active, Not Active, Not Active, Not Active
2026/09/03 21:11:46.998, 519 MiB, 49, 56.63 W, 2400 MHz, 13801 MHz, Not Active, Not Active, Not Active, Not Active, Not Active
2026/09/03 21:11:47.198, 519 MiB, 49, 56.63 W, 2400 MHz, 13801 MHz, Not Active, Not Active, Not Active, Not Active, Not Active
2026/09/03 21:11:47.398, 519 MiB, 49, 56.67 W, 2400 MHz, 13801 MHz, Not Active, Not Active, Not Active, Not Active, Not Active
2026/09/03 21:11:47.599, 519 MiB, 49, 56.67 W, 2400 MHz, 13801 MHz, Not Active, Not Active, Not Active, Not Active, Not Active
2026/09/03 21:11:47.799, 519 MiB, 49, 56.57 W, 2400 MHz, 13801 MHz, Not Active, Not Active, Not Active, Not Active, Not Active
2026/09/03 21:11:47.999, 519 MiB, 49, 56.57 W, 2400 MHz, 13801 MHz, Not Active, Not Active, Not Active, Not Active, Not Active
2026/09/03 21:11:48.199, 519 MiB, 49, 56.57 W, 2400 MHz, 13801 MHz, Not Active, Not Active, Not Active, Not Active, Not Active
2026/09/03 21:11:48.400, 519 MiB, 49, 56.49 W, 2400 MHz, 13801 MHz, Not Active, Not Active, Not Active, Not Active, Not Active
2026/09/03 21:11:48.600, 519 MiB, 49, 56.49 W, 2400 MHz, 13801 MHz, Not Active, Not Active, Not Active, Not Active, Not Active
2026/09/03 21:11:48.800, 519 MiB, 49, 56.51 W, 2400 MHz, 13801 MHz, Not Active, Not Active, Not Active, Not Active, Not Active
2026/09/03 21:11:49.001, 519 MiB, 49, 56.51 W, 2400 MHz, 13801 MHz, Not Active, Not Active, Not Active, Not Active, Not Active
2026/09/03 21:11:49.201, 519 MiB, 49, 56.51 W, 2400 MHz, 13801 MHz, Not Active, Not Active, Not Active, Not Active, Not Active
2026/09/03 21:11:49.401, 519 MiB, 49, 56.47 W, 2400 MHz, 13801 MHz, Not Active, Not Active, Not Active, Not Active, Not Active
2026/09/03 21:11:49.601, 519 MiB, 49, 56.47 W, 2400 MHz, 13801 MHz, Not Active, Not Active, Not Active, Not Active, Not Active
2026/09/03 21:11:49.802, 519 MiB, 49, 56.40 W, 2400 MHz, 13801 MHz, Not Active, Not Active, Not Active, Not Active, Not Active
2026/09/03 21:11:50.002, 519 MiB, 49, 56.40 W, 2400 MHz, 13801 MHz, Not Active, Not Active, Not Active, Not Active, Not Active
2026/09/03 21:11:50.202, 519 MiB, 49, 56.40 W, 2400 MHz, 13801 MHz, Not Active, Not Active, Not Active, Not Active, Not Active
2026/09/03 21:11:50.402, 519 MiB, 49, 56.42 W, 2400 MHz, 13801 MHz, Not Active, Not Active, Not Active, Not Active, Not Active
2026/09/03 21:11:50.602, 519 MiB, 49, 56.42 W, 2400 MHz, 13801 MHz, Not Active, Not Active, Not Active, Not Active, Not Active
2026/09/03 21:11:50.803, 519 MiB, 49, 56.39 W, 2400 MHz, 13801 MHz, Not Active, Not Active, Not Active, Not Active, Not Active
2026/09/03 21:11:51.003, 519 MiB, 49, 56.39 W, 2400 MHz, 13801 MHz, Not Active, Not Active, Not Active, Not Active, Not Active
2026/09/03 21:11:51.203, 519 MiB, 49, 56.39 W, 2400 MHz, 13801 MHz, Not Active, Not Active, Not Active, Not Active, Not Active
2026/09/03 21:11:51.403, 519 MiB, 49, 56.39 W, 2400 MHz, 13801 MHz, Not Active, Not Active, Not Active, Not Active, Not Active
2026/09/03 21:11:51.603, 519 MiB, 49, 56.39 W, 2400 MHz, 13801 MHz, Not Active, Not Active, Not Active, Not Active, Not Active
2026/09/03 21:11:51.804, 519 MiB, 49, 56.49 W, 2400 MHz, 13801 MHz, Not Active, Not Active, Not Active, Not Active, Not Active
2026/09/03 21:11:52.004, 519 MiB, 49, 56.49 W, 2400 MHz, 13801 MHz, Not Active, Not Active, Not Active, Not Active, Not Active
2026/09/03 21:11:52.204, 519 MiB, 49, 56.49 W, 2400 MHz, 13801 MHz, Not Active, Not Active, Not Active, Not Active, Not Active
2026/09/03 21:11:52.404, 519 MiB, 49, 56.51 W, 2400 MHz, 13801 MHz, Not Active, Not Active, Not Active, Not Active, Not Active
2026/09/03 21:11:52.605, 519 MiB, 49, 56.51 W, 2400 MHz, 13801 MHz, Not Active, Not Active, Not Active, Not Active, Not Active
2026/09/03 21:11:52.805, 519 MiB, 49, 56.49 W, 2400 MHz, 13801 MHz, Not Active, Not Active, Not Active, Not Active, Not Active
2026/09/03 21:11:53.005, 519 MiB, 49, 56.49 W, 2400 MHz, 13801 MHz, Not Active, Not Active, Not Active, Not Active, Not Active
2026/09/03 21:11:53.205, 519 MiB, 49, 56.49 W, 2400 MHz, 13801 MHz, Not Active, Not Active, Not Active, Not Active, Not Active
2026/09/03 21:11:53.405, 519 MiB, 49, 56.53 W, 2400 MHz, 13801 MHz, Not Active, Not Active, Not Active, Not Active, Not Active
2026/09/03 21:11:53.606, 519 MiB, 49, 56.53 W, 2400 MHz, 13801 MHz, Not Active, Not Active, Not Active, Not Active, Not Active
2026/09/03 21:11:53.806, 519 MiB, 49, 56.51 W, 2400 MHz, 13801 MHz, Not Active, Not Active, Not Active, Not Active, Not Active
2026/09/03 21:11:54.006, 519 MiB, 49, 56.51 W, 2400 MHz, 13801 MHz, Not Active, Not Active, Not Active, Not Active, Not Active
2026/09/03 21:11:54.206, 519 MiB, 49, 56.51 W, 2400 MHz, 13801 MHz, Not Active, Not Active, Not Active, Not Active, Not Active
2026/09/03 21:11:54.407, 519 MiB, 49, 56.56 W, 2400 MHz, 13801 MHz, Not Active, Not Active, Not Active, Not Active, Not Active
2026/09/03 21:11:54.607, 519 MiB, 49, 56.56 W, 2400 MHz, 13801 MHz, Not Active, Not Active, Not Active, Not Active, Not Active
2026/09/03 21:11:54.807, 519 MiB, 49, 56.69 W, 2400 MHz, 13801 MHz, Not Active, Not Active, Not Active, Not Active, Not Active
2026/09/03 21:11:55.007, 519 MiB, 49, 56.69 W, 2400 MHz, 13801 MHz, Not Active, Not Active, Not Active, Not Active, Not Active
2026/09/03 21:11:55.208, 519 MiB, 49, 56.69 W, 2400 MHz, 13801 MHz, Not Active, Not Active, Not Active, Not Active, Not Active
2026/09/03 21:11:55.408, 519 MiB, 49, 56.70 W, 2400 MHz, 13801 MHz, Not Active, Not Active, Not Active, Not Active, Not Active
2026/09/03 21:11:55.608, 519 MiB, 49, 56.70 W, 2400 MHz, 13801 MHz, Not Active, Not Active, Not Active, Not Active, Not Active
2026/09/03 21:11:55.808, 519 MiB, 49, 56.60 W, 2400 MHz, 13801 MHz, Not Active, Not Active, Not Active, Not Active, Not Active
2026/09/03 21:11:56.009, 519 MiB, 49, 56.60 W, 2400 MHz, 13801 MHz, Not Active, Not Active, Not Active, Not Active, Not Active
2026/09/03 21:11:56.209, 519 MiB, 49, 56.60 W, 2400 MHz, 13801 MHz, Not Active, Not Active, Not Active, Not Active, Not Active
2026/09/03 21:11:56.409, 519 MiB, 49, 56.56 W, 2400 MHz, 13801 MHz, Not Active, Not Active, Not Active, Not Active, Not Active
2026/09/03 21:11:56.610, 519 MiB, 49, 56.56 W, 2400 MHz, 13801 MHz, Not Active, Not Active, Not Active, Not Active, Not Active
2026/09/03 21:11:56.810, 519 MiB, 49, 44.83 W, 607 MHz, 810 MHz, Not Active, Not Active, Not Active, Not Active, Not Active
2026/09/03 21:11:57.010, 519 MiB, 49, 44.83 W, 607 MHz, 810 MHz, Not Active, Not Active, Not Active, Not Active, Not Active
2026/09/03 21:11:57.210, 519 MiB, 49, 44.83 W, 607 MHz, 810 MHz, Not Active, Not Active, Not Active, Not Active, Not Active
2026/09/03 21:11:57.411, 519 MiB, 48, 25.19 W, 45 MHz, 810 MHz, Not Active, Not Active, Not Active, Not Active, Not Active
2026/09/03 21:11:57.611, 519 MiB, 48, 25.19 W, 45 MHz, 810 MHz, Not Active, Not Active, Not Active, Not Active, Not Active
2026/09/03 21:11:57.811, 519 MiB, 48, 21.03 W, 40 MHz, 810 MHz, Not Active, Not Active, Not Active, Not Active, Not Active
2026/09/03 21:11:58.011, 519 MiB, 48, 21.03 W, 40 MHz, 810 MHz, Not Active, Not Active, Not Active, Not Active, Not Active
2026/09/03 21:11:58.212, 519 MiB, 48, 21.03 W, 40 MHz, 810 MHz, Not Active, Not Active, Not Active, Not Active, Not Active
2026/09/03 21:11:58.412, 519 MiB, 48, 21.03 W, 40 MHz, 810 MHz, Not Active, Not Active, Not Active, Not Active, Not Active
2026/09/03 21:11:58.612, 519 MiB, 48, 21.03 W, 40 MHz, 810 MHz, Not Active, Not Active, Not Active, Not Active, Not Active
2026/09/03 21:11:58.812, 519 MiB, 48, 12.98 W, 22 MHz, 405 MHz, Not Active, Not Active, Not Active, Not Active, Not Active
2026/09/03 21:11:59.012, 519 MiB, 48, 12.98 W, 22 MHz, 405 MHz, Not Active, Not Active, Not Active, Not Active, Not Active
2026/09/03 21:11:59.213, 519 MiB, 48, 12.98 W, 22 MHz, 405 MHz, Not Active, Not Active, Not Active, Not Active, Not Active
2026/09/03 21:11:59.413, 519 MiB, 48, 12.98 W, 22 MHz, 405 MHz, Not Active, Not Active, Not Active, Not Active, Not Active
2026/09/03 21:11:59.613, 519 MiB, 48, 12.98 W, 22 MHz, 405 MHz, Not Active, Not Active, Not Active, Not Active, Not Active
2026/09/03 21:11:59.813, 519 MiB, 48, 12.27 W, 23 MHz, 405 MHz, Not Active, Not Active, Not Active, Not Active, Not Active
2026/09/03 21:12:00.014, 519 MiB, 48, 12.27 W, 23 MHz, 405 MHz, Not Active, Not Active, Not Active, Not Active, Not Active
2026/09/03 21:12:00.214, 519 MiB, 48, 12.27 W, 23 MHz, 405 MHz, Not Active, Not Active, Not Active, Not Active, Not Active
2026/09/03 21:12:00.414, 519 MiB, 48, 12.71 W, 22 MHz, 405 MHz, Not Active, Not Active, Not Active, Not Active, Not Active
2026/09/03 21:12:00.614, 519 MiB, 48, 12.71 W, 22 MHz, 405 MHz, Not Active, Not Active, Not Active, Not Active, Not Active
2026/09/03 21:12:00.815, 519 MiB, 48, 13.68 W, 22 MHz, 405 MHz, Not Active, Not Active, Not Active, Not Active, Not Active
2026/09/03 21:12:01.015, 519 MiB, 48, 13.68 W, 22 MHz, 405 MHz, Not Active, Not Active, Not Active, Not Active, Not Active
2026/09/03 21:12:01.215, 519 MiB, 48, 13.68 W, 22 MHz, 405 MHz, Not Active, Not Active, Not Active, Not Active, Not Active
2026/09/03 21:12:01.415, 519 MiB, 48, 13.68 W, 22 MHz, 405 MHz, Not Active, Not Active, Not Active, Not Active, Not Active
2026/09/03 21:12:01.616, 519 MiB, 48, 13.68 W, 22 MHz, 405 MHz, Not Active, Not Active, Not Active, Not Active, Not Active
2026/09/03 21:12:01.816, 519 MiB, 48, 12.19 W, 22 MHz, 405 MHz, Not Active, Not Active, Not Active, Not Active, Not Active
2026/09/03 21:12:02.016, 519 MiB, 48, 12.19 W, 22 MHz, 405 MHz, Not Active, Not Active, Not Active, Not Active, Not Active
2026/09/03 21:12:02.216, 519 MiB, 48, 12.19 W, 22 MHz, 405 MHz, Not Active, Not Active, Not Active, Not Active, Not Active
2026/09/03 21:12:02.416, 519 MiB, 48, 12.19 W, 22 MHz, 405 MHz, Not Active, Not Active, Not Active, Not Active, Not Active
2026/09/03 21:12:02.617, 519 MiB, 48, 12.19 W, 22 MHz, 405 MHz, Not Active, Not Active, Not Active, Not Active, Not Active
2026/09/03 21:12:02.817, 519 MiB, 48, 12.19 W, 21 MHz, 405 MHz, Not Active, Not Active, Not Active, Not Active, Not Active
2026/09/03 21:12:03.017, 519 MiB, 48, 12.19 W, 21 MHz, 405 MHz, Not Active, Not Active, Not Active, Not Active, Not Active
2026/09/03 21:12:03.217, 519 MiB, 48, 12.19 W, 21 MHz, 405 MHz, Not Active, Not Active, Not Active, Not Active, Not Active
2026/09/03 21:12:03.418, 519 MiB, 48, 12.19 W, 21 MHz, 405 MHz, Not Active, Not Active, Not Active, Not Active, Not Active
2026/09/03 21:12:03.618, 519 MiB, 48, 12.19 W, 21 MHz, 405 MHz, Not Active, Not Active, Not Active, Not Active, Not Active
2026/09/03 21:12:03.818, 519 MiB, 48, 12.27 W, 22 MHz, 405 MHz, Not Active, Not Active, Not Active, Not Active, Not Active
2026/09/03 21:12:04.018, 519 MiB, 48, 12.27 W, 22 MHz, 405 MHz, Not Active, Not Active, Not Active, Not Active, Not Active
2026/09/03 21:12:04.219, 519 MiB, 48, 12.27 W, 22 MHz, 405 MHz, Not Active, Not Active, Not Active, Not Active, Not Active
2026/09/03 21:12:04.419, 519 MiB, 48, 12.27 W, 22 MHz, 405 MHz, Not Active, Not Active, Not Active, Not Active, Not Active
2026/09/03 21:12:04.619, 519 MiB, 48, 12.27 W, 22 MHz, 405 MHz, Not Active, Not Active, Not Active, Not Active, Not Active
2026/09/03 21:12:04.820, 519 MiB, 48, 12.20 W, 22 MHz, 405 MHz, Not Active, Not Active, Not Active, Not Active, Not Active
2026/09/03 21:12:05.020, 519 MiB, 48, 12.20 W, 22 MHz, 405 MHz, Not Active, Not Active, Not Active, Not Active, Not Active
2026/09/03 21:12:05.220, 519 MiB, 48, 12.20 W, 22 MHz, 405 MHz, Not Active, Not Active, Not Active, Not Active, Not Active
2026/09/03 21:12:05.420, 519 MiB, 48, 12.20 W, 22 MHz, 405 MHz, Not Active, Not Active, Not Active, Not Active, Not Active
2026/09/03 21:12:05.621, 519 MiB, 48, 12.20 W, 22 MHz, 405 MHz, Not Active, Not Active, Not Active, Not Active, Not Active
2026/09/03 21:12:05.821, 519 MiB, 48, 12.24 W, 22 MHz, 405 MHz, Not Active, Not Active, Not Active, Not Active, Not Active
2026/09/03 21:12:06.021, 519 MiB, 48, 12.24 W, 22 MHz, 405 MHz, Not Active, Not Active, Not Active, Not Active, Not Active
2026/09/03 21:12:06.221, 519 MiB, 48, 12.24 W, 22 MHz, 405 MHz, Not Active, Not Active, Not Active, Not Active, Not Active
2026/09/03 21:12:06.421, 519 MiB, 48, 12.24 W, 22 MHz, 405 MHz, Not Active, Not Active, Not Active, Not Active, Not Active
2026/09/03 21:12:06.622, 519 MiB, 48, 12.24 W, 22 MHz, 405 MHz, Not Active, Not Active, Not Active, Not Active, Not Active
2026/09/03 21:12:06.822, 519 MiB, 48, 12.42 W, 22 MHz, 405 MHz, Not Active, Not Active, Not Active, Not Active, Not Active
2026/09/03 21:12:07.022, 519 MiB, 48, 12.42 W, 22 MHz, 405 MHz, Not Active, Not Active, Not Active, Not Active, Not Active
2026/09/03 21:12:07.223, 519 MiB, 48, 12.42 W, 22 MHz, 405 MHz, Not Active, Not Active, Not Active, Not Active, Not Active
2026/09/03 21:12:07.423, 519 MiB, 48, 12.94 W, 22 MHz, 405 MHz, Not Active, Not Active, Not Active, Not Active, Not Active
2026/09/03 21:12:07.623, 519 MiB, 48, 12.94 W, 22 MHz, 405 MHz, Not Active, Not Active, Not Active, Not Active, Not Active
2026/09/03 21:12:07.823, 519 MiB, 48, 13.91 W, 22 MHz, 405 MHz, Not Active, Not Active, Not Active, Not Active, Not Active
2026/09/03 21:12:08.023, 519 MiB, 48, 13.91 W, 22 MHz, 405 MHz, Not Active, Not Active, Not Active, Not Active, Not Active
2026/09/03 21:12:08.224, 519 MiB, 48, 13.91 W, 22 MHz, 405 MHz, Not Active, Not Active, Not Active, Not Active, Not Active
2026/09/03 21:12:08.424, 519 MiB, 48, 13.91 W, 22 MHz, 405 MHz, Not Active, Not Active, Not Active, Not Active, Not Active
2026/09/03 21:12:08.624, 519 MiB, 48, 13.91 W, 22 MHz, 405 MHz, Not Active, Not Active, Not Active, Not Active, Not Active
2026/09/03 21:12:08.825, 519 MiB, 48, 12.37 W, 22 MHz, 405 MHz, Not Active, Not Active, Not Active, Not Active, Not Active
2026/09/03 21:12:09.025, 519 MiB, 48, 12.37 W, 22 MHz, 405 MHz, Not Active, Not Active, Not Active, Not Active, Not Active
2026/09/03 21:12:09.225, 519 MiB, 48, 12.37 W, 22 MHz, 405 MHz, Not Active, Not Active, Not Active, Not Active, Not Active
2026/09/03 21:12:09.425, 519 MiB, 48, 12.37 W, 22 MHz, 405 MHz, Not Active, Not Active, Not Active, Not Active, Not Active
2026/09/03 21:12:09.626, 519 MiB, 48, 12.37 W, 22 MHz, 405 MHz, Not Active, Not Active, Not Active, Not Active, Not Active
2026/09/03 21:12:09.826, 519 MiB, 48, 12.29 W, 22 MHz, 405 MHz, Not Active, Not Active, Not Active, Not Active, Not Active
2026/09/03 21:12:10.026, 519 MiB, 48, 12.29 W, 22 MHz, 405 MHz, Not Active, Not Active, Not Active, Not Active, Not Active
2026/09/03 21:12:10.227, 519 MiB, 48, 12.29 W, 22 MHz, 405 MHz, Not Active, Not Active, Not Active, Not Active, Not Active
2026/09/03 21:12:10.427, 519 MiB, 48, 12.29 W, 22 MHz, 405 MHz, Not Active, Not Active, Not Active, Not Active, Not Active
2026/09/03 21:12:10.627, 519 MiB, 48, 12.29 W, 22 MHz, 405 MHz, Not Active, Not Active, Not Active, Not Active, Not Active
2026/09/03 21:12:10.827, 519 MiB, 48, 12.33 W, 22 MHz, 405 MHz, Not Active, Not Active, Not Active, Not Active, Not Active
2026/09/03 21:12:11.027, 519 MiB, 48, 12.33 W, 22 MHz, 405 MHz, Not Active, Not Active, Not Active, Not Active, Not Active
2026/09/03 21:12:11.228, 519 MiB, 48, 12.33 W, 22 MHz, 405 MHz, Not Active, Not Active, Not Active, Not Active, Not Active
2026/09/03 21:12:11.428, 519 MiB, 48, 12.33 W, 22 MHz, 405 MHz, Not Active, Not Active, Not Active, Not Active, Not Active
2026/09/03 21:12:11.628, 519 MiB, 48, 12.33 W, 22 MHz, 405 MHz, Not Active, Not Active, Not Active, Not Active, Not Active
2026/09/03 21:12:11.828, 519 MiB, 48, 12.34 W, 22 MHz, 405 MHz, Not Active, Not Active, Not Active, Not Active, Not Active
2026/09/03 21:12:12.029, 519 MiB, 48, 12.34 W, 22 MHz, 405 MHz, Not Active, Not Active, Not Active, Not Active, Not Active
2026/09/03 21:12:12.229, 519 MiB, 48, 12.34 W, 22 MHz, 405 MHz, Not Active, Not Active, Not Active, Not Active, Not Active
2026/09/03 21:12:12.429, 519 MiB, 48, 12.34 W, 22 MHz, 405 MHz, Not Active, Not Active, Not Active, Not Active, Not Active
2026/09/03 21:12:12.629, 519 MiB, 48, 12.34 W, 22 MHz, 405 MHz, Not Active, Not Active, Not Active, Not Active, Not Active
2026/09/03 21:12:12.830, 519 MiB, 48, 12.28 W, 22 MHz, 405 MHz, Not Active, Not Active, Not Active, Not Active, Not Active
2026/09/03 21:12:13.030, 519 MiB, 48, 12.28 W, 22 MHz, 405 MHz, Not Active, Not Active, Not Active, Not Active, Not Active
2026/09/03 21:12:13.230, 519 MiB, 48, 12.28 W, 22 MHz, 405 MHz, Not Active, Not Active, Not Active, Not Active, Not Active
2026/09/03 21:12:13.430, 519 MiB, 48, 12.28 W, 22 MHz, 405 MHz, Not Active, Not Active, Not Active, Not Active, Not Active
2026/09/03 21:12:13.631, 519 MiB, 48, 12.28 W, 22 MHz, 405 MHz, Not Active, Not Active, Not Active, Not Active, Not Active
2026/09/03 21:12:13.831, 519 MiB, 48, 12.48 W, 22 MHz, 405 MHz, Not Active, Not Active, Not Active, Not Active, Not Active
2026/09/03 21:12:14.031, 519 MiB, 48, 12.48 W, 22 MHz, 405 MHz, Not Active, Not Active, Not Active, Not Active, Not Active
2026/09/03 21:12:14.232, 519 MiB, 48, 12.48 W, 22 MHz, 405 MHz, Not Active, Not Active, Not Active, Not Active, Not Active
2026/09/03 21:12:14.432, 519 MiB, 48, 13.18 W, 22 MHz, 405 MHz, Not Active, Not Active, Not Active, Not Active, Not Active
2026/09/03 21:12:14.632, 519 MiB, 48, 13.18 W, 22 MHz, 405 MHz, Not Active, Not Active, Not Active, Not Active, Not Active
2026/09/03 21:12:14.832, 519 MiB, 48, 14.52 W, 22 MHz, 405 MHz, Not Active, Not Active, Not Active, Not Active, Not Active
2026/09/03 21:12:15.033, 519 MiB, 48, 14.52 W, 22 MHz, 405 MHz, Not Active, Not Active, Not Active, Not Active, Not Active
2026/09/03 21:12:15.233, 519 MiB, 48, 14.52 W, 22 MHz, 405 MHz, Not Active, Not Active, Not Active, Not Active, Not Active
2026/09/03 21:12:15.433, 519 MiB, 48, 14.52 W, 22 MHz, 405 MHz, Not Active, Not Active, Not Active, Not Active, Not Active
2026/09/03 21:12:15.633, 519 MiB, 48, 14.52 W, 22 MHz, 405 MHz, Not Active, Not Active, Not Active, Not Active, Not Active
2026/09/03 21:12:15.834, 519 MiB, 48, 14.52 W, 22 MHz, 405 MHz, Not Active, Not Active, Not Active, Not Active, Not Active
2026/09/03 21:12:16.034, 519 MiB, 48, 14.52 W, 22 MHz, 405 MHz, Not Active, Not Active, Not Active, Not Active, Not Active
2026/09/03 21:12:16.234, 519 MiB, 48, 14.52 W, 22 MHz, 405 MHz, Not Active, Not Active, Not Active, Not Active, Not Active
2026/09/03 21:12:16.435, 519 MiB, 48, 12.33 W, 22 MHz, 405 MHz, Not Active, Not Active, Not Active, Not Active, Not Active
2026/09/03 21:12:16.635, 519 MiB, 48, 12.33 W, 22 MHz, 405 MHz, Not Active, Not Active, Not Active, Not Active, Not Active
2026/09/03 21:12:16.835, 519 MiB, 48, 12.33 W, 22 MHz, 405 MHz, Not Active, Not Active, Not Active, Not Active, Not Active
2026/09/03 21:12:17.035, 519 MiB, 48, 12.33 W, 22 MHz, 405 MHz, Not Active, Not Active, Not Active, Not Active, Not Active
2026/09/03 21:12:17.236, 519 MiB, 48, 12.33 W, 22 MHz, 405 MHz, Not Active, Not Active, Not Active, Not Active, Not Active
2026/09/03 21:12:17.436, 519 MiB, 48, 12.26 W, 22 MHz, 405 MHz, Not Active, Not Active, Not Active, Not Active, Not Active
2026/09/03 21:12:17.636, 519 MiB, 48, 12.26 W, 22 MHz, 405 MHz, Not Active, Not Active, Not Active, Not Active, Not Active
2026/09/03 21:12:17.836, 519 MiB, 48, 12.26 W, 22 MHz, 405 MHz, Not Active, Not Active, Not Active, Not Active, Not Active
2026/09/03 21:12:18.037, 519 MiB, 48, 12.26 W, 22 MHz, 405 MHz, Not Active, Not Active, Not Active, Not Active, Not Active
2026/09/03 21:12:18.237, 519 MiB, 48, 12.24 W, 22 MHz, 405 MHz, Not Active, Not Active, Not Active, Not Active, Not Active
2026/09/03 21:12:18.437, 519 MiB, 48, 12.24 W, 22 MHz, 405 MHz, Not Active, Not Active, Not Active, Not Active, Not Active
2026/09/03 21:12:18.637, 519 MiB, 48, 12.24 W, 22 MHz, 405 MHz, Not Active, Not Active, Not Active, Not Active, Not Active
2026/09/03 21:12:18.838, 519 MiB, 48, 12.24 W, 22 MHz, 405 MHz, Not Active, Not Active, Not Active, Not Active, Not Active
2026/09/03 21:12:19.038, 519 MiB, 48, 12.24 W, 22 MHz, 405 MHz, Not Active, Not Active, Not Active, Not Active, Not Active
2026/09/03 21:12:19.238, 519 MiB, 48, 12.38 W, 22 MHz, 405 MHz, Not Active, Not Active, Not Active, Not Active, Not Active
2026/09/03 21:12:19.438, 519 MiB, 48, 12.38 W, 22 MHz, 405 MHz, Not Active, Not Active, Not Active, Not Active, Not Active
2026/09/03 21:12:19.639, 519 MiB, 48, 12.38 W, 22 MHz, 405 MHz, Not Active, Not Active, Not Active, Not Active, Not Active
2026/09/03 21:12:19.839, 519 MiB, 48, 12.38 W, 22 MHz, 405 MHz, Not Active, Not Active, Not Active, Not Active, Not Active
2026/09/03 21:12:20.039, 519 MiB, 48, 12.38 W, 22 MHz, 405 MHz, Not Active, Not Active, Not Active, Not Active, Not Active
2026/09/03 21:12:20.240, 519 MiB, 48, 12.39 W, 22 MHz, 405 MHz, Not Active, Not Active, Not Active, Not Active, Not Active
2026/09/03 21:12:20.440, 519 MiB, 48, 12.39 W, 22 MHz, 405 MHz, Not Active, Not Active, Not Active, Not Active, Not Active
2026/09/03 21:12:20.640, 519 MiB, 48, 12.39 W, 22 MHz, 405 MHz, Not Active, Not Active, Not Active, Not Active, Not Active
2026/09/03 21:12:20.840, 519 MiB, 48, 12.39 W, 22 MHz, 405 MHz, Not Active, Not Active, Not Active, Not Active, Not Active
2026/09/03 21:12:21.041, 519 MiB, 48, 12.39 W, 22 MHz, 405 MHz, Not Active, Not Active, Not Active, Not Active, Not Active
2026/09/03 21:12:21.241, 519 MiB, 48, 12.82 W, 24 MHz, 405 MHz, Not Active, Not Active, Not Active, Not Active, Not Active
2026/09/03 21:12:21.441, 519 MiB, 48, 12.82 W, 24 MHz, 405 MHz, Not Active, Not Active, Not Active, Not Active, Not Active
2026/09/03 21:12:21.641, 519 MiB, 48, 12.82 W, 24 MHz, 405 MHz, Not Active, Not Active, Not Active, Not Active, Not Active
2026/09/03 21:12:21.842, 519 MiB, 48, 13.25 W, 22 MHz, 405 MHz, Not Active, Not Active, Not Active, Not Active, Not Active
2026/09/03 21:12:22.042, 519 MiB, 48, 13.25 W, 22 MHz, 405 MHz, Not Active, Not Active, Not Active, Not Active, Not Active
2026/09/03 21:12:22.242, 519 MiB, 48, 14.19 W, 22 MHz, 405 MHz, Not Active, Not Active, Not Active, Not Active, Not Active
2026/09/03 21:12:22.443, 519 MiB, 48, 14.19 W, 22 MHz, 405 MHz, Not Active, Not Active, Not Active, Not Active, Not Active
2026/09/03 21:12:22.643, 519 MiB, 48, 14.19 W, 22 MHz, 405 MHz, Not Active, Not Active, Not Active, Not Active, Not Active
2026/09/03 21:12:22.843, 519 MiB, 48, 14.19 W, 22 MHz, 405 MHz, Not Active, Not Active, Not Active, Not Active, Not Active
2026/09/03 21:12:23.044, 519 MiB, 48, 14.19 W, 22 MHz, 405 MHz, Not Active, Not Active, Not Active, Not Active, Not Active
2026/09/03 21:12:23.246, 519 MiB, 48, 12.47 W, 22 MHz, 405 MHz, Not Active, Not Active, Not Active, Not Active, Not Active
2026/09/03 21:12:23.446, 519 MiB, 48, 12.47 W, 22 MHz, 405 MHz, Not Active, Not Active, Not Active, Not Active, Not Active
2026/09/03 21:12:23.646, 519 MiB, 48, 12.47 W, 22 MHz, 405 MHz, Not Active, Not Active, Not Active, Not Active, Not Active
2026/09/03 21:12:23.847, 519 MiB, 48, 12.47 W, 22 MHz, 405 MHz, Not Active, Not Active, Not Active, Not Active, Not Active
2026/09/03 21:12:24.047, 519 MiB, 48, 12.47 W, 22 MHz, 405 MHz, Not Active, Not Active, Not Active, Not Active, Not Active
2026/09/03 21:12:24.247, 519 MiB, 47, 12.40 W, 22 MHz, 405 MHz, Not Active, Not Active, Not Active, Not Active, Not Active
2026/09/03 21:12:24.447, 519 MiB, 47, 12.40 W, 22 MHz, 405 MHz, Not Active, Not Active, Not Active, Not Active, Not Active
2026/09/03 21:12:24.648, 519 MiB, 47, 12.40 W, 22 MHz, 405 MHz, Not Active, Not Active, Not Active, Not Active, Not Active
2026/09/03 21:12:24.848, 519 MiB, 47, 12.40 W, 22 MHz, 405 MHz, Not Active, Not Active, Not Active, Not Active, Not Active
2026/09/03 21:12:25.048, 519 MiB, 47, 12.40 W, 22 MHz, 405 MHz, Not Active, Not Active, Not Active, Not Active, Not Active
2026/09/03 21:12:25.248, 519 MiB, 47, 12.20 W, 22 MHz, 405 MHz, Not Active, Not Active, Not Active, Not Active, Not Active
2026/09/03 21:12:25.449, 519 MiB, 47, 12.20 W, 22 MHz, 405 MHz, Not Active, Not Active, Not Active, Not Active, Not Active
2026/09/03 21:12:25.649, 519 MiB, 47, 12.20 W, 22 MHz, 405 MHz, Not Active, Not Active, Not Active, Not Active, Not Active
2026/09/03 21:12:25.849, 519 MiB, 47, 12.20 W, 22 MHz, 405 MHz, Not Active, Not Active, Not Active, Not Active, Not Active
2026/09/03 21:12:26.049, 519 MiB, 47, 12.20 W, 22 MHz, 405 MHz, Not Active, Not Active, Not Active, Not Active, Not Active
2026/09/03 21:12:26.250, 519 MiB, 47, 12.03 W, 22 MHz, 405 MHz, Not Active, Not Active, Not Active, Not Active, Not Active
2026/09/03 21:12:26.452, 519 MiB, 47, 12.03 W, 22 MHz, 405 MHz, Not Active, Not Active, Not Active, Not Active, Not Active
2026/09/03 21:12:26.652, 519 MiB, 47, 12.03 W, 22 MHz, 405 MHz, Not Active, Not Active, Not Active, Not Active, Not Active
2026/09/03 21:12:26.852, 519 MiB, 47, 12.03 W, 22 MHz, 405 MHz, Not Active, Not Active, Not Active, Not Active, Not Active
2026/09/03 21:12:27.053, 519 MiB, 47, 12.03 W, 22 MHz, 405 MHz, Not Active, Not Active, Not Active, Not Active, Not Active
2026/09/03 21:12:27.253, 519 MiB, 47, 12.01 W, 22 MHz, 405 MHz, Not Active, Not Active, Not Active, Not Active, Not Active
2026/09/03 21:12:27.453, 519 MiB, 47, 12.01 W, 22 MHz, 405 MHz, Not Active, Not Active, Not Active, Not Active, Not Active
2026/09/03 21:12:27.654, 519 MiB, 47, 12.01 W, 22 MHz, 405 MHz, Not Active, Not Active, Not Active, Not Active, Not Active
2026/09/03 21:12:27.854, 519 MiB, 47, 12.01 W, 22 MHz, 405 MHz, Not Active, Not Active, Not Active, Not Active, Not Active
2026/09/03 21:12:28.054, 519 MiB, 47, 12.01 W, 22 MHz, 405 MHz, Not Active, Not Active, Not Active, Not Active, Not Active
2026/09/03 21:12:28.254, 519 MiB, 47, 12.28 W, 22 MHz, 405 MHz, Not Active, Not Active, Not Active, Not Active, Not Active
2026/09/03 21:12:28.455, 519 MiB, 47, 12.28 W, 22 MHz, 405 MHz, Not Active, Not Active, Not Active, Not Active, Not Active
2026/09/03 21:12:28.655, 519 MiB, 47, 12.28 W, 22 MHz, 405 MHz, Not Active, Not Active, Not Active, Not Active, Not Active
2026/09/03 21:12:28.855, 519 MiB, 47, 12.74 W, 22 MHz, 405 MHz, Not Active, Not Active, Not Active, Not Active, Not Active
2026/09/03 21:12:29.055, 519 MiB, 47, 12.74 W, 22 MHz, 405 MHz, Not Active, Not Active, Not Active, Not Active, Not Active
2026/09/03 21:12:29.256, 519 MiB, 47, 13.73 W, 22 MHz, 405 MHz, Not Active, Not Active, Not Active, Not Active, Not Active
2026/09/03 21:12:29.456, 519 MiB, 47, 13.73 W, 22 MHz, 405 MHz, Not Active, Not Active, Not Active, Not Active, Not Active
2026/09/03 21:12:29.656, 519 MiB, 47, 13.73 W, 22 MHz, 405 MHz, Not Active, Not Active, Not Active, Not Active, Not Active
2026/09/03 21:12:29.856, 519 MiB, 47, 13.73 W, 22 MHz, 405 MHz, Not Active, Not Active, Not Active, Not Active, Not Active
2026/09/03 21:12:30.056, 519 MiB, 47, 13.73 W, 22 MHz, 405 MHz, Not Active, Not Active, Not Active, Not Active, Not Active
2026/09/03 21:12:30.257, 519 MiB, 47, 12.50 W, 22 MHz, 405 MHz, Not Active, Not Active, Not Active, Not Active, Not Active
2026/09/03 21:12:30.457, 519 MiB, 47, 12.50 W, 22 MHz, 405 MHz, Not Active, Not Active, Not Active, Not Active, Not Active
2026/09/03 21:12:30.657, 519 MiB, 47, 12.50 W, 22 MHz, 405 MHz, Not Active, Not Active, Not Active, Not Active, Not Active
2026/09/03 21:12:30.857, 519 MiB, 47, 12.50 W, 22 MHz, 405 MHz, Not Active, Not Active, Not Active, Not Active, Not Active
2026/09/03 21:12:31.058, 519 MiB, 47, 12.50 W, 22 MHz, 405 MHz, Not Active, Not Active, Not Active, Not Active, Not Active
2026/09/03 21:12:31.258, 519 MiB, 47, 12.49 W, 22 MHz, 405 MHz, Not Active, Not Active, Not Active, Not Active, Not Active
2026/09/03 21:12:31.458, 519 MiB, 47, 12.49 W, 22 MHz, 405 MHz, Not Active, Not Active, Not Active, Not Active, Not Active
2026/09/03 21:12:31.658, 519 MiB, 47, 12.49 W, 22 MHz, 405 MHz, Not Active, Not Active, Not Active, Not Active, Not Active
2026/09/03 21:12:31.859, 519 MiB, 47, 12.49 W, 22 MHz, 405 MHz, Not Active, Not Active, Not Active, Not Active, Not Active
2026/09/03 21:12:32.059, 519 MiB, 47, 12.49 W, 22 MHz, 405 MHz, Not Active, Not Active, Not Active, Not Active, Not Active
2026/09/03 21:12:32.259, 519 MiB, 47, 12.44 W, 22 MHz, 405 MHz, Not Active, Not Active, Not Active, Not Active, Not Active
2026/09/03 21:12:32.459, 519 MiB, 47, 12.44 W, 22 MHz, 405 MHz, Not Active, Not Active, Not Active, Not Active, Not Active
2026/09/03 21:12:32.660, 519 MiB, 47, 12.44 W, 22 MHz, 405 MHz, Not Active, Not Active, Not Active, Not Active, Not Active
2026/09/03 21:12:32.860, 519 MiB, 47, 12.44 W, 22 MHz, 405 MHz, Not Active, Not Active, Not Active, Not Active, Not Active
2026/09/03 21:12:33.060, 519 MiB, 47, 12.44 W, 22 MHz, 405 MHz, Not Active, Not Active, Not Active, Not Active, Not Active
2026/09/03 21:12:33.260, 519 MiB, 47, 12.20 W, 22 MHz, 405 MHz, Not Active, Not Active, Not Active, Not Active, Not Active
2026/09/03 21:12:33.460, 519 MiB, 47, 12.20 W, 22 MHz, 405 MHz, Not Active, Not Active, Not Active, Not Active, Not Active
2026/09/03 21:12:33.661, 519 MiB, 47, 12.20 W, 22 MHz, 405 MHz, Not Active, Not Active, Not Active, Not Active, Not Active
2026/09/03 21:12:33.861, 519 MiB, 47, 12.20 W, 22 MHz, 405 MHz, Not Active, Not Active, Not Active, Not Active, Not Active
2026/09/03 21:12:34.061, 519 MiB, 47, 12.20 W, 22 MHz, 405 MHz, Not Active, Not Active, Not Active, Not Active, Not Active
2026/09/03 21:12:34.262, 519 MiB, 47, 12.10 W, 22 MHz, 405 MHz, Not Active, Not Active, Not Active, Not Active, Not Active
2026/09/03 21:12:34.462, 519 MiB, 47, 12.10 W, 22 MHz, 405 MHz, Not Active, Not Active, Not Active, Not Active, Not Active
2026/09/03 21:12:34.662, 519 MiB, 47, 12.10 W, 22 MHz, 405 MHz, Not Active, Not Active, Not Active, Not Active, Not Active
2026/09/03 21:12:34.862, 519 MiB, 47, 12.10 W, 22 MHz, 405 MHz, Not Active, Not Active, Not Active, Not Active, Not Active
2026/09/03 21:12:35.063, 519 MiB, 47, 12.10 W, 22 MHz, 405 MHz, Not Active, Not Active, Not Active, Not Active, Not Active
2026/09/03 21:12:35.263, 519 MiB, 47, 12.11 W, 22 MHz, 405 MHz, Not Active, Not Active, Not Active, Not Active, Not Active
2026/09/03 21:12:35.463, 519 MiB, 47, 12.11 W, 22 MHz, 405 MHz, Not Active, Not Active, Not Active, Not Active, Not Active
2026/09/03 21:12:35.663, 519 MiB, 47, 12.11 W, 22 MHz, 405 MHz, Not Active, Not Active, Not Active, Not Active, Not Active
2026/09/03 21:12:35.863, 519 MiB, 47, 12.73 W, 22 MHz, 405 MHz, Not Active, Not Active, Not Active, Not Active, Not Active
2026/09/03 21:12:36.064, 519 MiB, 47, 12.73 W, 22 MHz, 405 MHz, Not Active, Not Active, Not Active, Not Active, Not Active
2026/09/03 21:12:36.264, 519 MiB, 47, 14.06 W, 22 MHz, 405 MHz, Not Active, Not Active, Not Active, Not Active, Not Active
2026/09/03 21:12:36.465, 519 MiB, 47, 14.06 W, 22 MHz, 405 MHz, Not Active, Not Active, Not Active, Not Active, Not Active
2026/09/03 21:12:36.665, 519 MiB, 47, 14.06 W, 22 MHz, 405 MHz, Not Active, Not Active, Not Active, Not Active, Not Active
2026/09/03 21:12:36.865, 519 MiB, 47, 14.08 W, 22 MHz, 405 MHz, Not Active, Not Active, Not Active, Not Active, Not Active
2026/09/03 21:12:37.066, 519 MiB, 47, 14.08 W, 22 MHz, 405 MHz, Not Active, Not Active, Not Active, Not Active, Not Active
2026/09/03 21:12:37.266, 519 MiB, 47, 14.08 W, 22 MHz, 405 MHz, Not Active, Not Active, Not Active, Not Active, Not Active
2026/09/03 21:12:37.466, 519 MiB, 47, 14.08 W, 22 MHz, 405 MHz, Not Active, Not Active, Not Active, Not Active, Not Active
2026/09/03 21:12:37.666, 519 MiB, 47, 14.08 W, 22 MHz, 405 MHz, Not Active, Not Active, Not Active, Not Active, Not Active
2026/09/03 21:12:37.867, 519 MiB, 47, 12.31 W, 22 MHz, 405 MHz, Not Active, Not Active, Not Active, Not Active, Not Active
2026/09/03 21:12:38.067, 519 MiB, 47, 12.31 W, 22 MHz, 405 MHz, Not Active, Not Active, Not Active, Not Active, Not Active
2026/09/03 21:12:38.267, 519 MiB, 47, 12.31 W, 22 MHz, 405 MHz, Not Active, Not Active, Not Active, Not Active, Not Active
2026/09/03 21:12:38.467, 519 MiB, 47, 12.31 W, 22 MHz, 405 MHz, Not Active, Not Active, Not Active, Not Active, Not Active
2026/09/03 21:12:38.668, 519 MiB, 47, 12.31 W, 22 MHz, 405 MHz, Not Active, Not Active, Not Active, Not Active, Not Active
2026/09/03 21:12:38.868, 519 MiB, 47, 12.36 W, 22 MHz, 405 MHz, Not Active, Not Active, Not Active, Not Active, Not Active
2026/09/03 21:12:39.068, 519 MiB, 47, 12.36 W, 22 MHz, 405 MHz, Not Active, Not Active, Not Active, Not Active, Not Active
2026/09/03 21:12:39.268, 519 MiB, 47, 12.36 W, 22 MHz, 405 MHz, Not Active, Not Active, Not Active, Not Active, Not Active
2026/09/03 21:12:39.469, 519 MiB, 47, 12.36 W, 22 MHz, 405 MHz, Not Active, Not Active, Not Active, Not Active, Not Active
2026/09/03 21:12:39.669, 519 MiB, 47, 12.36 W, 22 MHz, 405 MHz, Not Active, Not Active, Not Active, Not Active, Not Active
2026/09/03 21:12:39.869, 519 MiB, 47, 12.27 W, 22 MHz, 405 MHz, Not Active, Not Active, Not Active, Not Active, Not Active
2026/09/03 21:12:40.069, 519 MiB, 47, 12.27 W, 22 MHz, 405 MHz, Not Active, Not Active, Not Active, Not Active, Not Active
2026/09/03 21:12:40.270, 519 MiB, 47, 12.27 W, 22 MHz, 405 MHz, Not Active, Not Active, Not Active, Not Active, Not Active
2026/09/03 21:12:40.470, 519 MiB, 47, 12.27 W, 22 MHz, 405 MHz, Not Active, Not Active, Not Active, Not Active, Not Active
2026/09/03 21:12:40.670, 519 MiB, 47, 12.27 W, 22 MHz, 405 MHz, Not Active, Not Active, Not Active, Not Active, Not Active
2026/09/03 21:12:40.870, 519 MiB, 47, 12.22 W, 22 MHz, 405 MHz, Not Active, Not Active, Not Active, Not Active, Not Active
2026/09/03 21:12:41.071, 519 MiB, 47, 12.22 W, 22 MHz, 405 MHz, Not Active, Not Active, Not Active, Not Active, Not Active
2026/09/03 21:12:41.271, 519 MiB, 47, 12.22 W, 22 MHz, 405 MHz, Not Active, Not Active, Not Active, Not Active, Not Active
2026/09/03 21:12:41.471, 519 MiB, 47, 12.22 W, 22 MHz, 405 MHz, Not Active, Not Active, Not Active, Not Active, Not Active
2026/09/03 21:12:41.671, 519 MiB, 47, 12.22 W, 22 MHz, 405 MHz, Not Active, Not Active, Not Active, Not Active, Not Active
2026/09/03 21:12:41.871, 519 MiB, 47, 12.32 W, 22 MHz, 405 MHz, Not Active, Not Active, Not Active, Not Active, Not Active
2026/09/03 21:12:42.072, 519 MiB, 47, 12.32 W, 22 MHz, 405 MHz, Not Active, Not Active, Not Active, Not Active, Not Active
2026/09/03 21:12:42.272, 519 MiB, 47, 12.32 W, 22 MHz, 405 MHz, Not Active, Not Active, Not Active, Not Active, Not Active
2026/09/03 21:12:42.472, 519 MiB, 47, 12.32 W, 22 MHz, 405 MHz, Not Active, Not Active, Not Active, Not Active, Not Active
2026/09/03 21:12:42.672, 519 MiB, 47, 12.32 W, 22 MHz, 405 MHz, Not Active, Not Active, Not Active, Not Active, Not Active
2026/09/03 21:12:42.873, 519 MiB, 47, 12.79 W, 24 MHz, 405 MHz, Not Active, Not Active, Not Active, Not Active, Not Active
2026/09/03 21:12:43.073, 519 MiB, 47, 12.79 W, 24 MHz, 405 MHz, Not Active, Not Active, Not Active, Not Active, Not Active
2026/09/03 21:12:43.273, 519 MiB, 47, 13.28 W, 22 MHz, 405 MHz, Not Active, Not Active, Not Active, Not Active, Not Active
2026/09/03 21:12:43.473, 519 MiB, 47, 13.28 W, 22 MHz, 405 MHz, Not Active, Not Active, Not Active, Not Active, Not Active
2026/09/03 21:12:43.673, 519 MiB, 47, 13.28 W, 22 MHz, 405 MHz, Not Active, Not Active, Not Active, Not Active, Not Active
2026/09/03 21:12:43.874, 519 MiB, 47, 14.34 W, 22 MHz, 405 MHz, Not Active, Not Active, Not Active, Not Active, Not Active
2026/09/03 21:12:44.074, 519 MiB, 47, 14.34 W, 22 MHz, 405 MHz, Not Active, Not Active, Not Active, Not Active, Not Active
2026/09/03 21:12:44.274, 519 MiB, 47, 14.34 W, 22 MHz, 405 MHz, Not Active, Not Active, Not Active, Not Active, Not Active
2026/09/03 21:12:44.474, 519 MiB, 47, 14.34 W, 22 MHz, 405 MHz, Not Active, Not Active, Not Active, Not Active, Not Active
2026/09/03 21:12:44.675, 519 MiB, 47, 14.34 W, 22 MHz, 405 MHz, Not Active, Not Active, Not Active, Not Active, Not Active
2026/09/03 21:12:44.875, 519 MiB, 47, 12.27 W, 22 MHz, 405 MHz, Not Active, Not Active, Not Active, Not Active, Not Active
2026/09/03 21:12:45.075, 519 MiB, 47, 12.27 W, 22 MHz, 405 MHz, Not Active, Not Active, Not Active, Not Active, Not Active
2026/09/03 21:12:45.275, 519 MiB, 47, 12.27 W, 22 MHz, 405 MHz, Not Active, Not Active, Not Active, Not Active, Not Active
2026/09/03 21:12:45.476, 519 MiB, 47, 12.27 W, 22 MHz, 405 MHz, Not Active, Not Active, Not Active, Not Active, Not Active
2026/09/03 21:12:45.676, 519 MiB, 47, 12.27 W, 22 MHz, 405 MHz, Not Active, Not Active, Not Active, Not Active, Not Active
2026/09/03 21:12:45.876, 519 MiB, 47, 12.23 W, 22 MHz, 405 MHz, Not Active, Not Active, Not Active, Not Active, Not Active
2026/09/03 21:12:46.076, 519 MiB, 47, 12.23 W, 22 MHz, 405 MHz, Not Active, Not Active, Not Active, Not Active, Not Active
2026/09/03 21:12:46.277, 519 MiB, 47, 12.23 W, 22 MHz, 405 MHz, Not Active, Not Active, Not Active, Not Active, Not Active
2026/09/03 21:12:46.477, 519 MiB, 47, 12.23 W, 22 MHz, 405 MHz, Not Active, Not Active, Not Active, Not Active, Not Active
2026/09/03 21:12:46.677, 519 MiB, 47, 12.23 W, 22 MHz, 405 MHz, Not Active, Not Active, Not Active, Not Active, Not Active
2026/09/03 21:12:46.877, 519 MiB, 47, 12.15 W, 22 MHz, 405 MHz, Not Active, Not Active, Not Active, Not Active, Not Active
2026/09/03 21:12:47.077, 519 MiB, 47, 12.15 W, 22 MHz, 405 MHz, Not Active, Not Active, Not Active, Not Active, Not Active
2026/09/03 21:12:47.278, 519 MiB, 47, 12.15 W, 22 MHz, 405 MHz, Not Active, Not Active, Not Active, Not Active, Not Active
2026/09/03 21:12:47.478, 519 MiB, 47, 12.15 W, 22 MHz, 405 MHz, Not Active, Not Active, Not Active, Not Active, Not Active
2026/09/03 21:12:47.678, 519 MiB, 47, 12.15 W, 22 MHz, 405 MHz, Not Active, Not Active, Not Active, Not Active, Not Active
2026/09/03 21:12:47.878, 519 MiB, 47, 12.02 W, 22 MHz, 405 MHz, Not Active, Not Active, Not Active, Not Active, Not Active
2026/09/03 21:12:48.079, 519 MiB, 47, 12.02 W, 22 MHz, 405 MHz, Not Active, Not Active, Not Active, Not Active, Not Active
2026/09/03 21:12:48.279, 519 MiB, 47, 12.02 W, 22 MHz, 405 MHz, Not Active, Not Active, Not Active, Not Active, Not Active
2026/09/03 21:12:48.479, 519 MiB, 47, 12.02 W, 22 MHz, 405 MHz, Not Active, Not Active, Not Active, Not Active, Not Active
2026/09/03 21:12:48.679, 519 MiB, 47, 12.02 W, 22 MHz, 405 MHz, Not Active, Not Active, Not Active, Not Active, Not Active
2026/09/03 21:12:48.879, 519 MiB, 47, 12.17 W, 22 MHz, 405 MHz, Not Active, Not Active, Not Active, Not Active, Not Active
2026/09/03 21:12:49.080, 519 MiB, 47, 12.17 W, 22 MHz, 405 MHz, Not Active, Not Active, Not Active, Not Active, Not Active
2026/09/03 21:12:49.280, 519 MiB, 47, 12.17 W, 22 MHz, 405 MHz, Not Active, Not Active, Not Active, Not Active, Not Active
2026/09/03 21:12:49.480, 519 MiB, 47, 12.17 W, 22 MHz, 405 MHz, Not Active, Not Active, Not Active, Not Active, Not Active
2026/09/03 21:12:49.680, 519 MiB, 47, 12.17 W, 22 MHz, 405 MHz, Not Active, Not Active, Not Active, Not Active, Not Active
2026/09/03 21:12:49.881, 519 MiB, 47, 12.34 W, 22 MHz, 405 MHz, Not Active, Not Active, Not Active, Not Active, Not Active
2026/09/03 21:12:50.081, 519 MiB, 47, 12.34 W, 22 MHz, 405 MHz, Not Active, Not Active, Not Active, Not Active, Not Active
2026/09/03 21:12:50.281, 519 MiB, 47, 12.88 W, 22 MHz, 405 MHz, Not Active, Not Active, Not Active, Not Active, Not Active
2026/09/03 21:12:50.481, 519 MiB, 47, 12.88 W, 22 MHz, 405 MHz, Not Active, Not Active, Not Active, Not Active, Not Active
2026/09/03 21:12:50.681, 519 MiB, 47, 12.88 W, 22 MHz, 405 MHz, Not Active, Not Active, Not Active, Not Active, Not Active
2026/09/03 21:12:50.882, 519 MiB, 47, 13.82 W, 22 MHz, 405 MHz, Not Active, Not Active, Not Active, Not Active, Not Active
2026/09/03 21:12:51.082, 519 MiB, 47, 13.82 W, 22 MHz, 405 MHz, Not Active, Not Active, Not Active, Not Active, Not Active
2026/09/03 21:12:51.282, 519 MiB, 47, 13.82 W, 22 MHz, 405 MHz, Not Active, Not Active, Not Active, Not Active, Not Active
2026/09/03 21:12:51.483, 519 MiB, 47, 13.82 W, 22 MHz, 405 MHz, Not Active, Not Active, Not Active, Not Active, Not Active
2026/09/03 21:12:51.683, 519 MiB, 47, 13.82 W, 22 MHz, 405 MHz, Not Active, Not Active, Not Active, Not Active, Not Active
2026/09/03 21:12:51.883, 519 MiB, 47, 12.46 W, 22 MHz, 405 MHz, Not Active, Not Active, Not Active, Not Active, Not Active
2026/09/03 21:12:52.083, 519 MiB, 47, 12.46 W, 22 MHz, 405 MHz, Not Active, Not Active, Not Active, Not Active, Not Active
2026/09/03 21:12:52.284, 519 MiB, 47, 12.46 W, 22 MHz, 405 MHz, Not Active, Not Active, Not Active, Not Active, Not Active
2026/09/03 21:12:52.484, 519 MiB, 47, 12.46 W, 22 MHz, 405 MHz, Not Active, Not Active, Not Active, Not Active, Not Active
2026/09/03 21:12:52.684, 519 MiB, 47, 12.46 W, 22 MHz, 405 MHz, Not Active, Not Active, Not Active, Not Active, Not Active
2026/09/03 21:12:52.885, 519 MiB, 47, 12.25 W, 22 MHz, 405 MHz, Not Active, Not Active, Not Active, Not Active, Not Active
2026/09/03 21:12:53.085, 519 MiB, 47, 12.25 W, 22 MHz, 405 MHz, Not Active, Not Active, Not Active, Not Active, Not Active
2026/09/03 21:12:53.285, 519 MiB, 47, 12.25 W, 22 MHz, 405 MHz, Not Active, Not Active, Not Active, Not Active, Not Active
2026/09/03 21:12:53.485, 519 MiB, 47, 12.25 W, 22 MHz, 405 MHz, Not Active, Not Active, Not Active, Not Active, Not Active
2026/09/03 21:12:53.686, 519 MiB, 47, 12.25 W, 22 MHz, 405 MHz, Not Active, Not Active, Not Active, Not Active, Not Active
2026/09/03 21:12:53.886, 519 MiB, 47, 12.10 W, 22 MHz, 405 MHz, Not Active, Not Active, Not Active, Not Active, Not Active
2026/09/03 21:12:54.086, 519 MiB, 47, 12.10 W, 22 MHz, 405 MHz, Not Active, Not Active, Not Active, Not Active, Not Active
2026/09/03 21:12:54.286, 519 MiB, 47, 12.10 W, 22 MHz, 405 MHz, Not Active, Not Active, Not Active, Not Active, Not Active
2026/09/03 21:12:54.487, 519 MiB, 47, 12.10 W, 22 MHz, 405 MHz, Not Active, Not Active, Not Active, Not Active, Not Active
2026/09/03 21:12:54.687, 519 MiB, 47, 12.10 W, 22 MHz, 405 MHz, Not Active, Not Active, Not Active, Not Active, Not Active
2026/09/03 21:12:54.887, 519 MiB, 47, 12.07 W, 22 MHz, 405 MHz, Not Active, Not Active, Not Active, Not Active, Not Active
2026/09/03 21:12:55.088, 519 MiB, 47, 12.07 W, 22 MHz, 405 MHz, Not Active, Not Active, Not Active, Not Active, Not Active
2026/09/03 21:12:55.288, 519 MiB, 47, 12.07 W, 22 MHz, 405 MHz, Not Active, Not Active, Not Active, Not Active, Not Active
2026/09/03 21:12:55.488, 519 MiB, 47, 12.07 W, 22 MHz, 405 MHz, Not Active, Not Active, Not Active, Not Active, Not Active
2026/09/03 21:12:55.688, 519 MiB, 47, 12.07 W, 22 MHz, 405 MHz, Not Active, Not Active, Not Active, Not Active, Not Active
2026/09/03 21:12:55.888, 519 MiB, 47, 12.05 W, 22 MHz, 405 MHz, Not Active, Not Active, Not Active, Not Active, Not Active
2026/09/03 21:12:56.089, 519 MiB, 47, 12.05 W, 22 MHz, 405 MHz, Not Active, Not Active, Not Active, Not Active, Not Active
2026/09/03 21:12:56.289, 519 MiB, 47, 12.05 W, 22 MHz, 405 MHz, Not Active, Not Active, Not Active, Not Active, Not Active
2026/09/03 21:12:56.489, 519 MiB, 47, 12.05 W, 22 MHz, 405 MHz, Not Active, Not Active, Not Active, Not Active, Not Active
2026/09/03 21:12:56.689, 519 MiB, 47, 12.05 W, 22 MHz, 405 MHz, Not Active, Not Active, Not Active, Not Active, Not Active
2026/09/03 21:12:56.889, 519 MiB, 47, 11.81 W, 22 MHz, 405 MHz, Not Active, Not Active, Not Active, Not Active, Not Active
2026/09/03 21:12:57.090, 519 MiB, 47, 11.81 W, 22 MHz, 405 MHz, Not Active, Not Active, Not Active, Not Active, Not Active
2026/09/03 21:12:57.290, 519 MiB, 47, 12.52 W, 22 MHz, 405 MHz, Not Active, Not Active, Not Active, Not Active, Not Active
2026/09/03 21:12:57.490, 519 MiB, 47, 12.52 W, 22 MHz, 405 MHz, Not Active, Not Active, Not Active, Not Active, Not Active
2026/09/03 21:12:57.690, 519 MiB, 47, 12.52 W, 22 MHz, 405 MHz, Not Active, Not Active, Not Active, Not Active, Not Active
2026/09/03 21:12:57.891, 519 MiB, 47, 13.69 W, 22 MHz, 405 MHz, Not Active, Not Active, Not Active, Not Active, Not Active
2026/09/03 21:12:58.091, 519 MiB, 47, 13.69 W, 22 MHz, 405 MHz, Not Active, Not Active, Not Active, Not Active, Not Active
2026/09/03 21:12:58.291, 519 MiB, 47, 13.69 W, 22 MHz, 405 MHz, Not Active, Not Active, Not Active, Not Active, Not Active
2026/09/03 21:12:58.491, 519 MiB, 47, 13.69 W, 22 MHz, 405 MHz, Not Active, Not Active, Not Active, Not Active, Not Active
2026/09/03 21:12:58.692, 519 MiB, 47, 13.69 W, 22 MHz, 405 MHz, Not Active, Not Active, Not Active, Not Active, Not Active
2026/09/03 21:12:58.892, 519 MiB, 47, 11.90 W, 22 MHz, 405 MHz, Not Active, Not Active, Not Active, Not Active, Not Active
2026/09/03 21:12:59.092, 519 MiB, 47, 11.90 W, 22 MHz, 405 MHz, Not Active, Not Active, Not Active, Not Active, Not Active
2026/09/03 21:12:59.292, 519 MiB, 47, 11.90 W, 21 MHz, 405 MHz, Not Active, Not Active, Not Active, Not Active, Not Active
2026/09/03 21:12:59.492, 519 MiB, 47, 11.90 W, 21 MHz, 405 MHz, Not Active, Not Active, Not Active, Not Active, Not Active
2026/09/03 21:12:59.693, 519 MiB, 47, 11.90 W, 21 MHz, 405 MHz, Not Active, Not Active, Not Active, Not Active, Not Active
2026/09/03 21:12:59.893, 519 MiB, 47, 11.93 W, 21 MHz, 405 MHz, Not Active, Not Active, Not Active, Not Active, Not Active
2026/09/03 21:13:00.093, 519 MiB, 47, 11.93 W, 21 MHz, 405 MHz, Not Active, Not Active, Not Active, Not Active, Not Active
2026/09/03 21:13:00.294, 519 MiB, 47, 11.93 W, 22 MHz, 405 MHz, Not Active, Not Active, Not Active, Not Active, Not Active
2026/09/03 21:13:00.494, 519 MiB, 47, 11.93 W, 22 MHz, 405 MHz, Not Active, Not Active, Not Active, Not Active, Not Active
2026/09/03 21:13:00.694, 519 MiB, 47, 11.93 W, 22 MHz, 405 MHz, Not Active, Not Active, Not Active, Not Active, Not Active
2026/09/03 21:13:00.894, 519 MiB, 47, 11.95 W, 22 MHz, 405 MHz, Not Active, Not Active, Not Active, Not Active, Not Active
2026/09/03 21:13:01.095, 519 MiB, 47, 11.95 W, 22 MHz, 405 MHz, Not Active, Not Active, Not Active, Not Active, Not Active
2026/09/03 21:13:01.295, 519 MiB, 47, 11.95 W, 22 MHz, 405 MHz, Not Active, Not Active, Not Active, Not Active, Not Active
2026/09/03 21:13:01.495, 519 MiB, 47, 11.95 W, 22 MHz, 405 MHz, Not Active, Not Active, Not Active, Not Active, Not Active
2026/09/03 21:13:01.695, 519 MiB, 47, 11.95 W, 22 MHz, 405 MHz, Not Active, Not Active, Not Active, Not Active, Not Active
2026/09/03 21:13:01.896, 519 MiB, 47, 11.89 W, 22 MHz, 405 MHz, Not Active, Not Active, Not Active, Not Active, Not Active
2026/09/03 21:13:02.096, 519 MiB, 47, 11.89 W, 22 MHz, 405 MHz, Not Active, Not Active, Not Active, Not Active, Not Active
2026/09/03 21:13:02.296, 519 MiB, 47, 11.89 W, 22 MHz, 405 MHz, Not Active, Not Active, Not Active, Not Active, Not Active
2026/09/03 21:13:02.496, 519 MiB, 47, 11.89 W, 22 MHz, 405 MHz, Not Active, Not Active, Not Active, Not Active, Not Active
2026/09/03 21:13:02.696, 519 MiB, 47, 11.89 W, 22 MHz, 405 MHz, Not Active, Not Active, Not Active, Not Active, Not Active
2026/09/03 21:13:02.897, 519 MiB, 47, 12.00 W, 22 MHz, 405 MHz, Not Active, Not Active, Not Active, Not Active, Not Active
2026/09/03 21:13:03.097, 519 MiB, 47, 12.00 W, 22 MHz, 405 MHz, Not Active, Not Active, Not Active, Not Active, Not Active
2026/09/03 21:13:03.297, 519 MiB, 47, 12.00 W, 22 MHz, 405 MHz, Not Active, Not Active, Not Active, Not Active, Not Active
2026/09/03 21:13:03.497, 519 MiB, 47, 12.00 W, 22 MHz, 405 MHz, Not Active, Not Active, Not Active, Not Active, Not Active
2026/09/03 21:13:03.697, 519 MiB, 47, 12.00 W, 22 MHz, 405 MHz, Not Active, Not Active, Not Active, Not Active, Not Active
2026/09/03 21:13:03.898, 519 MiB, 47, 11.95 W, 22 MHz, 405 MHz, Not Active, Not Active, Not Active, Not Active, Not Active
2026/09/03 21:13:04.098, 519 MiB, 47, 11.95 W, 22 MHz, 405 MHz, Not Active, Not Active, Not Active, Not Active, Not Active
2026/09/03 21:13:04.298, 519 MiB, 47, 12.46 W, 24 MHz, 405 MHz, Not Active, Not Active, Not Active, Not Active, Not Active
2026/09/03 21:13:04.499, 519 MiB, 47, 12.46 W, 24 MHz, 405 MHz, Not Active, Not Active, Not Active, Not Active, Not Active
2026/09/03 21:13:04.699, 519 MiB, 47, 12.46 W, 24 MHz, 405 MHz, Not Active, Not Active, Not Active, Not Active, Not Active
2026/09/03 21:13:04.899, 519 MiB, 47, 12.81 W, 22 MHz, 405 MHz, Not Active, Not Active, Not Active, Not Active, Not Active
2026/09/03 21:13:05.099, 519 MiB, 47, 12.81 W, 22 MHz, 405 MHz, Not Active, Not Active, Not Active, Not Active, Not Active
2026/09/03 21:13:05.300, 519 MiB, 47, 13.74 W, 22 MHz, 405 MHz, Not Active, Not Active, Not Active, Not Active, Not Active
2026/09/03 21:13:05.500, 519 MiB, 47, 13.74 W, 22 MHz, 405 MHz, Not Active, Not Active, Not Active, Not Active, Not Active
2026/09/03 21:13:05.700, 519 MiB, 47, 13.74 W, 22 MHz, 405 MHz, Not Active, Not Active, Not Active, Not Active, Not Active
2026/09/03 21:13:05.901, 519 MiB, 47, 13.74 W, 22 MHz, 405 MHz, Not Active, Not Active, Not Active, Not Active, Not Active
2026/09/03 21:13:06.101, 519 MiB, 47, 13.74 W, 22 MHz, 405 MHz, Not Active, Not Active, Not Active, Not Active, Not Active
2026/09/03 21:13:06.301, 519 MiB, 47, 12.14 W, 22 MHz, 405 MHz, Not Active, Not Active, Not Active, Not Active, Not Active
2026/09/03 21:13:06.501, 519 MiB, 47, 12.14 W, 22 MHz, 405 MHz, Not Active, Not Active, Not Active, Not Active, Not Active
2026/09/03 21:13:06.702, 519 MiB, 47, 12.14 W, 22 MHz, 405 MHz, Not Active, Not Active, Not Active, Not Active, Not Active
2026/09/03 21:13:06.902, 519 MiB, 47, 12.14 W, 22 MHz, 405 MHz, Not Active, Not Active, Not Active, Not Active, Not Active
2026/09/03 21:13:07.102, 519 MiB, 47, 12.14 W, 22 MHz, 405 MHz, Not Active, Not Active, Not Active, Not Active, Not Active
2026/09/03 21:13:07.303, 519 MiB, 47, 11.98 W, 22 MHz, 405 MHz, Not Active, Not Active, Not Active, Not Active, Not Active
2026/09/03 21:13:07.503, 519 MiB, 47, 11.98 W, 22 MHz, 405 MHz, Not Active, Not Active, Not Active, Not Active, Not Active
2026/09/03 21:13:07.703, 519 MiB, 47, 11.98 W, 22 MHz, 405 MHz, Not Active, Not Active, Not Active, Not Active, Not Active
2026/09/03 21:13:07.903, 519 MiB, 47, 11.98 W, 22 MHz, 405 MHz, Not Active, Not Active, Not Active, Not Active, Not Active
2026/09/03 21:13:08.104, 519 MiB, 47, 11.98 W, 22 MHz, 405 MHz, Not Active, Not Active, Not Active, Not Active, Not Active
2026/09/03 21:13:08.304, 519 MiB, 47, 11.87 W, 22 MHz, 405 MHz, Not Active, Not Active, Not Active, Not Active, Not Active
2026/09/03 21:13:08.504, 519 MiB, 47, 11.87 W, 22 MHz, 405 MHz, Not Active, Not Active, Not Active, Not Active, Not Active
2026/09/03 21:13:08.705, 519 MiB, 47, 11.87 W, 22 MHz, 405 MHz, Not Active, Not Active, Not Active, Not Active, Not Active
2026/09/03 21:13:08.905, 519 MiB, 47, 11.87 W, 22 MHz, 405 MHz, Not Active, Not Active, Not Active, Not Active, Not Active
2026/09/03 21:13:09.105, 519 MiB, 47, 11.87 W, 22 MHz, 405 MHz, Not Active, Not Active, Not Active, Not Active, Not Active
2026/09/03 21:13:09.305, 519 MiB, 47, 12.00 W, 22 MHz, 405 MHz, Not Active, Not Active, Not Active, Not Active, Not Active
2026/09/03 21:13:09.506, 519 MiB, 47, 12.00 W, 22 MHz, 405 MHz, Not Active, Not Active, Not Active, Not Active, Not Active
2026/09/03 21:13:09.706, 519 MiB, 47, 12.00 W, 22 MHz, 405 MHz, Not Active, Not Active, Not Active, Not Active, Not Active
2026/09/03 21:13:09.906, 519 MiB, 47, 12.00 W, 22 MHz, 405 MHz, Not Active, Not Active, Not Active, Not Active, Not Active
2026/09/03 21:13:10.106, 519 MiB, 47, 12.00 W, 22 MHz, 405 MHz, Not Active, Not Active, Not Active, Not Active, Not Active
2026/09/03 21:13:10.307, 519 MiB, 47, 11.81 W, 22 MHz, 405 MHz, Not Active, Not Active, Not Active, Not Active, Not Active
2026/09/03 21:13:10.507, 519 MiB, 47, 11.81 W, 22 MHz, 405 MHz, Not Active, Not Active, Not Active, Not Active, Not Active
2026/09/03 21:13:10.707, 519 MiB, 47, 11.81 W, 22 MHz, 405 MHz, Not Active, Not Active, Not Active, Not Active, Not Active
2026/09/03 21:13:10.908, 519 MiB, 47, 11.81 W, 22 MHz, 405 MHz, Not Active, Not Active, Not Active, Not Active, Not Active
2026/09/03 21:13:11.108, 519 MiB, 47, 11.81 W, 22 MHz, 405 MHz, Not Active, Not Active, Not Active, Not Active, Not Active
2026/09/03 21:13:11.308, 519 MiB, 47, 12.23 W, 22 MHz, 405 MHz, Not Active, Not Active, Not Active, Not Active, Not Active
2026/09/03 21:13:11.508, 519 MiB, 47, 12.23 W, 22 MHz, 405 MHz, Not Active, Not Active, Not Active, Not Active, Not Active
2026/09/03 21:13:11.708, 519 MiB, 47, 12.23 W, 22 MHz, 405 MHz, Not Active, Not Active, Not Active, Not Active, Not Active
2026/09/03 21:13:11.909, 519 MiB, 47, 12.67 W, 22 MHz, 405 MHz, Not Active, Not Active, Not Active, Not Active, Not Active
2026/09/03 21:13:12.109, 519 MiB, 47, 12.67 W, 22 MHz, 405 MHz, Not Active, Not Active, Not Active, Not Active, Not Active
2026/09/03 21:13:12.309, 519 MiB, 47, 13.54 W, 22 MHz, 405 MHz, Not Active, Not Active, Not Active, Not Active, Not Active
2026/09/03 21:13:12.510, 519 MiB, 47, 13.54 W, 22 MHz, 405 MHz, Not Active, Not Active, Not Active, Not Active, Not Active
2026/09/03 21:13:12.710, 519 MiB, 47, 13.54 W, 22 MHz, 405 MHz, Not Active, Not Active, Not Active, Not Active, Not Active
2026/09/03 21:13:12.910, 519 MiB, 47, 13.54 W, 22 MHz, 405 MHz, Not Active, Not Active, Not Active, Not Active, Not Active
2026/09/03 21:13:13.110, 519 MiB, 47, 13.54 W, 22 MHz, 405 MHz, Not Active, Not Active, Not Active, Not Active, Not Active
2026/09/03 21:13:13.310, 519 MiB, 47, 11.99 W, 22 MHz, 405 MHz, Not Active, Not Active, Not Active, Not Active, Not Active
2026/09/03 21:13:13.511, 519 MiB, 47, 11.99 W, 22 MHz, 405 MHz, Not Active, Not Active, Not Active, Not Active, Not Active
2026/09/03 21:13:13.711, 519 MiB, 47, 11.99 W, 22 MHz, 405 MHz, Not Active, Not Active, Not Active, Not Active, Not Active
2026/09/03 21:13:13.911, 519 MiB, 47, 11.99 W, 22 MHz, 405 MHz, Not Active, Not Active, Not Active, Not Active, Not Active
2026/09/03 21:13:14.112, 519 MiB, 47, 11.99 W, 22 MHz, 405 MHz, Not Active, Not Active, Not Active, Not Active, Not Active
2026/09/03 21:13:14.312, 519 MiB, 47, 11.95 W, 22 MHz, 405 MHz, Not Active, Not Active, Not Active, Not Active, Not Active
2026/09/03 21:13:14.512, 519 MiB, 47, 11.95 W, 22 MHz, 405 MHz, Not Active, Not Active, Not Active, Not Active, Not Active
2026/09/03 21:13:14.712, 519 MiB, 47, 11.95 W, 22 MHz, 405 MHz, Not Active, Not Active, Not Active, Not Active, Not Active
2026/09/03 21:13:14.913, 519 MiB, 47, 11.95 W, 22 MHz, 405 MHz, Not Active, Not Active, Not Active, Not Active, Not Active
2026/09/03 21:13:15.113, 519 MiB, 47, 11.95 W, 22 MHz, 405 MHz, Not Active, Not Active, Not Active, Not Active, Not Active
2026/09/03 21:13:15.313, 519 MiB, 47, 11.95 W, 22 MHz, 405 MHz, Not Active, Not Active, Not Active, Not Active, Not Active
2026/09/03 21:13:15.513, 519 MiB, 47, 11.95 W, 22 MHz, 405 MHz, Not Active, Not Active, Not Active, Not Active, Not Active
2026/09/03 21:13:15.714, 519 MiB, 47, 11.95 W, 22 MHz, 405 MHz, Not Active, Not Active, Not Active, Not Active, Not Active
2026/09/03 21:13:15.914, 519 MiB, 47, 11.95 W, 22 MHz, 405 MHz, Not Active, Not Active, Not Active, Not Active, Not Active
2026/09/03 21:13:16.114, 519 MiB, 47, 11.95 W, 22 MHz, 405 MHz, Not Active, Not Active, Not Active, Not Active, Not Active
2026/09/03 21:13:16.314, 519 MiB, 47, 12.25 W, 22 MHz, 405 MHz, Not Active, Not Active, Not Active, Not Active, Not Active
2026/09/03 21:13:16.515, 519 MiB, 47, 12.25 W, 22 MHz, 405 MHz, Not Active, Not Active, Not Active, Not Active, Not Active
2026/09/03 21:13:16.715, 519 MiB, 47, 12.25 W, 22 MHz, 405 MHz, Not Active, Not Active, Not Active, Not Active, Not Active
2026/09/03 21:13:16.915, 519 MiB, 47, 12.25 W, 22 MHz, 405 MHz, Not Active, Not Active, Not Active, Not Active, Not Active
2026/09/03 21:13:17.115, 519 MiB, 47, 12.25 W, 22 MHz, 405 MHz, Not Active, Not Active, Not Active, Not Active, Not Active
2026/09/03 21:13:17.316, 519 MiB, 47, 11.87 W, 22 MHz, 405 MHz, Not Active, Not Active, Not Active, Not Active, Not Active
2026/09/03 21:13:17.516, 519 MiB, 47, 11.87 W, 22 MHz, 405 MHz, Not Active, Not Active, Not Active, Not Active, Not Active
2026/09/03 21:13:17.716, 519 MiB, 47, 11.87 W, 22 MHz, 405 MHz, Not Active, Not Active, Not Active, Not Active, Not Active
2026/09/03 21:13:17.916, 519 MiB, 47, 11.87 W, 22 MHz, 405 MHz, Not Active, Not Active, Not Active, Not Active, Not Active
2026/09/03 21:13:18.117, 519 MiB, 47, 11.87 W, 22 MHz, 405 MHz, Not Active, Not Active, Not Active, Not Active, Not Active
2026/09/03 21:13:18.317, 519 MiB, 47, 12.10 W, 22 MHz, 405 MHz, Not Active, Not Active, Not Active, Not Active, Not Active
2026/09/03 21:13:18.517, 519 MiB, 47, 12.10 W, 22 MHz, 405 MHz, Not Active, Not Active, Not Active, Not Active, Not Active
2026/09/03 21:13:18.717, 519 MiB, 47, 12.10 W, 22 MHz, 405 MHz, Not Active, Not Active, Not Active, Not Active, Not Active
2026/09/03 21:13:18.918, 519 MiB, 47, 12.80 W, 22 MHz, 405 MHz, Not Active, Not Active, Not Active, Not Active, Not Active
2026/09/03 21:13:19.118, 519 MiB, 47, 12.80 W, 22 MHz, 405 MHz, Not Active, Not Active, Not Active, Not Active, Not Active
2026/09/03 21:13:19.318, 519 MiB, 47, 14.05 W, 22 MHz, 405 MHz, Not Active, Not Active, Not Active, Not Active, Not Active
2026/09/03 21:13:19.518, 519 MiB, 47, 14.05 W, 22 MHz, 405 MHz, Not Active, Not Active, Not Active, Not Active, Not Active
2026/09/03 21:13:19.718, 519 MiB, 47, 14.05 W, 22 MHz, 405 MHz, Not Active, Not Active, Not Active, Not Active, Not Active
2026/09/03 21:13:19.919, 519 MiB, 47, 14.05 W, 22 MHz, 405 MHz, Not Active, Not Active, Not Active, Not Active, Not Active
2026/09/03 21:13:20.119, 519 MiB, 47, 14.05 W, 22 MHz, 405 MHz, Not Active, Not Active, Not Active, Not Active, Not Active
2026/09/03 21:13:20.319, 519 MiB, 47, 12.11 W, 22 MHz, 405 MHz, Not Active, Not Active, Not Active, Not Active, Not Active
2026/09/03 21:13:20.520, 519 MiB, 47, 12.11 W, 22 MHz, 405 MHz, Not Active, Not Active, Not Active, Not Active, Not Active
2026/09/03 21:13:20.720, 519 MiB, 47, 12.11 W, 22 MHz, 405 MHz, Not Active, Not Active, Not Active, Not Active, Not Active
2026/09/03 21:13:20.920, 519 MiB, 47, 12.11 W, 22 MHz, 405 MHz, Not Active, Not Active, Not Active, Not Active, Not Active
2026/09/03 21:13:21.120, 519 MiB, 47, 12.11 W, 22 MHz, 405 MHz, Not Active, Not Active, Not Active, Not Active, Not Active
2026/09/03 21:13:21.320, 519 MiB, 47, 12.11 W, 22 MHz, 405 MHz, Not Active, Not Active, Not Active, Not Active, Not Active
2026/09/03 21:13:21.521, 519 MiB, 47, 12.11 W, 22 MHz, 405 MHz, Not Active, Not Active, Not Active, Not Active, Not Active
2026/09/03 21:13:21.721, 519 MiB, 47, 12.11 W, 22 MHz, 405 MHz, Not Active, Not Active, Not Active, Not Active, Not Active
2026/09/03 21:13:21.921, 519 MiB, 47, 12.11 W, 22 MHz, 405 MHz, Not Active, Not Active, Not Active, Not Active, Not Active
2026/09/03 21:13:22.121, 519 MiB, 47, 12.11 W, 22 MHz, 405 MHz, Not Active, Not Active, Not Active, Not Active, Not Active
2026/09/03 21:13:22.322, 519 MiB, 47, 11.98 W, 22 MHz, 405 MHz, Not Active, Not Active, Not Active, Not Active, Not Active
2026/09/03 21:13:22.522, 519 MiB, 47, 11.98 W, 22 MHz, 405 MHz, Not Active, Not Active, Not Active, Not Active, Not Active
2026/09/03 21:13:22.723, 519 MiB, 47, 11.98 W, 22 MHz, 405 MHz, Not Active, Not Active, Not Active, Not Active, Not Active
2026/09/03 21:13:22.923, 519 MiB, 47, 11.98 W, 22 MHz, 405 MHz, Not Active, Not Active, Not Active, Not Active, Not Active
2026/09/03 21:13:23.123, 519 MiB, 47, 11.98 W, 22 MHz, 405 MHz, Not Active, Not Active, Not Active, Not Active, Not Active
2026/09/03 21:13:23.323, 519 MiB, 47, 12.10 W, 22 MHz, 405 MHz, Not Active, Not Active, Not Active, Not Active, Not Active
2026/09/03 21:13:23.524, 519 MiB, 47, 12.10 W, 22 MHz, 405 MHz, Not Active, Not Active, Not Active, Not Active, Not Active
2026/09/03 21:13:23.724, 519 MiB, 47, 12.10 W, 22 MHz, 405 MHz, Not Active, Not Active, Not Active, Not Active, Not Active
2026/09/03 21:13:23.924, 519 MiB, 47, 12.10 W, 22 MHz, 405 MHz, Not Active, Not Active, Not Active, Not Active, Not Active
2026/09/03 21:13:24.124, 519 MiB, 47, 12.10 W, 22 MHz, 405 MHz, Not Active, Not Active, Not Active, Not Active, Not Active
2026/09/03 21:13:24.324, 519 MiB, 47, 12.14 W, 22 MHz, 405 MHz, Not Active, Not Active, Not Active, Not Active, Not Active
2026/09/03 21:13:24.525, 519 MiB, 47, 12.14 W, 22 MHz, 405 MHz, Not Active, Not Active, Not Active, Not Active, Not Active
2026/09/03 21:13:24.725, 519 MiB, 47, 12.14 W, 22 MHz, 405 MHz, Not Active, Not Active, Not Active, Not Active, Not Active
2026/09/03 21:13:24.925, 519 MiB, 47, 12.14 W, 22 MHz, 405 MHz, Not Active, Not Active, Not Active, Not Active, Not Active
2026/09/03 21:13:25.125, 519 MiB, 47, 12.14 W, 22 MHz, 405 MHz, Not Active, Not Active, Not Active, Not Active, Not Active
2026/09/03 21:13:25.326, 519 MiB, 47, 12.09 W, 22 MHz, 405 MHz, Not Active, Not Active, Not Active, Not Active, Not Active
2026/09/03 21:13:25.526, 519 MiB, 47, 12.09 W, 22 MHz, 405 MHz, Not Active, Not Active, Not Active, Not Active, Not Active
2026/09/03 21:13:25.726, 519 MiB, 47, 12.09 W, 22 MHz, 405 MHz, Not Active, Not Active, Not Active, Not Active, Not Active
2026/09/03 21:13:25.926, 519 MiB, 47, 12.42 W, 22 MHz, 405 MHz, Not Active, Not Active, Not Active, Not Active, Not Active
2026/09/03 21:13:26.126, 519 MiB, 47, 12.42 W, 22 MHz, 405 MHz, Not Active, Not Active, Not Active, Not Active, Not Active
2026/09/03 21:13:26.327, 519 MiB, 47, 13.72 W, 22 MHz, 405 MHz, Not Active, Not Active, Not Active, Not Active, Not Active
2026/09/03 21:13:26.527, 519 MiB, 47, 13.72 W, 22 MHz, 405 MHz, Not Active, Not Active, Not Active, Not Active, Not Active
2026/09/03 21:13:26.727, 519 MiB, 47, 13.72 W, 22 MHz, 405 MHz, Not Active, Not Active, Not Active, Not Active, Not Active
2026/09/03 21:13:26.928, 519 MiB, 47, 13.81 W, 22 MHz, 405 MHz, Not Active, Not Active, Not Active, Not Active, Not Active
2026/09/03 21:13:27.128, 519 MiB, 47, 13.81 W, 22 MHz, 405 MHz, Not Active, Not Active, Not Active, Not Active, Not Active
2026/09/03 21:13:27.328, 519 MiB, 47, 13.81 W, 22 MHz, 405 MHz, Not Active, Not Active, Not Active, Not Active, Not Active
2026/09/03 21:13:27.528, 519 MiB, 47, 13.81 W, 22 MHz, 405 MHz, Not Active, Not Active, Not Active, Not Active, Not Active
2026/09/03 21:13:27.729, 519 MiB, 47, 13.81 W, 22 MHz, 405 MHz, Not Active, Not Active, Not Active, Not Active, Not Active
2026/09/03 21:13:27.929, 519 MiB, 47, 12.12 W, 22 MHz, 405 MHz, Not Active, Not Active, Not Active, Not Active, Not Active
2026/09/03 21:13:28.129, 519 MiB, 47, 12.12 W, 22 MHz, 405 MHz, Not Active, Not Active, Not Active, Not Active, Not Active
2026/09/03 21:13:28.329, 519 MiB, 47, 12.12 W, 22 MHz, 405 MHz, Not Active, Not Active, Not Active, Not Active, Not Active
2026/09/03 21:13:28.529, 519 MiB, 47, 12.12 W, 22 MHz, 405 MHz, Not Active, Not Active, Not Active, Not Active, Not Active
2026/09/03 21:13:28.730, 519 MiB, 47, 12.12 W, 22 MHz, 405 MHz, Not Active, Not Active, Not Active, Not Active, Not Active
2026/09/03 21:13:28.930, 519 MiB, 47, 11.89 W, 22 MHz, 405 MHz, Not Active, Not Active, Not Active, Not Active, Not Active
2026/09/03 21:13:29.130, 519 MiB, 47, 11.89 W, 22 MHz, 405 MHz, Not Active, Not Active, Not Active, Not Active, Not Active
2026/09/03 21:13:29.330, 519 MiB, 47, 11.89 W, 22 MHz, 405 MHz, Not Active, Not Active, Not Active, Not Active, Not Active
2026/09/03 21:13:29.531, 519 MiB, 47, 11.89 W, 22 MHz, 405 MHz, Not Active, Not Active, Not Active, Not Active, Not Active
2026/09/03 21:13:29.731, 519 MiB, 47, 11.89 W, 22 MHz, 405 MHz, Not Active, Not Active, Not Active, Not Active, Not Active
2026/09/03 21:13:29.931, 519 MiB, 47, 11.94 W, 22 MHz, 405 MHz, Not Active, Not Active, Not Active, Not Active, Not Active
2026/09/03 21:13:30.131, 519 MiB, 47, 11.94 W, 22 MHz, 405 MHz, Not Active, Not Active, Not Active, Not Active, Not Active
2026/09/03 21:13:30.331, 519 MiB, 47, 11.94 W, 22 MHz, 405 MHz, Not Active, Not Active, Not Active, Not Active, Not Active
2026/09/03 21:13:30.532, 519 MiB, 47, 11.94 W, 22 MHz, 405 MHz, Not Active, Not Active, Not Active, Not Active, Not Active
2026/09/03 21:13:30.732, 519 MiB, 47, 11.94 W, 22 MHz, 405 MHz, Not Active, Not Active, Not Active, Not Active, Not Active
2026/09/03 21:13:30.932, 519 MiB, 47, 11.93 W, 22 MHz, 405 MHz, Not Active, Not Active, Not Active, Not Active, Not Active
2026/09/03 21:13:31.132, 519 MiB, 47, 11.93 W, 22 MHz, 405 MHz, Not Active, Not Active, Not Active, Not Active, Not Active
2026/09/03 21:13:31.333, 519 MiB, 47, 11.93 W, 22 MHz, 405 MHz, Not Active, Not Active, Not Active, Not Active, Not Active
2026/09/03 21:13:31.533, 519 MiB, 47, 11.93 W, 22 MHz, 405 MHz, Not Active, Not Active, Not Active, Not Active, Not Active
2026/09/03 21:13:31.733, 519 MiB, 47, 11.93 W, 22 MHz, 405 MHz, Not Active, Not Active, Not Active, Not Active, Not Active
2026/09/03 21:13:31.933, 519 MiB, 47, 12.12 W, 22 MHz, 405 MHz, Not Active, Not Active, Not Active, Not Active, Not Active
2026/09/03 21:13:32.134, 519 MiB, 47, 12.12 W, 22 MHz, 405 MHz, Not Active, Not Active, Not Active, Not Active, Not Active
2026/09/03 21:13:32.334, 519 MiB, 47, 12.12 W, 22 MHz, 405 MHz, Not Active, Not Active, Not Active, Not Active, Not Active
2026/09/03 21:13:32.537, 519 MiB, 47, 12.12 W, 22 MHz, 405 MHz, Not Active, Not Active, Not Active, Not Active, Not Active
2026/09/03 21:13:32.737, 519 MiB, 47, 12.12 W, 22 MHz, 405 MHz, Not Active, Not Active, Not Active, Not Active, Not Active
2026/09/03 21:13:32.937, 519 MiB, 47, 12.20 W, 22 MHz, 405 MHz, Not Active, Not Active, Not Active, Not Active, Not Active
2026/09/03 21:13:33.137, 519 MiB, 47, 12.20 W, 22 MHz, 405 MHz, Not Active, Not Active, Not Active, Not Active, Not Active
2026/09/03 21:13:33.337, 519 MiB, 47, 12.63 W, 22 MHz, 405 MHz, Not Active, Not Active, Not Active, Not Active, Not Active
2026/09/03 21:13:33.538, 519 MiB, 47, 12.63 W, 22 MHz, 405 MHz, Not Active, Not Active, Not Active, Not Active, Not Active
2026/09/03 21:13:33.738, 519 MiB, 47, 12.63 W, 22 MHz, 405 MHz, Not Active, Not Active, Not Active, Not Active, Not Active
2026/09/03 21:13:33.938, 519 MiB, 47, 13.56 W, 22 MHz, 405 MHz, Not Active, Not Active, Not Active, Not Active, Not Active
2026/09/03 21:13:34.138, 519 MiB, 47, 13.56 W, 22 MHz, 405 MHz, Not Active, Not Active, Not Active, Not Active, Not Active
2026/09/03 21:13:34.339, 519 MiB, 47, 13.56 W, 22 MHz, 405 MHz, Not Active, Not Active, Not Active, Not Active, Not Active
2026/09/03 21:13:34.539, 519 MiB, 47, 13.56 W, 22 MHz, 405 MHz, Not Active, Not Active, Not Active, Not Active, Not Active
2026/09/03 21:13:34.739, 519 MiB, 47, 13.56 W, 22 MHz, 405 MHz, Not Active, Not Active, Not Active, Not Active, Not Active
2026/09/03 21:13:34.939, 519 MiB, 47, 12.01 W, 22 MHz, 405 MHz, Not Active, Not Active, Not Active, Not Active, Not Active
2026/09/03 21:13:35.140, 519 MiB, 47, 12.01 W, 22 MHz, 405 MHz, Not Active, Not Active, Not Active, Not Active, Not Active
2026/09/03 21:13:35.340, 519 MiB, 47, 12.01 W, 22 MHz, 405 MHz, Not Active, Not Active, Not Active, Not Active, Not Active
2026/09/03 21:13:35.540, 519 MiB, 47, 12.01 W, 22 MHz, 405 MHz, Not Active, Not Active, Not Active, Not Active, Not Active
2026/09/03 21:13:35.740, 519 MiB, 47, 12.01 W, 22 MHz, 405 MHz, Not Active, Not Active, Not Active, Not Active, Not Active
2026/09/03 21:13:35.940, 519 MiB, 46, 12.20 W, 22 MHz, 405 MHz, Not Active, Not Active, Not Active, Not Active, Not Active
2026/09/03 21:13:36.141, 519 MiB, 46, 12.20 W, 22 MHz, 405 MHz, Not Active, Not Active, Not Active, Not Active, Not Active
2026/09/03 21:13:36.341, 519 MiB, 46, 12.20 W, 22 MHz, 405 MHz, Not Active, Not Active, Not Active, Not Active, Not Active
2026/09/03 21:13:36.541, 519 MiB, 46, 12.20 W, 22 MHz, 405 MHz, Not Active, Not Active, Not Active, Not Active, Not Active
2026/09/03 21:13:36.741, 519 MiB, 46, 12.20 W, 22 MHz, 405 MHz, Not Active, Not Active, Not Active, Not Active, Not Active
2026/09/03 21:13:36.941, 519 MiB, 46, 11.99 W, 22 MHz, 405 MHz, Not Active, Not Active, Not Active, Not Active, Not Active
2026/09/03 21:13:37.142, 519 MiB, 46, 11.99 W, 22 MHz, 405 MHz, Not Active, Not Active, Not Active, Not Active, Not Active
2026/09/03 21:13:37.342, 519 MiB, 46, 11.99 W, 22 MHz, 405 MHz, Not Active, Not Active, Not Active, Not Active, Not Active
2026/09/03 21:13:37.542, 519 MiB, 46, 11.99 W, 22 MHz, 405 MHz, Not Active, Not Active, Not Active, Not Active, Not Active
2026/09/03 21:13:37.742, 519 MiB, 46, 11.99 W, 22 MHz, 405 MHz, Not Active, Not Active, Not Active, Not Active, Not Active
2026/09/03 21:13:37.942, 519 MiB, 46, 12.07 W, 22 MHz, 405 MHz, Not Active, Not Active, Not Active, Not Active, Not Active
2026/09/03 21:13:38.143, 519 MiB, 46, 12.07 W, 22 MHz, 405 MHz, Not Active, Not Active, Not Active, Not Active, Not Active
2026/09/03 21:13:38.343, 519 MiB, 46, 12.07 W, 22 MHz, 405 MHz, Not Active, Not Active, Not Active, Not Active, Not Active
2026/09/03 21:13:38.543, 519 MiB, 46, 12.07 W, 22 MHz, 405 MHz, Not Active, Not Active, Not Active, Not Active, Not Active
2026/09/03 21:13:38.743, 519 MiB, 46, 12.07 W, 22 MHz, 405 MHz, Not Active, Not Active, Not Active, Not Active, Not Active
2026/09/03 21:13:38.944, 519 MiB, 46, 12.20 W, 22 MHz, 405 MHz, Not Active, Not Active, Not Active, Not Active, Not Active
2026/09/03 21:13:39.144, 519 MiB, 46, 12.20 W, 22 MHz, 405 MHz, Not Active, Not Active, Not Active, Not Active, Not Active
2026/09/03 21:13:39.344, 519 MiB, 46, 12.20 W, 22 MHz, 405 MHz, Not Active, Not Active, Not Active, Not Active, Not Active
2026/09/03 21:13:39.545, 519 MiB, 46, 12.20 W, 22 MHz, 405 MHz, Not Active, Not Active, Not Active, Not Active, Not Active
2026/09/03 21:13:39.745, 519 MiB, 46, 12.20 W, 22 MHz, 405 MHz, Not Active, Not Active, Not Active, Not Active, Not Active
2026/09/03 21:13:39.945, 519 MiB, 46, 12.03 W, 22 MHz, 405 MHz, Not Active, Not Active, Not Active, Not Active, Not Active
2026/09/03 21:13:40.145, 519 MiB, 46, 12.03 W, 22 MHz, 405 MHz, Not Active, Not Active, Not Active, Not Active, Not Active
2026/09/03 21:13:40.346, 519 MiB, 46, 12.78 W, 22 MHz, 405 MHz, Not Active, Not Active, Not Active, Not Active, Not Active
2026/09/03 21:13:40.546, 519 MiB, 46, 12.78 W, 22 MHz, 405 MHz, Not Active, Not Active, Not Active, Not Active, Not Active
2026/09/03 21:13:40.746, 519 MiB, 46, 12.78 W, 22 MHz, 405 MHz, Not Active, Not Active, Not Active, Not Active, Not Active
2026/09/03 21:13:40.946, 519 MiB, 46, 14.00 W, 22 MHz, 405 MHz, Not Active, Not Active, Not Active, Not Active, Not Active
2026/09/03 21:13:41.147, 519 MiB, 46, 14.00 W, 22 MHz, 405 MHz, Not Active, Not Active, Not Active, Not Active, Not Active
2026/09/03 21:13:41.347, 519 MiB, 46, 14.00 W, 22 MHz, 405 MHz, Not Active, Not Active, Not Active, Not Active, Not Active
2026/09/03 21:13:41.547, 519 MiB, 46, 14.00 W, 22 MHz, 405 MHz, Not Active, Not Active, Not Active, Not Active, Not Active
2026/09/03 21:13:41.748, 519 MiB, 46, 14.00 W, 22 MHz, 405 MHz, Not Active, Not Active, Not Active, Not Active, Not Active
2026/09/03 21:13:41.948, 519 MiB, 46, 12.19 W, 22 MHz, 405 MHz, Not Active, Not Active, Not Active, Not Active, Not Active
2026/09/03 21:13:42.148, 519 MiB, 46, 12.19 W, 22 MHz, 405 MHz, Not Active, Not Active, Not Active, Not Active, Not Active
2026/09/03 21:13:42.349, 519 MiB, 46, 12.19 W, 22 MHz, 405 MHz, Not Active, Not Active, Not Active, Not Active, Not Active
2026/09/03 21:13:42.549, 519 MiB, 46, 12.19 W, 22 MHz, 405 MHz, Not Active, Not Active, Not Active, Not Active, Not Active
2026/09/03 21:13:42.749, 519 MiB, 46, 12.19 W, 22 MHz, 405 MHz, Not Active, Not Active, Not Active, Not Active, Not Active
2026/09/03 21:13:42.949, 519 MiB, 46, 12.17 W, 22 MHz, 405 MHz, Not Active, Not Active, Not Active, Not Active, Not Active
2026/09/03 21:13:43.149, 519 MiB, 46, 12.17 W, 22 MHz, 405 MHz, Not Active, Not Active, Not Active, Not Active, Not Active
2026/09/03 21:13:43.350, 519 MiB, 46, 12.17 W, 22 MHz, 405 MHz, Not Active, Not Active, Not Active, Not Active, Not Active
2026/09/03 21:13:43.550, 519 MiB, 46, 12.17 W, 22 MHz, 405 MHz, Not Active, Not Active, Not Active, Not Active, Not Active
2026/09/03 21:13:43.750, 519 MiB, 46, 12.17 W, 22 MHz, 405 MHz, Not Active, Not Active, Not Active, Not Active, Not Active
2026/09/03 21:13:43.951, 519 MiB, 46, 12.05 W, 22 MHz, 405 MHz, Not Active, Not Active, Not Active, Not Active, Not Active
2026/09/03 21:13:44.151, 519 MiB, 46, 12.05 W, 22 MHz, 405 MHz, Not Active, Not Active, Not Active, Not Active, Not Active
2026/09/03 21:13:44.351, 519 MiB, 46, 12.05 W, 22 MHz, 405 MHz, Not Active, Not Active, Not Active, Not Active, Not Active
2026/09/03 21:13:44.551, 519 MiB, 46, 12.05 W, 22 MHz, 405 MHz, Not Active, Not Active, Not Active, Not Active, Not Active
2026/09/03 21:13:44.752, 519 MiB, 46, 12.05 W, 22 MHz, 405 MHz, Not Active, Not Active, Not Active, Not Active, Not Active
2026/09/03 21:13:44.952, 519 MiB, 46, 11.97 W, 22 MHz, 405 MHz, Not Active, Not Active, Not Active, Not Active, Not Active
2026/09/03 21:13:45.152, 519 MiB, 46, 11.97 W, 22 MHz, 405 MHz, Not Active, Not Active, Not Active, Not Active, Not Active
2026/09/03 21:13:45.353, 519 MiB, 46, 11.97 W, 22 MHz, 405 MHz, Not Active, Not Active, Not Active, Not Active, Not Active
2026/09/03 21:13:45.553, 519 MiB, 46, 11.97 W, 22 MHz, 405 MHz, Not Active, Not Active, Not Active, Not Active, Not Active
2026/09/03 21:13:45.753, 519 MiB, 46, 11.97 W, 22 MHz, 405 MHz, Not Active, Not Active, Not Active, Not Active, Not Active
2026/09/03 21:13:45.953, 519 MiB, 46, 12.19 W, 22 MHz, 405 MHz, Not Active, Not Active, Not Active, Not Active, Not Active
2026/09/03 21:13:46.153, 519 MiB, 46, 12.19 W, 22 MHz, 405 MHz, Not Active, Not Active, Not Active, Not Active, Not Active
2026/09/03 21:13:46.354, 519 MiB, 46, 12.19 W, 22 MHz, 405 MHz, Not Active, Not Active, Not Active, Not Active, Not Active
2026/09/03 21:13:46.554, 519 MiB, 46, 12.19 W, 22 MHz, 405 MHz, Not Active, Not Active, Not Active, Not Active, Not Active
2026/09/03 21:13:46.754, 519 MiB, 46, 12.19 W, 22 MHz, 405 MHz, Not Active, Not Active, Not Active, Not Active, Not Active
2026/09/03 21:13:46.955, 519 MiB, 46, 12.14 W, 22 MHz, 405 MHz, Not Active, Not Active, Not Active, Not Active, Not Active
2026/09/03 21:13:47.155, 519 MiB, 46, 12.14 W, 22 MHz, 405 MHz, Not Active, Not Active, Not Active, Not Active, Not Active
2026/09/03 21:13:47.355, 519 MiB, 46, 12.65 W, 24 MHz, 405 MHz, Not Active, Not Active, Not Active, Not Active, Not Active
2026/09/03 21:13:47.555, 519 MiB, 46, 12.65 W, 24 MHz, 405 MHz, Not Active, Not Active, Not Active, Not Active, Not Active
2026/09/03 21:13:47.756, 519 MiB, 46, 12.65 W, 24 MHz, 405 MHz, Not Active, Not Active, Not Active, Not Active, Not Active
2026/09/03 21:13:47.956, 519 MiB, 46, 13.06 W, 22 MHz, 405 MHz, Not Active, Not Active, Not Active, Not Active, Not Active
2026/09/03 21:13:48.156, 519 MiB, 46, 13.06 W, 22 MHz, 405 MHz, Not Active, Not Active, Not Active, Not Active, Not Active
2026/09/03 21:13:48.357, 519 MiB, 46, 14.06 W, 22 MHz, 405 MHz, Not Active, Not Active, Not Active, Not Active, Not Active
2026/09/03 21:13:48.557, 519 MiB, 46, 14.06 W, 22 MHz, 405 MHz, Not Active, Not Active, Not Active, Not Active, Not Active
2026/09/03 21:13:48.757, 519 MiB, 46, 14.06 W, 22 MHz, 405 MHz, Not Active, Not Active, Not Active, Not Active, Not Active
2026/09/03 21:13:48.957, 519 MiB, 46, 14.06 W, 22 MHz, 405 MHz, Not Active, Not Active, Not Active, Not Active, Not Active
2026/09/03 21:13:49.157, 519 MiB, 46, 14.06 W, 22 MHz, 405 MHz, Not Active, Not Active, Not Active, Not Active, Not Active
2026/09/03 21:13:49.357, 519 MiB, 46, 12.04 W, 22 MHz, 405 MHz, Not Active, Not Active, Not Active, Not Active, Not Active
2026/09/03 21:13:49.558, 519 MiB, 46, 12.04 W, 22 MHz, 405 MHz, Not Active, Not Active, Not Active, Not Active, Not Active
2026/09/03 21:13:49.758, 519 MiB, 46, 12.04 W, 22 MHz, 405 MHz, Not Active, Not Active, Not Active, Not Active, Not Active
2026/09/03 21:13:49.958, 519 MiB, 46, 12.04 W, 22 MHz, 405 MHz, Not Active, Not Active, Not Active, Not Active, Not Active
2026/09/03 21:13:50.158, 519 MiB, 46, 12.04 W, 22 MHz, 405 MHz, Not Active, Not Active, Not Active, Not Active, Not Active
2026/09/03 21:13:50.359, 519 MiB, 46, 12.07 W, 22 MHz, 405 MHz, Not Active, Not Active, Not Active, Not Active, Not Active
2026/09/03 21:13:50.559, 519 MiB, 46, 12.07 W, 22 MHz, 405 MHz, Not Active, Not Active, Not Active, Not Active, Not Active
2026/09/03 21:13:50.759, 519 MiB, 46, 12.07 W, 22 MHz, 405 MHz, Not Active, Not Active, Not Active, Not Active, Not Active
2026/09/03 21:13:50.959, 519 MiB, 46, 12.07 W, 22 MHz, 405 MHz, Not Active, Not Active, Not Active, Not Active, Not Active
2026/09/03 21:13:51.160, 519 MiB, 46, 12.07 W, 22 MHz, 405 MHz, Not Active, Not Active, Not Active, Not Active, Not Active
2026/09/03 21:13:51.360, 519 MiB, 46, 11.91 W, 22 MHz, 405 MHz, Not Active, Not Active, Not Active, Not Active, Not Active
2026/09/03 21:13:51.560, 519 MiB, 46, 11.91 W, 22 MHz, 405 MHz, Not Active, Not Active, Not Active, Not Active, Not Active
2026/09/03 21:13:51.760, 519 MiB, 46, 11.91 W, 22 MHz, 405 MHz, Not Active, Not Active, Not Active, Not Active, Not Active
2026/09/03 21:13:51.961, 519 MiB, 46, 11.91 W, 22 MHz, 405 MHz, Not Active, Not Active, Not Active, Not Active, Not Active
2026/09/03 21:13:52.161, 519 MiB, 46, 11.91 W, 22 MHz, 405 MHz, Not Active, Not Active, Not Active, Not Active, Not Active
2026/09/03 21:13:52.361, 519 MiB, 46, 11.89 W, 22 MHz, 405 MHz, Not Active, Not Active, Not Active, Not Active, Not Active
2026/09/03 21:13:52.561, 519 MiB, 46, 11.89 W, 22 MHz, 405 MHz, Not Active, Not Active, Not Active, Not Active, Not Active
2026/09/03 21:13:52.762, 519 MiB, 46, 11.89 W, 22 MHz, 405 MHz, Not Active, Not Active, Not Active, Not Active, Not Active
2026/09/03 21:13:52.962, 519 MiB, 46, 11.89 W, 22 MHz, 405 MHz, Not Active, Not Active, Not Active, Not Active, Not Active
2026/09/03 21:13:53.162, 519 MiB, 46, 11.89 W, 22 MHz, 405 MHz, Not Active, Not Active, Not Active, Not Active, Not Active
2026/09/03 21:13:53.363, 519 MiB, 46, 11.90 W, 22 MHz, 405 MHz, Not Active, Not Active, Not Active, Not Active, Not Active
2026/09/03 21:13:53.563, 519 MiB, 46, 11.90 W, 22 MHz, 405 MHz, Not Active, Not Active, Not Active, Not Active, Not Active
2026/09/03 21:13:53.763, 519 MiB, 46, 11.90 W, 22 MHz, 405 MHz, Not Active, Not Active, Not Active, Not Active, Not Active
2026/09/03 21:13:53.963, 519 MiB, 46, 11.90 W, 22 MHz, 405 MHz, Not Active, Not Active, Not Active, Not Active, Not Active
2026/09/03 21:13:54.163, 519 MiB, 46, 11.90 W, 22 MHz, 405 MHz, Not Active, Not Active, Not Active, Not Active, Not Active
2026/09/03 21:13:54.364, 519 MiB, 46, 11.89 W, 22 MHz, 405 MHz, Not Active, Not Active, Not Active, Not Active, Not Active
2026/09/03 21:13:54.564, 519 MiB, 46, 11.89 W, 22 MHz, 405 MHz, Not Active, Not Active, Not Active, Not Active, Not Active
2026/09/03 21:13:54.764, 519 MiB, 46, 11.89 W, 22 MHz, 405 MHz, Not Active, Not Active, Not Active, Not Active, Not Active
2026/09/03 21:13:54.965, 519 MiB, 46, 12.38 W, 22 MHz, 405 MHz, Not Active, Not Active, Not Active, Not Active, Not Active
2026/09/03 21:13:55.165, 519 MiB, 46, 12.38 W, 22 MHz, 405 MHz, Not Active, Not Active, Not Active, Not Active, Not Active
2026/09/03 21:13:55.365, 519 MiB, 46, 13.35 W, 21 MHz, 405 MHz, Not Active, Not Active, Not Active, Not Active, Not Active
2026/09/03 21:13:55.566, 519 MiB, 46, 13.35 W, 21 MHz, 405 MHz, Not Active, Not Active, Not Active, Not Active, Not Active
2026/09/03 21:13:55.766, 519 MiB, 46, 13.35 W, 21 MHz, 405 MHz, Not Active, Not Active, Not Active, Not Active, Not Active
2026/09/03 21:13:55.966, 519 MiB, 46, 13.35 W, 21 MHz, 405 MHz, Not Active, Not Active, Not Active, Not Active, Not Active
2026/09/03 21:13:56.166, 519 MiB, 46, 13.35 W, 21 MHz, 405 MHz, Not Active, Not Active, Not Active, Not Active, Not Active
2026/09/03 21:13:56.367, 519 MiB, 46, 11.89 W, 22 MHz, 405 MHz, Not Active, Not Active, Not Active, Not Active, Not Active
2026/09/03 21:13:56.567, 519 MiB, 46, 11.89 W, 22 MHz, 405 MHz, Not Active, Not Active, Not Active, Not Active, Not Active
2026/09/03 21:13:56.767, 519 MiB, 46, 11.89 W, 22 MHz, 405 MHz, Not Active, Not Active, Not Active, Not Active, Not Active
2026/09/03 21:13:56.967, 519 MiB, 46, 11.89 W, 22 MHz, 405 MHz, Not Active, Not Active, Not Active, Not Active, Not Active
2026/09/03 21:13:57.168, 519 MiB, 46, 11.89 W, 22 MHz, 405 MHz, Not Active, Not Active, Not Active, Not Active, Not Active
2026/09/03 21:13:57.368, 519 MiB, 46, 11.85 W, 22 MHz, 405 MHz, Not Active, Not Active, Not Active, Not Active, Not Active
2026/09/03 21:13:57.568, 519 MiB, 46, 11.85 W, 22 MHz, 405 MHz, Not Active, Not Active, Not Active, Not Active, Not Active
2026/09/03 21:13:57.768, 519 MiB, 46, 11.85 W, 22 MHz, 405 MHz, Not Active, Not Active, Not Active, Not Active, Not Active
2026/09/03 21:13:57.968, 519 MiB, 46, 11.85 W, 22 MHz, 405 MHz, Not Active, Not Active, Not Active, Not Active, Not Active
2026/09/03 21:13:58.169, 519 MiB, 46, 11.85 W, 22 MHz, 405 MHz, Not Active, Not Active, Not Active, Not Active, Not Active
2026/09/03 21:13:58.369, 519 MiB, 46, 12.03 W, 22 MHz, 405 MHz, Not Active, Not Active, Not Active, Not Active, Not Active
2026/09/03 21:13:58.569, 519 MiB, 46, 12.03 W, 22 MHz, 405 MHz, Not Active, Not Active, Not Active, Not Active, Not Active
2026/09/03 21:13:58.770, 519 MiB, 46, 12.03 W, 22 MHz, 405 MHz, Not Active, Not Active, Not Active, Not Active, Not Active
2026/09/03 21:13:58.970, 519 MiB, 46, 12.03 W, 22 MHz, 405 MHz, Not Active, Not Active, Not Active, Not Active, Not Active
2026/09/03 21:13:59.170, 519 MiB, 46, 12.03 W, 22 MHz, 405 MHz, Not Active, Not Active, Not Active, Not Active, Not Active
2026/09/03 21:13:59.370, 519 MiB, 46, 12.08 W, 22 MHz, 405 MHz, Not Active, Not Active, Not Active, Not Active, Not Active
2026/09/03 21:13:59.571, 519 MiB, 46, 12.08 W, 22 MHz, 405 MHz, Not Active, Not Active, Not Active, Not Active, Not Active
2026/09/03 21:13:59.771, 519 MiB, 46, 12.08 W, 22 MHz, 405 MHz, Not Active, Not Active, Not Active, Not Active, Not Active
2026/09/03 21:13:59.971, 519 MiB, 46, 12.08 W, 22 MHz, 405 MHz, Not Active, Not Active, Not Active, Not Active, Not Active
2026/09/03 21:14:00.172, 519 MiB, 46, 12.08 W, 22 MHz, 405 MHz, Not Active, Not Active, Not Active, Not Active, Not Active
2026/09/03 21:14:00.372, 519 MiB, 46, 11.86 W, 22 MHz, 405 MHz, Not Active, Not Active, Not Active, Not Active, Not Active
2026/09/03 21:14:00.572, 519 MiB, 46, 11.86 W, 22 MHz, 405 MHz, Not Active, Not Active, Not Active, Not Active, Not Active
2026/09/03 21:14:00.772, 519 MiB, 46, 11.86 W, 22 MHz, 405 MHz, Not Active, Not Active, Not Active, Not Active, Not Active
2026/09/03 21:14:00.973, 519 MiB, 46, 11.86 W, 22 MHz, 405 MHz, Not Active, Not Active, Not Active, Not Active, Not Active
2026/09/03 21:14:01.173, 519 MiB, 46, 11.86 W, 22 MHz, 405 MHz, Not Active, Not Active, Not Active, Not Active, Not Active
2026/09/03 21:14:01.373, 519 MiB, 46, 11.92 W, 22 MHz, 405 MHz, Not Active, Not Active, Not Active, Not Active, Not Active
2026/09/03 21:14:01.573, 519 MiB, 46, 11.92 W, 22 MHz, 405 MHz, Not Active, Not Active, Not Active, Not Active, Not Active
2026/09/03 21:14:01.774, 519 MiB, 46, 11.92 W, 22 MHz, 405 MHz, Not Active, Not Active, Not Active, Not Active, Not Active
2026/09/03 21:14:01.974, 519 MiB, 46, 12.54 W, 22 MHz, 405 MHz, Not Active, Not Active, Not Active, Not Active, Not Active
2026/09/03 21:14:02.174, 519 MiB, 46, 12.54 W, 22 MHz, 405 MHz, Not Active, Not Active, Not Active, Not Active, Not Active
2026/09/03 21:14:02.374, 519 MiB, 46, 13.51 W, 21 MHz, 405 MHz, Not Active, Not Active, Not Active, Not Active, Not Active
2026/09/03 21:14:02.574, 519 MiB, 46, 13.51 W, 21 MHz, 405 MHz, Not Active, Not Active, Not Active, Not Active, Not Active
2026/09/03 21:14:02.775, 519 MiB, 46, 13.51 W, 21 MHz, 405 MHz, Not Active, Not Active, Not Active, Not Active, Not Active
2026/09/03 21:14:02.975, 519 MiB, 46, 13.51 W, 21 MHz, 405 MHz, Not Active, Not Active, Not Active, Not Active, Not Active
2026/09/03 21:14:03.175, 519 MiB, 46, 13.51 W, 21 MHz, 405 MHz, Not Active, Not Active, Not Active, Not Active, Not Active
2026/09/03 21:14:03.375, 519 MiB, 46, 12.04 W, 22 MHz, 405 MHz, Not Active, Not Active, Not Active, Not Active, Not Active
2026/09/03 21:14:03.576, 519 MiB, 46, 12.04 W, 22 MHz, 405 MHz, Not Active, Not Active, Not Active, Not Active, Not Active
2026/09/03 21:14:03.776, 519 MiB, 46, 12.04 W, 22 MHz, 405 MHz, Not Active, Not Active, Not Active, Not Active, Not Active
2026/09/03 21:14:03.976, 519 MiB, 46, 12.04 W, 22 MHz, 405 MHz, Not Active, Not Active, Not Active, Not Active, Not Active
2026/09/03 21:14:04.176, 519 MiB, 46, 12.04 W, 22 MHz, 405 MHz, Not Active, Not Active, Not Active, Not Active, Not Active
2026/09/03 21:14:04.377, 519 MiB, 46, 11.76 W, 22 MHz, 405 MHz, Not Active, Not Active, Not Active, Not Active, Not Active
2026/09/03 21:14:04.577, 519 MiB, 46, 11.76 W, 22 MHz, 405 MHz, Not Active, Not Active, Not Active, Not Active, Not Active
2026/09/03 21:14:04.777, 519 MiB, 46, 11.76 W, 22 MHz, 405 MHz, Not Active, Not Active, Not Active, Not Active, Not Active
2026/09/03 21:14:04.978, 519 MiB, 46, 11.76 W, 22 MHz, 405 MHz, Not Active, Not Active, Not Active, Not Active, Not Active
2026/09/03 21:14:05.178, 519 MiB, 46, 11.76 W, 22 MHz, 405 MHz, Not Active, Not Active, Not Active, Not Active, Not Active
2026/09/03 21:14:05.378, 519 MiB, 46, 11.78 W, 22 MHz, 405 MHz, Not Active, Not Active, Not Active, Not Active, Not Active
2026/09/03 21:14:05.578, 519 MiB, 46, 11.78 W, 22 MHz, 405 MHz, Not Active, Not Active, Not Active, Not Active, Not Active
2026/09/03 21:14:05.779, 519 MiB, 46, 11.78 W, 22 MHz, 405 MHz, Not Active, Not Active, Not Active, Not Active, Not Active
2026/09/03 21:14:05.979, 519 MiB, 46, 11.78 W, 22 MHz, 405 MHz, Not Active, Not Active, Not Active, Not Active, Not Active
2026/09/03 21:14:06.179, 519 MiB, 46, 11.78 W, 22 MHz, 405 MHz, Not Active, Not Active, Not Active, Not Active, Not Active
2026/09/03 21:14:06.380, 519 MiB, 46, 11.87 W, 22 MHz, 405 MHz, Not Active, Not Active, Not Active, Not Active, Not Active
2026/09/03 21:14:06.580, 519 MiB, 46, 11.87 W, 22 MHz, 405 MHz, Not Active, Not Active, Not Active, Not Active, Not Active
2026/09/03 21:14:06.780, 519 MiB, 46, 11.87 W, 22 MHz, 405 MHz, Not Active, Not Active, Not Active, Not Active, Not Active
2026/09/03 21:14:06.980, 519 MiB, 46, 11.87 W, 22 MHz, 405 MHz, Not Active, Not Active, Not Active, Not Active, Not Active
2026/09/03 21:14:07.181, 519 MiB, 46, 11.87 W, 22 MHz, 405 MHz, Not Active, Not Active, Not Active, Not Active, Not Active
2026/09/03 21:14:07.381, 519 MiB, 46, 11.95 W, 22 MHz, 405 MHz, Not Active, Not Active, Not Active, Not Active, Not Active
2026/09/03 21:14:07.581, 519 MiB, 46, 11.95 W, 22 MHz, 405 MHz, Not Active, Not Active, Not Active, Not Active, Not Active
2026/09/03 21:14:07.781, 519 MiB, 46, 11.95 W, 22 MHz, 405 MHz, Not Active, Not Active, Not Active, Not Active, Not Active
2026/09/03 21:14:07.982, 519 MiB, 46, 11.95 W, 22 MHz, 405 MHz, Not Active, Not Active, Not Active, Not Active, Not Active
2026/09/03 21:14:08.182, 519 MiB, 46, 11.95 W, 22 MHz, 405 MHz, Not Active, Not Active, Not Active, Not Active, Not Active
2026/09/03 21:14:08.382, 519 MiB, 46, 11.70 W, 22 MHz, 405 MHz, Not Active, Not Active, Not Active, Not Active, Not Active
2026/09/03 21:14:08.582, 519 MiB, 46, 11.70 W, 22 MHz, 405 MHz, Not Active, Not Active, Not Active, Not Active, Not Active
2026/09/03 21:14:08.783, 519 MiB, 46, 11.70 W, 22 MHz, 405 MHz, Not Active, Not Active, Not Active, Not Active, Not Active
2026/09/03 21:14:08.983, 519 MiB, 46, 12.23 W, 24 MHz, 405 MHz, Not Active, Not Active, Not Active, Not Active, Not Active
2026/09/03 21:14:09.183, 519 MiB, 46, 12.23 W, 24 MHz, 405 MHz, Not Active, Not Active, Not Active, Not Active, Not Active
2026/09/03 21:14:09.384, 519 MiB, 46, 12.57 W, 21 MHz, 405 MHz, Not Active, Not Active, Not Active, Not Active, Not Active
2026/09/03 21:14:09.584, 519 MiB, 46, 12.57 W, 21 MHz, 405 MHz, Not Active, Not Active, Not Active, Not Active, Not Active
2026/09/03 21:14:09.784, 519 MiB, 46, 12.57 W, 21 MHz, 405 MHz, Not Active, Not Active, Not Active, Not Active, Not Active
2026/09/03 21:14:09.984, 519 MiB, 46, 13.45 W, 22 MHz, 405 MHz, Not Active, Not Active, Not Active, Not Active, Not Active
2026/09/03 21:14:10.185, 519 MiB, 46, 13.45 W, 22 MHz, 405 MHz, Not Active, Not Active, Not Active, Not Active, Not Active
2026/09/03 21:14:10.385, 519 MiB, 46, 13.45 W, 22 MHz, 405 MHz, Not Active, Not Active, Not Active, Not Active, Not Active
2026/09/03 21:14:10.585, 519 MiB, 46, 13.45 W, 22 MHz, 405 MHz, Not Active, Not Active, Not Active, Not Active, Not Active
2026/09/03 21:14:10.785, 519 MiB, 46, 13.45 W, 22 MHz, 405 MHz, Not Active, Not Active, Not Active, Not Active, Not Active
2026/09/03 21:14:10.986, 519 MiB, 46, 11.68 W, 22 MHz, 405 MHz, Not Active, Not Active, Not Active, Not Active, Not Active
2026/09/03 21:14:11.186, 519 MiB, 46, 11.68 W, 22 MHz, 405 MHz, Not Active, Not Active, Not Active, Not Active, Not Active
2026/09/03 21:14:11.386, 519 MiB, 46, 11.68 W, 22 MHz, 405 MHz, Not Active, Not Active, Not Active, Not Active, Not Active
2026/09/03 21:14:11.586, 519 MiB, 46, 11.68 W, 22 MHz, 405 MHz, Not Active, Not Active, Not Active, Not Active, Not Active
2026/09/03 21:14:11.787, 519 MiB, 46, 11.68 W, 22 MHz, 405 MHz, Not Active, Not Active, Not Active, Not Active, Not Active
2026/09/03 21:14:11.987, 519 MiB, 46, 11.62 W, 22 MHz, 405 MHz, Not Active, Not Active, Not Active, Not Active, Not Active
2026/09/03 21:14:12.187, 519 MiB, 46, 11.62 W, 22 MHz, 405 MHz, Not Active, Not Active, Not Active, Not Active, Not Active
2026/09/03 21:14:12.387, 519 MiB, 46, 11.62 W, 22 MHz, 405 MHz, Not Active, Not Active, Not Active, Not Active, Not Active
2026/09/03 21:14:12.587, 519 MiB, 46, 11.62 W, 22 MHz, 405 MHz, Not Active, Not Active, Not Active, Not Active, Not Active
2026/09/03 21:14:12.788, 519 MiB, 46, 11.62 W, 22 MHz, 405 MHz, Not Active, Not Active, Not Active, Not Active, Not Active
2026/09/03 21:14:12.988, 519 MiB, 46, 11.67 W, 22 MHz, 405 MHz, Not Active, Not Active, Not Active, Not Active, Not Active
2026/09/03 21:14:13.188, 519 MiB, 46, 11.67 W, 22 MHz, 405 MHz, Not Active, Not Active, Not Active, Not Active, Not Active
2026/09/03 21:14:13.388, 519 MiB, 46, 11.67 W, 22 MHz, 405 MHz, Not Active, Not Active, Not Active, Not Active, Not Active
2026/09/03 21:14:13.589, 519 MiB, 46, 11.67 W, 22 MHz, 405 MHz, Not Active, Not Active, Not Active, Not Active, Not Active
2026/09/03 21:14:13.789, 519 MiB, 46, 11.67 W, 22 MHz, 405 MHz, Not Active, Not Active, Not Active, Not Active, Not Active
2026/09/03 21:14:13.989, 519 MiB, 46, 11.88 W, 22 MHz, 405 MHz, Not Active, Not Active, Not Active, Not Active, Not Active
2026/09/03 21:14:14.190, 519 MiB, 46, 11.88 W, 22 MHz, 405 MHz, Not Active, Not Active, Not Active, Not Active, Not Active
2026/09/03 21:14:14.390, 519 MiB, 46, 11.88 W, 22 MHz, 405 MHz, Not Active, Not Active, Not Active, Not Active, Not Active
2026/09/03 21:14:14.590, 519 MiB, 46, 11.88 W, 22 MHz, 405 MHz, Not Active, Not Active, Not Active, Not Active, Not Active
2026/09/03 21:14:14.790, 519 MiB, 46, 11.88 W, 22 MHz, 405 MHz, Not Active, Not Active, Not Active, Not Active, Not Active
2026/09/03 21:14:14.991, 519 MiB, 46, 11.77 W, 22 MHz, 405 MHz, Not Active, Not Active, Not Active, Not Active, Not Active
2026/09/03 21:14:15.191, 519 MiB, 46, 11.77 W, 22 MHz, 405 MHz, Not Active, Not Active, Not Active, Not Active, Not Active
2026/09/03 21:14:15.391, 519 MiB, 46, 11.77 W, 22 MHz, 405 MHz, Not Active, Not Active, Not Active, Not Active, Not Active
2026/09/03 21:14:15.591, 519 MiB, 46, 11.77 W, 22 MHz, 405 MHz, Not Active, Not Active, Not Active, Not Active, Not Active
2026/09/03 21:14:15.792, 519 MiB, 46, 11.77 W, 22 MHz, 405 MHz, Not Active, Not Active, Not Active, Not Active, Not Active
2026/09/03 21:14:15.992, 519 MiB, 46, 12.20 W, 22 MHz, 405 MHz, Not Active, Not Active, Not Active, Not Active, Not Active
2026/09/03 21:14:16.192, 519 MiB, 46, 12.20 W, 22 MHz, 405 MHz, Not Active, Not Active, Not Active, Not Active, Not Active
2026/09/03 21:14:16.392, 519 MiB, 46, 12.68 W, 21 MHz, 405 MHz, Not Active, Not Active, Not Active, Not Active, Not Active
2026/09/03 21:14:16.592, 519 MiB, 46, 12.68 W, 21 MHz, 405 MHz, Not Active, Not Active, Not Active, Not Active, Not Active
2026/09/03 21:14:16.793, 519 MiB, 46, 12.68 W, 21 MHz, 405 MHz, Not Active, Not Active, Not Active, Not Active, Not Active
2026/09/03 21:14:16.993, 519 MiB, 46, 13.81 W, 22 MHz, 405 MHz, Not Active, Not Active, Not Active, Not Active, Not Active
2026/09/03 21:14:17.193, 519 MiB, 46, 13.81 W, 22 MHz, 405 MHz, Not Active, Not Active, Not Active, Not Active, Not Active
2026/09/03 21:14:17.393, 519 MiB, 46, 13.81 W, 22 MHz, 405 MHz, Not Active, Not Active, Not Active, Not Active, Not Active
2026/09/03 21:14:17.594, 519 MiB, 46, 13.81 W, 22 MHz, 405 MHz, Not Active, Not Active, Not Active, Not Active, Not Active
2026/09/03 21:14:17.794, 519 MiB, 46, 13.81 W, 22 MHz, 405 MHz, Not Active, Not Active, Not Active, Not Active, Not Active
2026/09/03 21:14:17.994, 519 MiB, 46, 11.70 W, 22 MHz, 405 MHz, Not Active, Not Active, Not Active, Not Active, Not Active
2026/09/03 21:14:18.194, 519 MiB, 46, 11.70 W, 22 MHz, 405 MHz, Not Active, Not Active, Not Active, Not Active, Not Active
2026/09/03 21:14:18.394, 519 MiB, 46, 11.70 W, 22 MHz, 405 MHz, Not Active, Not Active, Not Active, Not Active, Not Active
2026/09/03 21:14:18.595, 519 MiB, 46, 11.70 W, 22 MHz, 405 MHz, Not Active, Not Active, Not Active, Not Active, Not Active
2026/09/03 21:14:18.795, 519 MiB, 46, 11.70 W, 22 MHz, 405 MHz, Not Active, Not Active, Not Active, Not Active, Not Active
2026/09/03 21:14:18.995, 519 MiB, 46, 11.65 W, 22 MHz, 405 MHz, Not Active, Not Active, Not Active, Not Active, Not Active
2026/09/03 21:14:19.195, 519 MiB, 46, 11.65 W, 22 MHz, 405 MHz, Not Active, Not Active, Not Active, Not Active, Not Active
2026/09/03 21:14:19.396, 519 MiB, 46, 11.65 W, 22 MHz, 405 MHz, Not Active, Not Active, Not Active, Not Active, Not Active
2026/09/03 21:14:19.596, 519 MiB, 46, 11.65 W, 22 MHz, 405 MHz, Not Active, Not Active, Not Active, Not Active, Not Active
2026/09/03 21:14:19.796, 519 MiB, 46, 11.65 W, 22 MHz, 405 MHz, Not Active, Not Active, Not Active, Not Active, Not Active
2026/09/03 21:14:19.997, 519 MiB, 46, 11.53 W, 22 MHz, 405 MHz, Not Active, Not Active, Not Active, Not Active, Not Active
2026/09/03 21:14:20.197, 519 MiB, 46, 11.53 W, 22 MHz, 405 MHz, Not Active, Not Active, Not Active, Not Active, Not Active
2026/09/03 21:14:20.397, 519 MiB, 46, 11.53 W, 22 MHz, 405 MHz, Not Active, Not Active, Not Active, Not Active, Not Active
2026/09/03 21:14:20.599, 519 MiB, 46, 11.53 W, 22 MHz, 405 MHz, Not Active, Not Active, Not Active, Not Active, Not Active
2026/09/03 21:14:20.799, 519 MiB, 46, 11.53 W, 22 MHz, 405 MHz, Not Active, Not Active, Not Active, Not Active, Not Active
2026/09/03 21:14:20.999, 519 MiB, 46, 11.63 W, 22 MHz, 405 MHz, Not Active, Not Active, Not Active, Not Active, Not Active
2026/09/03 21:14:21.199, 519 MiB, 46, 11.63 W, 22 MHz, 405 MHz, Not Active, Not Active, Not Active, Not Active, Not Active
2026/09/03 21:14:21.399, 519 MiB, 46, 11.63 W, 22 MHz, 405 MHz, Not Active, Not Active, Not Active, Not Active, Not Active
2026/09/03 21:14:21.600, 519 MiB, 46, 11.63 W, 22 MHz, 405 MHz, Not Active, Not Active, Not Active, Not Active, Not Active
2026/09/03 21:14:21.800, 519 MiB, 46, 11.63 W, 22 MHz, 405 MHz, Not Active, Not Active, Not Active, Not Active, Not Active
2026/09/03 21:14:22.000, 519 MiB, 46, 11.66 W, 22 MHz, 405 MHz, Not Active, Not Active, Not Active, Not Active, Not Active
2026/09/03 21:14:22.200, 519 MiB, 46, 11.66 W, 22 MHz, 405 MHz, Not Active, Not Active, Not Active, Not Active, Not Active
2026/09/03 21:14:22.401, 519 MiB, 46, 11.66 W, 22 MHz, 405 MHz, Not Active, Not Active, Not Active, Not Active, Not Active
2026/09/03 21:14:22.601, 519 MiB, 46, 11.66 W, 22 MHz, 405 MHz, Not Active, Not Active, Not Active, Not Active, Not Active
2026/09/03 21:14:22.801, 519 MiB, 46, 11.66 W, 22 MHz, 405 MHz, Not Active, Not Active, Not Active, Not Active, Not Active
2026/09/03 21:14:23.001, 519 MiB, 46, 11.58 W, 22 MHz, 405 MHz, Not Active, Not Active, Not Active, Not Active, Not Active
2026/09/03 21:14:23.202, 519 MiB, 46, 11.58 W, 22 MHz, 405 MHz, Not Active, Not Active, Not Active, Not Active, Not Active
2026/09/03 21:14:23.402, 519 MiB, 46, 12.13 W, 22 MHz, 405 MHz, Not Active, Not Active, Not Active, Not Active, Not Active
2026/09/03 21:14:23.602, 519 MiB, 46, 12.13 W, 22 MHz, 405 MHz, Not Active, Not Active, Not Active, Not Active, Not Active
2026/09/03 21:14:23.802, 519 MiB, 46, 12.13 W, 22 MHz, 405 MHz, Not Active, Not Active, Not Active, Not Active, Not Active
2026/09/03 21:14:24.003, 519 MiB, 46, 13.39 W, 22 MHz, 405 MHz, Not Active, Not Active, Not Active, Not Active, Not Active
2026/09/03 21:14:24.203, 519 MiB, 46, 13.39 W, 22 MHz, 405 MHz, Not Active, Not Active, Not Active, Not Active, Not Active
2026/09/03 21:14:24.403, 519 MiB, 46, 13.39 W, 22 MHz, 405 MHz, Not Active, Not Active, Not Active, Not Active, Not Active
2026/09/03 21:14:24.603, 519 MiB, 46, 13.39 W, 22 MHz, 405 MHz, Not Active, Not Active, Not Active, Not Active, Not Active
2026/09/03 21:14:24.804, 519 MiB, 46, 13.39 W, 22 MHz, 405 MHz, Not Active, Not Active, Not Active, Not Active, Not Active
2026/09/03 21:14:25.004, 519 MiB, 46, 11.84 W, 22 MHz, 405 MHz, Not Active, Not Active, Not Active, Not Active, Not Active
2026/09/03 21:14:25.204, 519 MiB, 46, 11.84 W, 22 MHz, 405 MHz, Not Active, Not Active, Not Active, Not Active, Not Active
2026/09/03 21:14:25.404, 519 MiB, 46, 11.84 W, 22 MHz, 405 MHz, Not Active, Not Active, Not Active, Not Active, Not Active
2026/09/03 21:14:25.605, 519 MiB, 46, 11.84 W, 22 MHz, 405 MHz, Not Active, Not Active, Not Active, Not Active, Not Active
2026/09/03 21:14:25.805, 519 MiB, 46, 11.84 W, 22 MHz, 405 MHz, Not Active, Not Active, Not Active, Not Active, Not Active
2026/09/03 21:14:26.005, 519 MiB, 46, 11.75 W, 22 MHz, 405 MHz, Not Active, Not Active, Not Active, Not Active, Not Active
2026/09/03 21:14:26.205, 519 MiB, 46, 11.75 W, 22 MHz, 405 MHz, Not Active, Not Active, Not Active, Not Active, Not Active
2026/09/03 21:14:26.406, 519 MiB, 46, 11.75 W, 22 MHz, 405 MHz, Not Active, Not Active, Not Active, Not Active, Not Active
2026/09/03 21:14:26.606, 519 MiB, 46, 11.75 W, 22 MHz, 405 MHz, Not Active, Not Active, Not Active, Not Active, Not Active
2026/09/03 21:14:26.806, 519 MiB, 46, 11.75 W, 22 MHz, 405 MHz, Not Active, Not Active, Not Active, Not Active, Not Active
2026/09/03 21:14:27.006, 519 MiB, 46, 11.80 W, 22 MHz, 405 MHz, Not Active, Not Active, Not Active, Not Active, Not Active
2026/09/03 21:14:27.207, 519 MiB, 46, 11.80 W, 22 MHz, 405 MHz, Not Active, Not Active, Not Active, Not Active, Not Active
2026/09/03 21:14:27.407, 519 MiB, 46, 11.80 W, 22 MHz, 405 MHz, Not Active, Not Active, Not Active, Not Active, Not Active
2026/09/03 21:14:27.607, 519 MiB, 46, 11.80 W, 22 MHz, 405 MHz, Not Active, Not Active, Not Active, Not Active, Not Active
2026/09/03 21:14:27.807, 519 MiB, 46, 11.80 W, 22 MHz, 405 MHz, Not Active, Not Active, Not Active, Not Active, Not Active
2026/09/03 21:14:28.008, 519 MiB, 46, 11.91 W, 22 MHz, 405 MHz, Not Active, Not Active, Not Active, Not Active, Not Active
2026/09/03 21:14:28.208, 519 MiB, 46, 11.91 W, 22 MHz, 405 MHz, Not Active, Not Active, Not Active, Not Active, Not Active
2026/09/03 21:14:28.408, 519 MiB, 46, 11.91 W, 22 MHz, 405 MHz, Not Active, Not Active, Not Active, Not Active, Not Active
2026/09/03 21:14:28.608, 519 MiB, 46, 11.91 W, 22 MHz, 405 MHz, Not Active, Not Active, Not Active, Not Active, Not Active
2026/09/03 21:14:28.809, 519 MiB, 46, 11.91 W, 22 MHz, 405 MHz, Not Active, Not Active, Not Active, Not Active, Not Active
2026/09/03 21:14:29.009, 519 MiB, 46, 11.61 W, 22 MHz, 405 MHz, Not Active, Not Active, Not Active, Not Active, Not Active
2026/09/03 21:14:29.209, 519 MiB, 46, 11.61 W, 22 MHz, 405 MHz, Not Active, Not Active, Not Active, Not Active, Not Active
2026/09/03 21:14:29.409, 519 MiB, 46, 11.61 W, 22 MHz, 405 MHz, Not Active, Not Active, Not Active, Not Active, Not Active
2026/09/03 21:14:29.610, 519 MiB, 46, 11.61 W, 22 MHz, 405 MHz, Not Active, Not Active, Not Active, Not Active, Not Active
2026/09/03 21:14:29.810, 519 MiB, 46, 11.61 W, 22 MHz, 405 MHz, Not Active, Not Active, Not Active, Not Active, Not Active
2026/09/03 21:14:30.010, 519 MiB, 46, 11.52 W, 22 MHz, 405 MHz, Not Active, Not Active, Not Active, Not Active, Not Active
2026/09/03 21:14:30.210, 519 MiB, 46, 11.52 W, 22 MHz, 405 MHz, Not Active, Not Active, Not Active, Not Active, Not Active
2026/09/03 21:14:30.411, 519 MiB, 46, 12.03 W, 24 MHz, 405 MHz, Not Active, Not Active, Not Active, Not Active, Not Active
2026/09/03 21:14:30.611, 519 MiB, 46, 12.03 W, 24 MHz, 405 MHz, Not Active, Not Active, Not Active, Not Active, Not Active
2026/09/03 21:14:30.811, 519 MiB, 46, 12.03 W, 24 MHz, 405 MHz, Not Active, Not Active, Not Active, Not Active, Not Active
2026/09/03 21:14:31.012, 519 MiB, 46, 12.45 W, 22 MHz, 405 MHz, Not Active, Not Active, Not Active, Not Active, Not Active
2026/09/03 21:14:31.212, 519 MiB, 46, 12.45 W, 22 MHz, 405 MHz, Not Active, Not Active, Not Active, Not Active, Not Active
2026/09/03 21:14:31.412, 519 MiB, 46, 13.42 W, 22 MHz, 405 MHz, Not Active, Not Active, Not Active, Not Active, Not Active
2026/09/03 21:14:31.612, 519 MiB, 46, 13.42 W, 22 MHz, 405 MHz, Not Active, Not Active, Not Active, Not Active, Not Active
2026/09/03 21:14:31.813, 519 MiB, 46, 13.42 W, 22 MHz, 405 MHz, Not Active, Not Active, Not Active, Not Active, Not Active
2026/09/03 21:14:32.013, 519 MiB, 46, 13.42 W, 22 MHz, 405 MHz, Not Active, Not Active, Not Active, Not Active, Not Active
2026/09/03 21:14:32.213, 519 MiB, 46, 13.42 W, 22 MHz, 405 MHz, Not Active, Not Active, Not Active, Not Active, Not Active
2026/09/03 21:14:32.413, 519 MiB, 46, 11.66 W, 22 MHz, 405 MHz, Not Active, Not Active, Not Active, Not Active, Not Active
2026/09/03 21:14:32.614, 519 MiB, 46, 11.66 W, 22 MHz, 405 MHz, Not Active, Not Active, Not Active, Not Active, Not Active
2026/09/03 21:14:32.814, 519 MiB, 46, 11.66 W, 22 MHz, 405 MHz, Not Active, Not Active, Not Active, Not Active, Not Active
2026/09/03 21:14:33.014, 519 MiB, 46, 11.66 W, 22 MHz, 405 MHz, Not Active, Not Active, Not Active, Not Active, Not Active
2026/09/03 21:14:33.214, 519 MiB, 46, 11.66 W, 22 MHz, 405 MHz, Not Active, Not Active, Not Active, Not Active, Not Active
2026/09/03 21:14:33.415, 519 MiB, 46, 11.64 W, 22 MHz, 405 MHz, Not Active, Not Active, Not Active, Not Active, Not Active
2026/09/03 21:14:33.615, 519 MiB, 46, 11.64 W, 22 MHz, 405 MHz, Not Active, Not Active, Not Active, Not Active, Not Active
2026/09/03 21:14:33.815, 519 MiB, 46, 11.64 W, 22 MHz, 405 MHz, Not Active, Not Active, Not Active, Not Active, Not Active
2026/09/03 21:14:34.015, 519 MiB, 46, 11.64 W, 22 MHz, 405 MHz, Not Active, Not Active, Not Active, Not Active, Not Active
2026/09/03 21:14:34.216, 519 MiB, 46, 11.64 W, 22 MHz, 405 MHz, Not Active, Not Active, Not Active, Not Active, Not Active
2026/09/03 21:14:34.416, 519 MiB, 46, 11.90 W, 22 MHz, 405 MHz, Not Active, Not Active, Not Active, Not Active, Not Active
2026/09/03 21:14:34.616, 519 MiB, 46, 11.90 W, 22 MHz, 405 MHz, Not Active, Not Active, Not Active, Not Active, Not Active
2026/09/03 21:14:34.817, 519 MiB, 46, 11.90 W, 22 MHz, 405 MHz, Not Active, Not Active, Not Active, Not Active, Not Active
2026/09/03 21:14:35.017, 519 MiB, 46, 11.90 W, 22 MHz, 405 MHz, Not Active, Not Active, Not Active, Not Active, Not Active
2026/09/03 21:14:35.217, 519 MiB, 46, 11.90 W, 22 MHz, 405 MHz, Not Active, Not Active, Not Active, Not Active, Not Active
2026/09/03 21:14:35.418, 519 MiB, 46, 11.99 W, 22 MHz, 405 MHz, Not Active, Not Active, Not Active, Not Active, Not Active
2026/09/03 21:14:35.618, 519 MiB, 46, 11.99 W, 22 MHz, 405 MHz, Not Active, Not Active, Not Active, Not Active, Not Active
2026/09/03 21:14:35.818, 519 MiB, 46, 11.99 W, 22 MHz, 405 MHz, Not Active, Not Active, Not Active, Not Active, Not Active
2026/09/03 21:14:36.018, 519 MiB, 46, 11.99 W, 22 MHz, 405 MHz, Not Active, Not Active, Not Active, Not Active, Not Active
2026/09/03 21:14:36.219, 519 MiB, 46, 11.99 W, 22 MHz, 405 MHz, Not Active, Not Active, Not Active, Not Active, Not Active
2026/09/03 21:14:36.419, 519 MiB, 46, 12.25 W, 22 MHz, 405 MHz, Not Active, Not Active, Not Active, Not Active, Not Active
2026/09/03 21:14:36.619, 519 MiB, 46, 12.25 W, 22 MHz, 405 MHz, Not Active, Not Active, Not Active, Not Active, Not Active
2026/09/03 21:14:36.819, 519 MiB, 46, 12.25 W, 22 MHz, 405 MHz, Not Active, Not Active, Not Active, Not Active, Not Active
2026/09/03 21:14:37.020, 519 MiB, 46, 12.25 W, 22 MHz, 405 MHz, Not Active, Not Active, Not Active, Not Active, Not Active
2026/09/03 21:14:37.220, 519 MiB, 46, 12.25 W, 22 MHz, 405 MHz, Not Active, Not Active, Not Active, Not Active, Not Active
2026/09/03 21:14:37.420, 519 MiB, 46, 12.50 W, 22 MHz, 405 MHz, Not Active, Not Active, Not Active, Not Active, Not Active
2026/09/03 21:14:37.621, 519 MiB, 46, 12.50 W, 22 MHz, 405 MHz, Not Active, Not Active, Not Active, Not Active, Not Active
2026/09/03 21:14:37.821, 519 MiB, 46, 12.50 W, 22 MHz, 405 MHz, Not Active, Not Active, Not Active, Not Active, Not Active
2026/09/03 21:14:38.021, 519 MiB, 46, 12.98 W, 22 MHz, 405 MHz, Not Active, Not Active, Not Active, Not Active, Not Active
2026/09/03 21:14:38.222, 519 MiB, 46, 12.98 W, 22 MHz, 405 MHz, Not Active, Not Active, Not Active, Not Active, Not Active
2026/09/03 21:14:38.422, 519 MiB, 46, 14.02 W, 22 MHz, 405 MHz, Not Active, Not Active, Not Active, Not Active, Not Active
2026/09/03 21:14:38.622, 519 MiB, 46, 14.02 W, 22 MHz, 405 MHz, Not Active, Not Active, Not Active, Not Active, Not Active
2026/09/03 21:14:38.822, 519 MiB, 46, 14.02 W, 22 MHz, 405 MHz, Not Active, Not Active, Not Active, Not Active, Not Active
2026/09/03 21:14:39.023, 519 MiB, 46, 14.02 W, 22 MHz, 405 MHz, Not Active, Not Active, Not Active, Not Active, Not Active
2026/09/03 21:14:39.223, 519 MiB, 46, 14.02 W, 22 MHz, 405 MHz, Not Active, Not Active, Not Active, Not Active, Not Active
2026/09/03 21:14:39.423, 519 MiB, 46, 12.14 W, 22 MHz, 405 MHz, Not Active, Not Active, Not Active, Not Active, Not Active
2026/09/03 21:14:39.624, 519 MiB, 46, 12.14 W, 22 MHz, 405 MHz, Not Active, Not Active, Not Active, Not Active, Not Active
2026/09/03 21:14:39.824, 519 MiB, 46, 12.14 W, 22 MHz, 405 MHz, Not Active, Not Active, Not Active, Not Active, Not Active
2026/09/03 21:14:40.025, 519 MiB, 46, 12.14 W, 22 MHz, 405 MHz, Not Active, Not Active, Not Active, Not Active, Not Active
2026/09/03 21:14:40.225, 519 MiB, 46, 12.14 W, 22 MHz, 405 MHz, Not Active, Not Active, Not Active, Not Active, Not Active
2026/09/03 21:14:40.425, 519 MiB, 46, 12.18 W, 22 MHz, 405 MHz, Not Active, Not Active, Not Active, Not Active, Not Active
2026/09/03 21:14:40.625, 519 MiB, 46, 12.18 W, 22 MHz, 405 MHz, Not Active, Not Active, Not Active, Not Active, Not Active
2026/09/03 21:14:40.826, 519 MiB, 46, 12.18 W, 22 MHz, 405 MHz, Not Active, Not Active, Not Active, Not Active, Not Active
2026/09/03 21:14:41.026, 519 MiB, 46, 12.18 W, 22 MHz, 405 MHz, Not Active, Not Active, Not Active, Not Active, Not Active
2026/09/03 21:14:41.226, 519 MiB, 46, 12.18 W, 22 MHz, 405 MHz, Not Active, Not Active, Not Active, Not Active, Not Active
2026/09/03 21:14:41.426, 519 MiB, 46, 12.03 W, 22 MHz, 405 MHz, Not Active, Not Active, Not Active, Not Active, Not Active
2026/09/03 21:14:41.627, 519 MiB, 46, 12.03 W, 22 MHz, 405 MHz, Not Active, Not Active, Not Active, Not Active, Not Active
2026/09/03 21:14:41.827, 519 MiB, 46, 12.03 W, 22 MHz, 405 MHz, Not Active, Not Active, Not Active, Not Active, Not Active
2026/09/03 21:14:42.027, 519 MiB, 46, 12.03 W, 22 MHz, 405 MHz, Not Active, Not Active, Not Active, Not Active, Not Active
2026/09/03 21:14:42.227, 519 MiB, 46, 12.03 W, 22 MHz, 405 MHz, Not Active, Not Active, Not Active, Not Active, Not Active
2026/09/03 21:14:42.428, 519 MiB, 46, 11.93 W, 22 MHz, 405 MHz, Not Active, Not Active, Not Active, Not Active, Not Active
2026/09/03 21:14:42.628, 519 MiB, 46, 11.93 W, 22 MHz, 405 MHz, Not Active, Not Active, Not Active, Not Active, Not Active
2026/09/03 21:14:42.829, 519 MiB, 46, 11.93 W, 22 MHz, 405 MHz, Not Active, Not Active, Not Active, Not Active, Not Active
2026/09/03 21:14:43.029, 519 MiB, 46, 11.93 W, 22 MHz, 405 MHz, Not Active, Not Active, Not Active, Not Active, Not Active
2026/09/03 21:14:43.229, 519 MiB, 46, 11.93 W, 22 MHz, 405 MHz, Not Active, Not Active, Not Active, Not Active, Not Active
2026/09/03 21:14:43.430, 519 MiB, 46, 11.76 W, 22 MHz, 405 MHz, Not Active, Not Active, Not Active, Not Active, Not Active
2026/09/03 21:14:43.630, 519 MiB, 46, 11.76 W, 22 MHz, 405 MHz, Not Active, Not Active, Not Active, Not Active, Not Active
2026/09/03 21:14:43.830, 519 MiB, 46, 11.76 W, 22 MHz, 405 MHz, Not Active, Not Active, Not Active, Not Active, Not Active
2026/09/03 21:14:44.030, 519 MiB, 46, 11.76 W, 22 MHz, 405 MHz, Not Active, Not Active, Not Active, Not Active, Not Active
2026/09/03 21:14:44.231, 519 MiB, 46, 11.76 W, 22 MHz, 405 MHz, Not Active, Not Active, Not Active, Not Active, Not Active
2026/09/03 21:14:44.431, 519 MiB, 45, 12.05 W, 22 MHz, 405 MHz, Not Active, Not Active, Not Active, Not Active, Not Active
2026/09/03 21:14:44.631, 519 MiB, 45, 12.05 W, 22 MHz, 405 MHz, Not Active, Not Active, Not Active, Not Active, Not Active
2026/09/03 21:14:44.831, 519 MiB, 46, 12.55 W, 22 MHz, 405 MHz, Not Active, Not Active, Not Active, Not Active, Not Active
2026/09/03 21:14:45.032, 519 MiB, 46, 12.55 W, 22 MHz, 405 MHz, Not Active, Not Active, Not Active, Not Active, Not Active
2026/09/03 21:14:45.232, 519 MiB, 46, 12.55 W, 22 MHz, 405 MHz, Not Active, Not Active, Not Active, Not Active, Not Active
2026/09/03 21:14:45.432, 519 MiB, 46, 13.54 W, 22 MHz, 405 MHz, Not Active, Not Active, Not Active, Not Active, Not Active
2026/09/03 21:14:45.633, 519 MiB, 46, 13.54 W, 22 MHz, 405 MHz, Not Active, Not Active, Not Active, Not Active, Not Active
2026/09/03 21:14:45.833, 519 MiB, 46, 13.54 W, 22 MHz, 405 MHz, Not Active, Not Active, Not Active, Not Active, Not Active
2026/09/03 21:14:46.033, 519 MiB, 46, 13.54 W, 22 MHz, 405 MHz, Not Active, Not Active, Not Active, Not Active, Not Active
2026/09/03 21:14:46.234, 519 MiB, 46, 13.54 W, 22 MHz, 405 MHz, Not Active, Not Active, Not Active, Not Active, Not Active
2026/09/03 21:14:46.434, 519 MiB, 45, 11.93 W, 22 MHz, 405 MHz, Not Active, Not Active, Not Active, Not Active, Not Active
2026/09/03 21:14:46.634, 519 MiB, 45, 11.93 W, 22 MHz, 405 MHz, Not Active, Not Active, Not Active, Not Active, Not Active
2026/09/03 21:14:46.834, 519 MiB, 45, 11.93 W, 22 MHz, 405 MHz, Not Active, Not Active, Not Active, Not Active, Not Active
2026/09/03 21:14:47.035, 519 MiB, 45, 11.93 W, 22 MHz, 405 MHz, Not Active, Not Active, Not Active, Not Active, Not Active
2026/09/03 21:14:47.235, 519 MiB, 45, 11.93 W, 22 MHz, 405 MHz, Not Active, Not Active, Not Active, Not Active, Not Active
2026/09/03 21:14:47.435, 519 MiB, 45, 11.90 W, 22 MHz, 405 MHz, Not Active, Not Active, Not Active, Not Active, Not Active
2026/09/03 21:14:47.635, 519 MiB, 45, 11.90 W, 22 MHz, 405 MHz, Not Active, Not Active, Not Active, Not Active, Not Active
2026/09/03 21:14:47.836, 519 MiB, 45, 11.90 W, 22 MHz, 405 MHz, Not Active, Not Active, Not Active, Not Active, Not Active
2026/09/03 21:14:48.036, 519 MiB, 45, 11.90 W, 22 MHz, 405 MHz, Not Active, Not Active, Not Active, Not Active, Not Active
2026/09/03 21:14:48.236, 519 MiB, 45, 11.90 W, 22 MHz, 405 MHz, Not Active, Not Active, Not Active, Not Active, Not Active
2026/09/03 21:14:48.436, 519 MiB, 45, 11.94 W, 22 MHz, 405 MHz, Not Active, Not Active, Not Active, Not Active, Not Active
2026/09/03 21:14:48.637, 519 MiB, 45, 11.94 W, 22 MHz, 405 MHz, Not Active, Not Active, Not Active, Not Active, Not Active
2026/09/03 21:14:48.837, 519 MiB, 45, 11.94 W, 22 MHz, 405 MHz, Not Active, Not Active, Not Active, Not Active, Not Active
2026/09/03 21:14:49.037, 519 MiB, 45, 11.94 W, 22 MHz, 405 MHz, Not Active, Not Active, Not Active, Not Active, Not Active
2026/09/03 21:14:49.238, 519 MiB, 45, 11.94 W, 22 MHz, 405 MHz, Not Active, Not Active, Not Active, Not Active, Not Active
2026/09/03 21:14:49.438, 519 MiB, 45, 11.98 W, 22 MHz, 405 MHz, Not Active, Not Active, Not Active, Not Active, Not Active
2026/09/03 21:14:49.638, 519 MiB, 45, 11.98 W, 22 MHz, 405 MHz, Not Active, Not Active, Not Active, Not Active, Not Active
2026/09/03 21:14:49.838, 519 MiB, 45, 11.98 W, 22 MHz, 405 MHz, Not Active, Not Active, Not Active, Not Active, Not Active
2026/09/03 21:14:50.039, 519 MiB, 45, 11.98 W, 22 MHz, 405 MHz, Not Active, Not Active, Not Active, Not Active, Not Active
2026/09/03 21:14:50.239, 519 MiB, 45, 11.98 W, 22 MHz, 405 MHz, Not Active, Not Active, Not Active, Not Active, Not Active
2026/09/03 21:14:50.439, 519 MiB, 45, 12.01 W, 22 MHz, 405 MHz, Not Active, Not Active, Not Active, Not Active, Not Active
2026/09/03 21:14:50.640, 519 MiB, 45, 12.01 W, 22 MHz, 405 MHz, Not Active, Not Active, Not Active, Not Active, Not Active
2026/09/03 21:14:50.840, 519 MiB, 45, 12.01 W, 22 MHz, 405 MHz, Not Active, Not Active, Not Active, Not Active, Not Active
2026/09/03 21:14:51.040, 519 MiB, 45, 12.01 W, 22 MHz, 405 MHz, Not Active, Not Active, Not Active, Not Active, Not Active
2026/09/03 21:14:51.240, 519 MiB, 45, 12.01 W, 22 MHz, 405 MHz, Not Active, Not Active, Not Active, Not Active, Not Active
2026/09/03 21:14:51.441, 519 MiB, 45, 11.79 W, 22 MHz, 405 MHz, Not Active, Not Active, Not Active, Not Active, Not Active
2026/09/03 21:14:51.641, 519 MiB, 45, 11.79 W, 22 MHz, 405 MHz, Not Active, Not Active, Not Active, Not Active, Not Active
2026/09/03 21:14:51.841, 519 MiB, 45, 12.25 W, 24 MHz, 405 MHz, Not Active, Not Active, Not Active, Not Active, Not Active
2026/09/03 21:14:52.042, 519 MiB, 45, 12.25 W, 24 MHz, 405 MHz, Not Active, Not Active, Not Active, Not Active, Not Active
2026/09/03 21:14:52.242, 519 MiB, 45, 12.25 W, 24 MHz, 405 MHz, Not Active, Not Active, Not Active, Not Active, Not Active
2026/09/03 21:14:52.442, 519 MiB, 45, 12.61 W, 22 MHz, 405 MHz, Not Active, Not Active, Not Active, Not Active, Not Active
2026/09/03 21:14:52.642, 519 MiB, 45, 12.61 W, 22 MHz, 405 MHz, Not Active, Not Active, Not Active, Not Active, Not Active
2026/09/03 21:14:52.842, 519 MiB, 45, 13.48 W, 22 MHz, 405 MHz, Not Active, Not Active, Not Active, Not Active, Not Active
2026/09/03 21:14:53.043, 519 MiB, 45, 13.48 W, 22 MHz, 405 MHz, Not Active, Not Active, Not Active, Not Active, Not Active
2026/09/03 21:14:53.243, 519 MiB, 45, 13.48 W, 22 MHz, 405 MHz, Not Active, Not Active, Not Active, Not Active, Not Active
2026/09/03 21:14:53.443, 519 MiB, 45, 13.48 W, 22 MHz, 405 MHz, Not Active, Not Active, Not Active, Not Active, Not Active
2026/09/03 21:14:53.643, 519 MiB, 45, 13.48 W, 22 MHz, 405 MHz, Not Active, Not Active, Not Active, Not Active, Not Active
2026/09/03 21:14:53.844, 519 MiB, 45, 11.62 W, 22 MHz, 405 MHz, Not Active, Not Active, Not Active, Not Active, Not Active
2026/09/03 21:14:54.044, 519 MiB, 45, 11.62 W, 22 MHz, 405 MHz, Not Active, Not Active, Not Active, Not Active, Not Active
2026/09/03 21:14:54.244, 519 MiB, 45, 11.62 W, 22 MHz, 405 MHz, Not Active, Not Active, Not Active, Not Active, Not Active
2026/09/03 21:14:54.445, 519 MiB, 45, 11.62 W, 22 MHz, 405 MHz, Not Active, Not Active, Not Active, Not Active, Not Active
2026/09/03 21:14:54.645, 519 MiB, 45, 11.62 W, 22 MHz, 405 MHz, Not Active, Not Active, Not Active, Not Active, Not Active
2026/09/03 21:14:54.845, 519 MiB, 45, 11.73 W, 22 MHz, 405 MHz, Not Active, Not Active, Not Active, Not Active, Not Active
2026/09/03 21:14:55.045, 519 MiB, 45, 11.73 W, 22 MHz, 405 MHz, Not Active, Not Active, Not Active, Not Active, Not Active
2026/09/03 21:14:55.246, 519 MiB, 45, 11.73 W, 22 MHz, 405 MHz, Not Active, Not Active, Not Active, Not Active, Not Active
2026/09/03 21:14:55.446, 519 MiB, 45, 11.73 W, 22 MHz, 405 MHz, Not Active, Not Active, Not Active, Not Active, Not Active
2026/09/03 21:14:55.646, 519 MiB, 45, 11.73 W, 22 MHz, 405 MHz, Not Active, Not Active, Not Active, Not Active, Not Active
2026/09/03 21:14:55.847, 519 MiB, 45, 11.83 W, 22 MHz, 405 MHz, Not Active, Not Active, Not Active, Not Active, Not Active
2026/09/03 21:14:56.047, 519 MiB, 45, 11.83 W, 22 MHz, 405 MHz, Not Active, Not Active, Not Active, Not Active, Not Active
2026/09/03 21:14:56.247, 519 MiB, 45, 11.83 W, 22 MHz, 405 MHz, Not Active, Not Active, Not Active, Not Active, Not Active
2026/09/03 21:14:56.448, 519 MiB, 45, 11.83 W, 22 MHz, 405 MHz, Not Active, Not Active, Not Active, Not Active, Not Active
2026/09/03 21:14:56.648, 519 MiB, 45, 11.83 W, 22 MHz, 405 MHz, Not Active, Not Active, Not Active, Not Active, Not Active
2026/09/03 21:14:56.848, 519 MiB, 45, 11.72 W, 22 MHz, 405 MHz, Not Active, Not Active, Not Active, Not Active, Not Active
2026/09/03 21:14:57.048, 519 MiB, 45, 11.72 W, 22 MHz, 405 MHz, Not Active, Not Active, Not Active, Not Active, Not Active
2026/09/03 21:14:57.249, 519 MiB, 45, 11.72 W, 22 MHz, 405 MHz, Not Active, Not Active, Not Active, Not Active, Not Active
2026/09/03 21:14:57.449, 519 MiB, 45, 11.72 W, 22 MHz, 405 MHz, Not Active, Not Active, Not Active, Not Active, Not Active
2026/09/03 21:14:57.649, 519 MiB, 45, 11.72 W, 22 MHz, 405 MHz, Not Active, Not Active, Not Active, Not Active, Not Active
2026/09/03 21:14:57.849, 519 MiB, 45, 11.61 W, 22 MHz, 405 MHz, Not Active, Not Active, Not Active, Not Active, Not Active
2026/09/03 21:14:58.050, 519 MiB, 45, 11.61 W, 22 MHz, 405 MHz, Not Active, Not Active, Not Active, Not Active, Not Active
2026/09/03 21:14:58.250, 519 MiB, 45, 11.61 W, 22 MHz, 405 MHz, Not Active, Not Active, Not Active, Not Active, Not Active
2026/09/03 21:14:58.450, 519 MiB, 45, 11.61 W, 22 MHz, 405 MHz, Not Active, Not Active, Not Active, Not Active, Not Active
2026/09/03 21:14:58.650, 519 MiB, 45, 11.61 W, 22 MHz, 405 MHz, Not Active, Not Active, Not Active, Not Active, Not Active
2026/09/03 21:14:58.851, 519 MiB, 45, 12.06 W, 24 MHz, 405 MHz, Not Active, Not Active, Not Active, Not Active, Not Active
2026/09/03 21:14:59.051, 519 MiB, 45, 12.06 W, 24 MHz, 405 MHz, Not Active, Not Active, Not Active, Not Active, Not Active
2026/09/03 21:14:59.251, 519 MiB, 45, 12.06 W, 24 MHz, 405 MHz, Not Active, Not Active, Not Active, Not Active, Not Active
2026/09/03 21:14:59.452, 519 MiB, 45, 12.57 W, 22 MHz, 405 MHz, Not Active, Not Active, Not Active, Not Active, Not Active
2026/09/03 21:14:59.652, 519 MiB, 45, 12.57 W, 22 MHz, 405 MHz, Not Active, Not Active, Not Active, Not Active, Not Active
2026/09/03 21:14:59.852, 519 MiB, 45, 13.62 W, 22 MHz, 405 MHz, Not Active, Not Active, Not Active, Not Active, Not Active
2026/09/03 21:15:00.052, 519 MiB, 45, 13.62 W, 22 MHz, 405 MHz, Not Active, Not Active, Not Active, Not Active, Not Active
2026/09/03 21:15:00.253, 519 MiB, 45, 13.62 W, 22 MHz, 405 MHz, Not Active, Not Active, Not Active, Not Active, Not Active
2026/09/03 21:15:00.453, 519 MiB, 45, 13.62 W, 22 MHz, 405 MHz, Not Active, Not Active, Not Active, Not Active, Not Active
2026/09/03 21:15:00.653, 519 MiB, 45, 13.62 W, 22 MHz, 405 MHz, Not Active, Not Active, Not Active, Not Active, Not Active
2026/09/03 21:15:00.854, 519 MiB, 45, 12.27 W, 22 MHz, 405 MHz, Not Active, Not Active, Not Active, Not Active, Not Active
2026/09/03 21:15:01.054, 519 MiB, 45, 12.27 W, 22 MHz, 405 MHz, Not Active, Not Active, Not Active, Not Active, Not Active
2026/09/03 21:15:01.254, 519 MiB, 45, 12.27 W, 22 MHz, 405 MHz, Not Active, Not Active, Not Active, Not Active, Not Active
2026/09/03 21:15:01.454, 519 MiB, 45, 12.27 W, 22 MHz, 405 MHz, Not Active, Not Active, Not Active, Not Active, Not Active
2026/09/03 21:15:01.654, 519 MiB, 45, 12.27 W, 22 MHz, 405 MHz, Not Active, Not Active, Not Active, Not Active, Not Active
2026/09/03 21:15:01.855, 519 MiB, 45, 12.10 W, 22 MHz, 405 MHz, Not Active, Not Active, Not Active, Not Active, Not Active
2026/09/03 21:15:02.055, 519 MiB, 45, 12.10 W, 22 MHz, 405 MHz, Not Active, Not Active, Not Active, Not Active, Not Active
2026/09/03 21:15:02.255, 519 MiB, 45, 12.10 W, 22 MHz, 405 MHz, Not Active, Not Active, Not Active, Not Active, Not Active
2026/09/03 21:15:02.456, 519 MiB, 45, 12.10 W, 22 MHz, 405 MHz, Not Active, Not Active, Not Active, Not Active, Not Active
2026/09/03 21:15:02.656, 519 MiB, 45, 12.10 W, 22 MHz, 405 MHz, Not Active, Not Active, Not Active, Not Active, Not Active
2026/09/03 21:15:02.856, 519 MiB, 45, 11.77 W, 22 MHz, 405 MHz, Not Active, Not Active, Not Active, Not Active, Not Active
2026/09/03 21:15:03.056, 519 MiB, 45, 11.77 W, 22 MHz, 405 MHz, Not Active, Not Active, Not Active, Not Active, Not Active
2026/09/03 21:15:03.257, 519 MiB, 45, 11.77 W, 22 MHz, 405 MHz, Not Active, Not Active, Not Active, Not Active, Not Active
2026/09/03 21:15:03.457, 519 MiB, 45, 11.77 W, 22 MHz, 405 MHz, Not Active, Not Active, Not Active, Not Active, Not Active
2026/09/03 21:15:03.657, 519 MiB, 45, 11.77 W, 22 MHz, 405 MHz, Not Active, Not Active, Not Active, Not Active, Not Active
2026/09/03 21:15:03.857, 519 MiB, 45, 11.55 W, 22 MHz, 405 MHz, Not Active, Not Active, Not Active, Not Active, Not Active
2026/09/03 21:15:04.058, 519 MiB, 45, 11.55 W, 22 MHz, 405 MHz, Not Active, Not Active, Not Active, Not Active, Not Active
2026/09/03 21:15:04.258, 519 MiB, 45, 11.55 W, 22 MHz, 405 MHz, Not Active, Not Active, Not Active, Not Active, Not Active
2026/09/03 21:15:04.458, 519 MiB, 45, 11.55 W, 22 MHz, 405 MHz, Not Active, Not Active, Not Active, Not Active, Not Active
2026/09/03 21:15:04.658, 519 MiB, 45, 11.55 W, 22 MHz, 405 MHz, Not Active, Not Active, Not Active, Not Active, Not Active
2026/09/03 21:15:04.859, 519 MiB, 45, 11.84 W, 22 MHz, 405 MHz, Not Active, Not Active, Not Active, Not Active, Not Active
2026/09/03 21:15:05.059, 519 MiB, 45, 11.84 W, 22 MHz, 405 MHz, Not Active, Not Active, Not Active, Not Active, Not Active
2026/09/03 21:15:05.259, 519 MiB, 45, 11.84 W, 22 MHz, 405 MHz, Not Active, Not Active, Not Active, Not Active, Not Active
2026/09/03 21:15:05.460, 519 MiB, 45, 11.84 W, 22 MHz, 405 MHz, Not Active, Not Active, Not Active, Not Active, Not Active
2026/09/03 21:15:05.660, 519 MiB, 45, 11.84 W, 22 MHz, 405 MHz, Not Active, Not Active, Not Active, Not Active, Not Active
2026/09/03 21:15:05.860, 519 MiB, 45, 11.90 W, 24 MHz, 405 MHz, Not Active, Not Active, Not Active, Not Active, Not Active
2026/09/03 21:15:06.060, 519 MiB, 45, 11.90 W, 24 MHz, 405 MHz, Not Active, Not Active, Not Active, Not Active, Not Active
2026/09/03 21:15:06.261, 519 MiB, 45, 11.90 W, 24 MHz, 405 MHz, Not Active, Not Active, Not Active, Not Active, Not Active
2026/09/03 21:15:06.461, 519 MiB, 45, 12.39 W, 22 MHz, 405 MHz, Not Active, Not Active, Not Active, Not Active, Not Active
2026/09/03 21:15:06.661, 519 MiB, 45, 12.39 W, 22 MHz, 405 MHz, Not Active, Not Active, Not Active, Not Active, Not Active
2026/09/03 21:15:06.862, 519 MiB, 45, 13.47 W, 22 MHz, 405 MHz, Not Active, Not Active, Not Active, Not Active, Not Active
2026/09/03 21:15:07.062, 519 MiB, 45, 13.47 W, 22 MHz, 405 MHz, Not Active, Not Active, Not Active, Not Active, Not Active
2026/09/03 21:15:07.262, 519 MiB, 45, 13.47 W, 22 MHz, 405 MHz, Not Active, Not Active, Not Active, Not Active, Not Active
2026/09/03 21:15:07.462, 519 MiB, 45, 13.47 W, 22 MHz, 405 MHz, Not Active, Not Active, Not Active, Not Active, Not Active
2026/09/03 21:15:07.663, 519 MiB, 45, 13.47 W, 22 MHz, 405 MHz, Not Active, Not Active, Not Active, Not Active, Not Active
2026/09/03 21:15:07.863, 519 MiB, 45, 11.92 W, 22 MHz, 405 MHz, Not Active, Not Active, Not Active, Not Active, Not Active
2026/09/03 21:15:08.063, 519 MiB, 45, 11.92 W, 22 MHz, 405 MHz, Not Active, Not Active, Not Active, Not Active, Not Active
2026/09/03 21:15:08.263, 519 MiB, 45, 11.92 W, 22 MHz, 405 MHz, Not Active, Not Active, Not Active, Not Active, Not Active
2026/09/03 21:15:08.464, 519 MiB, 45, 11.92 W, 22 MHz, 405 MHz, Not Active, Not Active, Not Active, Not Active, Not Active
2026/09/03 21:15:08.664, 519 MiB, 45, 11.92 W, 22 MHz, 405 MHz, Not Active, Not Active, Not Active, Not Active, Not Active
2026/09/03 21:15:08.864, 519 MiB, 45, 11.84 W, 22 MHz, 405 MHz, Not Active, Not Active, Not Active, Not Active, Not Active
2026/09/03 21:15:09.064, 519 MiB, 45, 11.84 W, 22 MHz, 405 MHz, Not Active, Not Active, Not Active, Not Active, Not Active
2026/09/03 21:15:09.265, 519 MiB, 45, 11.84 W, 22 MHz, 405 MHz, Not Active, Not Active, Not Active, Not Active, Not Active
2026/09/03 21:15:09.465, 519 MiB, 45, 11.84 W, 22 MHz, 405 MHz, Not Active, Not Active, Not Active, Not Active, Not Active
2026/09/03 21:15:09.665, 519 MiB, 45, 11.84 W, 22 MHz, 405 MHz, Not Active, Not Active, Not Active, Not Active, Not Active
2026/09/03 21:15:09.866, 519 MiB, 45, 11.88 W, 22 MHz, 405 MHz, Not Active, Not Active, Not Active, Not Active, Not Active
2026/09/03 21:15:10.066, 519 MiB, 45, 11.88 W, 22 MHz, 405 MHz, Not Active, Not Active, Not Active, Not Active, Not Active
2026/09/03 21:15:10.266, 519 MiB, 45, 11.88 W, 22 MHz, 405 MHz, Not Active, Not Active, Not Active, Not Active, Not Active
2026/09/03 21:15:10.466, 519 MiB, 45, 11.88 W, 22 MHz, 405 MHz, Not Active, Not Active, Not Active, Not Active, Not Active
2026/09/03 21:15:10.667, 519 MiB, 45, 11.88 W, 22 MHz, 405 MHz, Not Active, Not Active, Not Active, Not Active, Not Active
2026/09/03 21:15:10.867, 519 MiB, 45, 11.98 W, 22 MHz, 405 MHz, Not Active, Not Active, Not Active, Not Active, Not Active
2026/09/03 21:15:11.067, 519 MiB, 45, 11.98 W, 22 MHz, 405 MHz, Not Active, Not Active, Not Active, Not Active, Not Active
2026/09/03 21:15:11.268, 519 MiB, 45, 11.98 W, 22 MHz, 405 MHz, Not Active, Not Active, Not Active, Not Active, Not Active
2026/09/03 21:15:11.468, 519 MiB, 45, 11.98 W, 22 MHz, 405 MHz, Not Active, Not Active, Not Active, Not Active, Not Active
2026/09/03 21:15:11.668, 519 MiB, 45, 11.98 W, 22 MHz, 405 MHz, Not Active, Not Active, Not Active, Not Active, Not Active
2026/09/03 21:15:11.868, 519 MiB, 45, 11.89 W, 22 MHz, 405 MHz, Not Active, Not Active, Not Active, Not Active, Not Active
2026/09/03 21:15:12.069, 519 MiB, 45, 11.89 W, 22 MHz, 405 MHz, Not Active, Not Active, Not Active, Not Active, Not Active
2026/09/03 21:15:12.269, 519 MiB, 45, 11.89 W, 22 MHz, 405 MHz, Not Active, Not Active, Not Active, Not Active, Not Active
2026/09/03 21:15:12.469, 519 MiB, 45, 11.89 W, 22 MHz, 405 MHz, Not Active, Not Active, Not Active, Not Active, Not Active
2026/09/03 21:15:12.669, 519 MiB, 45, 11.89 W, 22 MHz, 405 MHz, Not Active, Not Active, Not Active, Not Active, Not Active
2026/09/03 21:15:12.870, 519 MiB, 45, 11.96 W, 21 MHz, 405 MHz, Not Active, Not Active, Not Active, Not Active, Not Active
2026/09/03 21:15:13.070, 519 MiB, 45, 11.96 W, 21 MHz, 405 MHz, Not Active, Not Active, Not Active, Not Active, Not Active
2026/09/03 21:15:13.270, 519 MiB, 45, 11.96 W, 21 MHz, 405 MHz, Not Active, Not Active, Not Active, Not Active, Not Active
2026/09/03 21:15:13.471, 519 MiB, 45, 12.43 W, 22 MHz, 405 MHz, Not Active, Not Active, Not Active, Not Active, Not Active
2026/09/03 21:15:13.671, 519 MiB, 45, 12.43 W, 22 MHz, 405 MHz, Not Active, Not Active, Not Active, Not Active, Not Active
2026/09/03 21:15:13.871, 519 MiB, 45, 12.70 W, 22 MHz, 405 MHz, Not Active, Not Active, Not Active, Not Active, Not Active
2026/09/03 21:15:14.072, 519 MiB, 45, 12.70 W, 22 MHz, 405 MHz, Not Active, Not Active, Not Active, Not Active, Not Active
2026/09/03 21:15:14.272, 519 MiB, 45, 12.70 W, 22 MHz, 405 MHz, Not Active, Not Active, Not Active, Not Active, Not Active
2026/09/03 21:15:14.472, 519 MiB, 45, 13.45 W, 22 MHz, 405 MHz, Not Active, Not Active, Not Active, Not Active, Not Active
2026/09/03 21:15:14.672, 519 MiB, 45, 13.45 W, 22 MHz, 405 MHz, Not Active, Not Active, Not Active, Not Active, Not Active
2026/09/03 21:15:14.873, 519 MiB, 45, 13.45 W, 22 MHz, 405 MHz, Not Active, Not Active, Not Active, Not Active, Not Active
2026/09/03 21:15:15.073, 519 MiB, 45, 13.45 W, 22 MHz, 405 MHz, Not Active, Not Active, Not Active, Not Active, Not Active
2026/09/03 21:15:15.273, 519 MiB, 45, 13.45 W, 22 MHz, 405 MHz, Not Active, Not Active, Not Active, Not Active, Not Active
2026/09/03 21:15:15.474, 519 MiB, 45, 11.71 W, 22 MHz, 405 MHz, Not Active, Not Active, Not Active, Not Active, Not Active
2026/09/03 21:15:15.674, 519 MiB, 45, 11.71 W, 22 MHz, 405 MHz, Not Active, Not Active, Not Active, Not Active, Not Active
2026/09/03 21:15:15.874, 519 MiB, 45, 11.71 W, 22 MHz, 405 MHz, Not Active, Not Active, Not Active, Not Active, Not Active
2026/09/03 21:15:16.074, 519 MiB, 45, 11.71 W, 22 MHz, 405 MHz, Not Active, Not Active, Not Active, Not Active, Not Active
2026/09/03 21:15:16.275, 519 MiB, 45, 11.71 W, 22 MHz, 405 MHz, Not Active, Not Active, Not Active, Not Active, Not Active
2026/09/03 21:15:16.475, 519 MiB, 45, 11.65 W, 22 MHz, 405 MHz, Not Active, Not Active, Not Active, Not Active, Not Active
2026/09/03 21:15:16.675, 519 MiB, 45, 11.65 W, 22 MHz, 405 MHz, Not Active, Not Active, Not Active, Not Active, Not Active
2026/09/03 21:15:16.876, 519 MiB, 45, 11.65 W, 22 MHz, 405 MHz, Not Active, Not Active, Not Active, Not Active, Not Active
2026/09/03 21:15:17.076, 519 MiB, 45, 11.65 W, 22 MHz, 405 MHz, Not Active, Not Active, Not Active, Not Active, Not Active
2026/09/03 21:15:17.276, 519 MiB, 45, 11.65 W, 22 MHz, 405 MHz, Not Active, Not Active, Not Active, Not Active, Not Active
2026/09/03 21:15:17.476, 519 MiB, 45, 11.65 W, 22 MHz, 405 MHz, Not Active, Not Active, Not Active, Not Active, Not Active
2026/09/03 21:15:17.677, 519 MiB, 45, 11.65 W, 22 MHz, 405 MHz, Not Active, Not Active, Not Active, Not Active, Not Active
2026/09/03 21:15:17.877, 519 MiB, 45, 11.65 W, 22 MHz, 405 MHz, Not Active, Not Active, Not Active, Not Active, Not Active
2026/09/03 21:15:18.077, 519 MiB, 45, 11.65 W, 22 MHz, 405 MHz, Not Active, Not Active, Not Active, Not Active, Not Active
2026/09/03 21:15:18.278, 519 MiB, 45, 11.65 W, 22 MHz, 405 MHz, Not Active, Not Active, Not Active, Not Active, Not Active
2026/09/03 21:15:18.478, 519 MiB, 45, 11.64 W, 22 MHz, 405 MHz, Not Active, Not Active, Not Active, Not Active, Not Active
2026/09/03 21:15:18.678, 519 MiB, 45, 11.64 W, 22 MHz, 405 MHz, Not Active, Not Active, Not Active, Not Active, Not Active
2026/09/03 21:15:18.879, 519 MiB, 45, 11.64 W, 22 MHz, 405 MHz, Not Active, Not Active, Not Active, Not Active, Not Active
2026/09/03 21:15:19.079, 519 MiB, 45, 11.64 W, 22 MHz, 405 MHz, Not Active, Not Active, Not Active, Not Active, Not Active
2026/09/03 21:15:19.279, 519 MiB, 45, 11.64 W, 22 MHz, 405 MHz, Not Active, Not Active, Not Active, Not Active, Not Active
2026/09/03 21:15:19.479, 519 MiB, 45, 11.56 W, 22 MHz, 405 MHz, Not Active, Not Active, Not Active, Not Active, Not Active
2026/09/03 21:15:19.680, 519 MiB, 45, 11.56 W, 22 MHz, 405 MHz, Not Active, Not Active, Not Active, Not Active, Not Active
2026/09/03 21:15:19.880, 519 MiB, 45, 11.56 W, 22 MHz, 405 MHz, Not Active, Not Active, Not Active, Not Active, Not Active
2026/09/03 21:15:20.080, 519 MiB, 45, 11.56 W, 22 MHz, 405 MHz, Not Active, Not Active, Not Active, Not Active, Not Active
2026/09/03 21:15:20.280, 519 MiB, 45, 11.56 W, 22 MHz, 405 MHz, Not Active, Not Active, Not Active, Not Active, Not Active
2026/09/03 21:15:20.480, 519 MiB, 45, 11.76 W, 24 MHz, 405 MHz, Not Active, Not Active, Not Active, Not Active, Not Active
2026/09/03 21:15:20.681, 519 MiB, 45, 11.76 W, 24 MHz, 405 MHz, Not Active, Not Active, Not Active, Not Active, Not Active
2026/09/03 21:15:20.881, 519 MiB, 45, 12.32 W, 22 MHz, 405 MHz, Not Active, Not Active, Not Active, Not Active, Not Active
2026/09/03 21:15:21.081, 519 MiB, 45, 12.32 W, 22 MHz, 405 MHz, Not Active, Not Active, Not Active, Not Active, Not Active
2026/09/03 21:15:21.281, 519 MiB, 45, 12.32 W, 22 MHz, 405 MHz, Not Active, Not Active, Not Active, Not Active, Not Active
2026/09/03 21:15:21.482, 519 MiB, 45, 13.36 W, 22 MHz, 405 MHz, Not Active, Not Active, Not Active, Not Active, Not Active
2026/09/03 21:15:21.682, 519 MiB, 45, 13.36 W, 22 MHz, 405 MHz, Not Active, Not Active, Not Active, Not Active, Not Active
2026/09/03 21:15:21.882, 519 MiB, 45, 13.36 W, 22 MHz, 405 MHz, Not Active, Not Active, Not Active, Not Active, Not Active
2026/09/03 21:15:22.082, 519 MiB, 45, 13.36 W, 22 MHz, 405 MHz, Not Active, Not Active, Not Active, Not Active, Not Active
2026/09/03 21:15:22.283, 519 MiB, 45, 13.36 W, 22 MHz, 405 MHz, Not Active, Not Active, Not Active, Not Active, Not Active
2026/09/03 21:15:22.483, 519 MiB, 45, 11.69 W, 22 MHz, 405 MHz, Not Active, Not Active, Not Active, Not Active, Not Active
2026/09/03 21:15:22.683, 519 MiB, 45, 11.69 W, 22 MHz, 405 MHz, Not Active, Not Active, Not Active, Not Active, Not Active
2026/09/03 21:15:22.883, 519 MiB, 45, 11.69 W, 22 MHz, 405 MHz, Not Active, Not Active, Not Active, Not Active, Not Active
2026/09/03 21:15:23.084, 519 MiB, 45, 11.69 W, 22 MHz, 405 MHz, Not Active, Not Active, Not Active, Not Active, Not Active
2026/09/03 21:15:23.285, 519 MiB, 45, 11.69 W, 22 MHz, 405 MHz, Not Active, Not Active, Not Active, Not Active, Not Active
2026/09/03 21:15:23.485, 519 MiB, 45, 11.60 W, 22 MHz, 405 MHz, Not Active, Not Active, Not Active, Not Active, Not Active
2026/09/03 21:15:23.685, 519 MiB, 45, 11.60 W, 22 MHz, 405 MHz, Not Active, Not Active, Not Active, Not Active, Not Active
2026/09/03 21:15:23.885, 519 MiB, 45, 11.60 W, 22 MHz, 405 MHz, Not Active, Not Active, Not Active, Not Active, Not Active
2026/09/03 21:15:24.086, 519 MiB, 45, 11.60 W, 22 MHz, 405 MHz, Not Active, Not Active, Not Active, Not Active, Not Active
2026/09/03 21:15:24.286, 519 MiB, 45, 11.60 W, 22 MHz, 405 MHz, Not Active, Not Active, Not Active, Not Active, Not Active
2026/09/03 21:15:24.486, 519 MiB, 45, 11.47 W, 22 MHz, 405 MHz, Not Active, Not Active, Not Active, Not Active, Not Active
2026/09/03 21:15:24.686, 519 MiB, 45, 11.47 W, 22 MHz, 405 MHz, Not Active, Not Active, Not Active, Not Active, Not Active
2026/09/03 21:15:24.887, 519 MiB, 45, 11.47 W, 22 MHz, 405 MHz, Not Active, Not Active, Not Active, Not Active, Not Active
2026/09/03 21:15:25.087, 519 MiB, 45, 11.47 W, 22 MHz, 405 MHz, Not Active, Not Active, Not Active, Not Active, Not Active
2026/09/03 21:15:25.287, 519 MiB, 45, 11.47 W, 22 MHz, 405 MHz, Not Active, Not Active, Not Active, Not Active, Not Active
2026/09/03 21:15:25.487, 519 MiB, 45, 11.49 W, 22 MHz, 405 MHz, Not Active, Not Active, Not Active, Not Active, Not Active
2026/09/03 21:15:25.688, 519 MiB, 45, 11.49 W, 22 MHz, 405 MHz, Not Active, Not Active, Not Active, Not Active, Not Active
2026/09/03 21:15:25.888, 519 MiB, 45, 11.49 W, 22 MHz, 405 MHz, Not Active, Not Active, Not Active, Not Active, Not Active
2026/09/03 21:15:26.088, 519 MiB, 45, 11.49 W, 22 MHz, 405 MHz, Not Active, Not Active, Not Active, Not Active, Not Active
2026/09/03 21:15:26.288, 519 MiB, 45, 11.49 W, 22 MHz, 405 MHz, Not Active, Not Active, Not Active, Not Active, Not Active
2026/09/03 21:15:26.489, 519 MiB, 45, 11.58 W, 22 MHz, 405 MHz, Not Active, Not Active, Not Active, Not Active, Not Active
2026/09/03 21:15:26.689, 519 MiB, 45, 11.58 W, 22 MHz, 405 MHz, Not Active, Not Active, Not Active, Not Active, Not Active
2026/09/03 21:15:26.889, 519 MiB, 45, 11.58 W, 22 MHz, 405 MHz, Not Active, Not Active, Not Active, Not Active, Not Active
2026/09/03 21:15:27.090, 519 MiB, 45, 11.58 W, 22 MHz, 405 MHz, Not Active, Not Active, Not Active, Not Active, Not Active
2026/09/03 21:15:27.290, 519 MiB, 45, 11.58 W, 22 MHz, 405 MHz, Not Active, Not Active, Not Active, Not Active, Not Active
2026/09/03 21:15:27.490, 519 MiB, 45, 11.74 W, 24 MHz, 405 MHz, Not Active, Not Active, Not Active, Not Active, Not Active
2026/09/03 21:15:27.690, 519 MiB, 45, 11.74 W, 24 MHz, 405 MHz, Not Active, Not Active, Not Active, Not Active, Not Active
2026/09/03 21:15:27.891, 519 MiB, 45, 12.33 W, 22 MHz, 405 MHz, Not Active, Not Active, Not Active, Not Active, Not Active
2026/09/03 21:15:28.091, 519 MiB, 45, 12.33 W, 22 MHz, 405 MHz, Not Active, Not Active, Not Active, Not Active, Not Active
2026/09/03 21:15:28.291, 519 MiB, 45, 12.33 W, 22 MHz, 405 MHz, Not Active, Not Active, Not Active, Not Active, Not Active
2026/09/03 21:15:28.492, 519 MiB, 45, 13.52 W, 22 MHz, 405 MHz, Not Active, Not Active, Not Active, Not Active, Not Active
2026/09/03 21:15:28.693, 519 MiB, 45, 13.52 W, 22 MHz, 405 MHz, Not Active, Not Active, Not Active, Not Active, Not Active
2026/09/03 21:15:28.893, 519 MiB, 45, 13.52 W, 22 MHz, 405 MHz, Not Active, Not Active, Not Active, Not Active, Not Active
2026/09/03 21:15:29.093, 519 MiB, 45, 13.52 W, 22 MHz, 405 MHz, Not Active, Not Active, Not Active, Not Active, Not Active
2026/09/03 21:15:29.293, 519 MiB, 45, 13.52 W, 22 MHz, 405 MHz, Not Active, Not Active, Not Active, Not Active, Not Active
2026/09/03 21:15:29.494, 519 MiB, 45, 11.79 W, 22 MHz, 405 MHz, Not Active, Not Active, Not Active, Not Active, Not Active
2026/09/03 21:15:29.694, 519 MiB, 45, 11.79 W, 22 MHz, 405 MHz, Not Active, Not Active, Not Active, Not Active, Not Active
2026/09/03 21:15:29.894, 519 MiB, 45, 11.79 W, 22 MHz, 405 MHz, Not Active, Not Active, Not Active, Not Active, Not Active
2026/09/03 21:15:30.094, 519 MiB, 45, 11.79 W, 22 MHz, 405 MHz, Not Active, Not Active, Not Active, Not Active, Not Active
2026/09/03 21:15:30.295, 519 MiB, 45, 11.79 W, 22 MHz, 405 MHz, Not Active, Not Active, Not Active, Not Active, Not Active
2026/09/03 21:15:30.495, 519 MiB, 45, 11.70 W, 22 MHz, 405 MHz, Not Active, Not Active, Not Active, Not Active, Not Active
2026/09/03 21:15:30.695, 519 MiB, 45, 11.70 W, 22 MHz, 405 MHz, Not Active, Not Active, Not Active, Not Active, Not Active
2026/09/03 21:15:30.896, 519 MiB, 45, 11.70 W, 22 MHz, 405 MHz, Not Active, Not Active, Not Active, Not Active, Not Active
2026/09/03 21:15:31.096, 519 MiB, 45, 11.70 W, 22 MHz, 405 MHz, Not Active, Not Active, Not Active, Not Active, Not Active
2026/09/03 21:15:31.296, 519 MiB, 45, 11.70 W, 22 MHz, 405 MHz, Not Active, Not Active, Not Active, Not Active, Not Active
2026/09/03 21:15:31.496, 519 MiB, 45, 11.62 W, 22 MHz, 405 MHz, Not Active, Not Active, Not Active, Not Active, Not Active
2026/09/03 21:15:31.697, 519 MiB, 45, 11.62 W, 22 MHz, 405 MHz, Not Active, Not Active, Not Active, Not Active, Not Active
2026/09/03 21:15:31.897, 519 MiB, 45, 11.62 W, 22 MHz, 405 MHz, Not Active, Not Active, Not Active, Not Active, Not Active
2026/09/03 21:15:32.097, 519 MiB, 45, 11.62 W, 22 MHz, 405 MHz, Not Active, Not Active, Not Active, Not Active, Not Active
2026/09/03 21:15:32.298, 519 MiB, 45, 11.62 W, 22 MHz, 405 MHz, Not Active, Not Active, Not Active, Not Active, Not Active
2026/09/03 21:15:32.498, 519 MiB, 45, 11.84 W, 22 MHz, 405 MHz, Not Active, Not Active, Not Active, Not Active, Not Active
2026/09/03 21:15:32.698, 519 MiB, 45, 11.84 W, 22 MHz, 405 MHz, Not Active, Not Active, Not Active, Not Active, Not Active
2026/09/03 21:15:32.898, 519 MiB, 45, 11.84 W, 22 MHz, 405 MHz, Not Active, Not Active, Not Active, Not Active, Not Active
2026/09/03 21:15:33.099, 519 MiB, 45, 11.84 W, 22 MHz, 405 MHz, Not Active, Not Active, Not Active, Not Active, Not Active
2026/09/03 21:15:33.299, 519 MiB, 45, 11.84 W, 22 MHz, 405 MHz, Not Active, Not Active, Not Active, Not Active, Not Active
2026/09/03 21:15:33.499, 519 MiB, 45, 11.90 W, 22 MHz, 405 MHz, Not Active, Not Active, Not Active, Not Active, Not Active
2026/09/03 21:15:33.699, 519 MiB, 45, 11.90 W, 22 MHz, 405 MHz, Not Active, Not Active, Not Active, Not Active, Not Active
2026/09/03 21:15:33.900, 519 MiB, 45, 11.90 W, 22 MHz, 405 MHz, Not Active, Not Active, Not Active, Not Active, Not Active
2026/09/03 21:15:34.100, 519 MiB, 45, 11.90 W, 22 MHz, 405 MHz, Not Active, Not Active, Not Active, Not Active, Not Active
2026/09/03 21:15:34.300, 519 MiB, 45, 11.90 W, 22 MHz, 405 MHz, Not Active, Not Active, Not Active, Not Active, Not Active
2026/09/03 21:15:34.500, 519 MiB, 45, 11.69 W, 22 MHz, 405 MHz, Not Active, Not Active, Not Active, Not Active, Not Active
2026/09/03 21:15:34.701, 519 MiB, 45, 11.69 W, 22 MHz, 405 MHz, Not Active, Not Active, Not Active, Not Active, Not Active
2026/09/03 21:15:34.901, 519 MiB, 45, 12.27 W, 22 MHz, 405 MHz, Not Active, Not Active, Not Active, Not Active, Not Active
2026/09/03 21:15:35.101, 519 MiB, 45, 12.27 W, 22 MHz, 405 MHz, Not Active, Not Active, Not Active, Not Active, Not Active
2026/09/03 21:15:35.302, 519 MiB, 45, 12.27 W, 22 MHz, 405 MHz, Not Active, Not Active, Not Active, Not Active, Not Active
2026/09/03 21:15:35.502, 519 MiB, 45, 12.57 W, 22 MHz, 405 MHz, Not Active, Not Active, Not Active, Not Active, Not Active
2026/09/03 21:15:35.702, 519 MiB, 45, 12.57 W, 22 MHz, 405 MHz, Not Active, Not Active, Not Active, Not Active, Not Active
2026/09/03 21:15:35.902, 519 MiB, 45, 13.49 W, 22 MHz, 405 MHz, Not Active, Not Active, Not Active, Not Active, Not Active
2026/09/03 21:15:36.103, 521 MiB, 45, 13.49 W, 22 MHz, 405 MHz, Not Active, Not Active, Not Active, Not Active, Not Active
2026/09/03 21:15:36.303, 521 MiB, 45, 13.49 W, 22 MHz, 405 MHz, Not Active, Not Active, Not Active, Not Active, Not Active
2026/09/03 21:15:36.503, 521 MiB, 46, 22.58 W, 2400 MHz, 13801 MHz, Not Active, Not Active, Not Active, Not Active, Not Active
2026/09/03 21:15:36.704, 521 MiB, 46, 22.58 W, 2400 MHz, 13801 MHz, Not Active, Not Active, Not Active, Not Active, Not Active
2026/09/03 21:15:36.904, 521 MiB, 46, 37.42 W, 2400 MHz, 13801 MHz, Not Active, Not Active, Not Active, Not Active, Not Active
2026/09/03 21:15:37.104, 521 MiB, 46, 37.42 W, 2400 MHz, 13801 MHz, Not Active, Not Active, Not Active, Not Active, Not Active
2026/09/03 21:15:37.305, 521 MiB, 46, 37.42 W, 2400 MHz, 13801 MHz, Not Active, Not Active, Not Active, Not Active, Not Active
2026/09/03 21:15:37.505, 521 MiB, 46, 55.85 W, 2400 MHz, 13801 MHz, Not Active, Not Active, Not Active, Not Active, Not Active
2026/09/03 21:15:37.705, 521 MiB, 46, 55.85 W, 2400 MHz, 13801 MHz, Not Active, Not Active, Not Active, Not Active, Not Active
2026/09/03 21:15:37.905, 521 MiB, 46, 55.93 W, 2400 MHz, 13801 MHz, Not Active, Not Active, Not Active, Not Active, Not Active
2026/09/03 21:15:38.106, 521 MiB, 46, 55.93 W, 2400 MHz, 13801 MHz, Not Active, Not Active, Not Active, Not Active, Not Active
2026/09/03 21:15:38.306, 521 MiB, 46, 55.93 W, 2400 MHz, 13801 MHz, Not Active, Not Active, Not Active, Not Active, Not Active
2026/09/03 21:15:38.506, 521 MiB, 46, 56.03 W, 2400 MHz, 13801 MHz, Not Active, Not Active, Not Active, Not Active, Not Active
2026/09/03 21:15:38.707, 521 MiB, 46, 56.03 W, 2400 MHz, 13801 MHz, Not Active, Not Active, Not Active, Not Active, Not Active
2026/09/03 21:15:38.907, 521 MiB, 46, 56.01 W, 2400 MHz, 13801 MHz, Not Active, Not Active, Not Active, Not Active, Not Active
2026/09/03 21:15:39.107, 521 MiB, 46, 56.01 W, 2400 MHz, 13801 MHz, Not Active, Not Active, Not Active, Not Active, Not Active
2026/09/03 21:15:39.307, 521 MiB, 46, 56.01 W, 2400 MHz, 13801 MHz, Not Active, Not Active, Not Active, Not Active, Not Active
2026/09/03 21:15:39.508, 521 MiB, 46, 55.99 W, 2400 MHz, 13801 MHz, Not Active, Not Active, Not Active, Not Active, Not Active
2026/09/03 21:15:39.708, 521 MiB, 46, 55.99 W, 2400 MHz, 13801 MHz, Not Active, Not Active, Not Active, Not Active, Not Active
2026/09/03 21:15:39.908, 521 MiB, 46, 55.96 W, 2400 MHz, 13801 MHz, Not Active, Not Active, Not Active, Not Active, Not Active
2026/09/03 21:15:40.109, 521 MiB, 46, 55.96 W, 2400 MHz, 13801 MHz, Not Active, Not Active, Not Active, Not Active, Not Active
2026/09/03 21:15:40.309, 521 MiB, 46, 55.96 W, 2400 MHz, 13801 MHz, Not Active, Not Active, Not Active, Not Active, Not Active
2026/09/03 21:15:40.509, 521 MiB, 46, 55.84 W, 2400 MHz, 13801 MHz, Not Active, Not Active, Not Active, Not Active, Not Active
2026/09/03 21:15:40.709, 521 MiB, 46, 55.84 W, 2400 MHz, 13801 MHz, Not Active, Not Active, Not Active, Not Active, Not Active
2026/09/03 21:15:40.910, 521 MiB, 47, 55.82 W, 2400 MHz, 13801 MHz, Not Active, Not Active, Not Active, Not Active, Not Active
2026/09/03 21:15:41.110, 521 MiB, 47, 55.82 W, 2400 MHz, 13801 MHz, Not Active, Not Active, Not Active, Not Active, Not Active
2026/09/03 21:15:41.310, 521 MiB, 47, 55.82 W, 2400 MHz, 13801 MHz, Not Active, Not Active, Not Active, Not Active, Not Active
2026/09/03 21:15:41.510, 521 MiB, 47, 55.88 W, 2400 MHz, 13801 MHz, Not Active, Not Active, Not Active, Not Active, Not Active
2026/09/03 21:15:41.711, 521 MiB, 47, 55.88 W, 2400 MHz, 13801 MHz, Not Active, Not Active, Not Active, Not Active, Not Active
2026/09/03 21:15:41.911, 521 MiB, 47, 55.88 W, 2407 MHz, 13801 MHz, Not Active, Not Active, Not Active, Not Active, Not Active
2026/09/03 21:15:42.111, 521 MiB, 47, 55.88 W, 2407 MHz, 13801 MHz, Not Active, Not Active, Not Active, Not Active, Not Active
2026/09/03 21:15:42.311, 521 MiB, 47, 55.88 W, 2407 MHz, 13801 MHz, Not Active, Not Active, Not Active, Not Active, Not Active
2026/09/03 21:15:42.512, 521 MiB, 47, 55.85 W, 2400 MHz, 13801 MHz, Not Active, Not Active, Not Active, Not Active, Not Active
2026/09/03 21:15:42.712, 521 MiB, 47, 55.85 W, 2400 MHz, 13801 MHz, Not Active, Not Active, Not Active, Not Active, Not Active
2026/09/03 21:15:42.912, 521 MiB, 47, 55.87 W, 2400 MHz, 13801 MHz, Not Active, Not Active, Not Active, Not Active, Not Active
2026/09/03 21:15:43.112, 521 MiB, 47, 55.87 W, 2400 MHz, 13801 MHz, Not Active, Not Active, Not Active, Not Active, Not Active
2026/09/03 21:15:43.313, 521 MiB, 47, 55.87 W, 2400 MHz, 13801 MHz, Not Active, Not Active, Not Active, Not Active, Not Active
2026/09/03 21:15:43.513, 521 MiB, 47, 55.86 W, 2400 MHz, 13801 MHz, Not Active, Not Active, Not Active, Not Active, Not Active
2026/09/03 21:15:43.713, 521 MiB, 47, 55.86 W, 2400 MHz, 13801 MHz, Not Active, Not Active, Not Active, Not Active, Not Active
2026/09/03 21:15:43.913, 521 MiB, 47, 55.87 W, 2400 MHz, 13801 MHz, Not Active, Not Active, Not Active, Not Active, Not Active
2026/09/03 21:15:44.114, 521 MiB, 47, 55.87 W, 2400 MHz, 13801 MHz, Not Active, Not Active, Not Active, Not Active, Not Active
2026/09/03 21:15:44.314, 521 MiB, 47, 55.87 W, 2400 MHz, 13801 MHz, Not Active, Not Active, Not Active, Not Active, Not Active
2026/09/03 21:15:44.514, 521 MiB, 47, 55.79 W, 2400 MHz, 13801 MHz, Not Active, Not Active, Not Active, Not Active, Not Active
2026/09/03 21:15:44.714, 521 MiB, 47, 55.79 W, 2400 MHz, 13801 MHz, Not Active, Not Active, Not Active, Not Active, Not Active
2026/09/03 21:15:44.915, 521 MiB, 47, 55.79 W, 2400 MHz, 13801 MHz, Not Active, Not Active, Not Active, Not Active, Not Active
2026/09/03 21:15:45.115, 521 MiB, 47, 55.79 W, 2400 MHz, 13801 MHz, Not Active, Not Active, Not Active, Not Active, Not Active
2026/09/03 21:15:45.315, 521 MiB, 47, 55.79 W, 2400 MHz, 13801 MHz, Not Active, Not Active, Not Active, Not Active, Not Active
2026/09/03 21:15:45.516, 521 MiB, 47, 55.92 W, 2400 MHz, 13801 MHz, Not Active, Not Active, Not Active, Not Active, Not Active
2026/09/03 21:15:45.716, 521 MiB, 47, 55.92 W, 2400 MHz, 13801 MHz, Not Active, Not Active, Not Active, Not Active, Not Active
2026/09/03 21:15:45.916, 521 MiB, 47, 55.83 W, 2400 MHz, 13801 MHz, Not Active, Not Active, Not Active, Not Active, Not Active
2026/09/03 21:15:46.116, 521 MiB, 47, 55.83 W, 2400 MHz, 13801 MHz, Not Active, Not Active, Not Active, Not Active, Not Active
2026/09/03 21:15:46.317, 521 MiB, 47, 55.83 W, 2400 MHz, 13801 MHz, Not Active, Not Active, Not Active, Not Active, Not Active
2026/09/03 21:15:46.517, 521 MiB, 47, 55.73 W, 2400 MHz, 13801 MHz, Not Active, Not Active, Not Active, Not Active, Not Active
2026/09/03 21:15:46.717, 521 MiB, 47, 55.73 W, 2400 MHz, 13801 MHz, Not Active, Not Active, Not Active, Not Active, Not Active
2026/09/03 21:15:46.918, 521 MiB, 47, 55.69 W, 2400 MHz, 13801 MHz, Not Active, Not Active, Not Active, Not Active, Not Active
2026/09/03 21:15:47.118, 521 MiB, 47, 55.69 W, 2400 MHz, 13801 MHz, Not Active, Not Active, Not Active, Not Active, Not Active
2026/09/03 21:15:47.318, 521 MiB, 47, 55.69 W, 2400 MHz, 13801 MHz, Not Active, Not Active, Not Active, Not Active, Not Active
2026/09/03 21:15:47.518, 521 MiB, 47, 55.65 W, 2400 MHz, 13801 MHz, Not Active, Not Active, Not Active, Not Active, Not Active
2026/09/03 21:15:47.719, 521 MiB, 47, 55.65 W, 2400 MHz, 13801 MHz, Not Active, Not Active, Not Active, Not Active, Not Active
2026/09/03 21:15:47.919, 521 MiB, 47, 55.71 W, 2400 MHz, 13801 MHz, Not Active, Not Active, Not Active, Not Active, Not Active
2026/09/03 21:15:48.119, 521 MiB, 47, 55.71 W, 2400 MHz, 13801 MHz, Not Active, Not Active, Not Active, Not Active, Not Active
2026/09/03 21:15:48.319, 521 MiB, 47, 55.71 W, 2400 MHz, 13801 MHz, Not Active, Not Active, Not Active, Not Active, Not Active
2026/09/03 21:15:48.520, 521 MiB, 47, 55.69 W, 2400 MHz, 13801 MHz, Not Active, Not Active, Not Active, Not Active, Not Active
2026/09/03 21:15:48.720, 521 MiB, 47, 55.69 W, 2400 MHz, 13801 MHz, Not Active, Not Active, Not Active, Not Active, Not Active
2026/09/03 21:15:48.920, 521 MiB, 47, 55.77 W, 2400 MHz, 13801 MHz, Not Active, Not Active, Not Active, Not Active, Not Active
2026/09/03 21:15:49.120, 521 MiB, 47, 55.77 W, 2400 MHz, 13801 MHz, Not Active, Not Active, Not Active, Not Active, Not Active
2026/09/03 21:15:49.321, 521 MiB, 47, 55.77 W, 2400 MHz, 13801 MHz, Not Active, Not Active, Not Active, Not Active, Not Active
2026/09/03 21:15:49.521, 521 MiB, 47, 55.84 W, 2400 MHz, 13801 MHz, Not Active, Not Active, Not Active, Not Active, Not Active
2026/09/03 21:15:49.721, 521 MiB, 47, 55.84 W, 2400 MHz, 13801 MHz, Not Active, Not Active, Not Active, Not Active, Not Active
2026/09/03 21:15:49.921, 521 MiB, 47, 55.74 W, 2400 MHz, 13801 MHz, Not Active, Not Active, Not Active, Not Active, Not Active
2026/09/03 21:15:50.122, 521 MiB, 47, 55.74 W, 2400 MHz, 13801 MHz, Not Active, Not Active, Not Active, Not Active, Not Active
2026/09/03 21:15:50.322, 521 MiB, 47, 55.74 W, 2400 MHz, 13801 MHz, Not Active, Not Active, Not Active, Not Active, Not Active
2026/09/03 21:15:50.522, 521 MiB, 47, 55.66 W, 2400 MHz, 13801 MHz, Not Active, Not Active, Not Active, Not Active, Not Active
2026/09/03 21:15:50.723, 521 MiB, 47, 55.66 W, 2400 MHz, 13801 MHz, Not Active, Not Active, Not Active, Not Active, Not Active
2026/09/03 21:15:50.923, 521 MiB, 47, 55.66 W, 2400 MHz, 13801 MHz, Not Active, Not Active, Not Active, Not Active, Not Active
2026/09/03 21:15:51.123, 521 MiB, 47, 55.66 W, 2400 MHz, 13801 MHz, Not Active, Not Active, Not Active, Not Active, Not Active
2026/09/03 21:15:51.323, 521 MiB, 47, 55.66 W, 2400 MHz, 13801 MHz, Not Active, Not Active, Not Active, Not Active, Not Active
2026/09/03 21:15:51.524, 521 MiB, 47, 55.79 W, 2400 MHz, 13801 MHz, Not Active, Not Active, Not Active, Not Active, Not Active
2026/09/03 21:15:51.724, 521 MiB, 47, 55.79 W, 2400 MHz, 13801 MHz, Not Active, Not Active, Not Active, Not Active, Not Active
2026/09/03 21:15:51.924, 521 MiB, 47, 55.82 W, 2400 MHz, 13801 MHz, Not Active, Not Active, Not Active, Not Active, Not Active
2026/09/03 21:15:52.124, 521 MiB, 47, 55.82 W, 2400 MHz, 13801 MHz, Not Active, Not Active, Not Active, Not Active, Not Active
2026/09/03 21:15:52.325, 521 MiB, 47, 55.82 W, 2400 MHz, 13801 MHz, Not Active, Not Active, Not Active, Not Active, Not Active
2026/09/03 21:15:52.525, 521 MiB, 47, 55.78 W, 2400 MHz, 13801 MHz, Not Active, Not Active, Not Active, Not Active, Not Active
2026/09/03 21:15:52.725, 521 MiB, 47, 55.78 W, 2400 MHz, 13801 MHz, Not Active, Not Active, Not Active, Not Active, Not Active
2026/09/03 21:15:52.925, 521 MiB, 47, 55.78 W, 2400 MHz, 13801 MHz, Not Active, Not Active, Not Active, Not Active, Not Active
2026/09/03 21:15:53.126, 521 MiB, 47, 55.78 W, 2400 MHz, 13801 MHz, Not Active, Not Active, Not Active, Not Active, Not Active
2026/09/03 21:15:53.326, 521 MiB, 47, 55.78 W, 2400 MHz, 13801 MHz, Not Active, Not Active, Not Active, Not Active, Not Active
2026/09/03 21:15:53.526, 521 MiB, 47, 55.71 W, 2400 MHz, 13801 MHz, Not Active, Not Active, Not Active, Not Active, Not Active
2026/09/03 21:15:53.726, 521 MiB, 47, 55.71 W, 2400 MHz, 13801 MHz, Not Active, Not Active, Not Active, Not Active, Not Active
2026/09/03 21:15:53.927, 521 MiB, 46, 38.90 W, 55 MHz, 810 MHz, Not Active, Not Active, Not Active, Not Active, Not Active
2026/09/03 21:15:54.127, 521 MiB, 46, 38.90 W, 55 MHz, 810 MHz, Not Active, Not Active, Not Active, Not Active, Not Active
2026/09/03 21:15:54.327, 521 MiB, 46, 38.90 W, 55 MHz, 810 MHz, Not Active, Not Active, Not Active, Not Active, Not Active
2026/09/03 21:15:54.527, 521 MiB, 46, 18.75 W, 41 MHz, 810 MHz, Not Active, Not Active, Not Active, Not Active, Not Active
2026/09/03 21:15:54.728, 521 MiB, 46, 18.75 W, 41 MHz, 810 MHz, Not Active, Not Active, Not Active, Not Active, Not Active
2026/09/03 21:15:54.928, 521 MiB, 46, 18.75 W, 41 MHz, 810 MHz, Not Active, Not Active, Not Active, Not Active, Not Active
2026/09/03 21:15:55.128, 521 MiB, 46, 18.75 W, 41 MHz, 810 MHz, Not Active, Not Active, Not Active, Not Active, Not Active
2026/09/03 21:15:55.328, 521 MiB, 46, 18.75 W, 41 MHz, 810 MHz, Not Active, Not Active, Not Active, Not Active, Not Active
2026/09/03 21:15:55.529, 521 MiB, 46, 12.24 W, 41 MHz, 810 MHz, Not Active, Not Active, Not Active, Not Active, Not Active
2026/09/03 21:15:55.729, 521 MiB, 46, 12.24 W, 41 MHz, 810 MHz, Not Active, Not Active, Not Active, Not Active, Not Active
2026/09/03 21:15:55.929, 521 MiB, 46, 12.24 W, 23 MHz, 405 MHz, Not Active, Not Active, Not Active, Not Active, Not Active
2026/09/03 21:15:56.129, 521 MiB, 46, 12.24 W, 23 MHz, 405 MHz, Not Active, Not Active, Not Active, Not Active, Not Active
2026/09/03 21:15:56.330, 521 MiB, 46, 12.24 W, 23 MHz, 405 MHz, Not Active, Not Active, Not Active, Not Active, Not Active
2026/09/03 21:15:56.530, 521 MiB, 46, 12.38 W, 22 MHz, 405 MHz, Not Active, Not Active, Not Active, Not Active, Not Active
2026/09/03 21:15:56.730, 521 MiB, 46, 12.38 W, 22 MHz, 405 MHz, Not Active, Not Active, Not Active, Not Active, Not Active
2026/09/03 21:15:56.930, 521 MiB, 46, 12.92 W, 22 MHz, 405 MHz, Not Active, Not Active, Not Active, Not Active, Not Active
2026/09/03 21:15:57.131, 521 MiB, 46, 12.92 W, 22 MHz, 405 MHz, Not Active, Not Active, Not Active, Not Active, Not Active
2026/09/03 21:15:57.331, 521 MiB, 46, 12.92 W, 22 MHz, 405 MHz, Not Active, Not Active, Not Active, Not Active, Not Active
2026/09/03 21:15:57.531, 521 MiB, 46, 13.00 W, 22 MHz, 405 MHz, Not Active, Not Active, Not Active, Not Active, Not Active
2026/09/03 21:15:57.732, 521 MiB, 46, 13.00 W, 22 MHz, 405 MHz, Not Active, Not Active, Not Active, Not Active, Not Active
2026/09/03 21:15:57.932, 521 MiB, 46, 13.00 W, 22 MHz, 405 MHz, Not Active, Not Active, Not Active, Not Active, Not Active
2026/09/03 21:15:58.132, 521 MiB, 46, 13.00 W, 22 MHz, 405 MHz, Not Active, Not Active, Not Active, Not Active, Not Active
2026/09/03 21:15:58.332, 521 MiB, 46, 13.00 W, 22 MHz, 405 MHz, Not Active, Not Active, Not Active, Not Active, Not Active
2026/09/03 21:15:58.533, 521 MiB, 46, 11.63 W, 22 MHz, 405 MHz, Not Active, Not Active, Not Active, Not Active, Not Active
2026/09/03 21:15:58.733, 521 MiB, 46, 11.63 W, 22 MHz, 405 MHz, Not Active, Not Active, Not Active, Not Active, Not Active
2026/09/03 21:15:58.933, 521 MiB, 46, 11.63 W, 22 MHz, 405 MHz, Not Active, Not Active, Not Active, Not Active, Not Active
2026/09/03 21:15:59.133, 521 MiB, 46, 11.63 W, 22 MHz, 405 MHz, Not Active, Not Active, Not Active, Not Active, Not Active
2026/09/03 21:15:59.334, 521 MiB, 46, 11.63 W, 22 MHz, 405 MHz, Not Active, Not Active, Not Active, Not Active, Not Active
2026/09/03 21:15:59.534, 521 MiB, 46, 11.68 W, 22 MHz, 405 MHz, Not Active, Not Active, Not Active, Not Active, Not Active
2026/09/03 21:15:59.734, 521 MiB, 46, 11.68 W, 22 MHz, 405 MHz, Not Active, Not Active, Not Active, Not Active, Not Active
2026/09/03 21:15:59.934, 521 MiB, 46, 11.68 W, 22 MHz, 405 MHz, Not Active, Not Active, Not Active, Not Active, Not Active
2026/09/03 21:16:00.135, 521 MiB, 46, 11.68 W, 22 MHz, 405 MHz, Not Active, Not Active, Not Active, Not Active, Not Active
2026/09/03 21:16:00.335, 521 MiB, 46, 11.68 W, 22 MHz, 405 MHz, Not Active, Not Active, Not Active, Not Active, Not Active
2026/09/03 21:16:00.535, 521 MiB, 46, 11.66 W, 22 MHz, 405 MHz, Not Active, Not Active, Not Active, Not Active, Not Active
2026/09/03 21:16:00.735, 521 MiB, 46, 11.66 W, 22 MHz, 405 MHz, Not Active, Not Active, Not Active, Not Active, Not Active
2026/09/03 21:16:00.936, 521 MiB, 46, 11.66 W, 22 MHz, 405 MHz, Not Active, Not Active, Not Active, Not Active, Not Active
2026/09/03 21:16:01.136, 521 MiB, 46, 11.66 W, 22 MHz, 405 MHz, Not Active, Not Active, Not Active, Not Active, Not Active
2026/09/03 21:16:01.336, 521 MiB, 46, 11.66 W, 22 MHz, 405 MHz, Not Active, Not Active, Not Active, Not Active, Not Active
2026/09/03 21:16:01.536, 521 MiB, 46, 11.63 W, 22 MHz, 405 MHz, Not Active, Not Active, Not Active, Not Active, Not Active
2026/09/03 21:16:01.737, 521 MiB, 46, 11.63 W, 22 MHz, 405 MHz, Not Active, Not Active, Not Active, Not Active, Not Active
2026/09/03 21:16:01.937, 521 MiB, 46, 11.63 W, 22 MHz, 405 MHz, Not Active, Not Active, Not Active, Not Active, Not Active
2026/09/03 21:16:02.137, 521 MiB, 46, 11.63 W, 22 MHz, 405 MHz, Not Active, Not Active, Not Active, Not Active, Not Active
2026/09/03 21:16:02.337, 521 MiB, 46, 11.63 W, 22 MHz, 405 MHz, Not Active, Not Active, Not Active, Not Active, Not Active
2026/09/03 21:16:02.538, 521 MiB, 46, 11.65 W, 22 MHz, 405 MHz, Not Active, Not Active, Not Active, Not Active, Not Active
2026/09/03 21:16:02.738, 521 MiB, 46, 11.65 W, 22 MHz, 405 MHz, Not Active, Not Active, Not Active, Not Active, Not Active
2026/09/03 21:16:02.938, 521 MiB, 46, 11.65 W, 22 MHz, 405 MHz, Not Active, Not Active, Not Active, Not Active, Not Active
2026/09/03 21:16:03.139, 521 MiB, 46, 11.65 W, 22 MHz, 405 MHz, Not Active, Not Active, Not Active, Not Active, Not Active
2026/09/03 21:16:03.339, 521 MiB, 46, 11.65 W, 22 MHz, 405 MHz, Not Active, Not Active, Not Active, Not Active, Not Active
2026/09/03 21:16:03.539, 521 MiB, 46, 12.05 W, 24 MHz, 405 MHz, Not Active, Not Active, Not Active, Not Active, Not Active
2026/09/03 21:16:03.740, 521 MiB, 46, 12.05 W, 24 MHz, 405 MHz, Not Active, Not Active, Not Active, Not Active, Not Active
2026/09/03 21:16:03.941, 521 MiB, 46, 12.40 W, 22 MHz, 405 MHz, Not Active, Not Active, Not Active, Not Active, Not Active
2026/09/03 21:16:04.141, 521 MiB, 46, 12.40 W, 22 MHz, 405 MHz, Not Active, Not Active, Not Active, Not Active, Not Active
2026/09/03 21:16:04.341, 521 MiB, 46, 12.40 W, 22 MHz, 405 MHz, Not Active, Not Active, Not Active, Not Active, Not Active
2026/09/03 21:16:04.542, 521 MiB, 46, 13.30 W, 21 MHz, 405 MHz, Not Active, Not Active, Not Active, Not Active, Not Active
2026/09/03 21:16:04.742, 521 MiB, 46, 13.30 W, 21 MHz, 405 MHz, Not Active, Not Active, Not Active, Not Active, Not Active
2026/09/03 21:16:04.942, 521 MiB, 46, 13.30 W, 21 MHz, 405 MHz, Not Active, Not Active, Not Active, Not Active, Not Active
2026/09/03 21:16:05.142, 521 MiB, 46, 13.30 W, 21 MHz, 405 MHz, Not Active, Not Active, Not Active, Not Active, Not Active
2026/09/03 21:16:05.343, 521 MiB, 46, 13.30 W, 21 MHz, 405 MHz, Not Active, Not Active, Not Active, Not Active, Not Active
2026/09/03 21:16:05.543, 521 MiB, 46, 11.58 W, 22 MHz, 405 MHz, Not Active, Not Active, Not Active, Not Active, Not Active
2026/09/03 21:16:05.743, 585 MiB, 46, 11.58 W, 22 MHz, 405 MHz, Not Active, Not Active, Not Active, Not Active, Not Active
2026/09/03 21:16:05.944, 591 MiB, 47, 15.76 W, 1275 MHz, 13801 MHz, Not Active, Not Active, Not Active, Not Active, Not Active
2026/09/03 21:16:06.144, 591 MiB, 47, 15.76 W, 1275 MHz, 13801 MHz, Not Active, Not Active, Not Active, Not Active, Not Active
2026/09/03 21:16:06.344, 591 MiB, 47, 15.76 W, 1275 MHz, 13801 MHz, Not Active, Not Active, Not Active, Not Active, Not Active
2026/09/03 21:16:06.544, 591 MiB, 47, 34.33 W, 2400 MHz, 13801 MHz, Not Active, Not Active, Not Active, Not Active, Not Active
2026/09/03 21:16:06.745, 2449 MiB, 47, 34.33 W, 2400 MHz, 13801 MHz, Not Active, Not Active, Not Active, Not Active, Not Active
2026/09/03 21:16:06.945, 2579 MiB, 47, 63.09 W, 2535 MHz, 13801 MHz, Not Active, Not Active, Not Active, Not Active, Not Active
2026/09/03 21:16:07.145, 2579 MiB, 47, 63.09 W, 2535 MHz, 13801 MHz, Not Active, Not Active, Not Active, Not Active, Not Active
2026/09/03 21:16:07.346, 2579 MiB, 47, 63.09 W, 2535 MHz, 13801 MHz, Not Active, Not Active, Not Active, Not Active, Not Active
2026/09/03 21:16:07.546, 4185 MiB, 49, 100.54 W, 2887 MHz, 13801 MHz, Not Active, Not Active, Not Active, Not Active, Not Active
2026/09/03 21:16:07.746, 4187 MiB, 49, 100.54 W, 2887 MHz, 13801 MHz, Not Active, Not Active, Not Active, Not Active, Not Active
2026/09/03 21:16:07.946, 4187 MiB, 51, 167.34 W, 2850 MHz, 13801 MHz, Not Active, Not Active, Not Active, Not Active, Not Active
2026/09/03 21:16:08.147, 4187 MiB, 51, 167.34 W, 2850 MHz, 13801 MHz, Not Active, Not Active, Not Active, Not Active, Not Active
2026/09/03 21:16:08.347, 4187 MiB, 51, 167.34 W, 2850 MHz, 13801 MHz, Not Active, Not Active, Not Active, Not Active, Not Active
2026/09/03 21:16:08.547, 4187 MiB, 51, 206.51 W, 2857 MHz, 13801 MHz, Not Active, Not Active, Not Active, Not Active, Not Active
2026/09/03 21:16:08.748, 4187 MiB, 51, 206.51 W, 2857 MHz, 13801 MHz, Not Active, Not Active, Not Active, Not Active, Not Active
2026/09/03 21:16:08.948, 4187 MiB, 51, 216.63 W, 2857 MHz, 13801 MHz, Not Active, Not Active, Not Active, Not Active, Not Active
2026/09/03 21:16:09.148, 4187 MiB, 51, 216.63 W, 2857 MHz, 13801 MHz, Not Active, Not Active, Not Active, Not Active, Not Active
2026/09/03 21:16:09.348, 4187 MiB, 51, 216.63 W, 2857 MHz, 13801 MHz, Not Active, Not Active, Not Active, Not Active, Not Active
2026/09/03 21:16:09.549, 4187 MiB, 50, 204.43 W, 2850 MHz, 13801 MHz, Not Active, Not Active, Not Active, Not Active, Not Active
2026/09/03 21:16:09.749, 4187 MiB, 50, 204.43 W, 2850 MHz, 13801 MHz, Not Active, Not Active, Not Active, Not Active, Not Active
2026/09/03 21:16:09.949, 4187 MiB, 48, 129.47 W, 2475 MHz, 13801 MHz, Not Active, Not Active, Not Active, Not Active, Not Active
2026/09/03 21:16:10.149, 18 MiB, 48, 129.47 W, 2475 MHz, 13801 MHz, Not Active, Not Active, Not Active, Not Active, Not Active
2026/09/03 21:16:10.350, 18 MiB, 48, 129.47 W, 2475 MHz, 13801 MHz, Not Active, Not Active, Not Active, Not Active, Not Active
