timestamp, memory.used [MiB], temperature.gpu, power.draw [W], clocks.current.sm [MHz], clocks.current.memory [MHz], clocks_event_reasons.sw_power_cap, clocks_event_reasons.hw_slowdown, clocks_event_reasons.hw_thermal_slowdown, clocks_event_reasons.hw_power_brake_slowdown, clocks_event_reasons.sw_thermal_slowdown
2026/09/03 20:40:36.339, 15 MiB, 51, 29.57 W, 435 MHz, 7001 MHz, Not Active, Not Active, Not Active, Not Active, Not Active
2026/09/03 20:40:36.541, 15 MiB, 51, 29.57 W, 435 MHz, 7001 MHz, Not Active, Not Active, Not Active, Not Active, Not Active
2026/09/03 20:40:36.742, 18 MiB, 51, 29.57 W, 435 MHz, 7001 MHz, Not Active, Not Active, Not Active, Not Active, Not Active
2026/09/03 20:40:36.942, 35 MiB, 51, 29.43 W, 435 MHz, 7001 MHz, Not Active, Not Active, Not Active, Not Active, Not Active
2026/09/03 20:40:37.143, 519 MiB, 51, 29.43 W, 435 MHz, 7001 MHz, Not Active, Not Active, Not Active, Not Active, Not Active
2026/09/03 20:40:37.343, 519 MiB, 52, 39.08 W, 2182 MHz, 13801 MHz, Not Active, Not Active, Not Active, Not Active, Not Active
2026/09/03 20:40:37.543, 519 MiB, 52, 39.08 W, 2182 MHz, 13801 MHz, Not Active, Not Active, Not Active, Not Active, Not Active
2026/09/03 20:40:37.744, 519 MiB, 52, 39.08 W, 2182 MHz, 13801 MHz, Not Active, Not Active, Not Active, Not Active, Not Active
2026/09/03 20:40:37.944, 519 MiB, 52, 45.48 W, 2400 MHz, 13801 MHz, Not Active, Not Active, Not Active, Not Active, Not Active
2026/09/03 20:40:38.144, 519 MiB, 52, 45.48 W, 2400 MHz, 13801 MHz, Not Active, Not Active, Not Active, Not Active, Not Active
2026/09/03 20:40:38.344, 519 MiB, 52, 58.25 W, 2400 MHz, 13801 MHz, Not Active, Not Active, Not Active, Not Active, Not Active
2026/09/03 20:40:38.544, 519 MiB, 52, 58.25 W, 2400 MHz, 13801 MHz, Not Active, Not Active, Not Active, Not Active, Not Active
2026/09/03 20:40:38.746, 519 MiB, 52, 58.25 W, 2400 MHz, 13801 MHz, Not Active, Not Active, Not Active, Not Active, Not Active
2026/09/03 20:40:38.946, 519 MiB, 52, 58.17 W, 2400 MHz, 13801 MHz, Not Active, Not Active, Not Active, Not Active, Not Active
2026/09/03 20:40:39.147, 519 MiB, 52, 58.17 W, 2400 MHz, 13801 MHz, Not Active, Not Active, Not Active, Not Active, Not Active
2026/09/03 20:40:39.347, 519 MiB, 52, 58.02 W, 2400 MHz, 13801 MHz, Not Active, Not Active, Not Active, Not Active, Not Active
2026/09/03 20:40:39.548, 519 MiB, 52, 58.02 W, 2400 MHz, 13801 MHz, Not Active, Not Active, Not Active, Not Active, Not Active
2026/09/03 20:40:39.748, 519 MiB, 52, 58.02 W, 2400 MHz, 13801 MHz, Not Active, Not Active, Not Active, Not Active, Not Active
2026/09/03 20:40:39.948, 519 MiB, 52, 57.94 W, 2400 MHz, 13801 MHz, Not Active, Not Active, Not Active, Not Active, Not Active
2026/09/03 20:40:40.148, 519 MiB, 52, 57.94 W, 2400 MHz, 13801 MHz, Not Active, Not Active, Not Active, Not Active, Not Active
2026/09/03 20:40:40.348, 519 MiB, 52, 57.99 W, 2400 MHz, 13801 MHz, Not Active, Not Active, Not Active, Not Active, Not Active
2026/09/03 20:40:40.549, 519 MiB, 52, 57.99 W, 2400 MHz, 13801 MHz, Not Active, Not Active, Not Active, Not Active, Not Active
2026/09/03 20:40:40.749, 519 MiB, 52, 57.99 W, 2400 MHz, 13801 MHz, Not Active, Not Active, Not Active, Not Active, Not Active
2026/09/03 20:40:40.949, 519 MiB, 52, 58.10 W, 2400 MHz, 13801 MHz, Not Active, Not Active, Not Active, Not Active, Not Active
2026/09/03 20:40:41.149, 519 MiB, 52, 58.10 W, 2400 MHz, 13801 MHz, Not Active, Not Active, Not Active, Not Active, Not Active
2026/09/03 20:40:41.350, 519 MiB, 52, 58.22 W, 2400 MHz, 13801 MHz, Not Active, Not Active, Not Active, Not Active, Not Active
2026/09/03 20:40:41.551, 519 MiB, 52, 58.22 W, 2400 MHz, 13801 MHz, Not Active, Not Active, Not Active, Not Active, Not Active
2026/09/03 20:40:41.751, 519 MiB, 52, 58.20 W, 2407 MHz, 13801 MHz, Not Active, Not Active, Not Active, Not Active, Not Active
2026/09/03 20:40:41.951, 519 MiB, 52, 58.20 W, 2407 MHz, 13801 MHz, Not Active, Not Active, Not Active, Not Active, Not Active
2026/09/03 20:40:42.151, 519 MiB, 52, 58.20 W, 2407 MHz, 13801 MHz, Not Active, Not Active, Not Active, Not Active, Not Active
2026/09/03 20:40:42.351, 519 MiB, 52, 58.15 W, 2400 MHz, 13801 MHz, Not Active, Not Active, Not Active, Not Active, Not Active
2026/09/03 20:40:42.552, 519 MiB, 52, 58.15 W, 2400 MHz, 13801 MHz, Not Active, Not Active, Not Active, Not Active, Not Active
2026/09/03 20:40:42.752, 519 MiB, 52, 58.19 W, 2400 MHz, 13801 MHz, Not Active, Not Active, Not Active, Not Active, Not Active
2026/09/03 20:40:42.952, 519 MiB, 52, 58.19 W, 2400 MHz, 13801 MHz, Not Active, Not Active, Not Active, Not Active, Not Active
2026/09/03 20:40:43.152, 519 MiB, 52, 58.19 W, 2400 MHz, 13801 MHz, Not Active, Not Active, Not Active, Not Active, Not Active
2026/09/03 20:40:43.353, 519 MiB, 52, 58.21 W, 2400 MHz, 13801 MHz, Not Active, Not Active, Not Active, Not Active, Not Active
2026/09/03 20:40:43.553, 519 MiB, 52, 58.21 W, 2400 MHz, 13801 MHz, Not Active, Not Active, Not Active, Not Active, Not Active
2026/09/03 20:40:43.753, 519 MiB, 52, 58.20 W, 2400 MHz, 13801 MHz, Not Active, Not Active, Not Active, Not Active, Not Active
2026/09/03 20:40:43.953, 519 MiB, 52, 58.20 W, 2400 MHz, 13801 MHz, Not Active, Not Active, Not Active, Not Active, Not Active
2026/09/03 20:40:44.154, 519 MiB, 52, 58.20 W, 2400 MHz, 13801 MHz, Not Active, Not Active, Not Active, Not Active, Not Active
2026/09/03 20:40:44.354, 519 MiB, 52, 58.33 W, 2400 MHz, 13801 MHz, Not Active, Not Active, Not Active, Not Active, Not Active
2026/09/03 20:40:44.554, 519 MiB, 52, 58.33 W, 2400 MHz, 13801 MHz, Not Active, Not Active, Not Active, Not Active, Not Active
2026/09/03 20:40:44.754, 519 MiB, 52, 58.53 W, 2400 MHz, 13801 MHz, Not Active, Not Active, Not Active, Not Active, Not Active
2026/09/03 20:40:44.955, 519 MiB, 52, 58.53 W, 2400 MHz, 13801 MHz, Not Active, Not Active, Not Active, Not Active, Not Active
2026/09/03 20:40:45.155, 519 MiB, 52, 58.53 W, 2400 MHz, 13801 MHz, Not Active, Not Active, Not Active, Not Active, Not Active
2026/09/03 20:40:45.355, 519 MiB, 52, 58.42 W, 2400 MHz, 13801 MHz, Not Active, Not Active, Not Active, Not Active, Not Active
2026/09/03 20:40:45.555, 519 MiB, 52, 58.42 W, 2400 MHz, 13801 MHz, Not Active, Not Active, Not Active, Not Active, Not Active
2026/09/03 20:40:45.756, 519 MiB, 52, 58.24 W, 2400 MHz, 13801 MHz, Not Active, Not Active, Not Active, Not Active, Not Active
2026/09/03 20:40:45.956, 519 MiB, 52, 58.24 W, 2400 MHz, 13801 MHz, Not Active, Not Active, Not Active, Not Active, Not Active
2026/09/03 20:40:46.156, 519 MiB, 52, 58.24 W, 2400 MHz, 13801 MHz, Not Active, Not Active, Not Active, Not Active, Not Active
2026/09/03 20:40:46.356, 519 MiB, 52, 58.34 W, 2400 MHz, 13801 MHz, Not Active, Not Active, Not Active, Not Active, Not Active
2026/09/03 20:40:46.556, 519 MiB, 52, 58.34 W, 2400 MHz, 13801 MHz, Not Active, Not Active, Not Active, Not Active, Not Active
2026/09/03 20:40:46.757, 519 MiB, 52, 58.26 W, 2400 MHz, 13801 MHz, Not Active, Not Active, Not Active, Not Active, Not Active
2026/09/03 20:40:46.957, 519 MiB, 52, 58.26 W, 2400 MHz, 13801 MHz, Not Active, Not Active, Not Active, Not Active, Not Active
2026/09/03 20:40:47.157, 519 MiB, 52, 58.26 W, 2400 MHz, 13801 MHz, Not Active, Not Active, Not Active, Not Active, Not Active
2026/09/03 20:40:47.358, 519 MiB, 52, 58.27 W, 2400 MHz, 13801 MHz, Not Active, Not Active, Not Active, Not Active, Not Active
2026/09/03 20:40:47.558, 519 MiB, 52, 58.27 W, 2400 MHz, 13801 MHz, Not Active, Not Active, Not Active, Not Active, Not Active
2026/09/03 20:40:47.758, 519 MiB, 52, 58.30 W, 2400 MHz, 13801 MHz, Not Active, Not Active, Not Active, Not Active, Not Active
2026/09/03 20:40:47.958, 519 MiB, 52, 58.30 W, 2400 MHz, 13801 MHz, Not Active, Not Active, Not Active, Not Active, Not Active
2026/09/03 20:40:48.159, 519 MiB, 52, 58.30 W, 2400 MHz, 13801 MHz, Not Active, Not Active, Not Active, Not Active, Not Active
2026/09/03 20:40:48.359, 519 MiB, 52, 58.39 W, 2400 MHz, 13801 MHz, Not Active, Not Active, Not Active, Not Active, Not Active
2026/09/03 20:40:48.559, 519 MiB, 52, 58.39 W, 2400 MHz, 13801 MHz, Not Active, Not Active, Not Active, Not Active, Not Active
2026/09/03 20:40:48.759, 519 MiB, 52, 58.40 W, 2400 MHz, 13801 MHz, Not Active, Not Active, Not Active, Not Active, Not Active
2026/09/03 20:40:48.960, 519 MiB, 52, 58.40 W, 2400 MHz, 13801 MHz, Not Active, Not Active, Not Active, Not Active, Not Active
2026/09/03 20:40:49.160, 519 MiB, 52, 58.40 W, 2400 MHz, 13801 MHz, Not Active, Not Active, Not Active, Not Active, Not Active
2026/09/03 20:40:49.360, 519 MiB, 52, 58.33 W, 2400 MHz, 13801 MHz, Not Active, Not Active, Not Active, Not Active, Not Active
2026/09/03 20:40:49.560, 519 MiB, 52, 58.33 W, 2400 MHz, 13801 MHz, Not Active, Not Active, Not Active, Not Active, Not Active
2026/09/03 20:40:49.761, 519 MiB, 52, 58.25 W, 2400 MHz, 13801 MHz, Not Active, Not Active, Not Active, Not Active, Not Active
2026/09/03 20:40:49.961, 519 MiB, 52, 58.25 W, 2400 MHz, 13801 MHz, Not Active, Not Active, Not Active, Not Active, Not Active
2026/09/03 20:40:50.161, 519 MiB, 52, 58.25 W, 2400 MHz, 13801 MHz, Not Active, Not Active, Not Active, Not Active, Not Active
2026/09/03 20:40:50.362, 519 MiB, 53, 58.09 W, 2400 MHz, 13801 MHz, Not Active, Not Active, Not Active, Not Active, Not Active
2026/09/03 20:40:50.562, 519 MiB, 53, 58.09 W, 2400 MHz, 13801 MHz, Not Active, Not Active, Not Active, Not Active, Not Active
2026/09/03 20:40:50.762, 519 MiB, 52, 58.17 W, 2400 MHz, 13801 MHz, Not Active, Not Active, Not Active, Not Active, Not Active
2026/09/03 20:40:50.962, 519 MiB, 52, 58.17 W, 2400 MHz, 13801 MHz, Not Active, Not Active, Not Active, Not Active, Not Active
2026/09/03 20:40:51.163, 519 MiB, 52, 58.17 W, 2400 MHz, 13801 MHz, Not Active, Not Active, Not Active, Not Active, Not Active
2026/09/03 20:40:51.363, 519 MiB, 52, 58.33 W, 2400 MHz, 13801 MHz, Not Active, Not Active, Not Active, Not Active, Not Active
2026/09/03 20:40:51.563, 519 MiB, 52, 58.33 W, 2400 MHz, 13801 MHz, Not Active, Not Active, Not Active, Not Active, Not Active
2026/09/03 20:40:51.763, 519 MiB, 53, 58.42 W, 2400 MHz, 13801 MHz, Not Active, Not Active, Not Active, Not Active, Not Active
2026/09/03 20:40:51.964, 519 MiB, 53, 58.42 W, 2400 MHz, 13801 MHz, Not Active, Not Active, Not Active, Not Active, Not Active
2026/09/03 20:40:52.164, 519 MiB, 53, 58.42 W, 2400 MHz, 13801 MHz, Not Active, Not Active, Not Active, Not Active, Not Active
2026/09/03 20:40:52.364, 519 MiB, 53, 58.54 W, 2400 MHz, 13801 MHz, Not Active, Not Active, Not Active, Not Active, Not Active
2026/09/03 20:40:52.564, 519 MiB, 53, 58.54 W, 2400 MHz, 13801 MHz, Not Active, Not Active, Not Active, Not Active, Not Active
2026/09/03 20:40:52.764, 519 MiB, 52, 58.53 W, 2400 MHz, 13801 MHz, Not Active, Not Active, Not Active, Not Active, Not Active
2026/09/03 20:40:52.965, 519 MiB, 52, 58.53 W, 2400 MHz, 13801 MHz, Not Active, Not Active, Not Active, Not Active, Not Active
2026/09/03 20:40:53.165, 519 MiB, 52, 58.53 W, 2400 MHz, 13801 MHz, Not Active, Not Active, Not Active, Not Active, Not Active
2026/09/03 20:40:53.365, 519 MiB, 53, 58.49 W, 2400 MHz, 13801 MHz, Not Active, Not Active, Not Active, Not Active, Not Active
2026/09/03 20:40:53.566, 519 MiB, 53, 58.49 W, 2400 MHz, 13801 MHz, Not Active, Not Active, Not Active, Not Active, Not Active
2026/09/03 20:40:53.766, 519 MiB, 53, 58.47 W, 2400 MHz, 13801 MHz, Not Active, Not Active, Not Active, Not Active, Not Active
2026/09/03 20:40:53.966, 519 MiB, 53, 58.47 W, 2400 MHz, 13801 MHz, Not Active, Not Active, Not Active, Not Active, Not Active
2026/09/03 20:40:54.166, 519 MiB, 53, 58.47 W, 2400 MHz, 13801 MHz, Not Active, Not Active, Not Active, Not Active, Not Active
2026/09/03 20:40:54.367, 519 MiB, 52, 43.68 W, 59 MHz, 810 MHz, Not Active, Not Active, Not Active, Not Active, Not Active
2026/09/03 20:40:54.567, 519 MiB, 52, 43.68 W, 59 MHz, 810 MHz, Not Active, Not Active, Not Active, Not Active, Not Active
2026/09/03 20:40:54.767, 519 MiB, 52, 23.68 W, 44 MHz, 810 MHz, Not Active, Not Active, Not Active, Not Active, Not Active
2026/09/03 20:40:54.967, 519 MiB, 52, 23.68 W, 44 MHz, 810 MHz, Not Active, Not Active, Not Active, Not Active, Not Active
2026/09/03 20:40:55.168, 519 MiB, 52, 23.68 W, 44 MHz, 810 MHz, Not Active, Not Active, Not Active, Not Active, Not Active
2026/09/03 20:40:55.368, 519 MiB, 52, 19.57 W, 44 MHz, 810 MHz, Not Active, Not Active, Not Active, Not Active, Not Active
2026/09/03 20:40:55.568, 519 MiB, 52, 19.57 W, 44 MHz, 810 MHz, Not Active, Not Active, Not Active, Not Active, Not Active
2026/09/03 20:40:55.769, 519 MiB, 52, 19.57 W, 25 MHz, 405 MHz, Not Active, Not Active, Not Active, Not Active, Not Active
2026/09/03 20:40:55.969, 519 MiB, 52, 19.57 W, 25 MHz, 405 MHz, Not Active, Not Active, Not Active, Not Active, Not Active
2026/09/03 20:40:56.169, 519 MiB, 52, 19.57 W, 25 MHz, 405 MHz, Not Active, Not Active, Not Active, Not Active, Not Active
2026/09/03 20:40:56.369, 519 MiB, 52, 14.53 W, 22 MHz, 405 MHz, Not Active, Not Active, Not Active, Not Active, Not Active
2026/09/03 20:40:56.569, 519 MiB, 52, 14.53 W, 22 MHz, 405 MHz, Not Active, Not Active, Not Active, Not Active, Not Active
2026/09/03 20:40:56.770, 519 MiB, 52, 14.78 W, 22 MHz, 405 MHz, Not Active, Not Active, Not Active, Not Active, Not Active
2026/09/03 20:40:56.970, 519 MiB, 52, 14.78 W, 22 MHz, 405 MHz, Not Active, Not Active, Not Active, Not Active, Not Active
2026/09/03 20:40:57.170, 519 MiB, 52, 14.78 W, 22 MHz, 405 MHz, Not Active, Not Active, Not Active, Not Active, Not Active
2026/09/03 20:40:57.371, 519 MiB, 52, 15.83 W, 22 MHz, 405 MHz, Not Active, Not Active, Not Active, Not Active, Not Active
2026/09/03 20:40:57.571, 519 MiB, 52, 15.83 W, 22 MHz, 405 MHz, Not Active, Not Active, Not Active, Not Active, Not Active
2026/09/03 20:40:57.771, 519 MiB, 51, 15.83 W, 22 MHz, 405 MHz, Not Active, Not Active, Not Active, Not Active, Not Active
2026/09/03 20:40:57.971, 519 MiB, 51, 15.83 W, 22 MHz, 405 MHz, Not Active, Not Active, Not Active, Not Active, Not Active
2026/09/03 20:40:58.172, 519 MiB, 51, 15.83 W, 22 MHz, 405 MHz, Not Active, Not Active, Not Active, Not Active, Not Active
2026/09/03 20:40:58.372, 519 MiB, 51, 13.79 W, 22 MHz, 405 MHz, Not Active, Not Active, Not Active, Not Active, Not Active
2026/09/03 20:40:58.572, 519 MiB, 51, 13.79 W, 22 MHz, 405 MHz, Not Active, Not Active, Not Active, Not Active, Not Active
2026/09/03 20:40:58.772, 519 MiB, 51, 13.78 W, 22 MHz, 405 MHz, Not Active, Not Active, Not Active, Not Active, Not Active
2026/09/03 20:40:58.973, 519 MiB, 51, 13.78 W, 22 MHz, 405 MHz, Not Active, Not Active, Not Active, Not Active, Not Active
2026/09/03 20:40:59.173, 519 MiB, 51, 13.78 W, 22 MHz, 405 MHz, Not Active, Not Active, Not Active, Not Active, Not Active
2026/09/03 20:40:59.373, 519 MiB, 51, 13.78 W, 22 MHz, 405 MHz, Not Active, Not Active, Not Active, Not Active, Not Active
2026/09/03 20:40:59.573, 519 MiB, 51, 13.78 W, 22 MHz, 405 MHz, Not Active, Not Active, Not Active, Not Active, Not Active
2026/09/03 20:40:59.774, 519 MiB, 51, 13.76 W, 22 MHz, 405 MHz, Not Active, Not Active, Not Active, Not Active, Not Active
2026/09/03 20:40:59.974, 519 MiB, 51, 13.76 W, 22 MHz, 405 MHz, Not Active, Not Active, Not Active, Not Active, Not Active
2026/09/03 20:41:00.174, 519 MiB, 51, 13.76 W, 22 MHz, 405 MHz, Not Active, Not Active, Not Active, Not Active, Not Active
2026/09/03 20:41:00.374, 519 MiB, 51, 13.76 W, 22 MHz, 405 MHz, Not Active, Not Active, Not Active, Not Active, Not Active
2026/09/03 20:41:00.575, 519 MiB, 51, 13.76 W, 22 MHz, 405 MHz, Not Active, Not Active, Not Active, Not Active, Not Active
2026/09/03 20:41:00.775, 519 MiB, 51, 13.69 W, 22 MHz, 405 MHz, Not Active, Not Active, Not Active, Not Active, Not Active
2026/09/03 20:41:00.975, 519 MiB, 51, 13.69 W, 22 MHz, 405 MHz, Not Active, Not Active, Not Active, Not Active, Not Active
2026/09/03 20:41:01.175, 519 MiB, 51, 13.69 W, 22 MHz, 405 MHz, Not Active, Not Active, Not Active, Not Active, Not Active
2026/09/03 20:41:01.376, 519 MiB, 51, 13.69 W, 22 MHz, 405 MHz, Not Active, Not Active, Not Active, Not Active, Not Active
2026/09/03 20:41:01.576, 519 MiB, 51, 13.69 W, 22 MHz, 405 MHz, Not Active, Not Active, Not Active, Not Active, Not Active
2026/09/03 20:41:01.776, 519 MiB, 51, 13.72 W, 22 MHz, 405 MHz, Not Active, Not Active, Not Active, Not Active, Not Active
2026/09/03 20:41:01.976, 519 MiB, 51, 13.72 W, 22 MHz, 405 MHz, Not Active, Not Active, Not Active, Not Active, Not Active
2026/09/03 20:41:02.176, 519 MiB, 51, 13.72 W, 22 MHz, 405 MHz, Not Active, Not Active, Not Active, Not Active, Not Active
2026/09/03 20:41:02.377, 519 MiB, 51, 13.72 W, 22 MHz, 405 MHz, Not Active, Not Active, Not Active, Not Active, Not Active
2026/09/03 20:41:02.577, 519 MiB, 51, 13.72 W, 22 MHz, 405 MHz, Not Active, Not Active, Not Active, Not Active, Not Active
2026/09/03 20:41:02.777, 519 MiB, 51, 13.49 W, 22 MHz, 405 MHz, Not Active, Not Active, Not Active, Not Active, Not Active
2026/09/03 20:41:02.978, 519 MiB, 51, 13.49 W, 22 MHz, 405 MHz, Not Active, Not Active, Not Active, Not Active, Not Active
2026/09/03 20:41:03.178, 519 MiB, 51, 13.49 W, 22 MHz, 405 MHz, Not Active, Not Active, Not Active, Not Active, Not Active
2026/09/03 20:41:03.378, 519 MiB, 51, 14.24 W, 24 MHz, 405 MHz, Not Active, Not Active, Not Active, Not Active, Not Active
2026/09/03 20:41:03.579, 519 MiB, 51, 14.24 W, 24 MHz, 405 MHz, Not Active, Not Active, Not Active, Not Active, Not Active
2026/09/03 20:41:03.779, 519 MiB, 51, 14.70 W, 22 MHz, 405 MHz, Not Active, Not Active, Not Active, Not Active, Not Active
2026/09/03 20:41:03.980, 519 MiB, 51, 14.70 W, 22 MHz, 405 MHz, Not Active, Not Active, Not Active, Not Active, Not Active
2026/09/03 20:41:04.180, 519 MiB, 51, 14.70 W, 22 MHz, 405 MHz, Not Active, Not Active, Not Active, Not Active, Not Active
2026/09/03 20:41:04.380, 519 MiB, 51, 15.93 W, 22 MHz, 405 MHz, Not Active, Not Active, Not Active, Not Active, Not Active
2026/09/03 20:41:04.580, 519 MiB, 51, 15.93 W, 22 MHz, 405 MHz, Not Active, Not Active, Not Active, Not Active, Not Active
2026/09/03 20:41:04.781, 519 MiB, 51, 15.93 W, 22 MHz, 405 MHz, Not Active, Not Active, Not Active, Not Active, Not Active
2026/09/03 20:41:04.981, 519 MiB, 51, 15.93 W, 22 MHz, 405 MHz, Not Active, Not Active, Not Active, Not Active, Not Active
2026/09/03 20:41:05.181, 519 MiB, 51, 15.93 W, 22 MHz, 405 MHz, Not Active, Not Active, Not Active, Not Active, Not Active
2026/09/03 20:41:05.381, 519 MiB, 51, 13.68 W, 22 MHz, 405 MHz, Not Active, Not Active, Not Active, Not Active, Not Active
2026/09/03 20:41:05.582, 519 MiB, 51, 13.68 W, 22 MHz, 405 MHz, Not Active, Not Active, Not Active, Not Active, Not Active
2026/09/03 20:41:05.782, 519 MiB, 51, 13.68 W, 22 MHz, 405 MHz, Not Active, Not Active, Not Active, Not Active, Not Active
2026/09/03 20:41:05.982, 519 MiB, 51, 13.68 W, 22 MHz, 405 MHz, Not Active, Not Active, Not Active, Not Active, Not Active
2026/09/03 20:41:06.183, 519 MiB, 51, 13.68 W, 22 MHz, 405 MHz, Not Active, Not Active, Not Active, Not Active, Not Active
2026/09/03 20:41:06.383, 519 MiB, 51, 13.72 W, 22 MHz, 405 MHz, Not Active, Not Active, Not Active, Not Active, Not Active
2026/09/03 20:41:06.583, 519 MiB, 51, 13.72 W, 22 MHz, 405 MHz, Not Active, Not Active, Not Active, Not Active, Not Active
2026/09/03 20:41:06.783, 519 MiB, 51, 13.72 W, 22 MHz, 405 MHz, Not Active, Not Active, Not Active, Not Active, Not Active
2026/09/03 20:41:06.984, 519 MiB, 51, 13.72 W, 22 MHz, 405 MHz, Not Active, Not Active, Not Active, Not Active, Not Active
2026/09/03 20:41:07.184, 519 MiB, 51, 13.72 W, 22 MHz, 405 MHz, Not Active, Not Active, Not Active, Not Active, Not Active
2026/09/03 20:41:07.384, 519 MiB, 51, 13.79 W, 22 MHz, 405 MHz, Not Active, Not Active, Not Active, Not Active, Not Active
2026/09/03 20:41:07.585, 519 MiB, 51, 13.79 W, 22 MHz, 405 MHz, Not Active, Not Active, Not Active, Not Active, Not Active
2026/09/03 20:41:07.785, 519 MiB, 51, 13.79 W, 22 MHz, 405 MHz, Not Active, Not Active, Not Active, Not Active, Not Active
2026/09/03 20:41:07.985, 519 MiB, 51, 13.79 W, 22 MHz, 405 MHz, Not Active, Not Active, Not Active, Not Active, Not Active
2026/09/03 20:41:08.185, 519 MiB, 51, 13.79 W, 22 MHz, 405 MHz, Not Active, Not Active, Not Active, Not Active, Not Active
2026/09/03 20:41:08.386, 519 MiB, 51, 13.72 W, 21 MHz, 405 MHz, Not Active, Not Active, Not Active, Not Active, Not Active
2026/09/03 20:41:08.586, 519 MiB, 51, 13.72 W, 21 MHz, 405 MHz, Not Active, Not Active, Not Active, Not Active, Not Active
2026/09/03 20:41:08.786, 519 MiB, 51, 13.72 W, 21 MHz, 405 MHz, Not Active, Not Active, Not Active, Not Active, Not Active
2026/09/03 20:41:08.987, 519 MiB, 51, 13.72 W, 21 MHz, 405 MHz, Not Active, Not Active, Not Active, Not Active, Not Active
2026/09/03 20:41:09.187, 519 MiB, 51, 13.72 W, 21 MHz, 405 MHz, Not Active, Not Active, Not Active, Not Active, Not Active
2026/09/03 20:41:09.387, 519 MiB, 51, 13.63 W, 22 MHz, 405 MHz, Not Active, Not Active, Not Active, Not Active, Not Active
2026/09/03 20:41:09.587, 519 MiB, 51, 13.63 W, 22 MHz, 405 MHz, Not Active, Not Active, Not Active, Not Active, Not Active
2026/09/03 20:41:09.788, 519 MiB, 51, 13.63 W, 22 MHz, 405 MHz, Not Active, Not Active, Not Active, Not Active, Not Active
2026/09/03 20:41:09.988, 519 MiB, 51, 13.63 W, 22 MHz, 405 MHz, Not Active, Not Active, Not Active, Not Active, Not Active
2026/09/03 20:41:10.188, 519 MiB, 51, 13.63 W, 22 MHz, 405 MHz, Not Active, Not Active, Not Active, Not Active, Not Active
2026/09/03 20:41:10.388, 519 MiB, 51, 13.99 W, 22 MHz, 405 MHz, Not Active, Not Active, Not Active, Not Active, Not Active
2026/09/03 20:41:10.589, 519 MiB, 51, 13.99 W, 22 MHz, 405 MHz, Not Active, Not Active, Not Active, Not Active, Not Active
2026/09/03 20:41:10.789, 519 MiB, 51, 14.56 W, 22 MHz, 405 MHz, Not Active, Not Active, Not Active, Not Active, Not Active
2026/09/03 20:41:10.989, 519 MiB, 51, 14.56 W, 22 MHz, 405 MHz, Not Active, Not Active, Not Active, Not Active, Not Active
2026/09/03 20:41:11.189, 519 MiB, 51, 14.56 W, 22 MHz, 405 MHz, Not Active, Not Active, Not Active, Not Active, Not Active
2026/09/03 20:41:11.390, 519 MiB, 51, 15.91 W, 22 MHz, 405 MHz, Not Active, Not Active, Not Active, Not Active, Not Active
2026/09/03 20:41:11.590, 519 MiB, 51, 15.91 W, 22 MHz, 405 MHz, Not Active, Not Active, Not Active, Not Active, Not Active
2026/09/03 20:41:11.790, 519 MiB, 51, 15.91 W, 22 MHz, 405 MHz, Not Active, Not Active, Not Active, Not Active, Not Active
2026/09/03 20:41:11.991, 519 MiB, 51, 15.91 W, 22 MHz, 405 MHz, Not Active, Not Active, Not Active, Not Active, Not Active
2026/09/03 20:41:12.191, 519 MiB, 51, 15.91 W, 22 MHz, 405 MHz, Not Active, Not Active, Not Active, Not Active, Not Active
2026/09/03 20:41:12.391, 519 MiB, 51, 14.06 W, 22 MHz, 405 MHz, Not Active, Not Active, Not Active, Not Active, Not Active
2026/09/03 20:41:12.591, 519 MiB, 51, 14.06 W, 22 MHz, 405 MHz, Not Active, Not Active, Not Active, Not Active, Not Active
2026/09/03 20:41:12.791, 519 MiB, 51, 14.06 W, 22 MHz, 405 MHz, Not Active, Not Active, Not Active, Not Active, Not Active
2026/09/03 20:41:12.992, 519 MiB, 51, 14.06 W, 22 MHz, 405 MHz, Not Active, Not Active, Not Active, Not Active, Not Active
2026/09/03 20:41:13.192, 519 MiB, 51, 14.06 W, 22 MHz, 405 MHz, Not Active, Not Active, Not Active, Not Active, Not Active
2026/09/03 20:41:13.392, 519 MiB, 51, 13.97 W, 22 MHz, 405 MHz, Not Active, Not Active, Not Active, Not Active, Not Active
2026/09/03 20:41:13.593, 519 MiB, 51, 13.97 W, 22 MHz, 405 MHz, Not Active, Not Active, Not Active, Not Active, Not Active
2026/09/03 20:41:13.793, 519 MiB, 51, 13.97 W, 22 MHz, 405 MHz, Not Active, Not Active, Not Active, Not Active, Not Active
2026/09/03 20:41:13.993, 519 MiB, 51, 13.97 W, 22 MHz, 405 MHz, Not Active, Not Active, Not Active, Not Active, Not Active
2026/09/03 20:41:14.193, 519 MiB, 51, 13.97 W, 22 MHz, 405 MHz, Not Active, Not Active, Not Active, Not Active, Not Active
2026/09/03 20:41:14.393, 519 MiB, 51, 13.93 W, 22 MHz, 405 MHz, Not Active, Not Active, Not Active, Not Active, Not Active
2026/09/03 20:41:14.594, 519 MiB, 51, 13.93 W, 22 MHz, 405 MHz, Not Active, Not Active, Not Active, Not Active, Not Active
2026/09/03 20:41:14.794, 519 MiB, 51, 13.93 W, 22 MHz, 405 MHz, Not Active, Not Active, Not Active, Not Active, Not Active
2026/09/03 20:41:14.994, 519 MiB, 51, 13.93 W, 22 MHz, 405 MHz, Not Active, Not Active, Not Active, Not Active, Not Active
2026/09/03 20:41:15.195, 519 MiB, 51, 13.93 W, 22 MHz, 405 MHz, Not Active, Not Active, Not Active, Not Active, Not Active
2026/09/03 20:41:15.395, 519 MiB, 51, 13.95 W, 22 MHz, 405 MHz, Not Active, Not Active, Not Active, Not Active, Not Active
2026/09/03 20:41:15.595, 519 MiB, 51, 13.95 W, 22 MHz, 405 MHz, Not Active, Not Active, Not Active, Not Active, Not Active
2026/09/03 20:41:15.795, 519 MiB, 51, 13.95 W, 22 MHz, 405 MHz, Not Active, Not Active, Not Active, Not Active, Not Active
2026/09/03 20:41:15.996, 519 MiB, 51, 13.95 W, 22 MHz, 405 MHz, Not Active, Not Active, Not Active, Not Active, Not Active
2026/09/03 20:41:16.196, 519 MiB, 51, 13.95 W, 22 MHz, 405 MHz, Not Active, Not Active, Not Active, Not Active, Not Active
2026/09/03 20:41:16.396, 519 MiB, 51, 13.98 W, 22 MHz, 405 MHz, Not Active, Not Active, Not Active, Not Active, Not Active
2026/09/03 20:41:16.597, 519 MiB, 51, 13.98 W, 22 MHz, 405 MHz, Not Active, Not Active, Not Active, Not Active, Not Active
2026/09/03 20:41:16.797, 519 MiB, 51, 13.98 W, 22 MHz, 405 MHz, Not Active, Not Active, Not Active, Not Active, Not Active
2026/09/03 20:41:16.997, 519 MiB, 51, 13.98 W, 22 MHz, 405 MHz, Not Active, Not Active, Not Active, Not Active, Not Active
2026/09/03 20:41:17.197, 519 MiB, 51, 13.98 W, 22 MHz, 405 MHz, Not Active, Not Active, Not Active, Not Active, Not Active
2026/09/03 20:41:17.398, 519 MiB, 51, 13.65 W, 22 MHz, 405 MHz, Not Active, Not Active, Not Active, Not Active, Not Active
2026/09/03 20:41:17.598, 519 MiB, 51, 13.65 W, 22 MHz, 405 MHz, Not Active, Not Active, Not Active, Not Active, Not Active
2026/09/03 20:41:17.798, 519 MiB, 51, 14.30 W, 22 MHz, 405 MHz, Not Active, Not Active, Not Active, Not Active, Not Active
2026/09/03 20:41:17.998, 519 MiB, 51, 14.30 W, 22 MHz, 405 MHz, Not Active, Not Active, Not Active, Not Active, Not Active
2026/09/03 20:41:18.199, 519 MiB, 51, 14.30 W, 22 MHz, 405 MHz, Not Active, Not Active, Not Active, Not Active, Not Active
2026/09/03 20:41:18.399, 519 MiB, 51, 15.61 W, 22 MHz, 405 MHz, Not Active, Not Active, Not Active, Not Active, Not Active
2026/09/03 20:41:18.599, 519 MiB, 51, 15.61 W, 22 MHz, 405 MHz, Not Active, Not Active, Not Active, Not Active, Not Active
2026/09/03 20:41:18.799, 519 MiB, 51, 15.61 W, 22 MHz, 405 MHz, Not Active, Not Active, Not Active, Not Active, Not Active
2026/09/03 20:41:19.000, 519 MiB, 51, 15.61 W, 22 MHz, 405 MHz, Not Active, Not Active, Not Active, Not Active, Not Active
2026/09/03 20:41:19.200, 519 MiB, 51, 15.61 W, 22 MHz, 405 MHz, Not Active, Not Active, Not Active, Not Active, Not Active
2026/09/03 20:41:19.400, 519 MiB, 51, 13.41 W, 22 MHz, 405 MHz, Not Active, Not Active, Not Active, Not Active, Not Active
2026/09/03 20:41:19.600, 519 MiB, 51, 13.41 W, 22 MHz, 405 MHz, Not Active, Not Active, Not Active, Not Active, Not Active
2026/09/03 20:41:19.801, 519 MiB, 51, 13.41 W, 22 MHz, 405 MHz, Not Active, Not Active, Not Active, Not Active, Not Active
2026/09/03 20:41:20.001, 519 MiB, 51, 13.41 W, 22 MHz, 405 MHz, Not Active, Not Active, Not Active, Not Active, Not Active
2026/09/03 20:41:20.201, 519 MiB, 51, 13.41 W, 22 MHz, 405 MHz, Not Active, Not Active, Not Active, Not Active, Not Active
2026/09/03 20:41:20.402, 519 MiB, 51, 13.56 W, 22 MHz, 405 MHz, Not Active, Not Active, Not Active, Not Active, Not Active
2026/09/03 20:41:20.602, 519 MiB, 51, 13.56 W, 22 MHz, 405 MHz, Not Active, Not Active, Not Active, Not Active, Not Active
2026/09/03 20:41:20.802, 519 MiB, 51, 13.56 W, 22 MHz, 405 MHz, Not Active, Not Active, Not Active, Not Active, Not Active
2026/09/03 20:41:21.002, 519 MiB, 51, 13.56 W, 22 MHz, 405 MHz, Not Active, Not Active, Not Active, Not Active, Not Active
2026/09/03 20:41:21.203, 519 MiB, 51, 13.56 W, 22 MHz, 405 MHz, Not Active, Not Active, Not Active, Not Active, Not Active
2026/09/03 20:41:21.403, 519 MiB, 51, 13.67 W, 22 MHz, 405 MHz, Not Active, Not Active, Not Active, Not Active, Not Active
2026/09/03 20:41:21.603, 519 MiB, 51, 13.67 W, 22 MHz, 405 MHz, Not Active, Not Active, Not Active, Not Active, Not Active
2026/09/03 20:41:21.803, 519 MiB, 51, 13.67 W, 22 MHz, 405 MHz, Not Active, Not Active, Not Active, Not Active, Not Active
2026/09/03 20:41:22.003, 519 MiB, 51, 13.67 W, 22 MHz, 405 MHz, Not Active, Not Active, Not Active, Not Active, Not Active
2026/09/03 20:41:22.204, 519 MiB, 51, 13.67 W, 22 MHz, 405 MHz, Not Active, Not Active, Not Active, Not Active, Not Active
2026/09/03 20:41:22.404, 519 MiB, 51, 13.24 W, 22 MHz, 405 MHz, Not Active, Not Active, Not Active, Not Active, Not Active
2026/09/03 20:41:22.604, 519 MiB, 51, 13.24 W, 22 MHz, 405 MHz, Not Active, Not Active, Not Active, Not Active, Not Active
2026/09/03 20:41:22.804, 519 MiB, 51, 13.24 W, 22 MHz, 405 MHz, Not Active, Not Active, Not Active, Not Active, Not Active
2026/09/03 20:41:23.005, 519 MiB, 51, 13.24 W, 22 MHz, 405 MHz, Not Active, Not Active, Not Active, Not Active, Not Active
2026/09/03 20:41:23.205, 519 MiB, 51, 13.24 W, 22 MHz, 405 MHz, Not Active, Not Active, Not Active, Not Active, Not Active
2026/09/03 20:41:23.405, 519 MiB, 51, 13.25 W, 22 MHz, 405 MHz, Not Active, Not Active, Not Active, Not Active, Not Active
2026/09/03 20:41:23.606, 519 MiB, 51, 13.25 W, 22 MHz, 405 MHz, Not Active, Not Active, Not Active, Not Active, Not Active
2026/09/03 20:41:23.806, 519 MiB, 51, 13.25 W, 22 MHz, 405 MHz, Not Active, Not Active, Not Active, Not Active, Not Active
2026/09/03 20:41:24.006, 519 MiB, 51, 13.25 W, 22 MHz, 405 MHz, Not Active, Not Active, Not Active, Not Active, Not Active
2026/09/03 20:41:24.207, 519 MiB, 51, 13.25 W, 22 MHz, 405 MHz, Not Active, Not Active, Not Active, Not Active, Not Active
2026/09/03 20:41:24.407, 519 MiB, 51, 13.76 W, 22 MHz, 405 MHz, Not Active, Not Active, Not Active, Not Active, Not Active
2026/09/03 20:41:24.607, 519 MiB, 51, 13.76 W, 22 MHz, 405 MHz, Not Active, Not Active, Not Active, Not Active, Not Active
2026/09/03 20:41:24.808, 519 MiB, 51, 14.31 W, 24 MHz, 405 MHz, Not Active, Not Active, Not Active, Not Active, Not Active
2026/09/03 20:41:25.008, 519 MiB, 51, 14.31 W, 24 MHz, 405 MHz, Not Active, Not Active, Not Active, Not Active, Not Active
2026/09/03 20:41:25.208, 519 MiB, 51, 14.31 W, 24 MHz, 405 MHz, Not Active, Not Active, Not Active, Not Active, Not Active
2026/09/03 20:41:25.408, 519 MiB, 51, 14.57 W, 22 MHz, 405 MHz, Not Active, Not Active, Not Active, Not Active, Not Active
2026/09/03 20:41:25.609, 519 MiB, 51, 14.57 W, 22 MHz, 405 MHz, Not Active, Not Active, Not Active, Not Active, Not Active
2026/09/03 20:41:25.809, 519 MiB, 51, 15.39 W, 22 MHz, 405 MHz, Not Active, Not Active, Not Active, Not Active, Not Active
2026/09/03 20:41:26.009, 519 MiB, 51, 15.39 W, 22 MHz, 405 MHz, Not Active, Not Active, Not Active, Not Active, Not Active
2026/09/03 20:41:26.209, 519 MiB, 51, 15.39 W, 22 MHz, 405 MHz, Not Active, Not Active, Not Active, Not Active, Not Active
2026/09/03 20:41:26.409, 519 MiB, 51, 15.39 W, 22 MHz, 405 MHz, Not Active, Not Active, Not Active, Not Active, Not Active
2026/09/03 20:41:26.610, 519 MiB, 51, 15.39 W, 22 MHz, 405 MHz, Not Active, Not Active, Not Active, Not Active, Not Active
2026/09/03 20:41:26.810, 519 MiB, 51, 13.60 W, 22 MHz, 405 MHz, Not Active, Not Active, Not Active, Not Active, Not Active
2026/09/03 20:41:27.010, 519 MiB, 51, 13.60 W, 22 MHz, 405 MHz, Not Active, Not Active, Not Active, Not Active, Not Active
2026/09/03 20:41:27.211, 519 MiB, 51, 13.60 W, 22 MHz, 405 MHz, Not Active, Not Active, Not Active, Not Active, Not Active
2026/09/03 20:41:27.411, 519 MiB, 51, 13.60 W, 22 MHz, 405 MHz, Not Active, Not Active, Not Active, Not Active, Not Active
2026/09/03 20:41:27.611, 519 MiB, 51, 13.60 W, 22 MHz, 405 MHz, Not Active, Not Active, Not Active, Not Active, Not Active
2026/09/03 20:41:27.811, 519 MiB, 51, 13.46 W, 22 MHz, 405 MHz, Not Active, Not Active, Not Active, Not Active, Not Active
2026/09/03 20:41:28.012, 519 MiB, 51, 13.46 W, 22 MHz, 405 MHz, Not Active, Not Active, Not Active, Not Active, Not Active
2026/09/03 20:41:28.212, 519 MiB, 51, 13.46 W, 22 MHz, 405 MHz, Not Active, Not Active, Not Active, Not Active, Not Active
2026/09/03 20:41:28.412, 519 MiB, 51, 13.46 W, 22 MHz, 405 MHz, Not Active, Not Active, Not Active, Not Active, Not Active
2026/09/03 20:41:28.612, 519 MiB, 51, 13.46 W, 22 MHz, 405 MHz, Not Active, Not Active, Not Active, Not Active, Not Active
2026/09/03 20:41:28.813, 519 MiB, 51, 13.29 W, 22 MHz, 405 MHz, Not Active, Not Active, Not Active, Not Active, Not Active
2026/09/03 20:41:29.013, 519 MiB, 51, 13.29 W, 22 MHz, 405 MHz, Not Active, Not Active, Not Active, Not Active, Not Active
2026/09/03 20:41:29.213, 519 MiB, 51, 13.29 W, 22 MHz, 405 MHz, Not Active, Not Active, Not Active, Not Active, Not Active
2026/09/03 20:41:29.414, 519 MiB, 51, 13.29 W, 22 MHz, 405 MHz, Not Active, Not Active, Not Active, Not Active, Not Active
2026/09/03 20:41:29.614, 519 MiB, 51, 13.29 W, 22 MHz, 405 MHz, Not Active, Not Active, Not Active, Not Active, Not Active
2026/09/03 20:41:29.814, 519 MiB, 50, 13.47 W, 22 MHz, 405 MHz, Not Active, Not Active, Not Active, Not Active, Not Active
2026/09/03 20:41:30.014, 519 MiB, 50, 13.47 W, 22 MHz, 405 MHz, Not Active, Not Active, Not Active, Not Active, Not Active
2026/09/03 20:41:30.215, 519 MiB, 50, 13.47 W, 22 MHz, 405 MHz, Not Active, Not Active, Not Active, Not Active, Not Active
2026/09/03 20:41:30.415, 519 MiB, 50, 13.47 W, 22 MHz, 405 MHz, Not Active, Not Active, Not Active, Not Active, Not Active
2026/09/03 20:41:30.615, 519 MiB, 50, 13.47 W, 22 MHz, 405 MHz, Not Active, Not Active, Not Active, Not Active, Not Active
2026/09/03 20:41:30.815, 519 MiB, 50, 13.36 W, 22 MHz, 405 MHz, Not Active, Not Active, Not Active, Not Active, Not Active
2026/09/03 20:41:31.015, 519 MiB, 50, 13.36 W, 22 MHz, 405 MHz, Not Active, Not Active, Not Active, Not Active, Not Active
2026/09/03 20:41:31.216, 519 MiB, 50, 13.36 W, 22 MHz, 405 MHz, Not Active, Not Active, Not Active, Not Active, Not Active
2026/09/03 20:41:31.416, 519 MiB, 50, 13.36 W, 22 MHz, 405 MHz, Not Active, Not Active, Not Active, Not Active, Not Active
2026/09/03 20:41:31.616, 519 MiB, 50, 13.36 W, 22 MHz, 405 MHz, Not Active, Not Active, Not Active, Not Active, Not Active
2026/09/03 20:41:31.816, 519 MiB, 50, 13.75 W, 22 MHz, 405 MHz, Not Active, Not Active, Not Active, Not Active, Not Active
2026/09/03 20:41:32.016, 519 MiB, 50, 13.75 W, 22 MHz, 405 MHz, Not Active, Not Active, Not Active, Not Active, Not Active
2026/09/03 20:41:32.217, 519 MiB, 50, 13.75 W, 22 MHz, 405 MHz, Not Active, Not Active, Not Active, Not Active, Not Active
2026/09/03 20:41:32.417, 519 MiB, 50, 14.30 W, 22 MHz, 405 MHz, Not Active, Not Active, Not Active, Not Active, Not Active
2026/09/03 20:41:32.617, 519 MiB, 50, 14.30 W, 22 MHz, 405 MHz, Not Active, Not Active, Not Active, Not Active, Not Active
2026/09/03 20:41:32.817, 519 MiB, 50, 15.47 W, 22 MHz, 405 MHz, Not Active, Not Active, Not Active, Not Active, Not Active
2026/09/03 20:41:33.018, 519 MiB, 50, 15.47 W, 22 MHz, 405 MHz, Not Active, Not Active, Not Active, Not Active, Not Active
2026/09/03 20:41:33.218, 519 MiB, 50, 15.47 W, 22 MHz, 405 MHz, Not Active, Not Active, Not Active, Not Active, Not Active
2026/09/03 20:41:33.418, 519 MiB, 50, 15.47 W, 22 MHz, 405 MHz, Not Active, Not Active, Not Active, Not Active, Not Active
2026/09/03 20:41:33.618, 519 MiB, 50, 15.47 W, 22 MHz, 405 MHz, Not Active, Not Active, Not Active, Not Active, Not Active
2026/09/03 20:41:33.819, 519 MiB, 50, 13.66 W, 22 MHz, 405 MHz, Not Active, Not Active, Not Active, Not Active, Not Active
2026/09/03 20:41:34.019, 519 MiB, 50, 13.66 W, 22 MHz, 405 MHz, Not Active, Not Active, Not Active, Not Active, Not Active
2026/09/03 20:41:34.219, 519 MiB, 50, 13.66 W, 22 MHz, 405 MHz, Not Active, Not Active, Not Active, Not Active, Not Active
2026/09/03 20:41:34.419, 519 MiB, 50, 13.66 W, 22 MHz, 405 MHz, Not Active, Not Active, Not Active, Not Active, Not Active
2026/09/03 20:41:34.620, 519 MiB, 50, 13.66 W, 22 MHz, 405 MHz, Not Active, Not Active, Not Active, Not Active, Not Active
2026/09/03 20:41:34.820, 519 MiB, 50, 13.45 W, 22 MHz, 405 MHz, Not Active, Not Active, Not Active, Not Active, Not Active
2026/09/03 20:41:35.020, 519 MiB, 50, 13.45 W, 22 MHz, 405 MHz, Not Active, Not Active, Not Active, Not Active, Not Active
2026/09/03 20:41:35.220, 519 MiB, 50, 13.45 W, 22 MHz, 405 MHz, Not Active, Not Active, Not Active, Not Active, Not Active
2026/09/03 20:41:35.421, 519 MiB, 50, 13.45 W, 22 MHz, 405 MHz, Not Active, Not Active, Not Active, Not Active, Not Active
2026/09/03 20:41:35.621, 519 MiB, 50, 13.45 W, 22 MHz, 405 MHz, Not Active, Not Active, Not Active, Not Active, Not Active
2026/09/03 20:41:35.821, 519 MiB, 50, 13.15 W, 22 MHz, 405 MHz, Not Active, Not Active, Not Active, Not Active, Not Active
2026/09/03 20:41:36.022, 519 MiB, 50, 13.15 W, 22 MHz, 405 MHz, Not Active, Not Active, Not Active, Not Active, Not Active
2026/09/03 20:41:36.222, 519 MiB, 50, 13.15 W, 22 MHz, 405 MHz, Not Active, Not Active, Not Active, Not Active, Not Active
2026/09/03 20:41:36.422, 519 MiB, 50, 13.15 W, 22 MHz, 405 MHz, Not Active, Not Active, Not Active, Not Active, Not Active
2026/09/03 20:41:36.622, 519 MiB, 50, 13.15 W, 22 MHz, 405 MHz, Not Active, Not Active, Not Active, Not Active, Not Active
2026/09/03 20:41:36.823, 519 MiB, 50, 13.19 W, 22 MHz, 405 MHz, Not Active, Not Active, Not Active, Not Active, Not Active
2026/09/03 20:41:37.023, 519 MiB, 50, 13.19 W, 22 MHz, 405 MHz, Not Active, Not Active, Not Active, Not Active, Not Active
2026/09/03 20:41:37.223, 519 MiB, 50, 13.19 W, 22 MHz, 405 MHz, Not Active, Not Active, Not Active, Not Active, Not Active
2026/09/03 20:41:37.423, 519 MiB, 50, 13.19 W, 22 MHz, 405 MHz, Not Active, Not Active, Not Active, Not Active, Not Active
2026/09/03 20:41:37.624, 519 MiB, 50, 13.19 W, 22 MHz, 405 MHz, Not Active, Not Active, Not Active, Not Active, Not Active
2026/09/03 20:41:37.824, 519 MiB, 50, 13.31 W, 22 MHz, 405 MHz, Not Active, Not Active, Not Active, Not Active, Not Active
2026/09/03 20:41:38.024, 519 MiB, 50, 13.31 W, 22 MHz, 405 MHz, Not Active, Not Active, Not Active, Not Active, Not Active
2026/09/03 20:41:38.224, 519 MiB, 50, 13.31 W, 22 MHz, 405 MHz, Not Active, Not Active, Not Active, Not Active, Not Active
2026/09/03 20:41:38.425, 519 MiB, 50, 13.31 W, 22 MHz, 405 MHz, Not Active, Not Active, Not Active, Not Active, Not Active
2026/09/03 20:41:38.625, 519 MiB, 50, 13.31 W, 22 MHz, 405 MHz, Not Active, Not Active, Not Active, Not Active, Not Active
2026/09/03 20:41:38.825, 519 MiB, 50, 13.48 W, 22 MHz, 405 MHz, Not Active, Not Active, Not Active, Not Active, Not Active
2026/09/03 20:41:39.025, 519 MiB, 50, 13.48 W, 22 MHz, 405 MHz, Not Active, Not Active, Not Active, Not Active, Not Active
2026/09/03 20:41:39.226, 519 MiB, 50, 13.48 W, 22 MHz, 405 MHz, Not Active, Not Active, Not Active, Not Active, Not Active
2026/09/03 20:41:39.426, 519 MiB, 50, 14.07 W, 22 MHz, 405 MHz, Not Active, Not Active, Not Active, Not Active, Not Active
2026/09/03 20:41:39.626, 519 MiB, 50, 14.07 W, 22 MHz, 405 MHz, Not Active, Not Active, Not Active, Not Active, Not Active
2026/09/03 20:41:39.827, 519 MiB, 50, 15.36 W, 22 MHz, 405 MHz, Not Active, Not Active, Not Active, Not Active, Not Active
2026/09/03 20:41:40.027, 519 MiB, 50, 15.36 W, 22 MHz, 405 MHz, Not Active, Not Active, Not Active, Not Active, Not Active
2026/09/03 20:41:40.227, 519 MiB, 50, 15.36 W, 22 MHz, 405 MHz, Not Active, Not Active, Not Active, Not Active, Not Active
2026/09/03 20:41:40.427, 519 MiB, 50, 15.36 W, 22 MHz, 405 MHz, Not Active, Not Active, Not Active, Not Active, Not Active
2026/09/03 20:41:40.627, 519 MiB, 50, 15.36 W, 22 MHz, 405 MHz, Not Active, Not Active, Not Active, Not Active, Not Active
2026/09/03 20:41:40.828, 519 MiB, 50, 13.18 W, 22 MHz, 405 MHz, Not Active, Not Active, Not Active, Not Active, Not Active
2026/09/03 20:41:41.028, 519 MiB, 50, 13.18 W, 22 MHz, 405 MHz, Not Active, Not Active, Not Active, Not Active, Not Active
2026/09/03 20:41:41.228, 519 MiB, 50, 13.18 W, 22 MHz, 405 MHz, Not Active, Not Active, Not Active, Not Active, Not Active
2026/09/03 20:41:41.428, 519 MiB, 50, 13.18 W, 22 MHz, 405 MHz, Not Active, Not Active, Not Active, Not Active, Not Active
2026/09/03 20:41:41.629, 519 MiB, 50, 13.18 W, 22 MHz, 405 MHz, Not Active, Not Active, Not Active, Not Active, Not Active
2026/09/03 20:41:41.829, 519 MiB, 50, 13.25 W, 22 MHz, 405 MHz, Not Active, Not Active, Not Active, Not Active, Not Active
2026/09/03 20:41:42.029, 519 MiB, 50, 13.25 W, 22 MHz, 405 MHz, Not Active, Not Active, Not Active, Not Active, Not Active
2026/09/03 20:41:42.229, 519 MiB, 50, 13.25 W, 22 MHz, 405 MHz, Not Active, Not Active, Not Active, Not Active, Not Active
2026/09/03 20:41:42.429, 519 MiB, 50, 13.25 W, 22 MHz, 405 MHz, Not Active, Not Active, Not Active, Not Active, Not Active
2026/09/03 20:41:42.630, 519 MiB, 50, 13.25 W, 22 MHz, 405 MHz, Not Active, Not Active, Not Active, Not Active, Not Active
2026/09/03 20:41:42.830, 519 MiB, 50, 13.41 W, 22 MHz, 405 MHz, Not Active, Not Active, Not Active, Not Active, Not Active
2026/09/03 20:41:43.030, 519 MiB, 50, 13.41 W, 22 MHz, 405 MHz, Not Active, Not Active, Not Active, Not Active, Not Active
2026/09/03 20:41:43.230, 519 MiB, 50, 13.41 W, 22 MHz, 405 MHz, Not Active, Not Active, Not Active, Not Active, Not Active
2026/09/03 20:41:43.431, 519 MiB, 50, 13.41 W, 22 MHz, 405 MHz, Not Active, Not Active, Not Active, Not Active, Not Active
2026/09/03 20:41:43.631, 519 MiB, 50, 13.41 W, 22 MHz, 405 MHz, Not Active, Not Active, Not Active, Not Active, Not Active
2026/09/03 20:41:43.831, 519 MiB, 50, 13.51 W, 22 MHz, 405 MHz, Not Active, Not Active, Not Active, Not Active, Not Active
2026/09/03 20:41:44.032, 519 MiB, 50, 13.51 W, 22 MHz, 405 MHz, Not Active, Not Active, Not Active, Not Active, Not Active
2026/09/03 20:41:44.232, 519 MiB, 50, 13.51 W, 22 MHz, 405 MHz, Not Active, Not Active, Not Active, Not Active, Not Active
2026/09/03 20:41:44.432, 519 MiB, 50, 13.51 W, 22 MHz, 405 MHz, Not Active, Not Active, Not Active, Not Active, Not Active
2026/09/03 20:41:44.632, 519 MiB, 50, 13.51 W, 22 MHz, 405 MHz, Not Active, Not Active, Not Active, Not Active, Not Active
2026/09/03 20:41:44.833, 519 MiB, 50, 13.38 W, 22 MHz, 405 MHz, Not Active, Not Active, Not Active, Not Active, Not Active
2026/09/03 20:41:45.033, 519 MiB, 50, 13.38 W, 22 MHz, 405 MHz, Not Active, Not Active, Not Active, Not Active, Not Active
2026/09/03 20:41:45.233, 519 MiB, 50, 13.38 W, 22 MHz, 405 MHz, Not Active, Not Active, Not Active, Not Active, Not Active
2026/09/03 20:41:45.434, 519 MiB, 50, 13.38 W, 22 MHz, 405 MHz, Not Active, Not Active, Not Active, Not Active, Not Active
2026/09/03 20:41:45.634, 519 MiB, 50, 13.38 W, 22 MHz, 405 MHz, Not Active, Not Active, Not Active, Not Active, Not Active
2026/09/03 20:41:45.834, 519 MiB, 50, 13.40 W, 22 MHz, 405 MHz, Not Active, Not Active, Not Active, Not Active, Not Active
2026/09/03 20:41:46.034, 519 MiB, 50, 13.40 W, 22 MHz, 405 MHz, Not Active, Not Active, Not Active, Not Active, Not Active
2026/09/03 20:41:46.235, 519 MiB, 50, 13.40 W, 22 MHz, 405 MHz, Not Active, Not Active, Not Active, Not Active, Not Active
2026/09/03 20:41:46.435, 519 MiB, 50, 13.97 W, 24 MHz, 405 MHz, Not Active, Not Active, Not Active, Not Active, Not Active
2026/09/03 20:41:46.635, 519 MiB, 50, 13.97 W, 24 MHz, 405 MHz, Not Active, Not Active, Not Active, Not Active, Not Active
2026/09/03 20:41:46.836, 519 MiB, 50, 14.38 W, 22 MHz, 405 MHz, Not Active, Not Active, Not Active, Not Active, Not Active
2026/09/03 20:41:47.036, 519 MiB, 50, 14.38 W, 22 MHz, 405 MHz, Not Active, Not Active, Not Active, Not Active, Not Active
2026/09/03 20:41:47.236, 519 MiB, 50, 14.38 W, 22 MHz, 405 MHz, Not Active, Not Active, Not Active, Not Active, Not Active
2026/09/03 20:41:47.436, 519 MiB, 50, 15.39 W, 22 MHz, 405 MHz, Not Active, Not Active, Not Active, Not Active, Not Active
2026/09/03 20:41:47.637, 519 MiB, 50, 15.39 W, 22 MHz, 405 MHz, Not Active, Not Active, Not Active, Not Active, Not Active
2026/09/03 20:41:47.837, 519 MiB, 50, 15.39 W, 22 MHz, 405 MHz, Not Active, Not Active, Not Active, Not Active, Not Active
2026/09/03 20:41:48.037, 519 MiB, 50, 15.39 W, 22 MHz, 405 MHz, Not Active, Not Active, Not Active, Not Active, Not Active
2026/09/03 20:41:48.237, 519 MiB, 50, 15.39 W, 22 MHz, 405 MHz, Not Active, Not Active, Not Active, Not Active, Not Active
2026/09/03 20:41:48.438, 519 MiB, 50, 13.42 W, 22 MHz, 405 MHz, Not Active, Not Active, Not Active, Not Active, Not Active
2026/09/03 20:41:48.638, 519 MiB, 50, 13.42 W, 22 MHz, 405 MHz, Not Active, Not Active, Not Active, Not Active, Not Active
2026/09/03 20:41:48.838, 519 MiB, 50, 13.42 W, 22 MHz, 405 MHz, Not Active, Not Active, Not Active, Not Active, Not Active
2026/09/03 20:41:49.038, 519 MiB, 50, 13.42 W, 22 MHz, 405 MHz, Not Active, Not Active, Not Active, Not Active, Not Active
2026/09/03 20:41:49.239, 519 MiB, 50, 13.42 W, 22 MHz, 405 MHz, Not Active, Not Active, Not Active, Not Active, Not Active
2026/09/03 20:41:49.439, 519 MiB, 50, 12.92 W, 22 MHz, 405 MHz, Not Active, Not Active, Not Active, Not Active, Not Active
2026/09/03 20:41:49.639, 519 MiB, 50, 12.92 W, 22 MHz, 405 MHz, Not Active, Not Active, Not Active, Not Active, Not Active
2026/09/03 20:41:49.839, 519 MiB, 50, 12.92 W, 22 MHz, 405 MHz, Not Active, Not Active, Not Active, Not Active, Not Active
2026/09/03 20:41:50.040, 519 MiB, 50, 12.92 W, 22 MHz, 405 MHz, Not Active, Not Active, Not Active, Not Active, Not Active
2026/09/03 20:41:50.240, 519 MiB, 50, 12.92 W, 22 MHz, 405 MHz, Not Active, Not Active, Not Active, Not Active, Not Active
2026/09/03 20:41:50.440, 519 MiB, 50, 12.93 W, 22 MHz, 405 MHz, Not Active, Not Active, Not Active, Not Active, Not Active
2026/09/03 20:41:50.640, 519 MiB, 50, 12.93 W, 22 MHz, 405 MHz, Not Active, Not Active, Not Active, Not Active, Not Active
2026/09/03 20:41:50.841, 519 MiB, 50, 12.93 W, 22 MHz, 405 MHz, Not Active, Not Active, Not Active, Not Active, Not Active
2026/09/03 20:41:51.041, 519 MiB, 50, 12.93 W, 22 MHz, 405 MHz, Not Active, Not Active, Not Active, Not Active, Not Active
2026/09/03 20:41:51.241, 519 MiB, 50, 12.93 W, 22 MHz, 405 MHz, Not Active, Not Active, Not Active, Not Active, Not Active
2026/09/03 20:41:51.441, 519 MiB, 50, 13.15 W, 22 MHz, 405 MHz, Not Active, Not Active, Not Active, Not Active, Not Active
2026/09/03 20:41:51.642, 519 MiB, 50, 13.15 W, 22 MHz, 405 MHz, Not Active, Not Active, Not Active, Not Active, Not Active
2026/09/03 20:41:51.842, 519 MiB, 50, 13.15 W, 22 MHz, 405 MHz, Not Active, Not Active, Not Active, Not Active, Not Active
2026/09/03 20:41:52.042, 519 MiB, 50, 13.15 W, 22 MHz, 405 MHz, Not Active, Not Active, Not Active, Not Active, Not Active
2026/09/03 20:41:52.243, 519 MiB, 50, 13.15 W, 22 MHz, 405 MHz, Not Active, Not Active, Not Active, Not Active, Not Active
2026/09/03 20:41:52.443, 519 MiB, 50, 13.24 W, 22 MHz, 405 MHz, Not Active, Not Active, Not Active, Not Active, Not Active
2026/09/03 20:41:52.643, 519 MiB, 50, 13.24 W, 22 MHz, 405 MHz, Not Active, Not Active, Not Active, Not Active, Not Active
2026/09/03 20:41:52.843, 519 MiB, 50, 13.24 W, 22 MHz, 405 MHz, Not Active, Not Active, Not Active, Not Active, Not Active
2026/09/03 20:41:53.043, 519 MiB, 50, 13.24 W, 22 MHz, 405 MHz, Not Active, Not Active, Not Active, Not Active, Not Active
2026/09/03 20:41:53.244, 519 MiB, 50, 13.24 W, 22 MHz, 405 MHz, Not Active, Not Active, Not Active, Not Active, Not Active
2026/09/03 20:41:53.444, 519 MiB, 50, 13.38 W, 22 MHz, 405 MHz, Not Active, Not Active, Not Active, Not Active, Not Active
2026/09/03 20:41:53.644, 519 MiB, 50, 13.38 W, 22 MHz, 405 MHz, Not Active, Not Active, Not Active, Not Active, Not Active
2026/09/03 20:41:53.844, 519 MiB, 50, 13.83 W, 22 MHz, 405 MHz, Not Active, Not Active, Not Active, Not Active, Not Active
2026/09/03 20:41:54.045, 519 MiB, 50, 13.83 W, 22 MHz, 405 MHz, Not Active, Not Active, Not Active, Not Active, Not Active
2026/09/03 20:41:54.245, 519 MiB, 50, 13.83 W, 22 MHz, 405 MHz, Not Active, Not Active, Not Active, Not Active, Not Active
2026/09/03 20:41:54.445, 519 MiB, 50, 14.78 W, 22 MHz, 405 MHz, Not Active, Not Active, Not Active, Not Active, Not Active
2026/09/03 20:41:54.645, 519 MiB, 50, 14.78 W, 22 MHz, 405 MHz, Not Active, Not Active, Not Active, Not Active, Not Active
2026/09/03 20:41:54.846, 519 MiB, 50, 14.78 W, 22 MHz, 405 MHz, Not Active, Not Active, Not Active, Not Active, Not Active
2026/09/03 20:41:55.046, 519 MiB, 50, 14.78 W, 22 MHz, 405 MHz, Not Active, Not Active, Not Active, Not Active, Not Active
2026/09/03 20:41:55.246, 519 MiB, 50, 14.78 W, 22 MHz, 405 MHz, Not Active, Not Active, Not Active, Not Active, Not Active
2026/09/03 20:41:55.447, 519 MiB, 50, 13.39 W, 22 MHz, 405 MHz, Not Active, Not Active, Not Active, Not Active, Not Active
2026/09/03 20:41:55.647, 519 MiB, 50, 13.39 W, 22 MHz, 405 MHz, Not Active, Not Active, Not Active, Not Active, Not Active
2026/09/03 20:41:55.847, 519 MiB, 50, 13.39 W, 22 MHz, 405 MHz, Not Active, Not Active, Not Active, Not Active, Not Active
2026/09/03 20:41:56.047, 519 MiB, 50, 13.39 W, 22 MHz, 405 MHz, Not Active, Not Active, Not Active, Not Active, Not Active
2026/09/03 20:41:56.248, 519 MiB, 50, 13.39 W, 22 MHz, 405 MHz, Not Active, Not Active, Not Active, Not Active, Not Active
2026/09/03 20:41:56.448, 519 MiB, 50, 13.32 W, 22 MHz, 405 MHz, Not Active, Not Active, Not Active, Not Active, Not Active
2026/09/03 20:41:56.648, 519 MiB, 50, 13.32 W, 22 MHz, 405 MHz, Not Active, Not Active, Not Active, Not Active, Not Active
2026/09/03 20:41:56.848, 519 MiB, 50, 13.32 W, 22 MHz, 405 MHz, Not Active, Not Active, Not Active, Not Active, Not Active
2026/09/03 20:41:57.049, 519 MiB, 50, 13.32 W, 22 MHz, 405 MHz, Not Active, Not Active, Not Active, Not Active, Not Active
2026/09/03 20:41:57.249, 519 MiB, 50, 13.32 W, 22 MHz, 405 MHz, Not Active, Not Active, Not Active, Not Active, Not Active
2026/09/03 20:41:57.449, 519 MiB, 50, 13.11 W, 22 MHz, 405 MHz, Not Active, Not Active, Not Active, Not Active, Not Active
2026/09/03 20:41:57.650, 519 MiB, 50, 13.11 W, 22 MHz, 405 MHz, Not Active, Not Active, Not Active, Not Active, Not Active
2026/09/03 20:41:57.850, 519 MiB, 50, 13.11 W, 22 MHz, 405 MHz, Not Active, Not Active, Not Active, Not Active, Not Active
2026/09/03 20:41:58.050, 519 MiB, 50, 13.11 W, 22 MHz, 405 MHz, Not Active, Not Active, Not Active, Not Active, Not Active
2026/09/03 20:41:58.250, 519 MiB, 50, 13.11 W, 22 MHz, 405 MHz, Not Active, Not Active, Not Active, Not Active, Not Active
2026/09/03 20:41:58.450, 519 MiB, 50, 13.21 W, 22 MHz, 405 MHz, Not Active, Not Active, Not Active, Not Active, Not Active
2026/09/03 20:41:58.651, 519 MiB, 50, 13.21 W, 22 MHz, 405 MHz, Not Active, Not Active, Not Active, Not Active, Not Active
2026/09/03 20:41:58.851, 519 MiB, 50, 13.21 W, 22 MHz, 405 MHz, Not Active, Not Active, Not Active, Not Active, Not Active
2026/09/03 20:41:59.051, 519 MiB, 50, 13.21 W, 22 MHz, 405 MHz, Not Active, Not Active, Not Active, Not Active, Not Active
2026/09/03 20:41:59.251, 519 MiB, 50, 13.21 W, 22 MHz, 405 MHz, Not Active, Not Active, Not Active, Not Active, Not Active
2026/09/03 20:41:59.452, 519 MiB, 50, 13.31 W, 22 MHz, 405 MHz, Not Active, Not Active, Not Active, Not Active, Not Active
2026/09/03 20:41:59.652, 519 MiB, 50, 13.31 W, 22 MHz, 405 MHz, Not Active, Not Active, Not Active, Not Active, Not Active
2026/09/03 20:41:59.852, 519 MiB, 50, 13.31 W, 22 MHz, 405 MHz, Not Active, Not Active, Not Active, Not Active, Not Active
2026/09/03 20:42:00.053, 519 MiB, 50, 13.31 W, 22 MHz, 405 MHz, Not Active, Not Active, Not Active, Not Active, Not Active
2026/09/03 20:42:00.253, 519 MiB, 50, 13.31 W, 22 MHz, 405 MHz, Not Active, Not Active, Not Active, Not Active, Not Active
2026/09/03 20:42:00.453, 519 MiB, 50, 13.26 W, 22 MHz, 405 MHz, Not Active, Not Active, Not Active, Not Active, Not Active
2026/09/03 20:42:00.653, 519 MiB, 50, 13.26 W, 22 MHz, 405 MHz, Not Active, Not Active, Not Active, Not Active, Not Active
2026/09/03 20:42:00.854, 519 MiB, 50, 13.91 W, 22 MHz, 405 MHz, Not Active, Not Active, Not Active, Not Active, Not Active
2026/09/03 20:42:01.054, 519 MiB, 50, 13.91 W, 22 MHz, 405 MHz, Not Active, Not Active, Not Active, Not Active, Not Active
2026/09/03 20:42:01.254, 519 MiB, 50, 13.91 W, 22 MHz, 405 MHz, Not Active, Not Active, Not Active, Not Active, Not Active
2026/09/03 20:42:01.454, 519 MiB, 50, 15.19 W, 22 MHz, 405 MHz, Not Active, Not Active, Not Active, Not Active, Not Active
2026/09/03 20:42:01.655, 519 MiB, 50, 15.19 W, 22 MHz, 405 MHz, Not Active, Not Active, Not Active, Not Active, Not Active
2026/09/03 20:42:01.855, 519 MiB, 50, 15.19 W, 22 MHz, 405 MHz, Not Active, Not Active, Not Active, Not Active, Not Active
2026/09/03 20:42:02.055, 519 MiB, 50, 15.19 W, 22 MHz, 405 MHz, Not Active, Not Active, Not Active, Not Active, Not Active
2026/09/03 20:42:02.255, 519 MiB, 50, 15.19 W, 22 MHz, 405 MHz, Not Active, Not Active, Not Active, Not Active, Not Active
2026/09/03 20:42:02.455, 519 MiB, 50, 13.32 W, 22 MHz, 405 MHz, Not Active, Not Active, Not Active, Not Active, Not Active
2026/09/03 20:42:02.656, 519 MiB, 50, 13.32 W, 22 MHz, 405 MHz, Not Active, Not Active, Not Active, Not Active, Not Active
2026/09/03 20:42:02.856, 519 MiB, 50, 13.32 W, 22 MHz, 405 MHz, Not Active, Not Active, Not Active, Not Active, Not Active
2026/09/03 20:42:03.056, 519 MiB, 50, 13.32 W, 22 MHz, 405 MHz, Not Active, Not Active, Not Active, Not Active, Not Active
2026/09/03 20:42:03.256, 519 MiB, 50, 13.32 W, 22 MHz, 405 MHz, Not Active, Not Active, Not Active, Not Active, Not Active
2026/09/03 20:42:03.457, 519 MiB, 50, 13.54 W, 22 MHz, 405 MHz, Not Active, Not Active, Not Active, Not Active, Not Active
2026/09/03 20:42:03.657, 519 MiB, 50, 13.54 W, 22 MHz, 405 MHz, Not Active, Not Active, Not Active, Not Active, Not Active
2026/09/03 20:42:03.857, 519 MiB, 50, 13.54 W, 22 MHz, 405 MHz, Not Active, Not Active, Not Active, Not Active, Not Active
2026/09/03 20:42:04.057, 519 MiB, 50, 13.54 W, 22 MHz, 405 MHz, Not Active, Not Active, Not Active, Not Active, Not Active
2026/09/03 20:42:04.258, 519 MiB, 50, 13.54 W, 22 MHz, 405 MHz, Not Active, Not Active, Not Active, Not Active, Not Active
2026/09/03 20:42:04.458, 519 MiB, 50, 13.63 W, 21 MHz, 405 MHz, Not Active, Not Active, Not Active, Not Active, Not Active
2026/09/03 20:42:04.658, 519 MiB, 50, 13.63 W, 21 MHz, 405 MHz, Not Active, Not Active, Not Active, Not Active, Not Active
2026/09/03 20:42:04.858, 519 MiB, 50, 13.63 W, 21 MHz, 405 MHz, Not Active, Not Active, Not Active, Not Active, Not Active
2026/09/03 20:42:05.059, 519 MiB, 50, 13.63 W, 21 MHz, 405 MHz, Not Active, Not Active, Not Active, Not Active, Not Active
2026/09/03 20:42:05.259, 519 MiB, 50, 13.63 W, 21 MHz, 405 MHz, Not Active, Not Active, Not Active, Not Active, Not Active
2026/09/03 20:42:05.459, 519 MiB, 50, 13.48 W, 22 MHz, 405 MHz, Not Active, Not Active, Not Active, Not Active, Not Active
2026/09/03 20:42:05.660, 519 MiB, 50, 13.48 W, 22 MHz, 405 MHz, Not Active, Not Active, Not Active, Not Active, Not Active
2026/09/03 20:42:05.860, 519 MiB, 50, 13.48 W, 22 MHz, 405 MHz, Not Active, Not Active, Not Active, Not Active, Not Active
2026/09/03 20:42:06.060, 519 MiB, 50, 13.48 W, 22 MHz, 405 MHz, Not Active, Not Active, Not Active, Not Active, Not Active
2026/09/03 20:42:06.260, 519 MiB, 50, 13.48 W, 22 MHz, 405 MHz, Not Active, Not Active, Not Active, Not Active, Not Active
2026/09/03 20:42:06.461, 519 MiB, 50, 13.05 W, 22 MHz, 405 MHz, Not Active, Not Active, Not Active, Not Active, Not Active
2026/09/03 20:42:06.661, 519 MiB, 50, 13.05 W, 22 MHz, 405 MHz, Not Active, Not Active, Not Active, Not Active, Not Active
2026/09/03 20:42:06.861, 519 MiB, 50, 13.05 W, 22 MHz, 405 MHz, Not Active, Not Active, Not Active, Not Active, Not Active
2026/09/03 20:42:07.061, 519 MiB, 50, 13.05 W, 22 MHz, 405 MHz, Not Active, Not Active, Not Active, Not Active, Not Active
2026/09/03 20:42:07.262, 519 MiB, 50, 13.05 W, 22 MHz, 405 MHz, Not Active, Not Active, Not Active, Not Active, Not Active
2026/09/03 20:42:07.462, 519 MiB, 50, 13.15 W, 22 MHz, 405 MHz, Not Active, Not Active, Not Active, Not Active, Not Active
2026/09/03 20:42:07.662, 519 MiB, 50, 13.15 W, 22 MHz, 405 MHz, Not Active, Not Active, Not Active, Not Active, Not Active
2026/09/03 20:42:07.862, 519 MiB, 50, 13.86 W, 24 MHz, 405 MHz, Not Active, Not Active, Not Active, Not Active, Not Active
2026/09/03 20:42:08.063, 519 MiB, 50, 13.86 W, 24 MHz, 405 MHz, Not Active, Not Active, Not Active, Not Active, Not Active
2026/09/03 20:42:08.263, 519 MiB, 50, 13.86 W, 24 MHz, 405 MHz, Not Active, Not Active, Not Active, Not Active, Not Active
2026/09/03 20:42:08.463, 519 MiB, 50, 14.27 W, 22 MHz, 405 MHz, Not Active, Not Active, Not Active, Not Active, Not Active
2026/09/03 20:42:08.663, 519 MiB, 50, 14.27 W, 22 MHz, 405 MHz, Not Active, Not Active, Not Active, Not Active, Not Active
2026/09/03 20:42:08.863, 519 MiB, 50, 15.34 W, 22 MHz, 405 MHz, Not Active, Not Active, Not Active, Not Active, Not Active
2026/09/03 20:42:09.064, 519 MiB, 50, 15.34 W, 22 MHz, 405 MHz, Not Active, Not Active, Not Active, Not Active, Not Active
2026/09/03 20:42:09.264, 519 MiB, 50, 15.34 W, 22 MHz, 405 MHz, Not Active, Not Active, Not Active, Not Active, Not Active
2026/09/03 20:42:09.464, 519 MiB, 50, 15.34 W, 22 MHz, 405 MHz, Not Active, Not Active, Not Active, Not Active, Not Active
2026/09/03 20:42:09.665, 519 MiB, 50, 15.34 W, 22 MHz, 405 MHz, Not Active, Not Active, Not Active, Not Active, Not Active
2026/09/03 20:42:09.865, 519 MiB, 50, 13.65 W, 22 MHz, 405 MHz, Not Active, Not Active, Not Active, Not Active, Not Active
2026/09/03 20:42:10.065, 519 MiB, 50, 13.65 W, 22 MHz, 405 MHz, Not Active, Not Active, Not Active, Not Active, Not Active
2026/09/03 20:42:10.266, 519 MiB, 50, 13.65 W, 22 MHz, 405 MHz, Not Active, Not Active, Not Active, Not Active, Not Active
2026/09/03 20:42:10.466, 519 MiB, 50, 13.65 W, 22 MHz, 405 MHz, Not Active, Not Active, Not Active, Not Active, Not Active
2026/09/03 20:42:10.666, 519 MiB, 50, 13.65 W, 22 MHz, 405 MHz, Not Active, Not Active, Not Active, Not Active, Not Active
2026/09/03 20:42:10.866, 519 MiB, 50, 13.08 W, 22 MHz, 405 MHz, Not Active, Not Active, Not Active, Not Active, Not Active
2026/09/03 20:42:11.067, 519 MiB, 50, 13.08 W, 22 MHz, 405 MHz, Not Active, Not Active, Not Active, Not Active, Not Active
2026/09/03 20:42:11.267, 519 MiB, 50, 13.08 W, 22 MHz, 405 MHz, Not Active, Not Active, Not Active, Not Active, Not Active
2026/09/03 20:42:11.467, 519 MiB, 50, 13.08 W, 22 MHz, 405 MHz, Not Active, Not Active, Not Active, Not Active, Not Active
2026/09/03 20:42:11.668, 519 MiB, 50, 13.08 W, 22 MHz, 405 MHz, Not Active, Not Active, Not Active, Not Active, Not Active
2026/09/03 20:42:11.868, 519 MiB, 50, 13.02 W, 22 MHz, 405 MHz, Not Active, Not Active, Not Active, Not Active, Not Active
2026/09/03 20:42:12.068, 519 MiB, 50, 13.02 W, 22 MHz, 405 MHz, Not Active, Not Active, Not Active, Not Active, Not Active
2026/09/03 20:42:12.269, 519 MiB, 50, 13.02 W, 22 MHz, 405 MHz, Not Active, Not Active, Not Active, Not Active, Not Active
2026/09/03 20:42:12.469, 519 MiB, 50, 13.02 W, 22 MHz, 405 MHz, Not Active, Not Active, Not Active, Not Active, Not Active
2026/09/03 20:42:12.669, 519 MiB, 50, 13.02 W, 22 MHz, 405 MHz, Not Active, Not Active, Not Active, Not Active, Not Active
2026/09/03 20:42:12.869, 519 MiB, 50, 12.95 W, 22 MHz, 405 MHz, Not Active, Not Active, Not Active, Not Active, Not Active
2026/09/03 20:42:13.070, 519 MiB, 50, 12.95 W, 22 MHz, 405 MHz, Not Active, Not Active, Not Active, Not Active, Not Active
2026/09/03 20:42:13.270, 519 MiB, 50, 12.95 W, 22 MHz, 405 MHz, Not Active, Not Active, Not Active, Not Active, Not Active
2026/09/03 20:42:13.470, 519 MiB, 50, 12.95 W, 22 MHz, 405 MHz, Not Active, Not Active, Not Active, Not Active, Not Active
2026/09/03 20:42:13.670, 519 MiB, 50, 12.95 W, 22 MHz, 405 MHz, Not Active, Not Active, Not Active, Not Active, Not Active
2026/09/03 20:42:13.871, 519 MiB, 50, 13.02 W, 22 MHz, 405 MHz, Not Active, Not Active, Not Active, Not Active, Not Active
2026/09/03 20:42:14.071, 519 MiB, 50, 13.02 W, 22 MHz, 405 MHz, Not Active, Not Active, Not Active, Not Active, Not Active
2026/09/03 20:42:14.271, 519 MiB, 50, 13.02 W, 22 MHz, 405 MHz, Not Active, Not Active, Not Active, Not Active, Not Active
2026/09/03 20:42:14.471, 519 MiB, 50, 13.02 W, 22 MHz, 405 MHz, Not Active, Not Active, Not Active, Not Active, Not Active
2026/09/03 20:42:14.672, 519 MiB, 50, 13.02 W, 22 MHz, 405 MHz, Not Active, Not Active, Not Active, Not Active, Not Active
2026/09/03 20:42:14.872, 519 MiB, 50, 13.40 W, 22 MHz, 405 MHz, Not Active, Not Active, Not Active, Not Active, Not Active
2026/09/03 20:42:15.072, 519 MiB, 50, 13.40 W, 22 MHz, 405 MHz, Not Active, Not Active, Not Active, Not Active, Not Active
2026/09/03 20:42:15.272, 519 MiB, 50, 13.40 W, 22 MHz, 405 MHz, Not Active, Not Active, Not Active, Not Active, Not Active
2026/09/03 20:42:15.473, 519 MiB, 50, 13.96 W, 22 MHz, 405 MHz, Not Active, Not Active, Not Active, Not Active, Not Active
2026/09/03 20:42:15.673, 519 MiB, 50, 13.96 W, 22 MHz, 405 MHz, Not Active, Not Active, Not Active, Not Active, Not Active
2026/09/03 20:42:15.873, 519 MiB, 50, 15.12 W, 22 MHz, 405 MHz, Not Active, Not Active, Not Active, Not Active, Not Active
2026/09/03 20:42:16.074, 519 MiB, 50, 15.12 W, 22 MHz, 405 MHz, Not Active, Not Active, Not Active, Not Active, Not Active
2026/09/03 20:42:16.274, 519 MiB, 50, 15.12 W, 22 MHz, 405 MHz, Not Active, Not Active, Not Active, Not Active, Not Active
2026/09/03 20:42:16.474, 519 MiB, 50, 15.12 W, 22 MHz, 405 MHz, Not Active, Not Active, Not Active, Not Active, Not Active
2026/09/03 20:42:16.674, 519 MiB, 50, 15.12 W, 22 MHz, 405 MHz, Not Active, Not Active, Not Active, Not Active, Not Active
2026/09/03 20:42:16.874, 519 MiB, 50, 13.59 W, 22 MHz, 405 MHz, Not Active, Not Active, Not Active, Not Active, Not Active
2026/09/03 20:42:17.075, 519 MiB, 50, 13.59 W, 22 MHz, 405 MHz, Not Active, Not Active, Not Active, Not Active, Not Active
2026/09/03 20:42:17.275, 519 MiB, 50, 13.59 W, 22 MHz, 405 MHz, Not Active, Not Active, Not Active, Not Active, Not Active
2026/09/03 20:42:17.475, 519 MiB, 50, 13.59 W, 22 MHz, 405 MHz, Not Active, Not Active, Not Active, Not Active, Not Active
2026/09/03 20:42:17.675, 519 MiB, 50, 13.59 W, 22 MHz, 405 MHz, Not Active, Not Active, Not Active, Not Active, Not Active
2026/09/03 20:42:17.876, 519 MiB, 50, 13.38 W, 22 MHz, 405 MHz, Not Active, Not Active, Not Active, Not Active, Not Active
2026/09/03 20:42:18.076, 519 MiB, 50, 13.38 W, 22 MHz, 405 MHz, Not Active, Not Active, Not Active, Not Active, Not Active
2026/09/03 20:42:18.276, 519 MiB, 50, 13.38 W, 22 MHz, 405 MHz, Not Active, Not Active, Not Active, Not Active, Not Active
2026/09/03 20:42:18.477, 519 MiB, 50, 13.38 W, 22 MHz, 405 MHz, Not Active, Not Active, Not Active, Not Active, Not Active
2026/09/03 20:42:18.677, 519 MiB, 50, 13.38 W, 22 MHz, 405 MHz, Not Active, Not Active, Not Active, Not Active, Not Active
2026/09/03 20:42:18.877, 519 MiB, 50, 13.61 W, 22 MHz, 405 MHz, Not Active, Not Active, Not Active, Not Active, Not Active
2026/09/03 20:42:19.077, 519 MiB, 50, 13.61 W, 22 MHz, 405 MHz, Not Active, Not Active, Not Active, Not Active, Not Active
2026/09/03 20:42:19.278, 519 MiB, 50, 13.61 W, 22 MHz, 405 MHz, Not Active, Not Active, Not Active, Not Active, Not Active
2026/09/03 20:42:19.478, 519 MiB, 50, 13.61 W, 22 MHz, 405 MHz, Not Active, Not Active, Not Active, Not Active, Not Active
2026/09/03 20:42:19.678, 519 MiB, 50, 13.61 W, 22 MHz, 405 MHz, Not Active, Not Active, Not Active, Not Active, Not Active
2026/09/03 20:42:19.878, 519 MiB, 50, 13.70 W, 22 MHz, 405 MHz, Not Active, Not Active, Not Active, Not Active, Not Active
2026/09/03 20:42:20.079, 519 MiB, 50, 13.70 W, 22 MHz, 405 MHz, Not Active, Not Active, Not Active, Not Active, Not Active
2026/09/03 20:42:20.279, 519 MiB, 50, 13.70 W, 22 MHz, 405 MHz, Not Active, Not Active, Not Active, Not Active, Not Active
2026/09/03 20:42:20.479, 519 MiB, 50, 13.70 W, 22 MHz, 405 MHz, Not Active, Not Active, Not Active, Not Active, Not Active
2026/09/03 20:42:20.679, 519 MiB, 50, 13.70 W, 22 MHz, 405 MHz, Not Active, Not Active, Not Active, Not Active, Not Active
2026/09/03 20:42:20.880, 519 MiB, 50, 13.68 W, 22 MHz, 405 MHz, Not Active, Not Active, Not Active, Not Active, Not Active
2026/09/03 20:42:21.080, 519 MiB, 50, 13.68 W, 22 MHz, 405 MHz, Not Active, Not Active, Not Active, Not Active, Not Active
2026/09/03 20:42:21.280, 519 MiB, 50, 13.68 W, 22 MHz, 405 MHz, Not Active, Not Active, Not Active, Not Active, Not Active
2026/09/03 20:42:21.480, 519 MiB, 50, 13.68 W, 22 MHz, 405 MHz, Not Active, Not Active, Not Active, Not Active, Not Active
2026/09/03 20:42:21.681, 519 MiB, 50, 13.68 W, 22 MHz, 405 MHz, Not Active, Not Active, Not Active, Not Active, Not Active
2026/09/03 20:42:21.881, 519 MiB, 50, 13.80 W, 22 MHz, 405 MHz, Not Active, Not Active, Not Active, Not Active, Not Active
2026/09/03 20:42:22.081, 519 MiB, 50, 13.80 W, 22 MHz, 405 MHz, Not Active, Not Active, Not Active, Not Active, Not Active
2026/09/03 20:42:22.282, 519 MiB, 50, 13.80 W, 22 MHz, 405 MHz, Not Active, Not Active, Not Active, Not Active, Not Active
2026/09/03 20:42:22.482, 519 MiB, 50, 14.43 W, 22 MHz, 405 MHz, Not Active, Not Active, Not Active, Not Active, Not Active
2026/09/03 20:42:22.682, 519 MiB, 50, 14.43 W, 22 MHz, 405 MHz, Not Active, Not Active, Not Active, Not Active, Not Active
2026/09/03 20:42:22.882, 519 MiB, 50, 15.67 W, 22 MHz, 405 MHz, Not Active, Not Active, Not Active, Not Active, Not Active
2026/09/03 20:42:23.083, 519 MiB, 50, 15.67 W, 22 MHz, 405 MHz, Not Active, Not Active, Not Active, Not Active, Not Active
2026/09/03 20:42:23.283, 519 MiB, 50, 15.67 W, 22 MHz, 405 MHz, Not Active, Not Active, Not Active, Not Active, Not Active
2026/09/03 20:42:23.483, 519 MiB, 50, 15.67 W, 22 MHz, 405 MHz, Not Active, Not Active, Not Active, Not Active, Not Active
2026/09/03 20:42:23.683, 519 MiB, 50, 15.67 W, 22 MHz, 405 MHz, Not Active, Not Active, Not Active, Not Active, Not Active
2026/09/03 20:42:23.883, 519 MiB, 50, 13.49 W, 22 MHz, 405 MHz, Not Active, Not Active, Not Active, Not Active, Not Active
2026/09/03 20:42:24.084, 519 MiB, 50, 13.49 W, 22 MHz, 405 MHz, Not Active, Not Active, Not Active, Not Active, Not Active
2026/09/03 20:42:24.284, 519 MiB, 50, 13.49 W, 22 MHz, 405 MHz, Not Active, Not Active, Not Active, Not Active, Not Active
2026/09/03 20:42:24.484, 519 MiB, 50, 13.49 W, 22 MHz, 405 MHz, Not Active, Not Active, Not Active, Not Active, Not Active
2026/09/03 20:42:24.684, 519 MiB, 50, 13.49 W, 22 MHz, 405 MHz, Not Active, Not Active, Not Active, Not Active, Not Active
2026/09/03 20:42:24.885, 519 MiB, 50, 13.48 W, 22 MHz, 405 MHz, Not Active, Not Active, Not Active, Not Active, Not Active
2026/09/03 20:42:25.085, 519 MiB, 50, 13.48 W, 22 MHz, 405 MHz, Not Active, Not Active, Not Active, Not Active, Not Active
2026/09/03 20:42:25.285, 519 MiB, 50, 13.48 W, 22 MHz, 405 MHz, Not Active, Not Active, Not Active, Not Active, Not Active
2026/09/03 20:42:25.485, 519 MiB, 50, 13.48 W, 22 MHz, 405 MHz, Not Active, Not Active, Not Active, Not Active, Not Active
2026/09/03 20:42:25.686, 519 MiB, 50, 13.48 W, 22 MHz, 405 MHz, Not Active, Not Active, Not Active, Not Active, Not Active
2026/09/03 20:42:25.886, 519 MiB, 50, 13.37 W, 22 MHz, 405 MHz, Not Active, Not Active, Not Active, Not Active, Not Active
2026/09/03 20:42:26.086, 519 MiB, 50, 13.37 W, 22 MHz, 405 MHz, Not Active, Not Active, Not Active, Not Active, Not Active
2026/09/03 20:42:26.286, 519 MiB, 50, 13.37 W, 22 MHz, 405 MHz, Not Active, Not Active, Not Active, Not Active, Not Active
2026/09/03 20:42:26.487, 519 MiB, 50, 13.37 W, 22 MHz, 405 MHz, Not Active, Not Active, Not Active, Not Active, Not Active
2026/09/03 20:42:26.687, 519 MiB, 50, 13.37 W, 22 MHz, 405 MHz, Not Active, Not Active, Not Active, Not Active, Not Active
2026/09/03 20:42:26.887, 519 MiB, 50, 13.32 W, 22 MHz, 405 MHz, Not Active, Not Active, Not Active, Not Active, Not Active
2026/09/03 20:42:27.087, 519 MiB, 50, 13.32 W, 22 MHz, 405 MHz, Not Active, Not Active, Not Active, Not Active, Not Active
2026/09/03 20:42:27.288, 519 MiB, 50, 13.32 W, 22 MHz, 405 MHz, Not Active, Not Active, Not Active, Not Active, Not Active
2026/09/03 20:42:27.488, 519 MiB, 50, 13.32 W, 22 MHz, 405 MHz, Not Active, Not Active, Not Active, Not Active, Not Active
2026/09/03 20:42:27.688, 519 MiB, 50, 13.32 W, 22 MHz, 405 MHz, Not Active, Not Active, Not Active, Not Active, Not Active
2026/09/03 20:42:27.888, 519 MiB, 50, 13.33 W, 22 MHz, 405 MHz, Not Active, Not Active, Not Active, Not Active, Not Active
2026/09/03 20:42:28.088, 519 MiB, 50, 13.33 W, 22 MHz, 405 MHz, Not Active, Not Active, Not Active, Not Active, Not Active
2026/09/03 20:42:28.289, 519 MiB, 50, 13.33 W, 22 MHz, 405 MHz, Not Active, Not Active, Not Active, Not Active, Not Active
2026/09/03 20:42:28.489, 519 MiB, 50, 13.33 W, 22 MHz, 405 MHz, Not Active, Not Active, Not Active, Not Active, Not Active
2026/09/03 20:42:28.689, 519 MiB, 50, 13.33 W, 22 MHz, 405 MHz, Not Active, Not Active, Not Active, Not Active, Not Active
2026/09/03 20:42:28.890, 519 MiB, 49, 13.66 W, 22 MHz, 405 MHz, Not Active, Not Active, Not Active, Not Active, Not Active
2026/09/03 20:42:29.090, 519 MiB, 49, 13.66 W, 22 MHz, 405 MHz, Not Active, Not Active, Not Active, Not Active, Not Active
2026/09/03 20:42:29.290, 519 MiB, 49, 13.66 W, 22 MHz, 405 MHz, Not Active, Not Active, Not Active, Not Active, Not Active
2026/09/03 20:42:29.490, 519 MiB, 50, 14.25 W, 24 MHz, 405 MHz, Not Active, Not Active, Not Active, Not Active, Not Active
2026/09/03 20:42:29.691, 519 MiB, 50, 14.25 W, 24 MHz, 405 MHz, Not Active, Not Active, Not Active, Not Active, Not Active
2026/09/03 20:42:29.891, 519 MiB, 50, 14.70 W, 22 MHz, 405 MHz, Not Active, Not Active, Not Active, Not Active, Not Active
2026/09/03 20:42:30.091, 519 MiB, 50, 14.70 W, 22 MHz, 405 MHz, Not Active, Not Active, Not Active, Not Active, Not Active
2026/09/03 20:42:30.291, 519 MiB, 50, 14.70 W, 22 MHz, 405 MHz, Not Active, Not Active, Not Active, Not Active, Not Active
2026/09/03 20:42:30.491, 519 MiB, 50, 15.80 W, 22 MHz, 405 MHz, Not Active, Not Active, Not Active, Not Active, Not Active
2026/09/03 20:42:30.692, 519 MiB, 50, 15.80 W, 22 MHz, 405 MHz, Not Active, Not Active, Not Active, Not Active, Not Active
2026/09/03 20:42:30.892, 519 MiB, 50, 15.80 W, 22 MHz, 405 MHz, Not Active, Not Active, Not Active, Not Active, Not Active
2026/09/03 20:42:31.092, 519 MiB, 50, 15.80 W, 22 MHz, 405 MHz, Not Active, Not Active, Not Active, Not Active, Not Active
2026/09/03 20:42:31.293, 519 MiB, 50, 15.80 W, 22 MHz, 405 MHz, Not Active, Not Active, Not Active, Not Active, Not Active
2026/09/03 20:42:31.493, 519 MiB, 49, 13.54 W, 22 MHz, 405 MHz, Not Active, Not Active, Not Active, Not Active, Not Active
2026/09/03 20:42:31.693, 519 MiB, 49, 13.54 W, 22 MHz, 405 MHz, Not Active, Not Active, Not Active, Not Active, Not Active
2026/09/03 20:42:31.893, 519 MiB, 49, 13.54 W, 22 MHz, 405 MHz, Not Active, Not Active, Not Active, Not Active, Not Active
2026/09/03 20:42:32.094, 519 MiB, 49, 13.54 W, 22 MHz, 405 MHz, Not Active, Not Active, Not Active, Not Active, Not Active
2026/09/03 20:42:32.294, 519 MiB, 49, 13.54 W, 22 MHz, 405 MHz, Not Active, Not Active, Not Active, Not Active, Not Active
2026/09/03 20:42:32.494, 519 MiB, 49, 13.51 W, 22 MHz, 405 MHz, Not Active, Not Active, Not Active, Not Active, Not Active
2026/09/03 20:42:32.694, 519 MiB, 49, 13.51 W, 22 MHz, 405 MHz, Not Active, Not Active, Not Active, Not Active, Not Active
2026/09/03 20:42:32.895, 519 MiB, 49, 13.51 W, 22 MHz, 405 MHz, Not Active, Not Active, Not Active, Not Active, Not Active
2026/09/03 20:42:33.095, 519 MiB, 49, 13.51 W, 22 MHz, 405 MHz, Not Active, Not Active, Not Active, Not Active, Not Active
2026/09/03 20:42:33.295, 519 MiB, 49, 13.51 W, 22 MHz, 405 MHz, Not Active, Not Active, Not Active, Not Active, Not Active
2026/09/03 20:42:33.496, 519 MiB, 49, 13.49 W, 22 MHz, 405 MHz, Not Active, Not Active, Not Active, Not Active, Not Active
2026/09/03 20:42:33.697, 519 MiB, 49, 13.49 W, 22 MHz, 405 MHz, Not Active, Not Active, Not Active, Not Active, Not Active
2026/09/03 20:42:33.897, 519 MiB, 49, 13.49 W, 22 MHz, 405 MHz, Not Active, Not Active, Not Active, Not Active, Not Active
2026/09/03 20:42:34.097, 519 MiB, 49, 13.49 W, 22 MHz, 405 MHz, Not Active, Not Active, Not Active, Not Active, Not Active
2026/09/03 20:42:34.298, 519 MiB, 49, 13.49 W, 22 MHz, 405 MHz, Not Active, Not Active, Not Active, Not Active, Not Active
2026/09/03 20:42:34.498, 519 MiB, 49, 13.31 W, 22 MHz, 405 MHz, Not Active, Not Active, Not Active, Not Active, Not Active
2026/09/03 20:42:34.698, 519 MiB, 49, 13.31 W, 22 MHz, 405 MHz, Not Active, Not Active, Not Active, Not Active, Not Active
2026/09/03 20:42:34.898, 519 MiB, 49, 13.31 W, 22 MHz, 405 MHz, Not Active, Not Active, Not Active, Not Active, Not Active
2026/09/03 20:42:35.099, 519 MiB, 49, 13.31 W, 22 MHz, 405 MHz, Not Active, Not Active, Not Active, Not Active, Not Active
2026/09/03 20:42:35.299, 519 MiB, 49, 13.31 W, 22 MHz, 405 MHz, Not Active, Not Active, Not Active, Not Active, Not Active
2026/09/03 20:42:35.499, 519 MiB, 49, 13.28 W, 22 MHz, 405 MHz, Not Active, Not Active, Not Active, Not Active, Not Active
2026/09/03 20:42:35.699, 519 MiB, 49, 13.28 W, 22 MHz, 405 MHz, Not Active, Not Active, Not Active, Not Active, Not Active
2026/09/03 20:42:35.900, 519 MiB, 49, 13.28 W, 22 MHz, 405 MHz, Not Active, Not Active, Not Active, Not Active, Not Active
2026/09/03 20:42:36.100, 519 MiB, 49, 13.28 W, 22 MHz, 405 MHz, Not Active, Not Active, Not Active, Not Active, Not Active
2026/09/03 20:42:36.300, 519 MiB, 49, 13.28 W, 22 MHz, 405 MHz, Not Active, Not Active, Not Active, Not Active, Not Active
2026/09/03 20:42:36.501, 519 MiB, 49, 13.80 W, 22 MHz, 405 MHz, Not Active, Not Active, Not Active, Not Active, Not Active
2026/09/03 20:42:36.701, 519 MiB, 49, 13.80 W, 22 MHz, 405 MHz, Not Active, Not Active, Not Active, Not Active, Not Active
2026/09/03 20:42:36.901, 519 MiB, 49, 14.31 W, 22 MHz, 405 MHz, Not Active, Not Active, Not Active, Not Active, Not Active
2026/09/03 20:42:37.101, 519 MiB, 49, 14.31 W, 22 MHz, 405 MHz, Not Active, Not Active, Not Active, Not Active, Not Active
2026/09/03 20:42:37.302, 519 MiB, 49, 14.31 W, 22 MHz, 405 MHz, Not Active, Not Active, Not Active, Not Active, Not Active
2026/09/03 20:42:37.502, 519 MiB, 49, 15.34 W, 22 MHz, 405 MHz, Not Active, Not Active, Not Active, Not Active, Not Active
2026/09/03 20:42:37.702, 519 MiB, 49, 15.34 W, 22 MHz, 405 MHz, Not Active, Not Active, Not Active, Not Active, Not Active
2026/09/03 20:42:37.902, 519 MiB, 49, 15.34 W, 22 MHz, 405 MHz, Not Active, Not Active, Not Active, Not Active, Not Active
2026/09/03 20:42:38.103, 519 MiB, 49, 15.34 W, 22 MHz, 405 MHz, Not Active, Not Active, Not Active, Not Active, Not Active
2026/09/03 20:42:38.303, 519 MiB, 49, 15.34 W, 22 MHz, 405 MHz, Not Active, Not Active, Not Active, Not Active, Not Active
2026/09/03 20:42:38.503, 519 MiB, 49, 13.28 W, 22 MHz, 405 MHz, Not Active, Not Active, Not Active, Not Active, Not Active
2026/09/03 20:42:38.703, 519 MiB, 49, 13.28 W, 22 MHz, 405 MHz, Not Active, Not Active, Not Active, Not Active, Not Active
2026/09/03 20:42:38.904, 519 MiB, 49, 13.28 W, 22 MHz, 405 MHz, Not Active, Not Active, Not Active, Not Active, Not Active
2026/09/03 20:42:39.104, 519 MiB, 49, 13.28 W, 22 MHz, 405 MHz, Not Active, Not Active, Not Active, Not Active, Not Active
2026/09/03 20:42:39.305, 519 MiB, 49, 13.28 W, 22 MHz, 405 MHz, Not Active, Not Active, Not Active, Not Active, Not Active
2026/09/03 20:42:39.506, 519 MiB, 49, 13.21 W, 22 MHz, 405 MHz, Not Active, Not Active, Not Active, Not Active, Not Active
2026/09/03 20:42:39.706, 519 MiB, 49, 13.21 W, 22 MHz, 405 MHz, Not Active, Not Active, Not Active, Not Active, Not Active
2026/09/03 20:42:39.907, 519 MiB, 49, 13.21 W, 22 MHz, 405 MHz, Not Active, Not Active, Not Active, Not Active, Not Active
2026/09/03 20:42:40.107, 519 MiB, 49, 13.21 W, 22 MHz, 405 MHz, Not Active, Not Active, Not Active, Not Active, Not Active
2026/09/03 20:42:40.307, 519 MiB, 49, 13.21 W, 22 MHz, 405 MHz, Not Active, Not Active, Not Active, Not Active, Not Active
2026/09/03 20:42:40.508, 519 MiB, 49, 13.18 W, 22 MHz, 405 MHz, Not Active, Not Active, Not Active, Not Active, Not Active
2026/09/03 20:42:40.708, 519 MiB, 49, 13.18 W, 22 MHz, 405 MHz, Not Active, Not Active, Not Active, Not Active, Not Active
2026/09/03 20:42:40.908, 519 MiB, 49, 13.18 W, 22 MHz, 405 MHz, Not Active, Not Active, Not Active, Not Active, Not Active
2026/09/03 20:42:41.108, 519 MiB, 49, 13.18 W, 22 MHz, 405 MHz, Not Active, Not Active, Not Active, Not Active, Not Active
2026/09/03 20:42:41.309, 519 MiB, 49, 13.18 W, 22 MHz, 405 MHz, Not Active, Not Active, Not Active, Not Active, Not Active
2026/09/03 20:42:41.509, 519 MiB, 49, 13.03 W, 22 MHz, 405 MHz, Not Active, Not Active, Not Active, Not Active, Not Active
2026/09/03 20:42:41.709, 519 MiB, 49, 13.03 W, 22 MHz, 405 MHz, Not Active, Not Active, Not Active, Not Active, Not Active
2026/09/03 20:42:41.909, 519 MiB, 49, 13.03 W, 22 MHz, 405 MHz, Not Active, Not Active, Not Active, Not Active, Not Active
2026/09/03 20:42:42.110, 519 MiB, 49, 13.03 W, 22 MHz, 405 MHz, Not Active, Not Active, Not Active, Not Active, Not Active
2026/09/03 20:42:42.310, 519 MiB, 49, 13.03 W, 22 MHz, 405 MHz, Not Active, Not Active, Not Active, Not Active, Not Active
2026/09/03 20:42:42.510, 519 MiB, 49, 13.20 W, 22 MHz, 405 MHz, Not Active, Not Active, Not Active, Not Active, Not Active
2026/09/03 20:42:42.711, 519 MiB, 49, 13.20 W, 22 MHz, 405 MHz, Not Active, Not Active, Not Active, Not Active, Not Active
2026/09/03 20:42:42.911, 519 MiB, 49, 13.20 W, 22 MHz, 405 MHz, Not Active, Not Active, Not Active, Not Active, Not Active
2026/09/03 20:42:43.111, 519 MiB, 49, 13.20 W, 22 MHz, 405 MHz, Not Active, Not Active, Not Active, Not Active, Not Active
2026/09/03 20:42:43.312, 519 MiB, 49, 13.20 W, 22 MHz, 405 MHz, Not Active, Not Active, Not Active, Not Active, Not Active
2026/09/03 20:42:43.512, 519 MiB, 49, 13.52 W, 22 MHz, 405 MHz, Not Active, Not Active, Not Active, Not Active, Not Active
2026/09/03 20:42:43.712, 519 MiB, 49, 13.52 W, 22 MHz, 405 MHz, Not Active, Not Active, Not Active, Not Active, Not Active
2026/09/03 20:42:43.912, 519 MiB, 49, 14.09 W, 22 MHz, 405 MHz, Not Active, Not Active, Not Active, Not Active, Not Active
2026/09/03 20:42:44.113, 519 MiB, 49, 14.09 W, 22 MHz, 405 MHz, Not Active, Not Active, Not Active, Not Active, Not Active
2026/09/03 20:42:44.313, 519 MiB, 49, 14.09 W, 22 MHz, 405 MHz, Not Active, Not Active, Not Active, Not Active, Not Active
2026/09/03 20:42:44.513, 519 MiB, 49, 15.42 W, 22 MHz, 405 MHz, Not Active, Not Active, Not Active, Not Active, Not Active
2026/09/03 20:42:44.713, 519 MiB, 49, 15.42 W, 22 MHz, 405 MHz, Not Active, Not Active, Not Active, Not Active, Not Active
2026/09/03 20:42:44.914, 519 MiB, 49, 15.42 W, 22 MHz, 405 MHz, Not Active, Not Active, Not Active, Not Active, Not Active
2026/09/03 20:42:45.114, 519 MiB, 49, 15.42 W, 22 MHz, 405 MHz, Not Active, Not Active, Not Active, Not Active, Not Active
2026/09/03 20:42:45.314, 519 MiB, 49, 15.42 W, 22 MHz, 405 MHz, Not Active, Not Active, Not Active, Not Active, Not Active
2026/09/03 20:42:45.514, 519 MiB, 49, 13.58 W, 22 MHz, 405 MHz, Not Active, Not Active, Not Active, Not Active, Not Active
2026/09/03 20:42:45.715, 519 MiB, 49, 13.58 W, 22 MHz, 405 MHz, Not Active, Not Active, Not Active, Not Active, Not Active
2026/09/03 20:42:45.915, 519 MiB, 49, 13.58 W, 22 MHz, 405 MHz, Not Active, Not Active, Not Active, Not Active, Not Active
2026/09/03 20:42:46.115, 519 MiB, 49, 13.58 W, 22 MHz, 405 MHz, Not Active, Not Active, Not Active, Not Active, Not Active
2026/09/03 20:42:46.315, 519 MiB, 49, 13.58 W, 22 MHz, 405 MHz, Not Active, Not Active, Not Active, Not Active, Not Active
2026/09/03 20:42:46.516, 519 MiB, 49, 13.58 W, 22 MHz, 405 MHz, Not Active, Not Active, Not Active, Not Active, Not Active
2026/09/03 20:42:46.716, 519 MiB, 49, 13.58 W, 22 MHz, 405 MHz, Not Active, Not Active, Not Active, Not Active, Not Active
2026/09/03 20:42:46.916, 519 MiB, 49, 13.58 W, 22 MHz, 405 MHz, Not Active, Not Active, Not Active, Not Active, Not Active
2026/09/03 20:42:47.116, 519 MiB, 49, 13.58 W, 22 MHz, 405 MHz, Not Active, Not Active, Not Active, Not Active, Not Active
2026/09/03 20:42:47.316, 519 MiB, 49, 13.58 W, 22 MHz, 405 MHz, Not Active, Not Active, Not Active, Not Active, Not Active
2026/09/03 20:42:47.517, 519 MiB, 49, 13.28 W, 22 MHz, 405 MHz, Not Active, Not Active, Not Active, Not Active, Not Active
2026/09/03 20:42:47.717, 519 MiB, 49, 13.28 W, 22 MHz, 405 MHz, Not Active, Not Active, Not Active, Not Active, Not Active
2026/09/03 20:42:47.917, 519 MiB, 49, 13.28 W, 22 MHz, 405 MHz, Not Active, Not Active, Not Active, Not Active, Not Active
2026/09/03 20:42:48.118, 519 MiB, 49, 13.28 W, 22 MHz, 405 MHz, Not Active, Not Active, Not Active, Not Active, Not Active
2026/09/03 20:42:48.318, 519 MiB, 49, 13.28 W, 22 MHz, 405 MHz, Not Active, Not Active, Not Active, Not Active, Not Active
2026/09/03 20:42:48.519, 519 MiB, 49, 13.38 W, 22 MHz, 405 MHz, Not Active, Not Active, Not Active, Not Active, Not Active
2026/09/03 20:42:48.719, 519 MiB, 49, 13.38 W, 22 MHz, 405 MHz, Not Active, Not Active, Not Active, Not Active, Not Active
2026/09/03 20:42:48.919, 519 MiB, 49, 13.38 W, 22 MHz, 405 MHz, Not Active, Not Active, Not Active, Not Active, Not Active
2026/09/03 20:42:49.119, 519 MiB, 49, 13.38 W, 22 MHz, 405 MHz, Not Active, Not Active, Not Active, Not Active, Not Active
2026/09/03 20:42:49.320, 519 MiB, 49, 13.38 W, 22 MHz, 405 MHz, Not Active, Not Active, Not Active, Not Active, Not Active
2026/09/03 20:42:49.520, 519 MiB, 49, 13.27 W, 22 MHz, 405 MHz, Not Active, Not Active, Not Active, Not Active, Not Active
2026/09/03 20:42:49.720, 519 MiB, 49, 13.27 W, 22 MHz, 405 MHz, Not Active, Not Active, Not Active, Not Active, Not Active
2026/09/03 20:42:49.920, 519 MiB, 49, 13.27 W, 22 MHz, 405 MHz, Not Active, Not Active, Not Active, Not Active, Not Active
2026/09/03 20:42:50.121, 519 MiB, 49, 13.27 W, 22 MHz, 405 MHz, Not Active, Not Active, Not Active, Not Active, Not Active
2026/09/03 20:42:50.321, 519 MiB, 49, 13.27 W, 22 MHz, 405 MHz, Not Active, Not Active, Not Active, Not Active, Not Active
2026/09/03 20:42:50.521, 519 MiB, 49, 13.25 W, 22 MHz, 405 MHz, Not Active, Not Active, Not Active, Not Active, Not Active
2026/09/03 20:42:50.721, 519 MiB, 49, 13.25 W, 22 MHz, 405 MHz, Not Active, Not Active, Not Active, Not Active, Not Active
2026/09/03 20:42:50.921, 519 MiB, 49, 13.83 W, 24 MHz, 405 MHz, Not Active, Not Active, Not Active, Not Active, Not Active
2026/09/03 20:42:51.122, 519 MiB, 49, 13.83 W, 24 MHz, 405 MHz, Not Active, Not Active, Not Active, Not Active, Not Active
2026/09/03 20:42:51.322, 519 MiB, 49, 13.83 W, 24 MHz, 405 MHz, Not Active, Not Active, Not Active, Not Active, Not Active
2026/09/03 20:42:51.522, 519 MiB, 49, 15.35 W, 22 MHz, 405 MHz, Not Active, Not Active, Not Active, Not Active, Not Active
2026/09/03 20:42:51.722, 519 MiB, 49, 15.35 W, 22 MHz, 405 MHz, Not Active, Not Active, Not Active, Not Active, Not Active
2026/09/03 20:42:51.923, 519 MiB, 49, 15.39 W, 22 MHz, 405 MHz, Not Active, Not Active, Not Active, Not Active, Not Active
2026/09/03 20:42:52.123, 519 MiB, 49, 15.39 W, 22 MHz, 405 MHz, Not Active, Not Active, Not Active, Not Active, Not Active
2026/09/03 20:42:52.323, 519 MiB, 49, 15.39 W, 22 MHz, 405 MHz, Not Active, Not Active, Not Active, Not Active, Not Active
2026/09/03 20:42:52.523, 519 MiB, 49, 15.39 W, 22 MHz, 405 MHz, Not Active, Not Active, Not Active, Not Active, Not Active
2026/09/03 20:42:52.724, 519 MiB, 49, 15.39 W, 22 MHz, 405 MHz, Not Active, Not Active, Not Active, Not Active, Not Active
2026/09/03 20:42:52.924, 519 MiB, 49, 13.62 W, 22 MHz, 405 MHz, Not Active, Not Active, Not Active, Not Active, Not Active
2026/09/03 20:42:53.125, 519 MiB, 49, 13.62 W, 22 MHz, 405 MHz, Not Active, Not Active, Not Active, Not Active, Not Active
2026/09/03 20:42:53.325, 519 MiB, 49, 13.62 W, 22 MHz, 405 MHz, Not Active, Not Active, Not Active, Not Active, Not Active
2026/09/03 20:42:53.525, 519 MiB, 49, 13.62 W, 22 MHz, 405 MHz, Not Active, Not Active, Not Active, Not Active, Not Active
2026/09/03 20:42:53.725, 519 MiB, 49, 13.62 W, 22 MHz, 405 MHz, Not Active, Not Active, Not Active, Not Active, Not Active
2026/09/03 20:42:53.926, 519 MiB, 49, 13.73 W, 22 MHz, 405 MHz, Not Active, Not Active, Not Active, Not Active, Not Active
2026/09/03 20:42:54.126, 519 MiB, 49, 13.73 W, 22 MHz, 405 MHz, Not Active, Not Active, Not Active, Not Active, Not Active
2026/09/03 20:42:54.326, 519 MiB, 49, 13.73 W, 22 MHz, 405 MHz, Not Active, Not Active, Not Active, Not Active, Not Active
2026/09/03 20:42:54.527, 519 MiB, 49, 13.73 W, 22 MHz, 405 MHz, Not Active, Not Active, Not Active, Not Active, Not Active
2026/09/03 20:42:54.727, 519 MiB, 49, 13.73 W, 22 MHz, 405 MHz, Not Active, Not Active, Not Active, Not Active, Not Active
2026/09/03 20:42:54.927, 519 MiB, 49, 13.66 W, 22 MHz, 405 MHz, Not Active, Not Active, Not Active, Not Active, Not Active
2026/09/03 20:42:55.127, 519 MiB, 49, 13.66 W, 22 MHz, 405 MHz, Not Active, Not Active, Not Active, Not Active, Not Active
2026/09/03 20:42:55.327, 519 MiB, 49, 13.66 W, 22 MHz, 405 MHz, Not Active, Not Active, Not Active, Not Active, Not Active
2026/09/03 20:42:55.528, 519 MiB, 49, 13.66 W, 22 MHz, 405 MHz, Not Active, Not Active, Not Active, Not Active, Not Active
2026/09/03 20:42:55.728, 519 MiB, 49, 13.66 W, 22 MHz, 405 MHz, Not Active, Not Active, Not Active, Not Active, Not Active
2026/09/03 20:42:55.930, 519 MiB, 49, 13.51 W, 22 MHz, 405 MHz, Not Active, Not Active, Not Active, Not Active, Not Active
2026/09/03 20:42:56.130, 519 MiB, 49, 13.51 W, 22 MHz, 405 MHz, Not Active, Not Active, Not Active, Not Active, Not Active
2026/09/03 20:42:56.330, 519 MiB, 49, 13.51 W, 22 MHz, 405 MHz, Not Active, Not Active, Not Active, Not Active, Not Active
2026/09/03 20:42:56.532, 519 MiB, 49, 13.51 W, 22 MHz, 405 MHz, Not Active, Not Active, Not Active, Not Active, Not Active
2026/09/03 20:42:56.732, 519 MiB, 49, 13.51 W, 22 MHz, 405 MHz, Not Active, Not Active, Not Active, Not Active, Not Active
2026/09/03 20:42:56.933, 519 MiB, 49, 13.38 W, 22 MHz, 405 MHz, Not Active, Not Active, Not Active, Not Active, Not Active
2026/09/03 20:42:57.134, 519 MiB, 49, 13.38 W, 22 MHz, 405 MHz, Not Active, Not Active, Not Active, Not Active, Not Active
2026/09/03 20:42:57.334, 519 MiB, 49, 13.38 W, 22 MHz, 405 MHz, Not Active, Not Active, Not Active, Not Active, Not Active
2026/09/03 20:42:57.534, 519 MiB, 49, 13.38 W, 22 MHz, 405 MHz, Not Active, Not Active, Not Active, Not Active, Not Active
2026/09/03 20:42:57.734, 519 MiB, 49, 13.38 W, 22 MHz, 405 MHz, Not Active, Not Active, Not Active, Not Active, Not Active
2026/09/03 20:42:57.935, 519 MiB, 49, 13.54 W, 24 MHz, 405 MHz, Not Active, Not Active, Not Active, Not Active, Not Active
2026/09/03 20:42:58.135, 519 MiB, 49, 13.54 W, 24 MHz, 405 MHz, Not Active, Not Active, Not Active, Not Active, Not Active
2026/09/03 20:42:58.335, 519 MiB, 49, 14.09 W, 22 MHz, 405 MHz, Not Active, Not Active, Not Active, Not Active, Not Active
2026/09/03 20:42:58.535, 519 MiB, 49, 14.09 W, 22 MHz, 405 MHz, Not Active, Not Active, Not Active, Not Active, Not Active
2026/09/03 20:42:58.735, 519 MiB, 49, 14.09 W, 22 MHz, 405 MHz, Not Active, Not Active, Not Active, Not Active, Not Active
2026/09/03 20:42:58.936, 519 MiB, 49, 15.31 W, 22 MHz, 405 MHz, Not Active, Not Active, Not Active, Not Active, Not Active
2026/09/03 20:42:59.136, 519 MiB, 49, 15.31 W, 22 MHz, 405 MHz, Not Active, Not Active, Not Active, Not Active, Not Active
2026/09/03 20:42:59.336, 519 MiB, 49, 15.31 W, 22 MHz, 405 MHz, Not Active, Not Active, Not Active, Not Active, Not Active
2026/09/03 20:42:59.536, 519 MiB, 49, 15.31 W, 22 MHz, 405 MHz, Not Active, Not Active, Not Active, Not Active, Not Active
2026/09/03 20:42:59.736, 519 MiB, 49, 15.31 W, 22 MHz, 405 MHz, Not Active, Not Active, Not Active, Not Active, Not Active
2026/09/03 20:42:59.937, 519 MiB, 49, 13.79 W, 22 MHz, 405 MHz, Not Active, Not Active, Not Active, Not Active, Not Active
2026/09/03 20:43:00.142, 519 MiB, 49, 13.79 W, 22 MHz, 405 MHz, Not Active, Not Active, Not Active, Not Active, Not Active
2026/09/03 20:43:00.342, 519 MiB, 49, 13.79 W, 22 MHz, 405 MHz, Not Active, Not Active, Not Active, Not Active, Not Active
2026/09/03 20:43:00.543, 519 MiB, 49, 13.79 W, 22 MHz, 405 MHz, Not Active, Not Active, Not Active, Not Active, Not Active
2026/09/03 20:43:00.743, 519 MiB, 49, 13.79 W, 22 MHz, 405 MHz, Not Active, Not Active, Not Active, Not Active, Not Active
2026/09/03 20:43:00.943, 519 MiB, 49, 13.70 W, 21 MHz, 405 MHz, Not Active, Not Active, Not Active, Not Active, Not Active
2026/09/03 20:43:01.143, 519 MiB, 49, 13.70 W, 21 MHz, 405 MHz, Not Active, Not Active, Not Active, Not Active, Not Active
2026/09/03 20:43:01.344, 519 MiB, 49, 13.70 W, 21 MHz, 405 MHz, Not Active, Not Active, Not Active, Not Active, Not Active
2026/09/03 20:43:01.544, 519 MiB, 49, 13.70 W, 21 MHz, 405 MHz, Not Active, Not Active, Not Active, Not Active, Not Active
2026/09/03 20:43:01.744, 519 MiB, 49, 13.70 W, 21 MHz, 405 MHz, Not Active, Not Active, Not Active, Not Active, Not Active
2026/09/03 20:43:01.944, 519 MiB, 49, 13.36 W, 22 MHz, 405 MHz, Not Active, Not Active, Not Active, Not Active, Not Active
2026/09/03 20:43:02.144, 519 MiB, 49, 13.36 W, 22 MHz, 405 MHz, Not Active, Not Active, Not Active, Not Active, Not Active
2026/09/03 20:43:02.345, 519 MiB, 49, 13.36 W, 22 MHz, 405 MHz, Not Active, Not Active, Not Active, Not Active, Not Active
2026/09/03 20:43:02.545, 519 MiB, 49, 13.36 W, 22 MHz, 405 MHz, Not Active, Not Active, Not Active, Not Active, Not Active
2026/09/03 20:43:02.745, 519 MiB, 49, 13.36 W, 22 MHz, 405 MHz, Not Active, Not Active, Not Active, Not Active, Not Active
2026/09/03 20:43:02.945, 519 MiB, 49, 13.25 W, 22 MHz, 405 MHz, Not Active, Not Active, Not Active, Not Active, Not Active
2026/09/03 20:43:03.145, 519 MiB, 49, 13.25 W, 22 MHz, 405 MHz, Not Active, Not Active, Not Active, Not Active, Not Active
2026/09/03 20:43:03.346, 519 MiB, 49, 13.25 W, 22 MHz, 405 MHz, Not Active, Not Active, Not Active, Not Active, Not Active
2026/09/03 20:43:03.546, 519 MiB, 49, 13.25 W, 22 MHz, 405 MHz, Not Active, Not Active, Not Active, Not Active, Not Active
2026/09/03 20:43:03.746, 519 MiB, 49, 13.25 W, 22 MHz, 405 MHz, Not Active, Not Active, Not Active, Not Active, Not Active
2026/09/03 20:43:03.946, 519 MiB, 49, 13.58 W, 22 MHz, 405 MHz, Not Active, Not Active, Not Active, Not Active, Not Active
2026/09/03 20:43:04.147, 519 MiB, 49, 13.58 W, 22 MHz, 405 MHz, Not Active, Not Active, Not Active, Not Active, Not Active
2026/09/03 20:43:04.347, 519 MiB, 49, 13.58 W, 22 MHz, 405 MHz, Not Active, Not Active, Not Active, Not Active, Not Active
2026/09/03 20:43:04.547, 519 MiB, 49, 13.58 W, 22 MHz, 405 MHz, Not Active, Not Active, Not Active, Not Active, Not Active
2026/09/03 20:43:04.747, 519 MiB, 49, 13.58 W, 22 MHz, 405 MHz, Not Active, Not Active, Not Active, Not Active, Not Active
2026/09/03 20:43:04.948, 519 MiB, 49, 13.32 W, 24 MHz, 405 MHz, Not Active, Not Active, Not Active, Not Active, Not Active
2026/09/03 20:43:05.148, 519 MiB, 49, 13.32 W, 24 MHz, 405 MHz, Not Active, Not Active, Not Active, Not Active, Not Active
2026/09/03 20:43:05.348, 519 MiB, 49, 13.85 W, 22 MHz, 405 MHz, Not Active, Not Active, Not Active, Not Active, Not Active
2026/09/03 20:43:05.549, 519 MiB, 49, 13.85 W, 22 MHz, 405 MHz, Not Active, Not Active, Not Active, Not Active, Not Active
2026/09/03 20:43:05.750, 519 MiB, 49, 13.85 W, 22 MHz, 405 MHz, Not Active, Not Active, Not Active, Not Active, Not Active
2026/09/03 20:43:05.951, 519 MiB, 49, 14.89 W, 22 MHz, 405 MHz, Not Active, Not Active, Not Active, Not Active, Not Active
2026/09/03 20:43:06.151, 519 MiB, 49, 14.89 W, 22 MHz, 405 MHz, Not Active, Not Active, Not Active, Not Active, Not Active
2026/09/03 20:43:06.351, 519 MiB, 49, 14.89 W, 22 MHz, 405 MHz, Not Active, Not Active, Not Active, Not Active, Not Active
2026/09/03 20:43:06.551, 519 MiB, 49, 14.89 W, 22 MHz, 405 MHz, Not Active, Not Active, Not Active, Not Active, Not Active
2026/09/03 20:43:06.752, 519 MiB, 49, 14.89 W, 22 MHz, 405 MHz, Not Active, Not Active, Not Active, Not Active, Not Active
2026/09/03 20:43:06.952, 519 MiB, 49, 12.91 W, 22 MHz, 405 MHz, Not Active, Not Active, Not Active, Not Active, Not Active
2026/09/03 20:43:07.152, 519 MiB, 49, 12.91 W, 22 MHz, 405 MHz, Not Active, Not Active, Not Active, Not Active, Not Active
2026/09/03 20:43:07.353, 519 MiB, 49, 12.91 W, 22 MHz, 405 MHz, Not Active, Not Active, Not Active, Not Active, Not Active
2026/09/03 20:43:07.553, 519 MiB, 49, 12.91 W, 22 MHz, 405 MHz, Not Active, Not Active, Not Active, Not Active, Not Active
2026/09/03 20:43:07.753, 519 MiB, 49, 12.91 W, 22 MHz, 405 MHz, Not Active, Not Active, Not Active, Not Active, Not Active
2026/09/03 20:43:07.953, 519 MiB, 49, 13.05 W, 21 MHz, 405 MHz, Not Active, Not Active, Not Active, Not Active, Not Active
2026/09/03 20:43:08.154, 519 MiB, 49, 13.05 W, 21 MHz, 405 MHz, Not Active, Not Active, Not Active, Not Active, Not Active
2026/09/03 20:43:08.354, 519 MiB, 49, 13.05 W, 21 MHz, 405 MHz, Not Active, Not Active, Not Active, Not Active, Not Active
2026/09/03 20:43:08.554, 519 MiB, 49, 13.05 W, 21 MHz, 405 MHz, Not Active, Not Active, Not Active, Not Active, Not Active
2026/09/03 20:43:08.755, 519 MiB, 49, 13.05 W, 21 MHz, 405 MHz, Not Active, Not Active, Not Active, Not Active, Not Active
2026/09/03 20:43:08.955, 519 MiB, 49, 13.40 W, 22 MHz, 405 MHz, Not Active, Not Active, Not Active, Not Active, Not Active
2026/09/03 20:43:09.155, 519 MiB, 49, 13.40 W, 22 MHz, 405 MHz, Not Active, Not Active, Not Active, Not Active, Not Active
2026/09/03 20:43:09.355, 519 MiB, 49, 13.40 W, 22 MHz, 405 MHz, Not Active, Not Active, Not Active, Not Active, Not Active
2026/09/03 20:43:09.555, 519 MiB, 49, 13.40 W, 22 MHz, 405 MHz, Not Active, Not Active, Not Active, Not Active, Not Active
2026/09/03 20:43:09.756, 519 MiB, 49, 13.40 W, 22 MHz, 405 MHz, Not Active, Not Active, Not Active, Not Active, Not Active
2026/09/03 20:43:09.956, 519 MiB, 49, 13.65 W, 22 MHz, 405 MHz, Not Active, Not Active, Not Active, Not Active, Not Active
2026/09/03 20:43:10.156, 519 MiB, 49, 13.65 W, 22 MHz, 405 MHz, Not Active, Not Active, Not Active, Not Active, Not Active
2026/09/03 20:43:10.357, 519 MiB, 49, 13.65 W, 22 MHz, 405 MHz, Not Active, Not Active, Not Active, Not Active, Not Active
2026/09/03 20:43:10.557, 519 MiB, 49, 13.65 W, 22 MHz, 405 MHz, Not Active, Not Active, Not Active, Not Active, Not Active
2026/09/03 20:43:10.757, 519 MiB, 49, 13.65 W, 22 MHz, 405 MHz, Not Active, Not Active, Not Active, Not Active, Not Active
2026/09/03 20:43:10.958, 519 MiB, 49, 13.56 W, 22 MHz, 405 MHz, Not Active, Not Active, Not Active, Not Active, Not Active
2026/09/03 20:43:11.158, 519 MiB, 49, 13.56 W, 22 MHz, 405 MHz, Not Active, Not Active, Not Active, Not Active, Not Active
2026/09/03 20:43:11.358, 519 MiB, 49, 13.56 W, 22 MHz, 405 MHz, Not Active, Not Active, Not Active, Not Active, Not Active
2026/09/03 20:43:11.558, 519 MiB, 49, 13.56 W, 22 MHz, 405 MHz, Not Active, Not Active, Not Active, Not Active, Not Active
2026/09/03 20:43:11.759, 519 MiB, 49, 13.56 W, 22 MHz, 405 MHz, Not Active, Not Active, Not Active, Not Active, Not Active
2026/09/03 20:43:11.959, 519 MiB, 49, 13.48 W, 22 MHz, 405 MHz, Not Active, Not Active, Not Active, Not Active, Not Active
2026/09/03 20:43:12.159, 519 MiB, 49, 13.48 W, 22 MHz, 405 MHz, Not Active, Not Active, Not Active, Not Active, Not Active
2026/09/03 20:43:12.359, 519 MiB, 49, 13.92 W, 22 MHz, 405 MHz, Not Active, Not Active, Not Active, Not Active, Not Active
2026/09/03 20:43:12.560, 519 MiB, 49, 13.92 W, 22 MHz, 405 MHz, Not Active, Not Active, Not Active, Not Active, Not Active
2026/09/03 20:43:12.760, 519 MiB, 49, 13.92 W, 22 MHz, 405 MHz, Not Active, Not Active, Not Active, Not Active, Not Active
2026/09/03 20:43:12.960, 519 MiB, 49, 14.20 W, 22 MHz, 405 MHz, Not Active, Not Active, Not Active, Not Active, Not Active
2026/09/03 20:43:13.160, 519 MiB, 49, 14.20 W, 22 MHz, 405 MHz, Not Active, Not Active, Not Active, Not Active, Not Active
2026/09/03 20:43:13.360, 519 MiB, 49, 14.86 W, 22 MHz, 405 MHz, Not Active, Not Active, Not Active, Not Active, Not Active
2026/09/03 20:43:13.561, 519 MiB, 49, 14.86 W, 22 MHz, 405 MHz, Not Active, Not Active, Not Active, Not Active, Not Active
2026/09/03 20:43:13.761, 519 MiB, 49, 14.86 W, 22 MHz, 405 MHz, Not Active, Not Active, Not Active, Not Active, Not Active
2026/09/03 20:43:13.961, 519 MiB, 49, 14.86 W, 22 MHz, 405 MHz, Not Active, Not Active, Not Active, Not Active, Not Active
2026/09/03 20:43:14.162, 519 MiB, 49, 14.86 W, 22 MHz, 405 MHz, Not Active, Not Active, Not Active, Not Active, Not Active
2026/09/03 20:43:14.362, 519 MiB, 49, 13.03 W, 22 MHz, 405 MHz, Not Active, Not Active, Not Active, Not Active, Not Active
2026/09/03 20:43:14.562, 519 MiB, 49, 13.03 W, 22 MHz, 405 MHz, Not Active, Not Active, Not Active, Not Active, Not Active
2026/09/03 20:43:14.762, 519 MiB, 49, 13.03 W, 22 MHz, 405 MHz, Not Active, Not Active, Not Active, Not Active, Not Active
2026/09/03 20:43:14.963, 519 MiB, 49, 13.03 W, 22 MHz, 405 MHz, Not Active, Not Active, Not Active, Not Active, Not Active
2026/09/03 20:43:15.163, 519 MiB, 49, 13.03 W, 22 MHz, 405 MHz, Not Active, Not Active, Not Active, Not Active, Not Active
2026/09/03 20:43:15.363, 519 MiB, 49, 12.85 W, 22 MHz, 405 MHz, Not Active, Not Active, Not Active, Not Active, Not Active
2026/09/03 20:43:15.563, 519 MiB, 49, 12.85 W, 22 MHz, 405 MHz, Not Active, Not Active, Not Active, Not Active, Not Active
2026/09/03 20:43:15.764, 519 MiB, 49, 12.85 W, 22 MHz, 405 MHz, Not Active, Not Active, Not Active, Not Active, Not Active
2026/09/03 20:43:15.964, 519 MiB, 49, 12.85 W, 22 MHz, 405 MHz, Not Active, Not Active, Not Active, Not Active, Not Active
2026/09/03 20:43:16.164, 519 MiB, 49, 12.85 W, 22 MHz, 405 MHz, Not Active, Not Active, Not Active, Not Active, Not Active
2026/09/03 20:43:16.364, 519 MiB, 49, 12.97 W, 22 MHz, 405 MHz, Not Active, Not Active, Not Active, Not Active, Not Active
2026/09/03 20:43:16.565, 519 MiB, 49, 12.97 W, 22 MHz, 405 MHz, Not Active, Not Active, Not Active, Not Active, Not Active
2026/09/03 20:43:16.765, 519 MiB, 49, 12.97 W, 22 MHz, 405 MHz, Not Active, Not Active, Not Active, Not Active, Not Active
2026/09/03 20:43:16.965, 519 MiB, 49, 12.97 W, 22 MHz, 405 MHz, Not Active, Not Active, Not Active, Not Active, Not Active
2026/09/03 20:43:17.165, 519 MiB, 49, 12.97 W, 22 MHz, 405 MHz, Not Active, Not Active, Not Active, Not Active, Not Active
2026/09/03 20:43:17.366, 519 MiB, 49, 12.76 W, 22 MHz, 405 MHz, Not Active, Not Active, Not Active, Not Active, Not Active
2026/09/03 20:43:17.566, 519 MiB, 49, 12.76 W, 22 MHz, 405 MHz, Not Active, Not Active, Not Active, Not Active, Not Active
2026/09/03 20:43:17.766, 519 MiB, 49, 12.76 W, 22 MHz, 405 MHz, Not Active, Not Active, Not Active, Not Active, Not Active
2026/09/03 20:43:17.967, 519 MiB, 49, 12.76 W, 22 MHz, 405 MHz, Not Active, Not Active, Not Active, Not Active, Not Active
2026/09/03 20:43:18.167, 519 MiB, 49, 12.76 W, 22 MHz, 405 MHz, Not Active, Not Active, Not Active, Not Active, Not Active
2026/09/03 20:43:18.367, 519 MiB, 49, 13.25 W, 22 MHz, 405 MHz, Not Active, Not Active, Not Active, Not Active, Not Active
2026/09/03 20:43:18.567, 519 MiB, 49, 13.25 W, 22 MHz, 405 MHz, Not Active, Not Active, Not Active, Not Active, Not Active
2026/09/03 20:43:18.768, 519 MiB, 49, 13.25 W, 22 MHz, 405 MHz, Not Active, Not Active, Not Active, Not Active, Not Active
2026/09/03 20:43:18.968, 519 MiB, 49, 13.25 W, 22 MHz, 405 MHz, Not Active, Not Active, Not Active, Not Active, Not Active
2026/09/03 20:43:19.168, 519 MiB, 49, 13.25 W, 22 MHz, 405 MHz, Not Active, Not Active, Not Active, Not Active, Not Active
2026/09/03 20:43:19.368, 519 MiB, 49, 13.35 W, 24 MHz, 405 MHz, Not Active, Not Active, Not Active, Not Active, Not Active
2026/09/03 20:43:19.569, 519 MiB, 49, 13.35 W, 24 MHz, 405 MHz, Not Active, Not Active, Not Active, Not Active, Not Active
2026/09/03 20:43:19.769, 519 MiB, 49, 13.35 W, 24 MHz, 405 MHz, Not Active, Not Active, Not Active, Not Active, Not Active
2026/09/03 20:43:19.969, 519 MiB, 49, 13.83 W, 22 MHz, 405 MHz, Not Active, Not Active, Not Active, Not Active, Not Active
2026/09/03 20:43:20.169, 519 MiB, 49, 13.83 W, 22 MHz, 405 MHz, Not Active, Not Active, Not Active, Not Active, Not Active
2026/09/03 20:43:20.370, 519 MiB, 49, 14.86 W, 22 MHz, 405 MHz, Not Active, Not Active, Not Active, Not Active, Not Active
2026/09/03 20:43:20.570, 519 MiB, 49, 14.86 W, 22 MHz, 405 MHz, Not Active, Not Active, Not Active, Not Active, Not Active
2026/09/03 20:43:20.770, 519 MiB, 49, 14.86 W, 22 MHz, 405 MHz, Not Active, Not Active, Not Active, Not Active, Not Active
2026/09/03 20:43:20.970, 519 MiB, 49, 14.86 W, 22 MHz, 405 MHz, Not Active, Not Active, Not Active, Not Active, Not Active
2026/09/03 20:43:21.171, 519 MiB, 49, 14.86 W, 22 MHz, 405 MHz, Not Active, Not Active, Not Active, Not Active, Not Active
2026/09/03 20:43:21.371, 519 MiB, 49, 13.08 W, 22 MHz, 405 MHz, Not Active, Not Active, Not Active, Not Active, Not Active
2026/09/03 20:43:21.571, 519 MiB, 49, 13.08 W, 22 MHz, 405 MHz, Not Active, Not Active, Not Active, Not Active, Not Active
2026/09/03 20:43:21.772, 519 MiB, 49, 13.08 W, 22 MHz, 405 MHz, Not Active, Not Active, Not Active, Not Active, Not Active
2026/09/03 20:43:21.972, 519 MiB, 49, 13.08 W, 22 MHz, 405 MHz, Not Active, Not Active, Not Active, Not Active, Not Active
2026/09/03 20:43:22.172, 519 MiB, 49, 13.08 W, 22 MHz, 405 MHz, Not Active, Not Active, Not Active, Not Active, Not Active
2026/09/03 20:43:22.372, 519 MiB, 49, 13.15 W, 22 MHz, 405 MHz, Not Active, Not Active, Not Active, Not Active, Not Active
2026/09/03 20:43:22.572, 519 MiB, 49, 13.15 W, 22 MHz, 405 MHz, Not Active, Not Active, Not Active, Not Active, Not Active
2026/09/03 20:43:22.773, 519 MiB, 49, 13.15 W, 22 MHz, 405 MHz, Not Active, Not Active, Not Active, Not Active, Not Active
2026/09/03 20:43:22.973, 519 MiB, 49, 13.15 W, 22 MHz, 405 MHz, Not Active, Not Active, Not Active, Not Active, Not Active
2026/09/03 20:43:23.173, 519 MiB, 49, 13.15 W, 22 MHz, 405 MHz, Not Active, Not Active, Not Active, Not Active, Not Active
2026/09/03 20:43:23.373, 519 MiB, 49, 13.07 W, 22 MHz, 405 MHz, Not Active, Not Active, Not Active, Not Active, Not Active
2026/09/03 20:43:23.574, 519 MiB, 49, 13.07 W, 22 MHz, 405 MHz, Not Active, Not Active, Not Active, Not Active, Not Active
2026/09/03 20:43:23.774, 519 MiB, 49, 13.07 W, 22 MHz, 405 MHz, Not Active, Not Active, Not Active, Not Active, Not Active
2026/09/03 20:43:23.975, 519 MiB, 49, 13.07 W, 22 MHz, 405 MHz, Not Active, Not Active, Not Active, Not Active, Not Active
2026/09/03 20:43:24.175, 519 MiB, 49, 13.07 W, 22 MHz, 405 MHz, Not Active, Not Active, Not Active, Not Active, Not Active
2026/09/03 20:43:24.375, 519 MiB, 49, 13.36 W, 22 MHz, 405 MHz, Not Active, Not Active, Not Active, Not Active, Not Active
2026/09/03 20:43:24.575, 519 MiB, 49, 13.36 W, 22 MHz, 405 MHz, Not Active, Not Active, Not Active, Not Active, Not Active
2026/09/03 20:43:24.776, 519 MiB, 49, 13.36 W, 22 MHz, 405 MHz, Not Active, Not Active, Not Active, Not Active, Not Active
2026/09/03 20:43:24.976, 519 MiB, 49, 13.36 W, 22 MHz, 405 MHz, Not Active, Not Active, Not Active, Not Active, Not Active
2026/09/03 20:43:25.176, 519 MiB, 49, 13.36 W, 22 MHz, 405 MHz, Not Active, Not Active, Not Active, Not Active, Not Active
2026/09/03 20:43:25.376, 519 MiB, 49, 13.28 W, 22 MHz, 405 MHz, Not Active, Not Active, Not Active, Not Active, Not Active
2026/09/03 20:43:25.577, 519 MiB, 49, 13.28 W, 22 MHz, 405 MHz, Not Active, Not Active, Not Active, Not Active, Not Active
2026/09/03 20:43:25.777, 519 MiB, 49, 13.28 W, 22 MHz, 405 MHz, Not Active, Not Active, Not Active, Not Active, Not Active
2026/09/03 20:43:25.977, 519 MiB, 49, 13.28 W, 22 MHz, 405 MHz, Not Active, Not Active, Not Active, Not Active, Not Active
2026/09/03 20:43:26.177, 519 MiB, 49, 13.28 W, 22 MHz, 405 MHz, Not Active, Not Active, Not Active, Not Active, Not Active
2026/09/03 20:43:26.378, 519 MiB, 49, 13.35 W, 24 MHz, 405 MHz, Not Active, Not Active, Not Active, Not Active, Not Active
2026/09/03 20:43:26.578, 519 MiB, 49, 13.35 W, 24 MHz, 405 MHz, Not Active, Not Active, Not Active, Not Active, Not Active
2026/09/03 20:43:26.778, 519 MiB, 49, 13.35 W, 24 MHz, 405 MHz, Not Active, Not Active, Not Active, Not Active, Not Active
2026/09/03 20:43:26.978, 519 MiB, 49, 13.88 W, 22 MHz, 405 MHz, Not Active, Not Active, Not Active, Not Active, Not Active
2026/09/03 20:43:27.179, 519 MiB, 49, 13.88 W, 22 MHz, 405 MHz, Not Active, Not Active, Not Active, Not Active, Not Active
2026/09/03 20:43:27.379, 519 MiB, 49, 15.08 W, 22 MHz, 405 MHz, Not Active, Not Active, Not Active, Not Active, Not Active
2026/09/03 20:43:27.579, 519 MiB, 49, 15.08 W, 22 MHz, 405 MHz, Not Active, Not Active, Not Active, Not Active, Not Active
2026/09/03 20:43:27.779, 519 MiB, 49, 15.08 W, 22 MHz, 405 MHz, Not Active, Not Active, Not Active, Not Active, Not Active
2026/09/03 20:43:27.980, 519 MiB, 49, 15.08 W, 22 MHz, 405 MHz, Not Active, Not Active, Not Active, Not Active, Not Active
2026/09/03 20:43:28.180, 519 MiB, 49, 15.08 W, 22 MHz, 405 MHz, Not Active, Not Active, Not Active, Not Active, Not Active
2026/09/03 20:43:28.380, 519 MiB, 49, 13.18 W, 22 MHz, 405 MHz, Not Active, Not Active, Not Active, Not Active, Not Active
2026/09/03 20:43:28.581, 519 MiB, 49, 13.18 W, 22 MHz, 405 MHz, Not Active, Not Active, Not Active, Not Active, Not Active
2026/09/03 20:43:28.781, 519 MiB, 49, 13.18 W, 22 MHz, 405 MHz, Not Active, Not Active, Not Active, Not Active, Not Active
2026/09/03 20:43:28.981, 519 MiB, 49, 13.18 W, 22 MHz, 405 MHz, Not Active, Not Active, Not Active, Not Active, Not Active
2026/09/03 20:43:29.182, 519 MiB, 49, 13.18 W, 22 MHz, 405 MHz, Not Active, Not Active, Not Active, Not Active, Not Active
2026/09/03 20:43:29.382, 519 MiB, 48, 13.15 W, 22 MHz, 405 MHz, Not Active, Not Active, Not Active, Not Active, Not Active
2026/09/03 20:43:29.582, 519 MiB, 48, 13.15 W, 22 MHz, 405 MHz, Not Active, Not Active, Not Active, Not Active, Not Active
2026/09/03 20:43:29.782, 519 MiB, 48, 13.15 W, 22 MHz, 405 MHz, Not Active, Not Active, Not Active, Not Active, Not Active
2026/09/03 20:43:29.983, 519 MiB, 48, 13.15 W, 22 MHz, 405 MHz, Not Active, Not Active, Not Active, Not Active, Not Active
2026/09/03 20:43:30.183, 519 MiB, 48, 13.15 W, 22 MHz, 405 MHz, Not Active, Not Active, Not Active, Not Active, Not Active
2026/09/03 20:43:30.383, 519 MiB, 49, 13.11 W, 22 MHz, 405 MHz, Not Active, Not Active, Not Active, Not Active, Not Active
2026/09/03 20:43:30.584, 519 MiB, 49, 13.11 W, 22 MHz, 405 MHz, Not Active, Not Active, Not Active, Not Active, Not Active
2026/09/03 20:43:30.784, 519 MiB, 49, 13.11 W, 22 MHz, 405 MHz, Not Active, Not Active, Not Active, Not Active, Not Active
2026/09/03 20:43:30.984, 519 MiB, 49, 13.11 W, 22 MHz, 405 MHz, Not Active, Not Active, Not Active, Not Active, Not Active
2026/09/03 20:43:31.184, 519 MiB, 49, 13.11 W, 22 MHz, 405 MHz, Not Active, Not Active, Not Active, Not Active, Not Active
2026/09/03 20:43:31.385, 519 MiB, 48, 13.18 W, 22 MHz, 405 MHz, Not Active, Not Active, Not Active, Not Active, Not Active
2026/09/03 20:43:31.585, 519 MiB, 48, 13.18 W, 22 MHz, 405 MHz, Not Active, Not Active, Not Active, Not Active, Not Active
2026/09/03 20:43:31.785, 519 MiB, 48, 13.18 W, 22 MHz, 405 MHz, Not Active, Not Active, Not Active, Not Active, Not Active
2026/09/03 20:43:31.985, 519 MiB, 48, 13.18 W, 22 MHz, 405 MHz, Not Active, Not Active, Not Active, Not Active, Not Active
2026/09/03 20:43:32.186, 519 MiB, 48, 13.18 W, 22 MHz, 405 MHz, Not Active, Not Active, Not Active, Not Active, Not Active
2026/09/03 20:43:32.386, 519 MiB, 48, 13.17 W, 22 MHz, 405 MHz, Not Active, Not Active, Not Active, Not Active, Not Active
2026/09/03 20:43:32.586, 519 MiB, 48, 13.17 W, 22 MHz, 405 MHz, Not Active, Not Active, Not Active, Not Active, Not Active
2026/09/03 20:43:32.786, 519 MiB, 48, 13.17 W, 22 MHz, 405 MHz, Not Active, Not Active, Not Active, Not Active, Not Active
2026/09/03 20:43:32.987, 519 MiB, 48, 13.17 W, 22 MHz, 405 MHz, Not Active, Not Active, Not Active, Not Active, Not Active
2026/09/03 20:43:33.187, 519 MiB, 48, 13.17 W, 22 MHz, 405 MHz, Not Active, Not Active, Not Active, Not Active, Not Active
2026/09/03 20:43:33.387, 519 MiB, 48, 13.10 W, 22 MHz, 405 MHz, Not Active, Not Active, Not Active, Not Active, Not Active
2026/09/03 20:43:33.587, 519 MiB, 48, 13.10 W, 22 MHz, 405 MHz, Not Active, Not Active, Not Active, Not Active, Not Active
2026/09/03 20:43:33.788, 519 MiB, 48, 13.10 W, 22 MHz, 405 MHz, Not Active, Not Active, Not Active, Not Active, Not Active
2026/09/03 20:43:33.988, 519 MiB, 48, 13.68 W, 22 MHz, 405 MHz, Not Active, Not Active, Not Active, Not Active, Not Active
2026/09/03 20:43:34.188, 519 MiB, 48, 13.68 W, 22 MHz, 405 MHz, Not Active, Not Active, Not Active, Not Active, Not Active
2026/09/03 20:43:34.388, 519 MiB, 48, 13.99 W, 22 MHz, 405 MHz, Not Active, Not Active, Not Active, Not Active, Not Active
2026/09/03 20:43:34.589, 519 MiB, 48, 13.99 W, 22 MHz, 405 MHz, Not Active, Not Active, Not Active, Not Active, Not Active
2026/09/03 20:43:34.789, 519 MiB, 48, 13.99 W, 22 MHz, 405 MHz, Not Active, Not Active, Not Active, Not Active, Not Active
2026/09/03 20:43:34.989, 519 MiB, 48, 15.00 W, 22 MHz, 405 MHz, Not Active, Not Active, Not Active, Not Active, Not Active
2026/09/03 20:43:35.189, 519 MiB, 48, 15.00 W, 22 MHz, 405 MHz, Not Active, Not Active, Not Active, Not Active, Not Active
2026/09/03 20:43:35.390, 519 MiB, 48, 13.07 W, 22 MHz, 405 MHz, Not Active, Not Active, Not Active, Not Active, Not Active
2026/09/03 20:43:35.590, 519 MiB, 48, 13.07 W, 22 MHz, 405 MHz, Not Active, Not Active, Not Active, Not Active, Not Active
2026/09/03 20:43:35.790, 519 MiB, 48, 13.07 W, 22 MHz, 405 MHz, Not Active, Not Active, Not Active, Not Active, Not Active
2026/09/03 20:43:35.991, 519 MiB, 48, 13.07 W, 22 MHz, 405 MHz, Not Active, Not Active, Not Active, Not Active, Not Active
2026/09/03 20:43:36.191, 519 MiB, 48, 13.07 W, 22 MHz, 405 MHz, Not Active, Not Active, Not Active, Not Active, Not Active
2026/09/03 20:43:36.391, 519 MiB, 48, 13.05 W, 22 MHz, 405 MHz, Not Active, Not Active, Not Active, Not Active, Not Active
2026/09/03 20:43:36.591, 519 MiB, 48, 13.05 W, 22 MHz, 405 MHz, Not Active, Not Active, Not Active, Not Active, Not Active
2026/09/03 20:43:36.792, 519 MiB, 48, 13.05 W, 22 MHz, 405 MHz, Not Active, Not Active, Not Active, Not Active, Not Active
2026/09/03 20:43:36.992, 519 MiB, 48, 13.05 W, 22 MHz, 405 MHz, Not Active, Not Active, Not Active, Not Active, Not Active
2026/09/03 20:43:37.192, 519 MiB, 48, 13.05 W, 22 MHz, 405 MHz, Not Active, Not Active, Not Active, Not Active, Not Active
2026/09/03 20:43:37.392, 519 MiB, 48, 12.90 W, 22 MHz, 405 MHz, Not Active, Not Active, Not Active, Not Active, Not Active
2026/09/03 20:43:37.592, 519 MiB, 48, 12.90 W, 22 MHz, 405 MHz, Not Active, Not Active, Not Active, Not Active, Not Active
2026/09/03 20:43:37.793, 519 MiB, 48, 12.90 W, 22 MHz, 405 MHz, Not Active, Not Active, Not Active, Not Active, Not Active
2026/09/03 20:43:37.993, 519 MiB, 48, 12.90 W, 22 MHz, 405 MHz, Not Active, Not Active, Not Active, Not Active, Not Active
2026/09/03 20:43:38.193, 519 MiB, 48, 12.90 W, 22 MHz, 405 MHz, Not Active, Not Active, Not Active, Not Active, Not Active
2026/09/03 20:43:38.394, 519 MiB, 48, 13.05 W, 22 MHz, 405 MHz, Not Active, Not Active, Not Active, Not Active, Not Active
2026/09/03 20:43:38.594, 519 MiB, 48, 13.05 W, 22 MHz, 405 MHz, Not Active, Not Active, Not Active, Not Active, Not Active
2026/09/03 20:43:38.794, 519 MiB, 48, 13.05 W, 22 MHz, 405 MHz, Not Active, Not Active, Not Active, Not Active, Not Active
2026/09/03 20:43:38.995, 519 MiB, 48, 13.05 W, 22 MHz, 405 MHz, Not Active, Not Active, Not Active, Not Active, Not Active
2026/09/03 20:43:39.195, 519 MiB, 48, 13.05 W, 22 MHz, 405 MHz, Not Active, Not Active, Not Active, Not Active, Not Active
2026/09/03 20:43:39.395, 519 MiB, 48, 13.00 W, 22 MHz, 405 MHz, Not Active, Not Active, Not Active, Not Active, Not Active
2026/09/03 20:43:39.596, 519 MiB, 48, 13.00 W, 22 MHz, 405 MHz, Not Active, Not Active, Not Active, Not Active, Not Active
2026/09/03 20:43:39.796, 519 MiB, 48, 13.00 W, 22 MHz, 405 MHz, Not Active, Not Active, Not Active, Not Active, Not Active
2026/09/03 20:43:39.996, 519 MiB, 48, 13.00 W, 22 MHz, 405 MHz, Not Active, Not Active, Not Active, Not Active, Not Active
2026/09/03 20:43:40.196, 519 MiB, 48, 13.00 W, 22 MHz, 405 MHz, Not Active, Not Active, Not Active, Not Active, Not Active
2026/09/03 20:43:40.397, 519 MiB, 48, 12.84 W, 22 MHz, 405 MHz, Not Active, Not Active, Not Active, Not Active, Not Active
2026/09/03 20:43:40.597, 519 MiB, 48, 12.84 W, 22 MHz, 405 MHz, Not Active, Not Active, Not Active, Not Active, Not Active
2026/09/03 20:43:40.797, 519 MiB, 48, 12.84 W, 22 MHz, 405 MHz, Not Active, Not Active, Not Active, Not Active, Not Active
2026/09/03 20:43:40.998, 519 MiB, 48, 13.43 W, 24 MHz, 405 MHz, Not Active, Not Active, Not Active, Not Active, Not Active
2026/09/03 20:43:41.198, 519 MiB, 48, 13.43 W, 24 MHz, 405 MHz, Not Active, Not Active, Not Active, Not Active, Not Active
2026/09/03 20:43:41.398, 519 MiB, 48, 13.95 W, 22 MHz, 405 MHz, Not Active, Not Active, Not Active, Not Active, Not Active
2026/09/03 20:43:41.598, 519 MiB, 48, 13.95 W, 22 MHz, 405 MHz, Not Active, Not Active, Not Active, Not Active, Not Active
2026/09/03 20:43:41.798, 519 MiB, 48, 13.95 W, 22 MHz, 405 MHz, Not Active, Not Active, Not Active, Not Active, Not Active
2026/09/03 20:43:41.999, 519 MiB, 48, 15.11 W, 22 MHz, 405 MHz, Not Active, Not Active, Not Active, Not Active, Not Active
2026/09/03 20:43:42.199, 519 MiB, 48, 15.11 W, 22 MHz, 405 MHz, Not Active, Not Active, Not Active, Not Active, Not Active
2026/09/03 20:43:42.399, 519 MiB, 48, 15.11 W, 22 MHz, 405 MHz, Not Active, Not Active, Not Active, Not Active, Not Active
2026/09/03 20:43:42.600, 519 MiB, 48, 15.11 W, 22 MHz, 405 MHz, Not Active, Not Active, Not Active, Not Active, Not Active
2026/09/03 20:43:42.800, 519 MiB, 48, 15.11 W, 22 MHz, 405 MHz, Not Active, Not Active, Not Active, Not Active, Not Active
2026/09/03 20:43:43.000, 519 MiB, 48, 13.35 W, 22 MHz, 405 MHz, Not Active, Not Active, Not Active, Not Active, Not Active
2026/09/03 20:43:43.200, 519 MiB, 48, 13.35 W, 22 MHz, 405 MHz, Not Active, Not Active, Not Active, Not Active, Not Active
2026/09/03 20:43:43.400, 519 MiB, 48, 13.35 W, 22 MHz, 405 MHz, Not Active, Not Active, Not Active, Not Active, Not Active
2026/09/03 20:43:43.601, 519 MiB, 48, 13.35 W, 22 MHz, 405 MHz, Not Active, Not Active, Not Active, Not Active, Not Active
2026/09/03 20:43:43.801, 519 MiB, 48, 13.35 W, 22 MHz, 405 MHz, Not Active, Not Active, Not Active, Not Active, Not Active
2026/09/03 20:43:44.001, 519 MiB, 48, 13.29 W, 22 MHz, 405 MHz, Not Active, Not Active, Not Active, Not Active, Not Active
2026/09/03 20:43:44.201, 519 MiB, 48, 13.29 W, 22 MHz, 405 MHz, Not Active, Not Active, Not Active, Not Active, Not Active
2026/09/03 20:43:44.402, 519 MiB, 48, 13.29 W, 22 MHz, 405 MHz, Not Active, Not Active, Not Active, Not Active, Not Active
2026/09/03 20:43:44.602, 519 MiB, 48, 13.29 W, 22 MHz, 405 MHz, Not Active, Not Active, Not Active, Not Active, Not Active
2026/09/03 20:43:44.802, 519 MiB, 48, 13.29 W, 22 MHz, 405 MHz, Not Active, Not Active, Not Active, Not Active, Not Active
2026/09/03 20:43:45.003, 519 MiB, 48, 13.22 W, 22 MHz, 405 MHz, Not Active, Not Active, Not Active, Not Active, Not Active
2026/09/03 20:43:45.203, 519 MiB, 48, 13.22 W, 22 MHz, 405 MHz, Not Active, Not Active, Not Active, Not Active, Not Active
2026/09/03 20:43:45.403, 519 MiB, 48, 13.22 W, 22 MHz, 405 MHz, Not Active, Not Active, Not Active, Not Active, Not Active
2026/09/03 20:43:45.603, 519 MiB, 48, 13.22 W, 22 MHz, 405 MHz, Not Active, Not Active, Not Active, Not Active, Not Active
2026/09/03 20:43:45.804, 519 MiB, 48, 13.22 W, 22 MHz, 405 MHz, Not Active, Not Active, Not Active, Not Active, Not Active
2026/09/03 20:43:46.004, 519 MiB, 48, 13.22 W, 22 MHz, 405 MHz, Not Active, Not Active, Not Active, Not Active, Not Active
2026/09/03 20:43:46.204, 519 MiB, 48, 13.22 W, 22 MHz, 405 MHz, Not Active, Not Active, Not Active, Not Active, Not Active
2026/09/03 20:43:46.404, 519 MiB, 48, 13.22 W, 22 MHz, 405 MHz, Not Active, Not Active, Not Active, Not Active, Not Active
2026/09/03 20:43:46.605, 519 MiB, 48, 13.22 W, 22 MHz, 405 MHz, Not Active, Not Active, Not Active, Not Active, Not Active
2026/09/03 20:43:46.805, 519 MiB, 48, 13.22 W, 22 MHz, 405 MHz, Not Active, Not Active, Not Active, Not Active, Not Active
2026/09/03 20:43:47.005, 519 MiB, 48, 13.20 W, 22 MHz, 405 MHz, Not Active, Not Active, Not Active, Not Active, Not Active
2026/09/03 20:43:47.206, 519 MiB, 48, 13.20 W, 22 MHz, 405 MHz, Not Active, Not Active, Not Active, Not Active, Not Active
2026/09/03 20:43:47.406, 519 MiB, 48, 13.20 W, 22 MHz, 405 MHz, Not Active, Not Active, Not Active, Not Active, Not Active
2026/09/03 20:43:47.606, 519 MiB, 48, 13.20 W, 22 MHz, 405 MHz, Not Active, Not Active, Not Active, Not Active, Not Active
2026/09/03 20:43:47.807, 519 MiB, 48, 13.20 W, 22 MHz, 405 MHz, Not Active, Not Active, Not Active, Not Active, Not Active
2026/09/03 20:43:48.007, 519 MiB, 48, 13.29 W, 24 MHz, 405 MHz, Not Active, Not Active, Not Active, Not Active, Not Active
2026/09/03 20:43:48.207, 519 MiB, 48, 13.29 W, 24 MHz, 405 MHz, Not Active, Not Active, Not Active, Not Active, Not Active
2026/09/03 20:43:48.408, 519 MiB, 48, 13.70 W, 22 MHz, 405 MHz, Not Active, Not Active, Not Active, Not Active, Not Active
2026/09/03 20:43:48.608, 519 MiB, 48, 13.70 W, 22 MHz, 405 MHz, Not Active, Not Active, Not Active, Not Active, Not Active
2026/09/03 20:43:48.808, 519 MiB, 48, 13.70 W, 22 MHz, 405 MHz, Not Active, Not Active, Not Active, Not Active, Not Active
2026/09/03 20:43:49.008, 519 MiB, 48, 14.56 W, 22 MHz, 405 MHz, Not Active, Not Active, Not Active, Not Active, Not Active
2026/09/03 20:43:49.209, 519 MiB, 48, 14.56 W, 22 MHz, 405 MHz, Not Active, Not Active, Not Active, Not Active, Not Active
2026/09/03 20:43:49.409, 519 MiB, 48, 14.56 W, 22 MHz, 405 MHz, Not Active, Not Active, Not Active, Not Active, Not Active
2026/09/03 20:43:49.609, 519 MiB, 48, 14.56 W, 22 MHz, 405 MHz, Not Active, Not Active, Not Active, Not Active, Not Active
2026/09/03 20:43:49.810, 519 MiB, 48, 14.56 W, 22 MHz, 405 MHz, Not Active, Not Active, Not Active, Not Active, Not Active
2026/09/03 20:43:50.010, 519 MiB, 48, 12.94 W, 22 MHz, 405 MHz, Not Active, Not Active, Not Active, Not Active, Not Active
2026/09/03 20:43:50.210, 519 MiB, 48, 12.94 W, 22 MHz, 405 MHz, Not Active, Not Active, Not Active, Not Active, Not Active
2026/09/03 20:43:50.410, 519 MiB, 48, 12.94 W, 22 MHz, 405 MHz, Not Active, Not Active, Not Active, Not Active, Not Active
2026/09/03 20:43:50.611, 519 MiB, 48, 12.94 W, 22 MHz, 405 MHz, Not Active, Not Active, Not Active, Not Active, Not Active
2026/09/03 20:43:50.811, 519 MiB, 48, 12.94 W, 22 MHz, 405 MHz, Not Active, Not Active, Not Active, Not Active, Not Active
2026/09/03 20:43:51.011, 519 MiB, 48, 12.92 W, 22 MHz, 405 MHz, Not Active, Not Active, Not Active, Not Active, Not Active
2026/09/03 20:43:51.211, 519 MiB, 48, 12.92 W, 22 MHz, 405 MHz, Not Active, Not Active, Not Active, Not Active, Not Active
2026/09/03 20:43:51.412, 519 MiB, 48, 12.92 W, 22 MHz, 405 MHz, Not Active, Not Active, Not Active, Not Active, Not Active
2026/09/03 20:43:51.612, 519 MiB, 48, 12.92 W, 22 MHz, 405 MHz, Not Active, Not Active, Not Active, Not Active, Not Active
2026/09/03 20:43:51.812, 519 MiB, 48, 12.92 W, 22 MHz, 405 MHz, Not Active, Not Active, Not Active, Not Active, Not Active
2026/09/03 20:43:52.013, 519 MiB, 48, 12.86 W, 22 MHz, 405 MHz, Not Active, Not Active, Not Active, Not Active, Not Active
2026/09/03 20:43:52.213, 519 MiB, 48, 12.86 W, 22 MHz, 405 MHz, Not Active, Not Active, Not Active, Not Active, Not Active
2026/09/03 20:43:52.413, 519 MiB, 48, 12.86 W, 22 MHz, 405 MHz, Not Active, Not Active, Not Active, Not Active, Not Active
2026/09/03 20:43:52.614, 519 MiB, 48, 12.86 W, 22 MHz, 405 MHz, Not Active, Not Active, Not Active, Not Active, Not Active
2026/09/03 20:43:52.814, 519 MiB, 48, 12.86 W, 22 MHz, 405 MHz, Not Active, Not Active, Not Active, Not Active, Not Active
2026/09/03 20:43:53.014, 519 MiB, 48, 12.95 W, 22 MHz, 405 MHz, Not Active, Not Active, Not Active, Not Active, Not Active
2026/09/03 20:43:53.214, 519 MiB, 48, 12.95 W, 22 MHz, 405 MHz, Not Active, Not Active, Not Active, Not Active, Not Active
2026/09/03 20:43:53.414, 519 MiB, 48, 12.95 W, 22 MHz, 405 MHz, Not Active, Not Active, Not Active, Not Active, Not Active
2026/09/03 20:43:53.615, 519 MiB, 48, 12.95 W, 22 MHz, 405 MHz, Not Active, Not Active, Not Active, Not Active, Not Active
2026/09/03 20:43:53.815, 519 MiB, 48, 12.95 W, 22 MHz, 405 MHz, Not Active, Not Active, Not Active, Not Active, Not Active
2026/09/03 20:43:54.015, 519 MiB, 48, 13.00 W, 22 MHz, 405 MHz, Not Active, Not Active, Not Active, Not Active, Not Active
2026/09/03 20:43:54.215, 519 MiB, 48, 13.00 W, 22 MHz, 405 MHz, Not Active, Not Active, Not Active, Not Active, Not Active
2026/09/03 20:43:54.416, 519 MiB, 48, 13.00 W, 22 MHz, 405 MHz, Not Active, Not Active, Not Active, Not Active, Not Active
2026/09/03 20:43:54.616, 519 MiB, 48, 13.00 W, 22 MHz, 405 MHz, Not Active, Not Active, Not Active, Not Active, Not Active
2026/09/03 20:43:54.816, 519 MiB, 48, 13.00 W, 22 MHz, 405 MHz, Not Active, Not Active, Not Active, Not Active, Not Active
2026/09/03 20:43:55.017, 519 MiB, 48, 12.88 W, 22 MHz, 405 MHz, Not Active, Not Active, Not Active, Not Active, Not Active
2026/09/03 20:43:55.217, 519 MiB, 48, 12.88 W, 22 MHz, 405 MHz, Not Active, Not Active, Not Active, Not Active, Not Active
2026/09/03 20:43:55.417, 519 MiB, 48, 13.44 W, 22 MHz, 405 MHz, Not Active, Not Active, Not Active, Not Active, Not Active
2026/09/03 20:43:55.617, 519 MiB, 48, 13.44 W, 22 MHz, 405 MHz, Not Active, Not Active, Not Active, Not Active, Not Active
2026/09/03 20:43:55.818, 519 MiB, 48, 13.44 W, 22 MHz, 405 MHz, Not Active, Not Active, Not Active, Not Active, Not Active
2026/09/03 20:43:56.018, 519 MiB, 48, 14.74 W, 22 MHz, 405 MHz, Not Active, Not Active, Not Active, Not Active, Not Active
2026/09/03 20:43:56.218, 519 MiB, 48, 14.74 W, 22 MHz, 405 MHz, Not Active, Not Active, Not Active, Not Active, Not Active
2026/09/03 20:43:56.418, 519 MiB, 48, 14.77 W, 22 MHz, 405 MHz, Not Active, Not Active, Not Active, Not Active, Not Active
2026/09/03 20:43:56.619, 519 MiB, 48, 14.77 W, 22 MHz, 405 MHz, Not Active, Not Active, Not Active, Not Active, Not Active
2026/09/03 20:43:56.819, 519 MiB, 48, 14.77 W, 22 MHz, 405 MHz, Not Active, Not Active, Not Active, Not Active, Not Active
2026/09/03 20:43:57.019, 519 MiB, 48, 14.77 W, 22 MHz, 405 MHz, Not Active, Not Active, Not Active, Not Active, Not Active
2026/09/03 20:43:57.220, 519 MiB, 48, 14.77 W, 22 MHz, 405 MHz, Not Active, Not Active, Not Active, Not Active, Not Active
2026/09/03 20:43:57.420, 519 MiB, 48, 12.69 W, 21 MHz, 405 MHz, Not Active, Not Active, Not Active, Not Active, Not Active
2026/09/03 20:43:57.620, 519 MiB, 48, 12.69 W, 21 MHz, 405 MHz, Not Active, Not Active, Not Active, Not Active, Not Active
2026/09/03 20:43:57.820, 519 MiB, 48, 12.69 W, 21 MHz, 405 MHz, Not Active, Not Active, Not Active, Not Active, Not Active
2026/09/03 20:43:58.021, 519 MiB, 48, 12.69 W, 21 MHz, 405 MHz, Not Active, Not Active, Not Active, Not Active, Not Active
2026/09/03 20:43:58.221, 519 MiB, 48, 12.69 W, 21 MHz, 405 MHz, Not Active, Not Active, Not Active, Not Active, Not Active
2026/09/03 20:43:58.421, 519 MiB, 48, 12.60 W, 22 MHz, 405 MHz, Not Active, Not Active, Not Active, Not Active, Not Active
2026/09/03 20:43:58.621, 519 MiB, 48, 12.60 W, 22 MHz, 405 MHz, Not Active, Not Active, Not Active, Not Active, Not Active
2026/09/03 20:43:58.822, 519 MiB, 48, 12.60 W, 22 MHz, 405 MHz, Not Active, Not Active, Not Active, Not Active, Not Active
2026/09/03 20:43:59.022, 519 MiB, 48, 12.60 W, 22 MHz, 405 MHz, Not Active, Not Active, Not Active, Not Active, Not Active
2026/09/03 20:43:59.222, 519 MiB, 48, 12.60 W, 22 MHz, 405 MHz, Not Active, Not Active, Not Active, Not Active, Not Active
2026/09/03 20:43:59.423, 519 MiB, 48, 12.65 W, 22 MHz, 405 MHz, Not Active, Not Active, Not Active, Not Active, Not Active
2026/09/03 20:43:59.623, 519 MiB, 48, 12.65 W, 22 MHz, 405 MHz, Not Active, Not Active, Not Active, Not Active, Not Active
2026/09/03 20:43:59.823, 519 MiB, 48, 12.65 W, 22 MHz, 405 MHz, Not Active, Not Active, Not Active, Not Active, Not Active
2026/09/03 20:44:00.023, 519 MiB, 48, 12.65 W, 22 MHz, 405 MHz, Not Active, Not Active, Not Active, Not Active, Not Active
2026/09/03 20:44:00.224, 519 MiB, 48, 12.65 W, 22 MHz, 405 MHz, Not Active, Not Active, Not Active, Not Active, Not Active
2026/09/03 20:44:00.424, 519 MiB, 48, 12.79 W, 22 MHz, 405 MHz, Not Active, Not Active, Not Active, Not Active, Not Active
2026/09/03 20:44:00.624, 519 MiB, 48, 12.79 W, 22 MHz, 405 MHz, Not Active, Not Active, Not Active, Not Active, Not Active
2026/09/03 20:44:00.824, 519 MiB, 48, 12.79 W, 22 MHz, 405 MHz, Not Active, Not Active, Not Active, Not Active, Not Active
2026/09/03 20:44:01.025, 519 MiB, 48, 12.79 W, 22 MHz, 405 MHz, Not Active, Not Active, Not Active, Not Active, Not Active
2026/09/03 20:44:01.225, 519 MiB, 48, 12.79 W, 22 MHz, 405 MHz, Not Active, Not Active, Not Active, Not Active, Not Active
2026/09/03 20:44:01.425, 519 MiB, 48, 12.81 W, 22 MHz, 405 MHz, Not Active, Not Active, Not Active, Not Active, Not Active
2026/09/03 20:44:01.626, 519 MiB, 48, 12.81 W, 22 MHz, 405 MHz, Not Active, Not Active, Not Active, Not Active, Not Active
2026/09/03 20:44:01.826, 519 MiB, 48, 12.81 W, 22 MHz, 405 MHz, Not Active, Not Active, Not Active, Not Active, Not Active
2026/09/03 20:44:02.026, 519 MiB, 48, 12.81 W, 22 MHz, 405 MHz, Not Active, Not Active, Not Active, Not Active, Not Active
2026/09/03 20:44:02.227, 519 MiB, 48, 12.81 W, 22 MHz, 405 MHz, Not Active, Not Active, Not Active, Not Active, Not Active
2026/09/03 20:44:02.427, 519 MiB, 48, 12.99 W, 24 MHz, 405 MHz, Not Active, Not Active, Not Active, Not Active, Not Active
2026/09/03 20:44:02.627, 519 MiB, 48, 12.99 W, 24 MHz, 405 MHz, Not Active, Not Active, Not Active, Not Active, Not Active
2026/09/03 20:44:02.827, 519 MiB, 48, 12.99 W, 24 MHz, 405 MHz, Not Active, Not Active, Not Active, Not Active, Not Active
2026/09/03 20:44:03.028, 519 MiB, 48, 13.52 W, 22 MHz, 405 MHz, Not Active, Not Active, Not Active, Not Active, Not Active
2026/09/03 20:44:03.228, 519 MiB, 48, 13.52 W, 22 MHz, 405 MHz, Not Active, Not Active, Not Active, Not Active, Not Active
2026/09/03 20:44:03.428, 519 MiB, 48, 14.72 W, 22 MHz, 405 MHz, Not Active, Not Active, Not Active, Not Active, Not Active
2026/09/03 20:44:03.629, 519 MiB, 48, 14.72 W, 22 MHz, 405 MHz, Not Active, Not Active, Not Active, Not Active, Not Active
2026/09/03 20:44:03.829, 519 MiB, 48, 14.72 W, 22 MHz, 405 MHz, Not Active, Not Active, Not Active, Not Active, Not Active
2026/09/03 20:44:04.029, 519 MiB, 48, 14.72 W, 22 MHz, 405 MHz, Not Active, Not Active, Not Active, Not Active, Not Active
2026/09/03 20:44:04.230, 519 MiB, 48, 14.72 W, 22 MHz, 405 MHz, Not Active, Not Active, Not Active, Not Active, Not Active
2026/09/03 20:44:04.430, 519 MiB, 48, 12.82 W, 21 MHz, 405 MHz, Not Active, Not Active, Not Active, Not Active, Not Active
2026/09/03 20:44:04.630, 519 MiB, 48, 12.82 W, 21 MHz, 405 MHz, Not Active, Not Active, Not Active, Not Active, Not Active
2026/09/03 20:44:04.830, 519 MiB, 48, 12.82 W, 21 MHz, 405 MHz, Not Active, Not Active, Not Active, Not Active, Not Active
2026/09/03 20:44:05.030, 519 MiB, 48, 12.82 W, 21 MHz, 405 MHz, Not Active, Not Active, Not Active, Not Active, Not Active
2026/09/03 20:44:05.231, 519 MiB, 48, 12.82 W, 21 MHz, 405 MHz, Not Active, Not Active, Not Active, Not Active, Not Active
2026/09/03 20:44:05.431, 519 MiB, 48, 12.90 W, 22 MHz, 405 MHz, Not Active, Not Active, Not Active, Not Active, Not Active
2026/09/03 20:44:05.631, 519 MiB, 48, 12.90 W, 22 MHz, 405 MHz, Not Active, Not Active, Not Active, Not Active, Not Active
2026/09/03 20:44:05.832, 519 MiB, 48, 12.90 W, 22 MHz, 405 MHz, Not Active, Not Active, Not Active, Not Active, Not Active
2026/09/03 20:44:06.032, 519 MiB, 48, 12.90 W, 22 MHz, 405 MHz, Not Active, Not Active, Not Active, Not Active, Not Active
2026/09/03 20:44:06.232, 519 MiB, 48, 12.90 W, 22 MHz, 405 MHz, Not Active, Not Active, Not Active, Not Active, Not Active
2026/09/03 20:44:06.432, 519 MiB, 48, 12.90 W, 22 MHz, 405 MHz, Not Active, Not Active, Not Active, Not Active, Not Active
2026/09/03 20:44:06.633, 519 MiB, 48, 12.90 W, 22 MHz, 405 MHz, Not Active, Not Active, Not Active, Not Active, Not Active
2026/09/03 20:44:06.833, 519 MiB, 48, 12.90 W, 22 MHz, 405 MHz, Not Active, Not Active, Not Active, Not Active, Not Active
2026/09/03 20:44:07.033, 519 MiB, 48, 12.90 W, 22 MHz, 405 MHz, Not Active, Not Active, Not Active, Not Active, Not Active
2026/09/03 20:44:07.234, 519 MiB, 48, 12.90 W, 22 MHz, 405 MHz, Not Active, Not Active, Not Active, Not Active, Not Active
2026/09/03 20:44:07.434, 519 MiB, 48, 12.76 W, 22 MHz, 405 MHz, Not Active, Not Active, Not Active, Not Active, Not Active
2026/09/03 20:44:07.634, 519 MiB, 48, 12.76 W, 22 MHz, 405 MHz, Not Active, Not Active, Not Active, Not Active, Not Active
2026/09/03 20:44:07.834, 519 MiB, 48, 12.76 W, 22 MHz, 405 MHz, Not Active, Not Active, Not Active, Not Active, Not Active
2026/09/03 20:44:08.035, 519 MiB, 48, 12.76 W, 22 MHz, 405 MHz, Not Active, Not Active, Not Active, Not Active, Not Active
2026/09/03 20:44:08.235, 519 MiB, 48, 12.76 W, 22 MHz, 405 MHz, Not Active, Not Active, Not Active, Not Active, Not Active
2026/09/03 20:44:08.435, 519 MiB, 48, 12.92 W, 22 MHz, 405 MHz, Not Active, Not Active, Not Active, Not Active, Not Active
2026/09/03 20:44:08.635, 519 MiB, 48, 12.92 W, 22 MHz, 405 MHz, Not Active, Not Active, Not Active, Not Active, Not Active
2026/09/03 20:44:08.836, 519 MiB, 48, 12.92 W, 22 MHz, 405 MHz, Not Active, Not Active, Not Active, Not Active, Not Active
2026/09/03 20:44:09.036, 519 MiB, 48, 12.92 W, 22 MHz, 405 MHz, Not Active, Not Active, Not Active, Not Active, Not Active
2026/09/03 20:44:09.236, 519 MiB, 48, 12.92 W, 22 MHz, 405 MHz, Not Active, Not Active, Not Active, Not Active, Not Active
2026/09/03 20:44:09.437, 519 MiB, 48, 13.02 W, 24 MHz, 405 MHz, Not Active, Not Active, Not Active, Not Active, Not Active
2026/09/03 20:44:09.637, 519 MiB, 48, 13.02 W, 24 MHz, 405 MHz, Not Active, Not Active, Not Active, Not Active, Not Active
2026/09/03 20:44:09.837, 519 MiB, 48, 13.02 W, 24 MHz, 405 MHz, Not Active, Not Active, Not Active, Not Active, Not Active
2026/09/03 20:44:10.037, 519 MiB, 48, 13.61 W, 22 MHz, 405 MHz, Not Active, Not Active, Not Active, Not Active, Not Active
2026/09/03 20:44:10.238, 519 MiB, 48, 13.61 W, 22 MHz, 405 MHz, Not Active, Not Active, Not Active, Not Active, Not Active
2026/09/03 20:44:10.438, 519 MiB, 48, 14.85 W, 22 MHz, 405 MHz, Not Active, Not Active, Not Active, Not Active, Not Active
2026/09/03 20:44:10.638, 519 MiB, 48, 14.85 W, 22 MHz, 405 MHz, Not Active, Not Active, Not Active, Not Active, Not Active
2026/09/03 20:44:10.839, 519 MiB, 48, 14.85 W, 22 MHz, 405 MHz, Not Active, Not Active, Not Active, Not Active, Not Active
2026/09/03 20:44:11.039, 519 MiB, 48, 14.85 W, 22 MHz, 405 MHz, Not Active, Not Active, Not Active, Not Active, Not Active
2026/09/03 20:44:11.239, 519 MiB, 48, 14.85 W, 22 MHz, 405 MHz, Not Active, Not Active, Not Active, Not Active, Not Active
2026/09/03 20:44:11.439, 519 MiB, 48, 13.15 W, 22 MHz, 405 MHz, Not Active, Not Active, Not Active, Not Active, Not Active
2026/09/03 20:44:11.640, 519 MiB, 48, 13.15 W, 22 MHz, 405 MHz, Not Active, Not Active, Not Active, Not Active, Not Active
2026/09/03 20:44:11.840, 519 MiB, 48, 13.15 W, 22 MHz, 405 MHz, Not Active, Not Active, Not Active, Not Active, Not Active
2026/09/03 20:44:12.040, 519 MiB, 48, 13.15 W, 22 MHz, 405 MHz, Not Active, Not Active, Not Active, Not Active, Not Active
2026/09/03 20:44:12.240, 519 MiB, 48, 13.15 W, 22 MHz, 405 MHz, Not Active, Not Active, Not Active, Not Active, Not Active
2026/09/03 20:44:12.441, 519 MiB, 48, 13.18 W, 22 MHz, 405 MHz, Not Active, Not Active, Not Active, Not Active, Not Active
2026/09/03 20:44:12.641, 519 MiB, 48, 13.18 W, 22 MHz, 405 MHz, Not Active, Not Active, Not Active, Not Active, Not Active
2026/09/03 20:44:12.841, 519 MiB, 48, 13.18 W, 22 MHz, 405 MHz, Not Active, Not Active, Not Active, Not Active, Not Active
2026/09/03 20:44:13.041, 519 MiB, 48, 13.18 W, 22 MHz, 405 MHz, Not Active, Not Active, Not Active, Not Active, Not Active
2026/09/03 20:44:13.242, 519 MiB, 48, 13.18 W, 22 MHz, 405 MHz, Not Active, Not Active, Not Active, Not Active, Not Active
2026/09/03 20:44:13.442, 519 MiB, 48, 13.13 W, 22 MHz, 405 MHz, Not Active, Not Active, Not Active, Not Active, Not Active
2026/09/03 20:44:13.642, 519 MiB, 48, 13.13 W, 22 MHz, 405 MHz, Not Active, Not Active, Not Active, Not Active, Not Active
2026/09/03 20:44:13.843, 519 MiB, 48, 13.13 W, 22 MHz, 405 MHz, Not Active, Not Active, Not Active, Not Active, Not Active
2026/09/03 20:44:14.043, 519 MiB, 48, 13.13 W, 22 MHz, 405 MHz, Not Active, Not Active, Not Active, Not Active, Not Active
2026/09/03 20:44:14.243, 519 MiB, 48, 13.13 W, 22 MHz, 405 MHz, Not Active, Not Active, Not Active, Not Active, Not Active
2026/09/03 20:44:14.443, 519 MiB, 48, 13.12 W, 22 MHz, 405 MHz, Not Active, Not Active, Not Active, Not Active, Not Active
2026/09/03 20:44:14.644, 519 MiB, 48, 13.12 W, 22 MHz, 405 MHz, Not Active, Not Active, Not Active, Not Active, Not Active
2026/09/03 20:44:14.844, 519 MiB, 48, 13.12 W, 22 MHz, 405 MHz, Not Active, Not Active, Not Active, Not Active, Not Active
2026/09/03 20:44:15.044, 519 MiB, 48, 13.12 W, 22 MHz, 405 MHz, Not Active, Not Active, Not Active, Not Active, Not Active
2026/09/03 20:44:15.245, 519 MiB, 48, 13.12 W, 22 MHz, 405 MHz, Not Active, Not Active, Not Active, Not Active, Not Active
2026/09/03 20:44:15.445, 519 MiB, 48, 13.02 W, 22 MHz, 405 MHz, Not Active, Not Active, Not Active, Not Active, Not Active
2026/09/03 20:44:15.645, 519 MiB, 48, 13.02 W, 22 MHz, 405 MHz, Not Active, Not Active, Not Active, Not Active, Not Active
2026/09/03 20:44:15.845, 519 MiB, 48, 13.02 W, 22 MHz, 405 MHz, Not Active, Not Active, Not Active, Not Active, Not Active
2026/09/03 20:44:16.046, 519 MiB, 48, 13.02 W, 22 MHz, 405 MHz, Not Active, Not Active, Not Active, Not Active, Not Active
2026/09/03 20:44:16.246, 519 MiB, 48, 13.02 W, 22 MHz, 405 MHz, Not Active, Not Active, Not Active, Not Active, Not Active
2026/09/03 20:44:16.446, 519 MiB, 48, 12.98 W, 22 MHz, 405 MHz, Not Active, Not Active, Not Active, Not Active, Not Active
2026/09/03 20:44:16.646, 519 MiB, 48, 12.98 W, 22 MHz, 405 MHz, Not Active, Not Active, Not Active, Not Active, Not Active
2026/09/03 20:44:16.847, 519 MiB, 48, 12.98 W, 22 MHz, 405 MHz, Not Active, Not Active, Not Active, Not Active, Not Active
2026/09/03 20:44:17.047, 519 MiB, 48, 13.73 W, 22 MHz, 405 MHz, Not Active, Not Active, Not Active, Not Active, Not Active
2026/09/03 20:44:17.247, 519 MiB, 48, 13.73 W, 22 MHz, 405 MHz, Not Active, Not Active, Not Active, Not Active, Not Active
2026/09/03 20:44:17.448, 519 MiB, 48, 15.22 W, 22 MHz, 405 MHz, Not Active, Not Active, Not Active, Not Active, Not Active
2026/09/03 20:44:17.648, 519 MiB, 48, 15.22 W, 22 MHz, 405 MHz, Not Active, Not Active, Not Active, Not Active, Not Active
2026/09/03 20:44:17.848, 519 MiB, 48, 15.22 W, 22 MHz, 405 MHz, Not Active, Not Active, Not Active, Not Active, Not Active
2026/09/03 20:44:18.049, 519 MiB, 48, 15.23 W, 22 MHz, 405 MHz, Not Active, Not Active, Not Active, Not Active, Not Active
2026/09/03 20:44:18.249, 519 MiB, 48, 15.23 W, 22 MHz, 405 MHz, Not Active, Not Active, Not Active, Not Active, Not Active
2026/09/03 20:44:18.449, 519 MiB, 48, 15.23 W, 22 MHz, 405 MHz, Not Active, Not Active, Not Active, Not Active, Not Active
2026/09/03 20:44:18.650, 519 MiB, 48, 15.23 W, 22 MHz, 405 MHz, Not Active, Not Active, Not Active, Not Active, Not Active
2026/09/03 20:44:18.850, 519 MiB, 48, 15.23 W, 22 MHz, 405 MHz, Not Active, Not Active, Not Active, Not Active, Not Active
2026/09/03 20:44:19.050, 519 MiB, 48, 13.15 W, 22 MHz, 405 MHz, Not Active, Not Active, Not Active, Not Active, Not Active
2026/09/03 20:44:19.250, 519 MiB, 48, 13.15 W, 22 MHz, 405 MHz, Not Active, Not Active, Not Active, Not Active, Not Active
2026/09/03 20:44:19.451, 519 MiB, 48, 13.15 W, 22 MHz, 405 MHz, Not Active, Not Active, Not Active, Not Active, Not Active
2026/09/03 20:44:19.651, 519 MiB, 48, 13.15 W, 22 MHz, 405 MHz, Not Active, Not Active, Not Active, Not Active, Not Active
2026/09/03 20:44:19.851, 519 MiB, 48, 13.15 W, 22 MHz, 405 MHz, Not Active, Not Active, Not Active, Not Active, Not Active
2026/09/03 20:44:20.052, 519 MiB, 48, 12.88 W, 22 MHz, 405 MHz, Not Active, Not Active, Not Active, Not Active, Not Active
2026/09/03 20:44:20.252, 519 MiB, 48, 12.88 W, 22 MHz, 405 MHz, Not Active, Not Active, Not Active, Not Active, Not Active
2026/09/03 20:44:20.452, 519 MiB, 48, 12.88 W, 22 MHz, 405 MHz, Not Active, Not Active, Not Active, Not Active, Not Active
2026/09/03 20:44:20.652, 519 MiB, 48, 12.88 W, 22 MHz, 405 MHz, Not Active, Not Active, Not Active, Not Active, Not Active
2026/09/03 20:44:20.853, 519 MiB, 48, 12.88 W, 22 MHz, 405 MHz, Not Active, Not Active, Not Active, Not Active, Not Active
2026/09/03 20:44:21.053, 519 MiB, 48, 12.83 W, 22 MHz, 405 MHz, Not Active, Not Active, Not Active, Not Active, Not Active
2026/09/03 20:44:21.253, 519 MiB, 48, 12.83 W, 22 MHz, 405 MHz, Not Active, Not Active, Not Active, Not Active, Not Active
2026/09/03 20:44:21.453, 519 MiB, 48, 12.83 W, 22 MHz, 405 MHz, Not Active, Not Active, Not Active, Not Active, Not Active
2026/09/03 20:44:21.654, 519 MiB, 48, 12.83 W, 22 MHz, 405 MHz, Not Active, Not Active, Not Active, Not Active, Not Active
2026/09/03 20:44:21.854, 519 MiB, 48, 12.83 W, 22 MHz, 405 MHz, Not Active, Not Active, Not Active, Not Active, Not Active
2026/09/03 20:44:22.054, 519 MiB, 48, 12.81 W, 22 MHz, 405 MHz, Not Active, Not Active, Not Active, Not Active, Not Active
2026/09/03 20:44:22.255, 519 MiB, 48, 12.81 W, 22 MHz, 405 MHz, Not Active, Not Active, Not Active, Not Active, Not Active
2026/09/03 20:44:22.455, 519 MiB, 48, 12.81 W, 22 MHz, 405 MHz, Not Active, Not Active, Not Active, Not Active, Not Active
2026/09/03 20:44:22.655, 519 MiB, 48, 12.81 W, 22 MHz, 405 MHz, Not Active, Not Active, Not Active, Not Active, Not Active
2026/09/03 20:44:22.855, 519 MiB, 48, 12.81 W, 22 MHz, 405 MHz, Not Active, Not Active, Not Active, Not Active, Not Active
2026/09/03 20:44:23.055, 519 MiB, 48, 12.93 W, 22 MHz, 405 MHz, Not Active, Not Active, Not Active, Not Active, Not Active
2026/09/03 20:44:23.256, 519 MiB, 48, 12.93 W, 22 MHz, 405 MHz, Not Active, Not Active, Not Active, Not Active, Not Active
2026/09/03 20:44:23.456, 519 MiB, 48, 12.93 W, 22 MHz, 405 MHz, Not Active, Not Active, Not Active, Not Active, Not Active
2026/09/03 20:44:23.656, 519 MiB, 48, 12.93 W, 22 MHz, 405 MHz, Not Active, Not Active, Not Active, Not Active, Not Active
2026/09/03 20:44:23.857, 519 MiB, 48, 12.93 W, 22 MHz, 405 MHz, Not Active, Not Active, Not Active, Not Active, Not Active
2026/09/03 20:44:24.057, 519 MiB, 48, 13.60 W, 24 MHz, 405 MHz, Not Active, Not Active, Not Active, Not Active, Not Active
2026/09/03 20:44:24.257, 519 MiB, 48, 13.60 W, 24 MHz, 405 MHz, Not Active, Not Active, Not Active, Not Active, Not Active
2026/09/03 20:44:24.457, 519 MiB, 48, 14.11 W, 22 MHz, 405 MHz, Not Active, Not Active, Not Active, Not Active, Not Active
2026/09/03 20:44:24.658, 519 MiB, 48, 14.11 W, 22 MHz, 405 MHz, Not Active, Not Active, Not Active, Not Active, Not Active
2026/09/03 20:44:24.858, 519 MiB, 48, 14.11 W, 22 MHz, 405 MHz, Not Active, Not Active, Not Active, Not Active, Not Active
2026/09/03 20:44:25.058, 519 MiB, 48, 15.17 W, 22 MHz, 405 MHz, Not Active, Not Active, Not Active, Not Active, Not Active
2026/09/03 20:44:25.259, 519 MiB, 48, 15.17 W, 22 MHz, 405 MHz, Not Active, Not Active, Not Active, Not Active, Not Active
2026/09/03 20:44:25.459, 519 MiB, 48, 15.17 W, 22 MHz, 405 MHz, Not Active, Not Active, Not Active, Not Active, Not Active
2026/09/03 20:44:25.659, 519 MiB, 48, 15.17 W, 22 MHz, 405 MHz, Not Active, Not Active, Not Active, Not Active, Not Active
2026/09/03 20:44:25.859, 519 MiB, 48, 15.17 W, 22 MHz, 405 MHz, Not Active, Not Active, Not Active, Not Active, Not Active
2026/09/03 20:44:26.060, 519 MiB, 48, 13.18 W, 22 MHz, 405 MHz, Not Active, Not Active, Not Active, Not Active, Not Active
2026/09/03 20:44:26.260, 519 MiB, 48, 13.18 W, 22 MHz, 405 MHz, Not Active, Not Active, Not Active, Not Active, Not Active
2026/09/03 20:44:26.460, 519 MiB, 48, 13.18 W, 22 MHz, 405 MHz, Not Active, Not Active, Not Active, Not Active, Not Active
2026/09/03 20:44:26.661, 519 MiB, 48, 13.18 W, 22 MHz, 405 MHz, Not Active, Not Active, Not Active, Not Active, Not Active
2026/09/03 20:44:26.861, 519 MiB, 48, 13.18 W, 22 MHz, 405 MHz, Not Active, Not Active, Not Active, Not Active, Not Active
2026/09/03 20:44:27.061, 519 MiB, 48, 13.07 W, 22 MHz, 405 MHz, Not Active, Not Active, Not Active, Not Active, Not Active
2026/09/03 20:44:27.261, 519 MiB, 48, 13.07 W, 22 MHz, 405 MHz, Not Active, Not Active, Not Active, Not Active, Not Active
2026/09/03 20:44:27.462, 519 MiB, 48, 13.07 W, 22 MHz, 405 MHz, Not Active, Not Active, Not Active, Not Active, Not Active
2026/09/03 20:44:27.662, 519 MiB, 48, 13.07 W, 22 MHz, 405 MHz, Not Active, Not Active, Not Active, Not Active, Not Active
2026/09/03 20:44:27.862, 519 MiB, 48, 13.07 W, 22 MHz, 405 MHz, Not Active, Not Active, Not Active, Not Active, Not Active
2026/09/03 20:44:28.063, 519 MiB, 48, 13.21 W, 22 MHz, 405 MHz, Not Active, Not Active, Not Active, Not Active, Not Active
2026/09/03 20:44:28.263, 519 MiB, 48, 13.21 W, 22 MHz, 405 MHz, Not Active, Not Active, Not Active, Not Active, Not Active
2026/09/03 20:44:28.463, 519 MiB, 48, 13.21 W, 22 MHz, 405 MHz, Not Active, Not Active, Not Active, Not Active, Not Active
2026/09/03 20:44:28.663, 519 MiB, 48, 13.21 W, 22 MHz, 405 MHz, Not Active, Not Active, Not Active, Not Active, Not Active
2026/09/03 20:44:28.864, 519 MiB, 48, 13.21 W, 22 MHz, 405 MHz, Not Active, Not Active, Not Active, Not Active, Not Active
2026/09/03 20:44:29.064, 519 MiB, 48, 13.20 W, 22 MHz, 405 MHz, Not Active, Not Active, Not Active, Not Active, Not Active
2026/09/03 20:44:29.264, 519 MiB, 48, 13.20 W, 22 MHz, 405 MHz, Not Active, Not Active, Not Active, Not Active, Not Active
2026/09/03 20:44:29.465, 519 MiB, 48, 13.20 W, 22 MHz, 405 MHz, Not Active, Not Active, Not Active, Not Active, Not Active
2026/09/03 20:44:29.665, 519 MiB, 48, 13.20 W, 22 MHz, 405 MHz, Not Active, Not Active, Not Active, Not Active, Not Active
2026/09/03 20:44:29.865, 519 MiB, 48, 13.20 W, 22 MHz, 405 MHz, Not Active, Not Active, Not Active, Not Active, Not Active
2026/09/03 20:44:30.065, 519 MiB, 48, 12.74 W, 22 MHz, 405 MHz, Not Active, Not Active, Not Active, Not Active, Not Active
2026/09/03 20:44:30.266, 519 MiB, 48, 12.74 W, 22 MHz, 405 MHz, Not Active, Not Active, Not Active, Not Active, Not Active
2026/09/03 20:44:30.466, 519 MiB, 48, 12.74 W, 22 MHz, 405 MHz, Not Active, Not Active, Not Active, Not Active, Not Active
2026/09/03 20:44:30.666, 519 MiB, 48, 12.74 W, 22 MHz, 405 MHz, Not Active, Not Active, Not Active, Not Active, Not Active
2026/09/03 20:44:30.866, 519 MiB, 48, 12.74 W, 22 MHz, 405 MHz, Not Active, Not Active, Not Active, Not Active, Not Active
2026/09/03 20:44:31.067, 519 MiB, 48, 13.05 W, 24 MHz, 405 MHz, Not Active, Not Active, Not Active, Not Active, Not Active
2026/09/03 20:44:31.267, 519 MiB, 48, 13.05 W, 24 MHz, 405 MHz, Not Active, Not Active, Not Active, Not Active, Not Active
2026/09/03 20:44:31.467, 519 MiB, 48, 13.74 W, 22 MHz, 405 MHz, Not Active, Not Active, Not Active, Not Active, Not Active
2026/09/03 20:44:31.668, 519 MiB, 48, 13.74 W, 22 MHz, 405 MHz, Not Active, Not Active, Not Active, Not Active, Not Active
2026/09/03 20:44:31.868, 519 MiB, 48, 13.74 W, 22 MHz, 405 MHz, Not Active, Not Active, Not Active, Not Active, Not Active
2026/09/03 20:44:32.068, 519 MiB, 48, 15.13 W, 22 MHz, 405 MHz, Not Active, Not Active, Not Active, Not Active, Not Active
2026/09/03 20:44:32.269, 519 MiB, 48, 15.13 W, 22 MHz, 405 MHz, Not Active, Not Active, Not Active, Not Active, Not Active
2026/09/03 20:44:32.469, 519 MiB, 48, 15.13 W, 22 MHz, 405 MHz, Not Active, Not Active, Not Active, Not Active, Not Active
2026/09/03 20:44:32.669, 519 MiB, 48, 15.13 W, 22 MHz, 405 MHz, Not Active, Not Active, Not Active, Not Active, Not Active
2026/09/03 20:44:32.869, 519 MiB, 48, 15.13 W, 22 MHz, 405 MHz, Not Active, Not Active, Not Active, Not Active, Not Active
2026/09/03 20:44:33.070, 519 MiB, 48, 12.87 W, 22 MHz, 405 MHz, Not Active, Not Active, Not Active, Not Active, Not Active
2026/09/03 20:44:33.270, 519 MiB, 48, 12.87 W, 22 MHz, 405 MHz, Not Active, Not Active, Not Active, Not Active, Not Active
2026/09/03 20:44:33.470, 519 MiB, 48, 12.87 W, 22 MHz, 405 MHz, Not Active, Not Active, Not Active, Not Active, Not Active
2026/09/03 20:44:33.670, 519 MiB, 48, 12.87 W, 22 MHz, 405 MHz, Not Active, Not Active, Not Active, Not Active, Not Active
2026/09/03 20:44:33.871, 519 MiB, 48, 12.87 W, 22 MHz, 405 MHz, Not Active, Not Active, Not Active, Not Active, Not Active
2026/09/03 20:44:34.071, 519 MiB, 48, 12.93 W, 22 MHz, 405 MHz, Not Active, Not Active, Not Active, Not Active, Not Active
2026/09/03 20:44:34.271, 519 MiB, 48, 12.93 W, 22 MHz, 405 MHz, Not Active, Not Active, Not Active, Not Active, Not Active
2026/09/03 20:44:34.472, 519 MiB, 48, 12.93 W, 22 MHz, 405 MHz, Not Active, Not Active, Not Active, Not Active, Not Active
2026/09/03 20:44:34.672, 519 MiB, 48, 12.93 W, 22 MHz, 405 MHz, Not Active, Not Active, Not Active, Not Active, Not Active
2026/09/03 20:44:34.872, 519 MiB, 48, 12.93 W, 22 MHz, 405 MHz, Not Active, Not Active, Not Active, Not Active, Not Active
2026/09/03 20:44:35.073, 519 MiB, 48, 12.88 W, 22 MHz, 405 MHz, Not Active, Not Active, Not Active, Not Active, Not Active
2026/09/03 20:44:35.273, 519 MiB, 48, 12.88 W, 22 MHz, 405 MHz, Not Active, Not Active, Not Active, Not Active, Not Active
2026/09/03 20:44:35.473, 519 MiB, 48, 12.88 W, 22 MHz, 405 MHz, Not Active, Not Active, Not Active, Not Active, Not Active
2026/09/03 20:44:35.673, 519 MiB, 48, 12.88 W, 22 MHz, 405 MHz, Not Active, Not Active, Not Active, Not Active, Not Active
2026/09/03 20:44:35.874, 519 MiB, 48, 12.88 W, 22 MHz, 405 MHz, Not Active, Not Active, Not Active, Not Active, Not Active
2026/09/03 20:44:36.074, 519 MiB, 48, 12.86 W, 22 MHz, 405 MHz, Not Active, Not Active, Not Active, Not Active, Not Active
2026/09/03 20:44:36.274, 519 MiB, 48, 12.86 W, 22 MHz, 405 MHz, Not Active, Not Active, Not Active, Not Active, Not Active
2026/09/03 20:44:36.475, 519 MiB, 48, 12.86 W, 22 MHz, 405 MHz, Not Active, Not Active, Not Active, Not Active, Not Active
2026/09/03 20:44:36.675, 519 MiB, 48, 12.86 W, 22 MHz, 405 MHz, Not Active, Not Active, Not Active, Not Active, Not Active
2026/09/03 20:44:36.875, 519 MiB, 48, 12.86 W, 22 MHz, 405 MHz, Not Active, Not Active, Not Active, Not Active, Not Active
2026/09/03 20:44:37.075, 519 MiB, 48, 12.91 W, 22 MHz, 405 MHz, Not Active, Not Active, Not Active, Not Active, Not Active
2026/09/03 20:44:37.276, 519 MiB, 48, 12.91 W, 22 MHz, 405 MHz, Not Active, Not Active, Not Active, Not Active, Not Active
2026/09/03 20:44:37.476, 519 MiB, 48, 12.91 W, 22 MHz, 405 MHz, Not Active, Not Active, Not Active, Not Active, Not Active
2026/09/03 20:44:37.676, 519 MiB, 48, 12.91 W, 22 MHz, 405 MHz, Not Active, Not Active, Not Active, Not Active, Not Active
2026/09/03 20:44:37.876, 519 MiB, 48, 12.91 W, 22 MHz, 405 MHz, Not Active, Not Active, Not Active, Not Active, Not Active
2026/09/03 20:44:38.077, 519 MiB, 48, 13.05 W, 22 MHz, 405 MHz, Not Active, Not Active, Not Active, Not Active, Not Active
2026/09/03 20:44:38.277, 519 MiB, 48, 13.05 W, 22 MHz, 405 MHz, Not Active, Not Active, Not Active, Not Active, Not Active
2026/09/03 20:44:38.477, 519 MiB, 48, 13.69 W, 22 MHz, 405 MHz, Not Active, Not Active, Not Active, Not Active, Not Active
2026/09/03 20:44:38.678, 519 MiB, 48, 13.69 W, 22 MHz, 405 MHz, Not Active, Not Active, Not Active, Not Active, Not Active
2026/09/03 20:44:38.878, 519 MiB, 48, 13.69 W, 22 MHz, 405 MHz, Not Active, Not Active, Not Active, Not Active, Not Active
2026/09/03 20:44:39.078, 519 MiB, 48, 15.12 W, 22 MHz, 405 MHz, Not Active, Not Active, Not Active, Not Active, Not Active
2026/09/03 20:44:39.278, 519 MiB, 48, 15.12 W, 22 MHz, 405 MHz, Not Active, Not Active, Not Active, Not Active, Not Active
2026/09/03 20:44:39.479, 519 MiB, 48, 15.15 W, 22 MHz, 405 MHz, Not Active, Not Active, Not Active, Not Active, Not Active
2026/09/03 20:44:39.679, 519 MiB, 48, 15.15 W, 22 MHz, 405 MHz, Not Active, Not Active, Not Active, Not Active, Not Active
2026/09/03 20:44:39.879, 519 MiB, 48, 15.15 W, 22 MHz, 405 MHz, Not Active, Not Active, Not Active, Not Active, Not Active
2026/09/03 20:44:40.080, 519 MiB, 48, 15.15 W, 22 MHz, 405 MHz, Not Active, Not Active, Not Active, Not Active, Not Active
2026/09/03 20:44:40.280, 519 MiB, 48, 15.15 W, 22 MHz, 405 MHz, Not Active, Not Active, Not Active, Not Active, Not Active
2026/09/03 20:44:40.480, 519 MiB, 48, 13.12 W, 22 MHz, 405 MHz, Not Active, Not Active, Not Active, Not Active, Not Active
2026/09/03 20:44:40.681, 519 MiB, 48, 13.12 W, 22 MHz, 405 MHz, Not Active, Not Active, Not Active, Not Active, Not Active
2026/09/03 20:44:40.881, 519 MiB, 48, 13.12 W, 22 MHz, 405 MHz, Not Active, Not Active, Not Active, Not Active, Not Active
2026/09/03 20:44:41.081, 519 MiB, 48, 13.12 W, 22 MHz, 405 MHz, Not Active, Not Active, Not Active, Not Active, Not Active
2026/09/03 20:44:41.281, 519 MiB, 48, 13.12 W, 22 MHz, 405 MHz, Not Active, Not Active, Not Active, Not Active, Not Active
2026/09/03 20:44:41.482, 519 MiB, 48, 12.67 W, 22 MHz, 405 MHz, Not Active, Not Active, Not Active, Not Active, Not Active
2026/09/03 20:44:41.682, 519 MiB, 48, 12.67 W, 22 MHz, 405 MHz, Not Active, Not Active, Not Active, Not Active, Not Active
2026/09/03 20:44:41.882, 519 MiB, 48, 12.67 W, 22 MHz, 405 MHz, Not Active, Not Active, Not Active, Not Active, Not Active
2026/09/03 20:44:42.083, 519 MiB, 48, 12.67 W, 22 MHz, 405 MHz, Not Active, Not Active, Not Active, Not Active, Not Active
2026/09/03 20:44:42.283, 519 MiB, 48, 12.67 W, 22 MHz, 405 MHz, Not Active, Not Active, Not Active, Not Active, Not Active
2026/09/03 20:44:42.483, 519 MiB, 48, 12.58 W, 22 MHz, 405 MHz, Not Active, Not Active, Not Active, Not Active, Not Active
2026/09/03 20:44:42.683, 519 MiB, 48, 12.58 W, 22 MHz, 405 MHz, Not Active, Not Active, Not Active, Not Active, Not Active
2026/09/03 20:44:42.883, 519 MiB, 48, 12.58 W, 22 MHz, 405 MHz, Not Active, Not Active, Not Active, Not Active, Not Active
2026/09/03 20:44:43.084, 519 MiB, 48, 12.58 W, 22 MHz, 405 MHz, Not Active, Not Active, Not Active, Not Active, Not Active
2026/09/03 20:44:43.284, 519 MiB, 48, 12.58 W, 22 MHz, 405 MHz, Not Active, Not Active, Not Active, Not Active, Not Active
2026/09/03 20:44:43.484, 521 MiB, 48, 12.63 W, 22 MHz, 405 MHz, Not Active, Not Active, Not Active, Not Active, Not Active
2026/09/03 20:44:43.685, 521 MiB, 48, 12.63 W, 22 MHz, 405 MHz, Not Active, Not Active, Not Active, Not Active, Not Active
2026/09/03 20:44:43.885, 521 MiB, 48, 12.63 W, 22 MHz, 405 MHz, Not Active, Not Active, Not Active, Not Active, Not Active
2026/09/03 20:44:44.085, 521 MiB, 49, 22.37 W, 2400 MHz, 13801 MHz, Not Active, Not Active, Not Active, Not Active, Not Active
2026/09/03 20:44:44.285, 521 MiB, 49, 22.37 W, 2400 MHz, 13801 MHz, Not Active, Not Active, Not Active, Not Active, Not Active
2026/09/03 20:44:44.486, 521 MiB, 49, 41.51 W, 2400 MHz, 13801 MHz, Not Active, Not Active, Not Active, Not Active, Not Active
2026/09/03 20:44:44.686, 521 MiB, 49, 41.51 W, 2400 MHz, 13801 MHz, Not Active, Not Active, Not Active, Not Active, Not Active
2026/09/03 20:44:44.886, 521 MiB, 49, 41.51 W, 2400 MHz, 13801 MHz, Not Active, Not Active, Not Active, Not Active, Not Active
2026/09/03 20:44:45.086, 521 MiB, 49, 56.60 W, 2400 MHz, 13801 MHz, Not Active, Not Active, Not Active, Not Active, Not Active
2026/09/03 20:44:45.287, 521 MiB, 49, 56.60 W, 2400 MHz, 13801 MHz, Not Active, Not Active, Not Active, Not Active, Not Active
2026/09/03 20:44:45.487, 521 MiB, 49, 56.50 W, 2407 MHz, 13801 MHz, Not Active, Not Active, Not Active, Not Active, Not Active
2026/09/03 20:44:45.687, 521 MiB, 49, 56.50 W, 2407 MHz, 13801 MHz, Not Active, Not Active, Not Active, Not Active, Not Active
2026/09/03 20:44:45.888, 521 MiB, 49, 56.50 W, 2407 MHz, 13801 MHz, Not Active, Not Active, Not Active, Not Active, Not Active
2026/09/03 20:44:46.088, 521 MiB, 49, 56.74 W, 2400 MHz, 13801 MHz, Not Active, Not Active, Not Active, Not Active, Not Active
2026/09/03 20:44:46.288, 521 MiB, 49, 56.74 W, 2400 MHz, 13801 MHz, Not Active, Not Active, Not Active, Not Active, Not Active
2026/09/03 20:44:46.488, 521 MiB, 49, 56.79 W, 2400 MHz, 13801 MHz, Not Active, Not Active, Not Active, Not Active, Not Active
2026/09/03 20:44:46.688, 521 MiB, 49, 56.79 W, 2400 MHz, 13801 MHz, Not Active, Not Active, Not Active, Not Active, Not Active
2026/09/03 20:44:46.889, 521 MiB, 49, 56.79 W, 2400 MHz, 13801 MHz, Not Active, Not Active, Not Active, Not Active, Not Active
2026/09/03 20:44:47.089, 521 MiB, 49, 56.87 W, 2400 MHz, 13801 MHz, Not Active, Not Active, Not Active, Not Active, Not Active
2026/09/03 20:44:47.289, 521 MiB, 49, 56.87 W, 2400 MHz, 13801 MHz, Not Active, Not Active, Not Active, Not Active, Not Active
2026/09/03 20:44:47.490, 521 MiB, 49, 56.88 W, 2400 MHz, 13801 MHz, Not Active, Not Active, Not Active, Not Active, Not Active
2026/09/03 20:44:47.690, 521 MiB, 49, 56.88 W, 2400 MHz, 13801 MHz, Not Active, Not Active, Not Active, Not Active, Not Active
2026/09/03 20:44:47.890, 521 MiB, 49, 56.88 W, 2400 MHz, 13801 MHz, Not Active, Not Active, Not Active, Not Active, Not Active
2026/09/03 20:44:48.090, 521 MiB, 49, 56.99 W, 2400 MHz, 13801 MHz, Not Active, Not Active, Not Active, Not Active, Not Active
2026/09/03 20:44:48.291, 521 MiB, 49, 56.99 W, 2400 MHz, 13801 MHz, Not Active, Not Active, Not Active, Not Active, Not Active
2026/09/03 20:44:48.491, 521 MiB, 49, 57.07 W, 2400 MHz, 13801 MHz, Not Active, Not Active, Not Active, Not Active, Not Active
2026/09/03 20:44:48.691, 521 MiB, 49, 57.07 W, 2400 MHz, 13801 MHz, Not Active, Not Active, Not Active, Not Active, Not Active
2026/09/03 20:44:48.892, 521 MiB, 49, 57.07 W, 2400 MHz, 13801 MHz, Not Active, Not Active, Not Active, Not Active, Not Active
2026/09/03 20:44:49.092, 521 MiB, 49, 56.97 W, 2400 MHz, 13801 MHz, Not Active, Not Active, Not Active, Not Active, Not Active
2026/09/03 20:44:49.292, 521 MiB, 49, 56.97 W, 2400 MHz, 13801 MHz, Not Active, Not Active, Not Active, Not Active, Not Active
2026/09/03 20:44:49.493, 521 MiB, 49, 56.95 W, 2400 MHz, 13801 MHz, Not Active, Not Active, Not Active, Not Active, Not Active
2026/09/03 20:44:49.693, 521 MiB, 49, 56.95 W, 2400 MHz, 13801 MHz, Not Active, Not Active, Not Active, Not Active, Not Active
2026/09/03 20:44:49.893, 521 MiB, 49, 56.95 W, 2400 MHz, 13801 MHz, Not Active, Not Active, Not Active, Not Active, Not Active
2026/09/03 20:44:50.093, 521 MiB, 49, 57.11 W, 2400 MHz, 13801 MHz, Not Active, Not Active, Not Active, Not Active, Not Active
2026/09/03 20:44:50.294, 521 MiB, 49, 57.11 W, 2400 MHz, 13801 MHz, Not Active, Not Active, Not Active, Not Active, Not Active
2026/09/03 20:44:50.494, 521 MiB, 49, 56.96 W, 2400 MHz, 13801 MHz, Not Active, Not Active, Not Active, Not Active, Not Active
2026/09/03 20:44:50.694, 521 MiB, 49, 56.96 W, 2400 MHz, 13801 MHz, Not Active, Not Active, Not Active, Not Active, Not Active
2026/09/03 20:44:50.894, 521 MiB, 49, 56.96 W, 2400 MHz, 13801 MHz, Not Active, Not Active, Not Active, Not Active, Not Active
2026/09/03 20:44:51.095, 521 MiB, 49, 56.80 W, 2400 MHz, 13801 MHz, Not Active, Not Active, Not Active, Not Active, Not Active
2026/09/03 20:44:51.295, 521 MiB, 49, 56.80 W, 2400 MHz, 13801 MHz, Not Active, Not Active, Not Active, Not Active, Not Active
2026/09/03 20:44:51.495, 521 MiB, 49, 56.92 W, 2400 MHz, 13801 MHz, Not Active, Not Active, Not Active, Not Active, Not Active
2026/09/03 20:44:51.696, 521 MiB, 49, 56.92 W, 2400 MHz, 13801 MHz, Not Active, Not Active, Not Active, Not Active, Not Active
2026/09/03 20:44:51.896, 521 MiB, 49, 56.92 W, 2400 MHz, 13801 MHz, Not Active, Not Active, Not Active, Not Active, Not Active
2026/09/03 20:44:52.096, 521 MiB, 49, 57.14 W, 2400 MHz, 13801 MHz, Not Active, Not Active, Not Active, Not Active, Not Active
2026/09/03 20:44:52.296, 521 MiB, 49, 57.14 W, 2400 MHz, 13801 MHz, Not Active, Not Active, Not Active, Not Active, Not Active
2026/09/03 20:44:52.497, 521 MiB, 49, 57.29 W, 2400 MHz, 13801 MHz, Not Active, Not Active, Not Active, Not Active, Not Active
2026/09/03 20:44:52.697, 521 MiB, 49, 57.29 W, 2400 MHz, 13801 MHz, Not Active, Not Active, Not Active, Not Active, Not Active
2026/09/03 20:44:52.898, 521 MiB, 49, 57.29 W, 2400 MHz, 13801 MHz, Not Active, Not Active, Not Active, Not Active, Not Active
2026/09/03 20:44:53.098, 521 MiB, 49, 57.44 W, 2400 MHz, 13801 MHz, Not Active, Not Active, Not Active, Not Active, Not Active
2026/09/03 20:44:53.298, 521 MiB, 49, 57.44 W, 2400 MHz, 13801 MHz, Not Active, Not Active, Not Active, Not Active, Not Active
2026/09/03 20:44:53.498, 521 MiB, 49, 57.49 W, 2400 MHz, 13801 MHz, Not Active, Not Active, Not Active, Not Active, Not Active
2026/09/03 20:44:53.699, 521 MiB, 49, 57.49 W, 2400 MHz, 13801 MHz, Not Active, Not Active, Not Active, Not Active, Not Active
2026/09/03 20:44:53.899, 521 MiB, 49, 57.52 W, 2400 MHz, 13801 MHz, Not Active, Not Active, Not Active, Not Active, Not Active
2026/09/03 20:44:54.099, 521 MiB, 49, 57.52 W, 2400 MHz, 13801 MHz, Not Active, Not Active, Not Active, Not Active, Not Active
2026/09/03 20:44:54.299, 521 MiB, 49, 57.52 W, 2400 MHz, 13801 MHz, Not Active, Not Active, Not Active, Not Active, Not Active
2026/09/03 20:44:54.500, 521 MiB, 49, 57.54 W, 2400 MHz, 13801 MHz, Not Active, Not Active, Not Active, Not Active, Not Active
2026/09/03 20:44:54.700, 521 MiB, 49, 57.54 W, 2400 MHz, 13801 MHz, Not Active, Not Active, Not Active, Not Active, Not Active
2026/09/03 20:44:54.900, 521 MiB, 49, 57.37 W, 2400 MHz, 13801 MHz, Not Active, Not Active, Not Active, Not Active, Not Active
2026/09/03 20:44:55.101, 521 MiB, 49, 57.37 W, 2400 MHz, 13801 MHz, Not Active, Not Active, Not Active, Not Active, Not Active
2026/09/03 20:44:55.301, 521 MiB, 49, 57.37 W, 2400 MHz, 13801 MHz, Not Active, Not Active, Not Active, Not Active, Not Active
2026/09/03 20:44:55.501, 521 MiB, 49, 57.24 W, 2400 MHz, 13801 MHz, Not Active, Not Active, Not Active, Not Active, Not Active
2026/09/03 20:44:55.701, 521 MiB, 49, 57.24 W, 2400 MHz, 13801 MHz, Not Active, Not Active, Not Active, Not Active, Not Active
2026/09/03 20:44:55.902, 521 MiB, 49, 57.14 W, 2400 MHz, 13801 MHz, Not Active, Not Active, Not Active, Not Active, Not Active
2026/09/03 20:44:56.102, 521 MiB, 49, 57.14 W, 2400 MHz, 13801 MHz, Not Active, Not Active, Not Active, Not Active, Not Active
2026/09/03 20:44:56.302, 521 MiB, 49, 57.14 W, 2400 MHz, 13801 MHz, Not Active, Not Active, Not Active, Not Active, Not Active
2026/09/03 20:44:56.503, 521 MiB, 49, 57.07 W, 2400 MHz, 13801 MHz, Not Active, Not Active, Not Active, Not Active, Not Active
2026/09/03 20:44:56.703, 521 MiB, 49, 57.07 W, 2400 MHz, 13801 MHz, Not Active, Not Active, Not Active, Not Active, Not Active
2026/09/03 20:44:56.903, 521 MiB, 49, 57.22 W, 2400 MHz, 13801 MHz, Not Active, Not Active, Not Active, Not Active, Not Active
2026/09/03 20:44:57.104, 521 MiB, 49, 57.22 W, 2400 MHz, 13801 MHz, Not Active, Not Active, Not Active, Not Active, Not Active
2026/09/03 20:44:57.304, 521 MiB, 49, 57.22 W, 2400 MHz, 13801 MHz, Not Active, Not Active, Not Active, Not Active, Not Active
2026/09/03 20:44:57.504, 521 MiB, 49, 57.41 W, 2400 MHz, 13801 MHz, Not Active, Not Active, Not Active, Not Active, Not Active
2026/09/03 20:44:57.704, 521 MiB, 49, 57.41 W, 2400 MHz, 13801 MHz, Not Active, Not Active, Not Active, Not Active, Not Active
2026/09/03 20:44:57.904, 521 MiB, 50, 57.55 W, 2400 MHz, 13801 MHz, Not Active, Not Active, Not Active, Not Active, Not Active
2026/09/03 20:44:58.105, 521 MiB, 50, 57.55 W, 2400 MHz, 13801 MHz, Not Active, Not Active, Not Active, Not Active, Not Active
2026/09/03 20:44:58.305, 521 MiB, 50, 57.55 W, 2400 MHz, 13801 MHz, Not Active, Not Active, Not Active, Not Active, Not Active
2026/09/03 20:44:58.505, 521 MiB, 50, 57.66 W, 2400 MHz, 13801 MHz, Not Active, Not Active, Not Active, Not Active, Not Active
2026/09/03 20:44:58.705, 521 MiB, 50, 57.66 W, 2400 MHz, 13801 MHz, Not Active, Not Active, Not Active, Not Active, Not Active
2026/09/03 20:44:58.906, 521 MiB, 50, 57.70 W, 2400 MHz, 13801 MHz, Not Active, Not Active, Not Active, Not Active, Not Active
2026/09/03 20:44:59.106, 521 MiB, 50, 57.70 W, 2400 MHz, 13801 MHz, Not Active, Not Active, Not Active, Not Active, Not Active
2026/09/03 20:44:59.306, 521 MiB, 50, 57.70 W, 2400 MHz, 13801 MHz, Not Active, Not Active, Not Active, Not Active, Not Active
2026/09/03 20:44:59.507, 521 MiB, 50, 57.69 W, 2400 MHz, 13801 MHz, Not Active, Not Active, Not Active, Not Active, Not Active
2026/09/03 20:44:59.707, 521 MiB, 50, 57.69 W, 2400 MHz, 13801 MHz, Not Active, Not Active, Not Active, Not Active, Not Active
2026/09/03 20:44:59.907, 521 MiB, 50, 57.74 W, 2400 MHz, 13801 MHz, Not Active, Not Active, Not Active, Not Active, Not Active
2026/09/03 20:45:00.107, 521 MiB, 50, 57.74 W, 2400 MHz, 13801 MHz, Not Active, Not Active, Not Active, Not Active, Not Active
2026/09/03 20:45:00.308, 521 MiB, 50, 57.74 W, 2400 MHz, 13801 MHz, Not Active, Not Active, Not Active, Not Active, Not Active
2026/09/03 20:45:00.508, 521 MiB, 50, 57.57 W, 2400 MHz, 13801 MHz, Not Active, Not Active, Not Active, Not Active, Not Active
2026/09/03 20:45:00.708, 521 MiB, 50, 57.57 W, 2400 MHz, 13801 MHz, Not Active, Not Active, Not Active, Not Active, Not Active
2026/09/03 20:45:00.908, 521 MiB, 50, 57.32 W, 2400 MHz, 13801 MHz, Not Active, Not Active, Not Active, Not Active, Not Active
2026/09/03 20:45:01.109, 521 MiB, 50, 57.32 W, 2400 MHz, 13801 MHz, Not Active, Not Active, Not Active, Not Active, Not Active
2026/09/03 20:45:01.309, 521 MiB, 50, 57.32 W, 2400 MHz, 13801 MHz, Not Active, Not Active, Not Active, Not Active, Not Active
2026/09/03 20:45:01.509, 521 MiB, 49, 40.41 W, 54 MHz, 810 MHz, Not Active, Not Active, Not Active, Not Active, Not Active
2026/09/03 20:45:01.710, 521 MiB, 49, 40.41 W, 54 MHz, 810 MHz, Not Active, Not Active, Not Active, Not Active, Not Active
2026/09/03 20:45:01.910, 521 MiB, 49, 20.53 W, 41 MHz, 810 MHz, Not Active, Not Active, Not Active, Not Active, Not Active
2026/09/03 20:45:02.110, 521 MiB, 49, 20.53 W, 41 MHz, 810 MHz, Not Active, Not Active, Not Active, Not Active, Not Active
2026/09/03 20:45:02.310, 521 MiB, 49, 20.53 W, 41 MHz, 810 MHz, Not Active, Not Active, Not Active, Not Active, Not Active
2026/09/03 20:45:02.511, 521 MiB, 49, 20.53 W, 41 MHz, 810 MHz, Not Active, Not Active, Not Active, Not Active, Not Active
2026/09/03 20:45:02.711, 521 MiB, 49, 20.53 W, 41 MHz, 810 MHz, Not Active, Not Active, Not Active, Not Active, Not Active
2026/09/03 20:45:02.911, 521 MiB, 49, 14.13 W, 24 MHz, 405 MHz, Not Active, Not Active, Not Active, Not Active, Not Active
2026/09/03 20:45:03.111, 521 MiB, 49, 14.13 W, 24 MHz, 405 MHz, Not Active, Not Active, Not Active, Not Active, Not Active
2026/09/03 20:45:03.312, 521 MiB, 49, 14.13 W, 24 MHz, 405 MHz, Not Active, Not Active, Not Active, Not Active, Not Active
2026/09/03 20:45:03.512, 521 MiB, 49, 14.13 W, 24 MHz, 405 MHz, Not Active, Not Active, Not Active, Not Active, Not Active
2026/09/03 20:45:03.712, 521 MiB, 49, 14.13 W, 24 MHz, 405 MHz, Not Active, Not Active, Not Active, Not Active, Not Active
2026/09/03 20:45:03.913, 521 MiB, 49, 12.93 W, 22 MHz, 405 MHz, Not Active, Not Active, Not Active, Not Active, Not Active
2026/09/03 20:45:04.113, 521 MiB, 49, 12.93 W, 22 MHz, 405 MHz, Not Active, Not Active, Not Active, Not Active, Not Active
2026/09/03 20:45:04.313, 521 MiB, 49, 12.93 W, 22 MHz, 405 MHz, Not Active, Not Active, Not Active, Not Active, Not Active
2026/09/03 20:45:04.513, 521 MiB, 49, 12.93 W, 22 MHz, 405 MHz, Not Active, Not Active, Not Active, Not Active, Not Active
2026/09/03 20:45:04.714, 521 MiB, 49, 12.93 W, 22 MHz, 405 MHz, Not Active, Not Active, Not Active, Not Active, Not Active
2026/09/03 20:45:04.914, 521 MiB, 49, 12.76 W, 22 MHz, 405 MHz, Not Active, Not Active, Not Active, Not Active, Not Active
2026/09/03 20:45:05.114, 521 MiB, 49, 12.76 W, 22 MHz, 405 MHz, Not Active, Not Active, Not Active, Not Active, Not Active
2026/09/03 20:45:05.315, 521 MiB, 49, 12.76 W, 22 MHz, 405 MHz, Not Active, Not Active, Not Active, Not Active, Not Active
2026/09/03 20:45:05.515, 521 MiB, 49, 12.76 W, 22 MHz, 405 MHz, Not Active, Not Active, Not Active, Not Active, Not Active
2026/09/03 20:45:05.715, 521 MiB, 49, 12.76 W, 22 MHz, 405 MHz, Not Active, Not Active, Not Active, Not Active, Not Active
2026/09/03 20:45:05.916, 521 MiB, 49, 12.64 W, 22 MHz, 405 MHz, Not Active, Not Active, Not Active, Not Active, Not Active
2026/09/03 20:45:06.116, 521 MiB, 49, 12.64 W, 22 MHz, 405 MHz, Not Active, Not Active, Not Active, Not Active, Not Active
2026/09/03 20:45:06.317, 521 MiB, 49, 12.64 W, 22 MHz, 405 MHz, Not Active, Not Active, Not Active, Not Active, Not Active
2026/09/03 20:45:06.517, 521 MiB, 49, 12.64 W, 22 MHz, 405 MHz, Not Active, Not Active, Not Active, Not Active, Not Active
2026/09/03 20:45:06.717, 521 MiB, 49, 12.64 W, 22 MHz, 405 MHz, Not Active, Not Active, Not Active, Not Active, Not Active
2026/09/03 20:45:06.918, 521 MiB, 49, 13.28 W, 23 MHz, 405 MHz, Not Active, Not Active, Not Active, Not Active, Not Active
2026/09/03 20:45:07.118, 521 MiB, 49, 13.28 W, 23 MHz, 405 MHz, Not Active, Not Active, Not Active, Not Active, Not Active
2026/09/03 20:45:07.318, 521 MiB, 49, 13.28 W, 23 MHz, 405 MHz, Not Active, Not Active, Not Active, Not Active, Not Active
2026/09/03 20:45:07.519, 521 MiB, 49, 13.82 W, 22 MHz, 405 MHz, Not Active, Not Active, Not Active, Not Active, Not Active
2026/09/03 20:45:07.719, 521 MiB, 49, 13.82 W, 22 MHz, 405 MHz, Not Active, Not Active, Not Active, Not Active, Not Active
2026/09/03 20:45:07.919, 521 MiB, 49, 14.00 W, 22 MHz, 405 MHz, Not Active, Not Active, Not Active, Not Active, Not Active
2026/09/03 20:45:08.119, 521 MiB, 49, 14.00 W, 22 MHz, 405 MHz, Not Active, Not Active, Not Active, Not Active, Not Active
2026/09/03 20:45:08.320, 521 MiB, 49, 14.00 W, 22 MHz, 405 MHz, Not Active, Not Active, Not Active, Not Active, Not Active
2026/09/03 20:45:08.520, 521 MiB, 49, 14.00 W, 22 MHz, 405 MHz, Not Active, Not Active, Not Active, Not Active, Not Active
2026/09/03 20:45:08.720, 521 MiB, 49, 14.00 W, 22 MHz, 405 MHz, Not Active, Not Active, Not Active, Not Active, Not Active
2026/09/03 20:45:08.920, 521 MiB, 48, 13.24 W, 22 MHz, 405 MHz, Not Active, Not Active, Not Active, Not Active, Not Active
2026/09/03 20:45:09.121, 521 MiB, 48, 13.24 W, 22 MHz, 405 MHz, Not Active, Not Active, Not Active, Not Active, Not Active
2026/09/03 20:45:09.321, 521 MiB, 48, 13.24 W, 22 MHz, 405 MHz, Not Active, Not Active, Not Active, Not Active, Not Active
2026/09/03 20:45:09.521, 521 MiB, 48, 13.24 W, 22 MHz, 405 MHz, Not Active, Not Active, Not Active, Not Active, Not Active
2026/09/03 20:45:09.722, 521 MiB, 48, 13.24 W, 22 MHz, 405 MHz, Not Active, Not Active, Not Active, Not Active, Not Active
2026/09/03 20:45:09.922, 521 MiB, 49, 12.97 W, 22 MHz, 405 MHz, Not Active, Not Active, Not Active, Not Active, Not Active
2026/09/03 20:45:10.122, 521 MiB, 49, 12.97 W, 22 MHz, 405 MHz, Not Active, Not Active, Not Active, Not Active, Not Active
2026/09/03 20:45:10.322, 521 MiB, 49, 12.97 W, 22 MHz, 405 MHz, Not Active, Not Active, Not Active, Not Active, Not Active
2026/09/03 20:45:10.523, 521 MiB, 49, 12.97 W, 22 MHz, 405 MHz, Not Active, Not Active, Not Active, Not Active, Not Active
2026/09/03 20:45:10.723, 521 MiB, 49, 12.97 W, 22 MHz, 405 MHz, Not Active, Not Active, Not Active, Not Active, Not Active
2026/09/03 20:45:10.923, 521 MiB, 48, 13.05 W, 22 MHz, 405 MHz, Not Active, Not Active, Not Active, Not Active, Not Active
2026/09/03 20:45:11.123, 521 MiB, 48, 13.05 W, 22 MHz, 405 MHz, Not Active, Not Active, Not Active, Not Active, Not Active
2026/09/03 20:45:11.324, 521 MiB, 48, 13.05 W, 22 MHz, 405 MHz, Not Active, Not Active, Not Active, Not Active, Not Active
2026/09/03 20:45:11.524, 521 MiB, 48, 13.05 W, 22 MHz, 405 MHz, Not Active, Not Active, Not Active, Not Active, Not Active
2026/09/03 20:45:11.724, 521 MiB, 48, 13.05 W, 22 MHz, 405 MHz, Not Active, Not Active, Not Active, Not Active, Not Active
2026/09/03 20:45:11.924, 521 MiB, 48, 13.06 W, 22 MHz, 405 MHz, Not Active, Not Active, Not Active, Not Active, Not Active
2026/09/03 20:45:12.125, 521 MiB, 48, 13.06 W, 22 MHz, 405 MHz, Not Active, Not Active, Not Active, Not Active, Not Active
2026/09/03 20:45:12.325, 521 MiB, 48, 13.06 W, 22 MHz, 405 MHz, Not Active, Not Active, Not Active, Not Active, Not Active
2026/09/03 20:45:12.525, 521 MiB, 48, 13.06 W, 22 MHz, 405 MHz, Not Active, Not Active, Not Active, Not Active, Not Active
2026/09/03 20:45:12.725, 521 MiB, 48, 13.06 W, 22 MHz, 405 MHz, Not Active, Not Active, Not Active, Not Active, Not Active
2026/09/03 20:45:12.926, 521 MiB, 48, 12.90 W, 22 MHz, 405 MHz, Not Active, Not Active, Not Active, Not Active, Not Active
2026/09/03 20:45:13.126, 521 MiB, 48, 12.90 W, 22 MHz, 405 MHz, Not Active, Not Active, Not Active, Not Active, Not Active
2026/09/03 20:45:13.326, 553 MiB, 48, 12.90 W, 22 MHz, 405 MHz, Not Active, Not Active, Not Active, Not Active, Not Active
2026/09/03 20:45:13.526, 591 MiB, 48, 14.77 W, 352 MHz, 13801 MHz, Not Active, Not Active, Not Active, Not Active, Not Active
2026/09/03 20:45:13.727, 591 MiB, 48, 14.77 W, 352 MHz, 13801 MHz, Not Active, Not Active, Not Active, Not Active, Not Active
2026/09/03 20:45:13.927, 591 MiB, 49, 32.74 W, 2407 MHz, 13801 MHz, Not Active, Not Active, Not Active, Not Active, Not Active
2026/09/03 20:45:14.127, 591 MiB, 49, 32.74 W, 2407 MHz, 13801 MHz, Not Active, Not Active, Not Active, Not Active, Not Active
2026/09/03 20:45:14.328, 2449 MiB, 49, 32.74 W, 2407 MHz, 13801 MHz, Not Active, Not Active, Not Active, Not Active, Not Active
2026/09/03 20:45:14.528, 2579 MiB, 50, 61.64 W, 2460 MHz, 13801 MHz, Not Active, Not Active, Not Active, Not Active, Not Active
2026/09/03 20:45:14.728, 2579 MiB, 50, 61.64 W, 2460 MHz, 13801 MHz, Not Active, Not Active, Not Active, Not Active, Not Active
2026/09/03 20:45:14.928, 2579 MiB, 51, 98.64 W, 2887 MHz, 13801 MHz, Not Active, Not Active, Not Active, Not Active, Not Active
2026/09/03 20:45:15.129, 4185 MiB, 51, 98.64 W, 2887 MHz, 13801 MHz, Not Active, Not Active, Not Active, Not Active, Not Active
2026/09/03 20:45:15.329, 4187 MiB, 51, 98.64 W, 2887 MHz, 13801 MHz, Not Active, Not Active, Not Active, Not Active, Not Active
2026/09/03 20:45:15.529, 4187 MiB, 52, 142.46 W, 2737 MHz, 13801 MHz, Not Active, Not Active, Not Active, Not Active, Not Active
2026/09/03 20:45:15.729, 4187 MiB, 52, 142.46 W, 2737 MHz, 13801 MHz, Not Active, Not Active, Not Active, Not Active, Not Active
2026/09/03 20:45:15.929, 4187 MiB, 50, 118.55 W, 2437 MHz, 13801 MHz, Not Active, Not Active, Not Active, Not Active, Not Active
2026/09/03 20:45:16.130, 18 MiB, 50, 118.55 W, 2437 MHz, 13801 MHz, Not Active, Not Active, Not Active, Not Active, Not Active
2026/09/03 20:45:16.330, 18 MiB, 50, 118.55 W, 2437 MHz, 13801 MHz, Not Active, Not Active, Not Active, Not Active, Not Active
