timestamp, memory.used [MiB], temperature.gpu, power.draw [W], clocks.current.sm [MHz], clocks.current.memory [MHz], clocks_event_reasons.sw_power_cap, clocks_event_reasons.hw_slowdown, clocks_event_reasons.hw_thermal_slowdown, clocks_event_reasons.hw_power_brake_slowdown, clocks_event_reasons.sw_thermal_slowdown
2026/09/03 21:06:44.159, 15 MiB, 49, 29.42 W, 375 MHz, 7001 MHz, Not Active, Not Active, Not Active, Not Active, Not Active
2026/09/03 21:06:44.361, 15 MiB, 49, 29.42 W, 375 MHz, 7001 MHz, Not Active, Not Active, Not Active, Not Active, Not Active
2026/09/03 21:06:44.561, 15 MiB, 49, 29.42 W, 375 MHz, 7001 MHz, Not Active, Not Active, Not Active, Not Active, Not Active
2026/09/03 21:06:44.763, 35 MiB, 49, 29.12 W, 375 MHz, 7001 MHz, Not Active, Not Active, Not Active, Not Active, Not Active
2026/09/03 21:06:44.963, 519 MiB, 49, 29.12 W, 375 MHz, 7001 MHz, Not Active, Not Active, Not Active, Not Active, Not Active
2026/09/03 21:06:45.164, 519 MiB, 50, 39.18 W, 1552 MHz, 13801 MHz, Not Active, Not Active, Not Active, Not Active, Not Active
2026/09/03 21:06:45.364, 519 MiB, 50, 39.18 W, 1552 MHz, 13801 MHz, Not Active, Not Active, Not Active, Not Active, Not Active
2026/09/03 21:06:45.564, 519 MiB, 50, 39.18 W, 1552 MHz, 13801 MHz, Not Active, Not Active, Not Active, Not Active, Not Active
2026/09/03 21:06:45.764, 519 MiB, 50, 53.85 W, 2400 MHz, 13801 MHz, Not Active, Not Active, Not Active, Not Active, Not Active
2026/09/03 21:06:45.965, 519 MiB, 50, 53.85 W, 2400 MHz, 13801 MHz, Not Active, Not Active, Not Active, Not Active, Not Active
2026/09/03 21:06:46.165, 519 MiB, 50, 57.46 W, 2400 MHz, 13801 MHz, Not Active, Not Active, Not Active, Not Active, Not Active
2026/09/03 21:06:46.365, 519 MiB, 50, 57.46 W, 2400 MHz, 13801 MHz, Not Active, Not Active, Not Active, Not Active, Not Active
2026/09/03 21:06:46.566, 519 MiB, 50, 57.46 W, 2400 MHz, 13801 MHz, Not Active, Not Active, Not Active, Not Active, Not Active
2026/09/03 21:06:46.766, 519 MiB, 50, 57.47 W, 2400 MHz, 13801 MHz, Not Active, Not Active, Not Active, Not Active, Not Active
2026/09/03 21:06:46.966, 519 MiB, 50, 57.47 W, 2400 MHz, 13801 MHz, Not Active, Not Active, Not Active, Not Active, Not Active
2026/09/03 21:06:47.167, 519 MiB, 50, 57.50 W, 2400 MHz, 13801 MHz, Not Active, Not Active, Not Active, Not Active, Not Active
2026/09/03 21:06:47.367, 519 MiB, 50, 57.50 W, 2400 MHz, 13801 MHz, Not Active, Not Active, Not Active, Not Active, Not Active
2026/09/03 21:06:47.567, 519 MiB, 50, 57.50 W, 2400 MHz, 13801 MHz, Not Active, Not Active, Not Active, Not Active, Not Active
2026/09/03 21:06:47.767, 519 MiB, 50, 57.52 W, 2400 MHz, 13801 MHz, Not Active, Not Active, Not Active, Not Active, Not Active
2026/09/03 21:06:47.968, 519 MiB, 50, 57.52 W, 2400 MHz, 13801 MHz, Not Active, Not Active, Not Active, Not Active, Not Active
2026/09/03 21:06:48.168, 519 MiB, 50, 57.55 W, 2400 MHz, 13801 MHz, Not Active, Not Active, Not Active, Not Active, Not Active
2026/09/03 21:06:48.368, 519 MiB, 50, 57.55 W, 2400 MHz, 13801 MHz, Not Active, Not Active, Not Active, Not Active, Not Active
2026/09/03 21:06:48.568, 519 MiB, 50, 57.55 W, 2400 MHz, 13801 MHz, Not Active, Not Active, Not Active, Not Active, Not Active
2026/09/03 21:06:48.769, 519 MiB, 50, 57.57 W, 2400 MHz, 13801 MHz, Not Active, Not Active, Not Active, Not Active, Not Active
2026/09/03 21:06:48.969, 519 MiB, 50, 57.57 W, 2400 MHz, 13801 MHz, Not Active, Not Active, Not Active, Not Active, Not Active
2026/09/03 21:06:49.169, 519 MiB, 50, 57.64 W, 2400 MHz, 13801 MHz, Not Active, Not Active, Not Active, Not Active, Not Active
2026/09/03 21:06:49.369, 519 MiB, 50, 57.64 W, 2400 MHz, 13801 MHz, Not Active, Not Active, Not Active, Not Active, Not Active
2026/09/03 21:06:49.569, 519 MiB, 50, 57.64 W, 2400 MHz, 13801 MHz, Not Active, Not Active, Not Active, Not Active, Not Active
2026/09/03 21:06:49.770, 519 MiB, 50, 57.62 W, 2400 MHz, 13801 MHz, Not Active, Not Active, Not Active, Not Active, Not Active
2026/09/03 21:06:49.970, 519 MiB, 50, 57.62 W, 2400 MHz, 13801 MHz, Not Active, Not Active, Not Active, Not Active, Not Active
2026/09/03 21:06:50.170, 519 MiB, 50, 57.84 W, 2400 MHz, 13801 MHz, Not Active, Not Active, Not Active, Not Active, Not Active
2026/09/03 21:06:50.370, 519 MiB, 50, 57.84 W, 2400 MHz, 13801 MHz, Not Active, Not Active, Not Active, Not Active, Not Active
2026/09/03 21:06:50.570, 519 MiB, 50, 57.84 W, 2400 MHz, 13801 MHz, Not Active, Not Active, Not Active, Not Active, Not Active
2026/09/03 21:06:50.771, 519 MiB, 50, 58.18 W, 2400 MHz, 13801 MHz, Not Active, Not Active, Not Active, Not Active, Not Active
2026/09/03 21:06:50.971, 519 MiB, 50, 58.18 W, 2400 MHz, 13801 MHz, Not Active, Not Active, Not Active, Not Active, Not Active
2026/09/03 21:06:51.171, 519 MiB, 50, 57.98 W, 2400 MHz, 13801 MHz, Not Active, Not Active, Not Active, Not Active, Not Active
2026/09/03 21:06:51.371, 519 MiB, 50, 57.98 W, 2400 MHz, 13801 MHz, Not Active, Not Active, Not Active, Not Active, Not Active
2026/09/03 21:06:51.572, 519 MiB, 50, 57.98 W, 2400 MHz, 13801 MHz, Not Active, Not Active, Not Active, Not Active, Not Active
2026/09/03 21:06:51.772, 519 MiB, 50, 57.81 W, 2407 MHz, 13801 MHz, Not Active, Not Active, Not Active, Not Active, Not Active
2026/09/03 21:06:51.972, 519 MiB, 50, 57.81 W, 2407 MHz, 13801 MHz, Not Active, Not Active, Not Active, Not Active, Not Active
2026/09/03 21:06:52.172, 519 MiB, 50, 57.79 W, 2400 MHz, 13801 MHz, Not Active, Not Active, Not Active, Not Active, Not Active
2026/09/03 21:06:52.373, 519 MiB, 50, 57.79 W, 2400 MHz, 13801 MHz, Not Active, Not Active, Not Active, Not Active, Not Active
2026/09/03 21:06:52.575, 519 MiB, 50, 57.88 W, 2400 MHz, 13801 MHz, Not Active, Not Active, Not Active, Not Active, Not Active
2026/09/03 21:06:52.776, 519 MiB, 50, 57.88 W, 2400 MHz, 13801 MHz, Not Active, Not Active, Not Active, Not Active, Not Active
2026/09/03 21:06:52.976, 519 MiB, 50, 57.88 W, 2400 MHz, 13801 MHz, Not Active, Not Active, Not Active, Not Active, Not Active
2026/09/03 21:06:53.176, 519 MiB, 50, 58.02 W, 2400 MHz, 13801 MHz, Not Active, Not Active, Not Active, Not Active, Not Active
2026/09/03 21:06:53.376, 519 MiB, 50, 58.02 W, 2400 MHz, 13801 MHz, Not Active, Not Active, Not Active, Not Active, Not Active
2026/09/03 21:06:53.577, 519 MiB, 50, 57.95 W, 2400 MHz, 13801 MHz, Not Active, Not Active, Not Active, Not Active, Not Active
2026/09/03 21:06:53.777, 519 MiB, 50, 57.95 W, 2400 MHz, 13801 MHz, Not Active, Not Active, Not Active, Not Active, Not Active
2026/09/03 21:06:53.977, 519 MiB, 50, 57.95 W, 2400 MHz, 13801 MHz, Not Active, Not Active, Not Active, Not Active, Not Active
2026/09/03 21:06:54.177, 519 MiB, 50, 57.71 W, 2400 MHz, 13801 MHz, Not Active, Not Active, Not Active, Not Active, Not Active
2026/09/03 21:06:54.378, 519 MiB, 50, 57.71 W, 2400 MHz, 13801 MHz, Not Active, Not Active, Not Active, Not Active, Not Active
2026/09/03 21:06:54.578, 519 MiB, 50, 57.71 W, 2400 MHz, 13801 MHz, Not Active, Not Active, Not Active, Not Active, Not Active
2026/09/03 21:06:54.778, 519 MiB, 50, 57.71 W, 2400 MHz, 13801 MHz, Not Active, Not Active, Not Active, Not Active, Not Active
2026/09/03 21:06:54.978, 519 MiB, 50, 57.71 W, 2400 MHz, 13801 MHz, Not Active, Not Active, Not Active, Not Active, Not Active
2026/09/03 21:06:55.179, 519 MiB, 50, 57.68 W, 2400 MHz, 13801 MHz, Not Active, Not Active, Not Active, Not Active, Not Active
2026/09/03 21:06:55.379, 519 MiB, 50, 57.68 W, 2400 MHz, 13801 MHz, Not Active, Not Active, Not Active, Not Active, Not Active
2026/09/03 21:06:55.579, 519 MiB, 50, 57.48 W, 2400 MHz, 13801 MHz, Not Active, Not Active, Not Active, Not Active, Not Active
2026/09/03 21:06:55.779, 519 MiB, 50, 57.48 W, 2400 MHz, 13801 MHz, Not Active, Not Active, Not Active, Not Active, Not Active
2026/09/03 21:06:55.979, 519 MiB, 50, 57.48 W, 2400 MHz, 13801 MHz, Not Active, Not Active, Not Active, Not Active, Not Active
2026/09/03 21:06:56.180, 519 MiB, 50, 57.44 W, 2400 MHz, 13801 MHz, Not Active, Not Active, Not Active, Not Active, Not Active
2026/09/03 21:06:56.380, 519 MiB, 50, 57.44 W, 2400 MHz, 13801 MHz, Not Active, Not Active, Not Active, Not Active, Not Active
2026/09/03 21:06:56.580, 519 MiB, 50, 57.55 W, 2400 MHz, 13801 MHz, Not Active, Not Active, Not Active, Not Active, Not Active
2026/09/03 21:06:56.781, 519 MiB, 50, 57.55 W, 2400 MHz, 13801 MHz, Not Active, Not Active, Not Active, Not Active, Not Active
2026/09/03 21:06:56.981, 519 MiB, 50, 57.55 W, 2400 MHz, 13801 MHz, Not Active, Not Active, Not Active, Not Active, Not Active
2026/09/03 21:06:57.181, 519 MiB, 50, 57.65 W, 2400 MHz, 13801 MHz, Not Active, Not Active, Not Active, Not Active, Not Active
2026/09/03 21:06:57.381, 519 MiB, 50, 57.65 W, 2400 MHz, 13801 MHz, Not Active, Not Active, Not Active, Not Active, Not Active
2026/09/03 21:06:57.582, 519 MiB, 50, 57.71 W, 2400 MHz, 13801 MHz, Not Active, Not Active, Not Active, Not Active, Not Active
2026/09/03 21:06:57.782, 519 MiB, 50, 57.71 W, 2400 MHz, 13801 MHz, Not Active, Not Active, Not Active, Not Active, Not Active
2026/09/03 21:06:57.982, 519 MiB, 50, 57.71 W, 2400 MHz, 13801 MHz, Not Active, Not Active, Not Active, Not Active, Not Active
2026/09/03 21:06:58.182, 519 MiB, 50, 57.56 W, 2400 MHz, 13801 MHz, Not Active, Not Active, Not Active, Not Active, Not Active
2026/09/03 21:06:58.383, 519 MiB, 50, 57.56 W, 2400 MHz, 13801 MHz, Not Active, Not Active, Not Active, Not Active, Not Active
2026/09/03 21:06:58.583, 519 MiB, 50, 57.51 W, 2400 MHz, 13801 MHz, Not Active, Not Active, Not Active, Not Active, Not Active
2026/09/03 21:06:58.783, 519 MiB, 50, 57.51 W, 2400 MHz, 13801 MHz, Not Active, Not Active, Not Active, Not Active, Not Active
2026/09/03 21:06:58.983, 519 MiB, 50, 57.51 W, 2400 MHz, 13801 MHz, Not Active, Not Active, Not Active, Not Active, Not Active
2026/09/03 21:06:59.184, 519 MiB, 50, 57.53 W, 2400 MHz, 13801 MHz, Not Active, Not Active, Not Active, Not Active, Not Active
2026/09/03 21:06:59.384, 519 MiB, 50, 57.53 W, 2400 MHz, 13801 MHz, Not Active, Not Active, Not Active, Not Active, Not Active
2026/09/03 21:06:59.584, 519 MiB, 50, 57.48 W, 2400 MHz, 13801 MHz, Not Active, Not Active, Not Active, Not Active, Not Active
2026/09/03 21:06:59.784, 519 MiB, 50, 57.48 W, 2400 MHz, 13801 MHz, Not Active, Not Active, Not Active, Not Active, Not Active
2026/09/03 21:06:59.984, 519 MiB, 50, 57.48 W, 2400 MHz, 13801 MHz, Not Active, Not Active, Not Active, Not Active, Not Active
2026/09/03 21:07:00.185, 519 MiB, 50, 57.51 W, 2400 MHz, 13801 MHz, Not Active, Not Active, Not Active, Not Active, Not Active
2026/09/03 21:07:00.385, 519 MiB, 50, 57.51 W, 2400 MHz, 13801 MHz, Not Active, Not Active, Not Active, Not Active, Not Active
2026/09/03 21:07:00.585, 519 MiB, 50, 57.47 W, 2400 MHz, 13801 MHz, Not Active, Not Active, Not Active, Not Active, Not Active
2026/09/03 21:07:00.786, 519 MiB, 50, 57.47 W, 2400 MHz, 13801 MHz, Not Active, Not Active, Not Active, Not Active, Not Active
2026/09/03 21:07:00.986, 519 MiB, 50, 57.47 W, 2400 MHz, 13801 MHz, Not Active, Not Active, Not Active, Not Active, Not Active
2026/09/03 21:07:01.186, 519 MiB, 50, 57.21 W, 2400 MHz, 13801 MHz, Not Active, Not Active, Not Active, Not Active, Not Active
2026/09/03 21:07:01.386, 519 MiB, 50, 57.21 W, 2400 MHz, 13801 MHz, Not Active, Not Active, Not Active, Not Active, Not Active
2026/09/03 21:07:01.586, 519 MiB, 50, 45.94 W, 230 MHz, 810 MHz, Not Active, Not Active, Not Active, Not Active, Not Active
2026/09/03 21:07:01.787, 519 MiB, 50, 45.94 W, 230 MHz, 810 MHz, Not Active, Not Active, Not Active, Not Active, Not Active
2026/09/03 21:07:01.987, 519 MiB, 50, 45.94 W, 230 MHz, 810 MHz, Not Active, Not Active, Not Active, Not Active, Not Active
2026/09/03 21:07:02.187, 519 MiB, 49, 26.47 W, 50 MHz, 810 MHz, Not Active, Not Active, Not Active, Not Active, Not Active
2026/09/03 21:07:02.388, 519 MiB, 49, 26.47 W, 50 MHz, 810 MHz, Not Active, Not Active, Not Active, Not Active, Not Active
2026/09/03 21:07:02.588, 519 MiB, 49, 21.83 W, 44 MHz, 810 MHz, Not Active, Not Active, Not Active, Not Active, Not Active
2026/09/03 21:07:02.788, 519 MiB, 49, 21.83 W, 44 MHz, 810 MHz, Not Active, Not Active, Not Active, Not Active, Not Active
2026/09/03 21:07:02.988, 519 MiB, 49, 21.83 W, 44 MHz, 810 MHz, Not Active, Not Active, Not Active, Not Active, Not Active
2026/09/03 21:07:03.189, 519 MiB, 49, 21.83 W, 44 MHz, 810 MHz, Not Active, Not Active, Not Active, Not Active, Not Active
2026/09/03 21:07:03.389, 519 MiB, 49, 21.83 W, 44 MHz, 810 MHz, Not Active, Not Active, Not Active, Not Active, Not Active
2026/09/03 21:07:03.589, 519 MiB, 49, 13.63 W, 25 MHz, 405 MHz, Not Active, Not Active, Not Active, Not Active, Not Active
2026/09/03 21:07:03.789, 519 MiB, 49, 13.63 W, 25 MHz, 405 MHz, Not Active, Not Active, Not Active, Not Active, Not Active
2026/09/03 21:07:03.990, 519 MiB, 49, 13.63 W, 25 MHz, 405 MHz, Not Active, Not Active, Not Active, Not Active, Not Active
2026/09/03 21:07:04.190, 519 MiB, 49, 13.63 W, 25 MHz, 405 MHz, Not Active, Not Active, Not Active, Not Active, Not Active
2026/09/03 21:07:04.390, 519 MiB, 49, 13.63 W, 25 MHz, 405 MHz, Not Active, Not Active, Not Active, Not Active, Not Active
2026/09/03 21:07:04.590, 519 MiB, 49, 13.29 W, 22 MHz, 405 MHz, Not Active, Not Active, Not Active, Not Active, Not Active
2026/09/03 21:07:04.791, 519 MiB, 49, 13.29 W, 22 MHz, 405 MHz, Not Active, Not Active, Not Active, Not Active, Not Active
2026/09/03 21:07:04.991, 519 MiB, 49, 13.29 W, 22 MHz, 405 MHz, Not Active, Not Active, Not Active, Not Active, Not Active
2026/09/03 21:07:05.191, 519 MiB, 49, 13.29 W, 22 MHz, 405 MHz, Not Active, Not Active, Not Active, Not Active, Not Active
2026/09/03 21:07:05.391, 519 MiB, 49, 13.29 W, 22 MHz, 405 MHz, Not Active, Not Active, Not Active, Not Active, Not Active
2026/09/03 21:07:05.592, 519 MiB, 49, 12.60 W, 22 MHz, 405 MHz, Not Active, Not Active, Not Active, Not Active, Not Active
2026/09/03 21:07:05.792, 519 MiB, 49, 12.60 W, 22 MHz, 405 MHz, Not Active, Not Active, Not Active, Not Active, Not Active
2026/09/03 21:07:05.992, 519 MiB, 49, 12.60 W, 22 MHz, 405 MHz, Not Active, Not Active, Not Active, Not Active, Not Active
2026/09/03 21:07:06.192, 519 MiB, 49, 13.29 W, 22 MHz, 405 MHz, Not Active, Not Active, Not Active, Not Active, Not Active
2026/09/03 21:07:06.393, 519 MiB, 49, 13.29 W, 22 MHz, 405 MHz, Not Active, Not Active, Not Active, Not Active, Not Active
2026/09/03 21:07:06.593, 519 MiB, 49, 14.48 W, 22 MHz, 405 MHz, Not Active, Not Active, Not Active, Not Active, Not Active
2026/09/03 21:07:06.793, 519 MiB, 49, 14.48 W, 22 MHz, 405 MHz, Not Active, Not Active, Not Active, Not Active, Not Active
2026/09/03 21:07:06.993, 519 MiB, 49, 14.48 W, 22 MHz, 405 MHz, Not Active, Not Active, Not Active, Not Active, Not Active
2026/09/03 21:07:07.194, 519 MiB, 49, 14.48 W, 22 MHz, 405 MHz, Not Active, Not Active, Not Active, Not Active, Not Active
2026/09/03 21:07:07.394, 519 MiB, 49, 14.48 W, 22 MHz, 405 MHz, Not Active, Not Active, Not Active, Not Active, Not Active
2026/09/03 21:07:07.594, 519 MiB, 49, 12.90 W, 22 MHz, 405 MHz, Not Active, Not Active, Not Active, Not Active, Not Active
2026/09/03 21:07:07.794, 519 MiB, 49, 12.90 W, 22 MHz, 405 MHz, Not Active, Not Active, Not Active, Not Active, Not Active
2026/09/03 21:07:07.995, 519 MiB, 49, 12.90 W, 22 MHz, 405 MHz, Not Active, Not Active, Not Active, Not Active, Not Active
2026/09/03 21:07:08.195, 519 MiB, 49, 12.90 W, 22 MHz, 405 MHz, Not Active, Not Active, Not Active, Not Active, Not Active
2026/09/03 21:07:08.395, 519 MiB, 49, 12.90 W, 22 MHz, 405 MHz, Not Active, Not Active, Not Active, Not Active, Not Active
2026/09/03 21:07:08.595, 519 MiB, 49, 12.77 W, 22 MHz, 405 MHz, Not Active, Not Active, Not Active, Not Active, Not Active
2026/09/03 21:07:08.796, 519 MiB, 49, 12.77 W, 22 MHz, 405 MHz, Not Active, Not Active, Not Active, Not Active, Not Active
2026/09/03 21:07:08.996, 519 MiB, 49, 12.77 W, 22 MHz, 405 MHz, Not Active, Not Active, Not Active, Not Active, Not Active
2026/09/03 21:07:09.196, 519 MiB, 49, 12.77 W, 22 MHz, 405 MHz, Not Active, Not Active, Not Active, Not Active, Not Active
2026/09/03 21:07:09.397, 519 MiB, 49, 12.77 W, 22 MHz, 405 MHz, Not Active, Not Active, Not Active, Not Active, Not Active
2026/09/03 21:07:09.597, 519 MiB, 49, 12.67 W, 22 MHz, 405 MHz, Not Active, Not Active, Not Active, Not Active, Not Active
2026/09/03 21:07:09.797, 519 MiB, 49, 12.67 W, 22 MHz, 405 MHz, Not Active, Not Active, Not Active, Not Active, Not Active
2026/09/03 21:07:09.997, 519 MiB, 49, 12.67 W, 22 MHz, 405 MHz, Not Active, Not Active, Not Active, Not Active, Not Active
2026/09/03 21:07:10.198, 519 MiB, 49, 12.67 W, 22 MHz, 405 MHz, Not Active, Not Active, Not Active, Not Active, Not Active
2026/09/03 21:07:10.398, 519 MiB, 49, 12.67 W, 22 MHz, 405 MHz, Not Active, Not Active, Not Active, Not Active, Not Active
2026/09/03 21:07:10.598, 519 MiB, 49, 12.75 W, 22 MHz, 405 MHz, Not Active, Not Active, Not Active, Not Active, Not Active
2026/09/03 21:07:10.798, 519 MiB, 49, 12.75 W, 22 MHz, 405 MHz, Not Active, Not Active, Not Active, Not Active, Not Active
2026/09/03 21:07:10.999, 519 MiB, 49, 12.75 W, 22 MHz, 405 MHz, Not Active, Not Active, Not Active, Not Active, Not Active
2026/09/03 21:07:11.199, 519 MiB, 49, 12.75 W, 22 MHz, 405 MHz, Not Active, Not Active, Not Active, Not Active, Not Active
2026/09/03 21:07:11.399, 519 MiB, 49, 12.75 W, 22 MHz, 405 MHz, Not Active, Not Active, Not Active, Not Active, Not Active
2026/09/03 21:07:11.600, 519 MiB, 49, 12.75 W, 22 MHz, 405 MHz, Not Active, Not Active, Not Active, Not Active, Not Active
2026/09/03 21:07:11.800, 519 MiB, 49, 12.75 W, 22 MHz, 405 MHz, Not Active, Not Active, Not Active, Not Active, Not Active
2026/09/03 21:07:12.000, 519 MiB, 49, 12.75 W, 22 MHz, 405 MHz, Not Active, Not Active, Not Active, Not Active, Not Active
2026/09/03 21:07:12.200, 519 MiB, 49, 12.75 W, 22 MHz, 405 MHz, Not Active, Not Active, Not Active, Not Active, Not Active
2026/09/03 21:07:12.401, 519 MiB, 49, 12.75 W, 22 MHz, 405 MHz, Not Active, Not Active, Not Active, Not Active, Not Active
2026/09/03 21:07:12.601, 519 MiB, 49, 12.59 W, 22 MHz, 405 MHz, Not Active, Not Active, Not Active, Not Active, Not Active
2026/09/03 21:07:12.801, 519 MiB, 49, 12.59 W, 22 MHz, 405 MHz, Not Active, Not Active, Not Active, Not Active, Not Active
2026/09/03 21:07:13.001, 519 MiB, 49, 12.59 W, 22 MHz, 405 MHz, Not Active, Not Active, Not Active, Not Active, Not Active
2026/09/03 21:07:13.202, 519 MiB, 49, 13.17 W, 24 MHz, 405 MHz, Not Active, Not Active, Not Active, Not Active, Not Active
2026/09/03 21:07:13.402, 519 MiB, 49, 13.17 W, 24 MHz, 405 MHz, Not Active, Not Active, Not Active, Not Active, Not Active
2026/09/03 21:07:13.602, 519 MiB, 49, 14.76 W, 22 MHz, 405 MHz, Not Active, Not Active, Not Active, Not Active, Not Active
2026/09/03 21:07:13.802, 519 MiB, 49, 14.76 W, 22 MHz, 405 MHz, Not Active, Not Active, Not Active, Not Active, Not Active
2026/09/03 21:07:14.003, 519 MiB, 49, 14.76 W, 22 MHz, 405 MHz, Not Active, Not Active, Not Active, Not Active, Not Active
2026/09/03 21:07:14.203, 519 MiB, 49, 14.79 W, 22 MHz, 405 MHz, Not Active, Not Active, Not Active, Not Active, Not Active
2026/09/03 21:07:14.403, 519 MiB, 49, 14.79 W, 22 MHz, 405 MHz, Not Active, Not Active, Not Active, Not Active, Not Active
2026/09/03 21:07:14.606, 519 MiB, 49, 14.79 W, 22 MHz, 405 MHz, Not Active, Not Active, Not Active, Not Active, Not Active
2026/09/03 21:07:14.806, 519 MiB, 49, 14.79 W, 22 MHz, 405 MHz, Not Active, Not Active, Not Active, Not Active, Not Active
2026/09/03 21:07:15.007, 519 MiB, 49, 14.79 W, 22 MHz, 405 MHz, Not Active, Not Active, Not Active, Not Active, Not Active
2026/09/03 21:07:15.207, 519 MiB, 49, 12.58 W, 22 MHz, 405 MHz, Not Active, Not Active, Not Active, Not Active, Not Active
2026/09/03 21:07:15.407, 519 MiB, 49, 12.58 W, 22 MHz, 405 MHz, Not Active, Not Active, Not Active, Not Active, Not Active
2026/09/03 21:07:15.607, 519 MiB, 49, 12.58 W, 22 MHz, 405 MHz, Not Active, Not Active, Not Active, Not Active, Not Active
2026/09/03 21:07:15.808, 519 MiB, 49, 12.58 W, 22 MHz, 405 MHz, Not Active, Not Active, Not Active, Not Active, Not Active
2026/09/03 21:07:16.008, 519 MiB, 49, 12.58 W, 22 MHz, 405 MHz, Not Active, Not Active, Not Active, Not Active, Not Active
2026/09/03 21:07:16.208, 519 MiB, 49, 12.71 W, 22 MHz, 405 MHz, Not Active, Not Active, Not Active, Not Active, Not Active
2026/09/03 21:07:16.409, 519 MiB, 49, 12.71 W, 22 MHz, 405 MHz, Not Active, Not Active, Not Active, Not Active, Not Active
2026/09/03 21:07:16.609, 519 MiB, 49, 12.71 W, 22 MHz, 405 MHz, Not Active, Not Active, Not Active, Not Active, Not Active
2026/09/03 21:07:16.809, 519 MiB, 49, 12.71 W, 22 MHz, 405 MHz, Not Active, Not Active, Not Active, Not Active, Not Active
2026/09/03 21:07:17.009, 519 MiB, 49, 12.71 W, 22 MHz, 405 MHz, Not Active, Not Active, Not Active, Not Active, Not Active
2026/09/03 21:07:17.210, 519 MiB, 49, 12.55 W, 22 MHz, 405 MHz, Not Active, Not Active, Not Active, Not Active, Not Active
2026/09/03 21:07:17.410, 519 MiB, 49, 12.55 W, 22 MHz, 405 MHz, Not Active, Not Active, Not Active, Not Active, Not Active
2026/09/03 21:07:17.610, 519 MiB, 49, 12.55 W, 22 MHz, 405 MHz, Not Active, Not Active, Not Active, Not Active, Not Active
2026/09/03 21:07:17.810, 519 MiB, 49, 12.55 W, 22 MHz, 405 MHz, Not Active, Not Active, Not Active, Not Active, Not Active
2026/09/03 21:07:18.011, 519 MiB, 49, 12.55 W, 22 MHz, 405 MHz, Not Active, Not Active, Not Active, Not Active, Not Active
2026/09/03 21:07:18.211, 519 MiB, 49, 12.53 W, 22 MHz, 405 MHz, Not Active, Not Active, Not Active, Not Active, Not Active
2026/09/03 21:07:18.411, 519 MiB, 49, 12.53 W, 22 MHz, 405 MHz, Not Active, Not Active, Not Active, Not Active, Not Active
2026/09/03 21:07:18.611, 519 MiB, 49, 12.53 W, 22 MHz, 405 MHz, Not Active, Not Active, Not Active, Not Active, Not Active
2026/09/03 21:07:18.811, 519 MiB, 49, 12.53 W, 22 MHz, 405 MHz, Not Active, Not Active, Not Active, Not Active, Not Active
2026/09/03 21:07:19.012, 519 MiB, 49, 12.53 W, 22 MHz, 405 MHz, Not Active, Not Active, Not Active, Not Active, Not Active
2026/09/03 21:07:19.212, 519 MiB, 49, 12.26 W, 22 MHz, 405 MHz, Not Active, Not Active, Not Active, Not Active, Not Active
2026/09/03 21:07:19.412, 519 MiB, 49, 12.26 W, 22 MHz, 405 MHz, Not Active, Not Active, Not Active, Not Active, Not Active
2026/09/03 21:07:19.612, 519 MiB, 49, 12.26 W, 22 MHz, 405 MHz, Not Active, Not Active, Not Active, Not Active, Not Active
2026/09/03 21:07:19.813, 519 MiB, 49, 12.26 W, 22 MHz, 405 MHz, Not Active, Not Active, Not Active, Not Active, Not Active
2026/09/03 21:07:20.013, 519 MiB, 49, 12.26 W, 22 MHz, 405 MHz, Not Active, Not Active, Not Active, Not Active, Not Active
2026/09/03 21:07:20.213, 519 MiB, 49, 12.62 W, 22 MHz, 405 MHz, Not Active, Not Active, Not Active, Not Active, Not Active
2026/09/03 21:07:20.414, 519 MiB, 49, 12.62 W, 22 MHz, 405 MHz, Not Active, Not Active, Not Active, Not Active, Not Active
2026/09/03 21:07:20.614, 519 MiB, 49, 13.11 W, 22 MHz, 405 MHz, Not Active, Not Active, Not Active, Not Active, Not Active
2026/09/03 21:07:20.814, 519 MiB, 49, 13.11 W, 22 MHz, 405 MHz, Not Active, Not Active, Not Active, Not Active, Not Active
2026/09/03 21:07:21.014, 519 MiB, 49, 13.11 W, 22 MHz, 405 MHz, Not Active, Not Active, Not Active, Not Active, Not Active
2026/09/03 21:07:21.215, 519 MiB, 49, 14.08 W, 22 MHz, 405 MHz, Not Active, Not Active, Not Active, Not Active, Not Active
2026/09/03 21:07:21.415, 519 MiB, 49, 14.08 W, 22 MHz, 405 MHz, Not Active, Not Active, Not Active, Not Active, Not Active
2026/09/03 21:07:21.615, 519 MiB, 49, 14.08 W, 22 MHz, 405 MHz, Not Active, Not Active, Not Active, Not Active, Not Active
2026/09/03 21:07:21.815, 519 MiB, 49, 14.08 W, 22 MHz, 405 MHz, Not Active, Not Active, Not Active, Not Active, Not Active
2026/09/03 21:07:22.016, 519 MiB, 49, 14.08 W, 22 MHz, 405 MHz, Not Active, Not Active, Not Active, Not Active, Not Active
2026/09/03 21:07:22.216, 519 MiB, 49, 12.63 W, 22 MHz, 405 MHz, Not Active, Not Active, Not Active, Not Active, Not Active
2026/09/03 21:07:22.416, 519 MiB, 49, 12.63 W, 22 MHz, 405 MHz, Not Active, Not Active, Not Active, Not Active, Not Active
2026/09/03 21:07:22.616, 519 MiB, 49, 12.63 W, 22 MHz, 405 MHz, Not Active, Not Active, Not Active, Not Active, Not Active
2026/09/03 21:07:22.816, 519 MiB, 49, 12.63 W, 22 MHz, 405 MHz, Not Active, Not Active, Not Active, Not Active, Not Active
2026/09/03 21:07:23.017, 519 MiB, 49, 12.63 W, 22 MHz, 405 MHz, Not Active, Not Active, Not Active, Not Active, Not Active
2026/09/03 21:07:23.217, 519 MiB, 49, 12.51 W, 22 MHz, 405 MHz, Not Active, Not Active, Not Active, Not Active, Not Active
2026/09/03 21:07:23.417, 519 MiB, 49, 12.51 W, 22 MHz, 405 MHz, Not Active, Not Active, Not Active, Not Active, Not Active
2026/09/03 21:07:23.617, 519 MiB, 49, 12.51 W, 22 MHz, 405 MHz, Not Active, Not Active, Not Active, Not Active, Not Active
2026/09/03 21:07:23.818, 519 MiB, 49, 12.51 W, 22 MHz, 405 MHz, Not Active, Not Active, Not Active, Not Active, Not Active
2026/09/03 21:07:24.018, 519 MiB, 49, 12.51 W, 22 MHz, 405 MHz, Not Active, Not Active, Not Active, Not Active, Not Active
2026/09/03 21:07:24.218, 519 MiB, 49, 12.43 W, 22 MHz, 405 MHz, Not Active, Not Active, Not Active, Not Active, Not Active
2026/09/03 21:07:24.419, 519 MiB, 49, 12.43 W, 22 MHz, 405 MHz, Not Active, Not Active, Not Active, Not Active, Not Active
2026/09/03 21:07:24.619, 519 MiB, 49, 12.43 W, 22 MHz, 405 MHz, Not Active, Not Active, Not Active, Not Active, Not Active
2026/09/03 21:07:24.819, 519 MiB, 49, 12.43 W, 22 MHz, 405 MHz, Not Active, Not Active, Not Active, Not Active, Not Active
2026/09/03 21:07:25.019, 519 MiB, 49, 12.43 W, 22 MHz, 405 MHz, Not Active, Not Active, Not Active, Not Active, Not Active
2026/09/03 21:07:25.220, 519 MiB, 49, 12.40 W, 22 MHz, 405 MHz, Not Active, Not Active, Not Active, Not Active, Not Active
2026/09/03 21:07:25.420, 519 MiB, 49, 12.40 W, 22 MHz, 405 MHz, Not Active, Not Active, Not Active, Not Active, Not Active
2026/09/03 21:07:25.620, 519 MiB, 49, 12.40 W, 22 MHz, 405 MHz, Not Active, Not Active, Not Active, Not Active, Not Active
2026/09/03 21:07:25.820, 519 MiB, 49, 12.40 W, 22 MHz, 405 MHz, Not Active, Not Active, Not Active, Not Active, Not Active
2026/09/03 21:07:26.021, 519 MiB, 49, 12.40 W, 22 MHz, 405 MHz, Not Active, Not Active, Not Active, Not Active, Not Active
2026/09/03 21:07:26.221, 519 MiB, 48, 12.28 W, 21 MHz, 405 MHz, Not Active, Not Active, Not Active, Not Active, Not Active
2026/09/03 21:07:26.421, 519 MiB, 48, 12.28 W, 21 MHz, 405 MHz, Not Active, Not Active, Not Active, Not Active, Not Active
2026/09/03 21:07:26.621, 519 MiB, 48, 12.28 W, 21 MHz, 405 MHz, Not Active, Not Active, Not Active, Not Active, Not Active
2026/09/03 21:07:26.821, 519 MiB, 48, 12.28 W, 21 MHz, 405 MHz, Not Active, Not Active, Not Active, Not Active, Not Active
2026/09/03 21:07:27.022, 519 MiB, 48, 12.28 W, 21 MHz, 405 MHz, Not Active, Not Active, Not Active, Not Active, Not Active
2026/09/03 21:07:27.222, 519 MiB, 48, 12.45 W, 22 MHz, 405 MHz, Not Active, Not Active, Not Active, Not Active, Not Active
2026/09/03 21:07:27.422, 519 MiB, 48, 12.45 W, 22 MHz, 405 MHz, Not Active, Not Active, Not Active, Not Active, Not Active
2026/09/03 21:07:27.622, 519 MiB, 48, 13.02 W, 22 MHz, 405 MHz, Not Active, Not Active, Not Active, Not Active, Not Active
2026/09/03 21:07:27.823, 519 MiB, 48, 13.02 W, 22 MHz, 405 MHz, Not Active, Not Active, Not Active, Not Active, Not Active
2026/09/03 21:07:28.023, 519 MiB, 48, 13.02 W, 22 MHz, 405 MHz, Not Active, Not Active, Not Active, Not Active, Not Active
2026/09/03 21:07:28.223, 519 MiB, 48, 14.12 W, 22 MHz, 405 MHz, Not Active, Not Active, Not Active, Not Active, Not Active
2026/09/03 21:07:28.424, 519 MiB, 48, 14.12 W, 22 MHz, 405 MHz, Not Active, Not Active, Not Active, Not Active, Not Active
2026/09/03 21:07:28.624, 519 MiB, 48, 14.12 W, 22 MHz, 405 MHz, Not Active, Not Active, Not Active, Not Active, Not Active
2026/09/03 21:07:28.824, 519 MiB, 48, 14.12 W, 22 MHz, 405 MHz, Not Active, Not Active, Not Active, Not Active, Not Active
2026/09/03 21:07:29.024, 519 MiB, 48, 14.12 W, 22 MHz, 405 MHz, Not Active, Not Active, Not Active, Not Active, Not Active
2026/09/03 21:07:29.225, 519 MiB, 48, 12.37 W, 22 MHz, 405 MHz, Not Active, Not Active, Not Active, Not Active, Not Active
2026/09/03 21:07:29.425, 519 MiB, 48, 12.37 W, 22 MHz, 405 MHz, Not Active, Not Active, Not Active, Not Active, Not Active
2026/09/03 21:07:29.625, 519 MiB, 48, 12.37 W, 22 MHz, 405 MHz, Not Active, Not Active, Not Active, Not Active, Not Active
2026/09/03 21:07:29.826, 519 MiB, 48, 12.37 W, 22 MHz, 405 MHz, Not Active, Not Active, Not Active, Not Active, Not Active
2026/09/03 21:07:30.026, 519 MiB, 48, 12.37 W, 22 MHz, 405 MHz, Not Active, Not Active, Not Active, Not Active, Not Active
2026/09/03 21:07:30.226, 519 MiB, 48, 12.58 W, 22 MHz, 405 MHz, Not Active, Not Active, Not Active, Not Active, Not Active
2026/09/03 21:07:30.426, 519 MiB, 48, 12.58 W, 22 MHz, 405 MHz, Not Active, Not Active, Not Active, Not Active, Not Active
2026/09/03 21:07:30.627, 519 MiB, 48, 12.58 W, 22 MHz, 405 MHz, Not Active, Not Active, Not Active, Not Active, Not Active
2026/09/03 21:07:30.827, 519 MiB, 48, 12.58 W, 22 MHz, 405 MHz, Not Active, Not Active, Not Active, Not Active, Not Active
2026/09/03 21:07:31.027, 519 MiB, 48, 12.58 W, 22 MHz, 405 MHz, Not Active, Not Active, Not Active, Not Active, Not Active
2026/09/03 21:07:31.227, 519 MiB, 48, 12.53 W, 22 MHz, 405 MHz, Not Active, Not Active, Not Active, Not Active, Not Active
2026/09/03 21:07:31.428, 519 MiB, 48, 12.53 W, 22 MHz, 405 MHz, Not Active, Not Active, Not Active, Not Active, Not Active
2026/09/03 21:07:31.628, 519 MiB, 48, 12.53 W, 22 MHz, 405 MHz, Not Active, Not Active, Not Active, Not Active, Not Active
2026/09/03 21:07:31.828, 519 MiB, 48, 12.53 W, 22 MHz, 405 MHz, Not Active, Not Active, Not Active, Not Active, Not Active
2026/09/03 21:07:32.028, 519 MiB, 48, 12.53 W, 22 MHz, 405 MHz, Not Active, Not Active, Not Active, Not Active, Not Active
2026/09/03 21:07:32.228, 519 MiB, 48, 12.75 W, 22 MHz, 405 MHz, Not Active, Not Active, Not Active, Not Active, Not Active
2026/09/03 21:07:32.429, 519 MiB, 48, 12.75 W, 22 MHz, 405 MHz, Not Active, Not Active, Not Active, Not Active, Not Active
2026/09/03 21:07:32.629, 519 MiB, 48, 12.75 W, 22 MHz, 405 MHz, Not Active, Not Active, Not Active, Not Active, Not Active
2026/09/03 21:07:32.829, 519 MiB, 48, 12.75 W, 22 MHz, 405 MHz, Not Active, Not Active, Not Active, Not Active, Not Active
2026/09/03 21:07:33.030, 519 MiB, 48, 12.75 W, 22 MHz, 405 MHz, Not Active, Not Active, Not Active, Not Active, Not Active
2026/09/03 21:07:33.230, 519 MiB, 48, 12.77 W, 22 MHz, 405 MHz, Not Active, Not Active, Not Active, Not Active, Not Active
2026/09/03 21:07:33.430, 519 MiB, 48, 12.77 W, 22 MHz, 405 MHz, Not Active, Not Active, Not Active, Not Active, Not Active
2026/09/03 21:07:33.630, 519 MiB, 48, 12.77 W, 22 MHz, 405 MHz, Not Active, Not Active, Not Active, Not Active, Not Active
2026/09/03 21:07:33.831, 519 MiB, 48, 12.77 W, 22 MHz, 405 MHz, Not Active, Not Active, Not Active, Not Active, Not Active
2026/09/03 21:07:34.031, 519 MiB, 48, 12.77 W, 22 MHz, 405 MHz, Not Active, Not Active, Not Active, Not Active, Not Active
2026/09/03 21:07:34.231, 519 MiB, 48, 12.82 W, 22 MHz, 405 MHz, Not Active, Not Active, Not Active, Not Active, Not Active
2026/09/03 21:07:34.431, 519 MiB, 48, 12.82 W, 22 MHz, 405 MHz, Not Active, Not Active, Not Active, Not Active, Not Active
2026/09/03 21:07:34.631, 519 MiB, 48, 13.45 W, 24 MHz, 405 MHz, Not Active, Not Active, Not Active, Not Active, Not Active
2026/09/03 21:07:34.832, 519 MiB, 48, 13.45 W, 24 MHz, 405 MHz, Not Active, Not Active, Not Active, Not Active, Not Active
2026/09/03 21:07:35.032, 519 MiB, 48, 13.45 W, 24 MHz, 405 MHz, Not Active, Not Active, Not Active, Not Active, Not Active
2026/09/03 21:07:35.232, 519 MiB, 48, 14.73 W, 22 MHz, 405 MHz, Not Active, Not Active, Not Active, Not Active, Not Active
2026/09/03 21:07:35.432, 519 MiB, 48, 14.73 W, 22 MHz, 405 MHz, Not Active, Not Active, Not Active, Not Active, Not Active
2026/09/03 21:07:35.633, 519 MiB, 48, 14.74 W, 22 MHz, 405 MHz, Not Active, Not Active, Not Active, Not Active, Not Active
2026/09/03 21:07:35.833, 519 MiB, 48, 14.74 W, 22 MHz, 405 MHz, Not Active, Not Active, Not Active, Not Active, Not Active
2026/09/03 21:07:36.033, 519 MiB, 48, 14.74 W, 22 MHz, 405 MHz, Not Active, Not Active, Not Active, Not Active, Not Active
2026/09/03 21:07:36.233, 519 MiB, 48, 14.74 W, 22 MHz, 405 MHz, Not Active, Not Active, Not Active, Not Active, Not Active
2026/09/03 21:07:36.434, 519 MiB, 48, 14.74 W, 22 MHz, 405 MHz, Not Active, Not Active, Not Active, Not Active, Not Active
2026/09/03 21:07:36.634, 519 MiB, 48, 12.82 W, 22 MHz, 405 MHz, Not Active, Not Active, Not Active, Not Active, Not Active
2026/09/03 21:07:36.834, 519 MiB, 48, 12.82 W, 22 MHz, 405 MHz, Not Active, Not Active, Not Active, Not Active, Not Active
2026/09/03 21:07:37.034, 519 MiB, 48, 12.82 W, 22 MHz, 405 MHz, Not Active, Not Active, Not Active, Not Active, Not Active
2026/09/03 21:07:37.235, 519 MiB, 48, 12.82 W, 22 MHz, 405 MHz, Not Active, Not Active, Not Active, Not Active, Not Active
2026/09/03 21:07:37.435, 519 MiB, 48, 12.82 W, 22 MHz, 405 MHz, Not Active, Not Active, Not Active, Not Active, Not Active
2026/09/03 21:07:37.635, 519 MiB, 48, 12.84 W, 22 MHz, 405 MHz, Not Active, Not Active, Not Active, Not Active, Not Active
2026/09/03 21:07:37.835, 519 MiB, 48, 12.84 W, 22 MHz, 405 MHz, Not Active, Not Active, Not Active, Not Active, Not Active
2026/09/03 21:07:38.036, 519 MiB, 48, 12.84 W, 22 MHz, 405 MHz, Not Active, Not Active, Not Active, Not Active, Not Active
2026/09/03 21:07:38.236, 519 MiB, 48, 12.84 W, 22 MHz, 405 MHz, Not Active, Not Active, Not Active, Not Active, Not Active
2026/09/03 21:07:38.436, 519 MiB, 48, 12.84 W, 22 MHz, 405 MHz, Not Active, Not Active, Not Active, Not Active, Not Active
2026/09/03 21:07:38.636, 519 MiB, 48, 12.75 W, 22 MHz, 405 MHz, Not Active, Not Active, Not Active, Not Active, Not Active
2026/09/03 21:07:38.837, 519 MiB, 48, 12.75 W, 22 MHz, 405 MHz, Not Active, Not Active, Not Active, Not Active, Not Active
2026/09/03 21:07:39.037, 519 MiB, 48, 12.75 W, 22 MHz, 405 MHz, Not Active, Not Active, Not Active, Not Active, Not Active
2026/09/03 21:07:39.237, 519 MiB, 48, 12.75 W, 22 MHz, 405 MHz, Not Active, Not Active, Not Active, Not Active, Not Active
2026/09/03 21:07:39.437, 519 MiB, 48, 12.75 W, 22 MHz, 405 MHz, Not Active, Not Active, Not Active, Not Active, Not Active
2026/09/03 21:07:39.638, 519 MiB, 48, 12.73 W, 22 MHz, 405 MHz, Not Active, Not Active, Not Active, Not Active, Not Active
2026/09/03 21:07:39.838, 519 MiB, 48, 12.73 W, 22 MHz, 405 MHz, Not Active, Not Active, Not Active, Not Active, Not Active
2026/09/03 21:07:40.038, 519 MiB, 48, 12.73 W, 22 MHz, 405 MHz, Not Active, Not Active, Not Active, Not Active, Not Active
2026/09/03 21:07:40.238, 519 MiB, 48, 12.73 W, 22 MHz, 405 MHz, Not Active, Not Active, Not Active, Not Active, Not Active
2026/09/03 21:07:40.439, 519 MiB, 48, 12.73 W, 22 MHz, 405 MHz, Not Active, Not Active, Not Active, Not Active, Not Active
2026/09/03 21:07:40.639, 519 MiB, 48, 13.01 W, 22 MHz, 405 MHz, Not Active, Not Active, Not Active, Not Active, Not Active
2026/09/03 21:07:40.839, 519 MiB, 48, 13.01 W, 22 MHz, 405 MHz, Not Active, Not Active, Not Active, Not Active, Not Active
2026/09/03 21:07:41.039, 519 MiB, 48, 13.01 W, 22 MHz, 405 MHz, Not Active, Not Active, Not Active, Not Active, Not Active
2026/09/03 21:07:41.240, 519 MiB, 48, 13.01 W, 22 MHz, 405 MHz, Not Active, Not Active, Not Active, Not Active, Not Active
2026/09/03 21:07:41.440, 519 MiB, 48, 13.01 W, 22 MHz, 405 MHz, Not Active, Not Active, Not Active, Not Active, Not Active
2026/09/03 21:07:41.640, 519 MiB, 48, 13.29 W, 24 MHz, 405 MHz, Not Active, Not Active, Not Active, Not Active, Not Active
2026/09/03 21:07:41.840, 519 MiB, 48, 13.29 W, 24 MHz, 405 MHz, Not Active, Not Active, Not Active, Not Active, Not Active
2026/09/03 21:07:42.041, 519 MiB, 48, 13.29 W, 24 MHz, 405 MHz, Not Active, Not Active, Not Active, Not Active, Not Active
2026/09/03 21:07:42.241, 519 MiB, 48, 13.80 W, 22 MHz, 405 MHz, Not Active, Not Active, Not Active, Not Active, Not Active
2026/09/03 21:07:42.441, 519 MiB, 48, 13.80 W, 22 MHz, 405 MHz, Not Active, Not Active, Not Active, Not Active, Not Active
2026/09/03 21:07:42.641, 519 MiB, 48, 14.81 W, 22 MHz, 405 MHz, Not Active, Not Active, Not Active, Not Active, Not Active
2026/09/03 21:07:42.842, 519 MiB, 48, 14.81 W, 22 MHz, 405 MHz, Not Active, Not Active, Not Active, Not Active, Not Active
2026/09/03 21:07:43.042, 519 MiB, 48, 14.81 W, 22 MHz, 405 MHz, Not Active, Not Active, Not Active, Not Active, Not Active
2026/09/03 21:07:43.242, 519 MiB, 48, 14.81 W, 22 MHz, 405 MHz, Not Active, Not Active, Not Active, Not Active, Not Active
2026/09/03 21:07:43.442, 519 MiB, 48, 14.81 W, 22 MHz, 405 MHz, Not Active, Not Active, Not Active, Not Active, Not Active
2026/09/03 21:07:43.642, 519 MiB, 48, 12.58 W, 22 MHz, 405 MHz, Not Active, Not Active, Not Active, Not Active, Not Active
2026/09/03 21:07:43.843, 519 MiB, 48, 12.58 W, 22 MHz, 405 MHz, Not Active, Not Active, Not Active, Not Active, Not Active
2026/09/03 21:07:44.043, 519 MiB, 48, 12.58 W, 22 MHz, 405 MHz, Not Active, Not Active, Not Active, Not Active, Not Active
2026/09/03 21:07:44.243, 519 MiB, 48, 12.58 W, 22 MHz, 405 MHz, Not Active, Not Active, Not Active, Not Active, Not Active
2026/09/03 21:07:44.443, 519 MiB, 48, 12.58 W, 22 MHz, 405 MHz, Not Active, Not Active, Not Active, Not Active, Not Active
2026/09/03 21:07:44.644, 519 MiB, 48, 12.52 W, 22 MHz, 405 MHz, Not Active, Not Active, Not Active, Not Active, Not Active
2026/09/03 21:07:44.844, 519 MiB, 48, 12.52 W, 22 MHz, 405 MHz, Not Active, Not Active, Not Active, Not Active, Not Active
2026/09/03 21:07:45.044, 519 MiB, 48, 12.52 W, 22 MHz, 405 MHz, Not Active, Not Active, Not Active, Not Active, Not Active
2026/09/03 21:07:45.244, 519 MiB, 48, 12.52 W, 22 MHz, 405 MHz, Not Active, Not Active, Not Active, Not Active, Not Active
2026/09/03 21:07:45.445, 519 MiB, 48, 12.52 W, 22 MHz, 405 MHz, Not Active, Not Active, Not Active, Not Active, Not Active
2026/09/03 21:07:45.645, 519 MiB, 48, 12.55 W, 22 MHz, 405 MHz, Not Active, Not Active, Not Active, Not Active, Not Active
2026/09/03 21:07:45.845, 519 MiB, 48, 12.55 W, 22 MHz, 405 MHz, Not Active, Not Active, Not Active, Not Active, Not Active
2026/09/03 21:07:46.045, 519 MiB, 48, 12.55 W, 22 MHz, 405 MHz, Not Active, Not Active, Not Active, Not Active, Not Active
2026/09/03 21:07:46.245, 519 MiB, 48, 12.55 W, 22 MHz, 405 MHz, Not Active, Not Active, Not Active, Not Active, Not Active
2026/09/03 21:07:46.446, 519 MiB, 48, 12.55 W, 22 MHz, 405 MHz, Not Active, Not Active, Not Active, Not Active, Not Active
2026/09/03 21:07:46.646, 519 MiB, 48, 12.70 W, 22 MHz, 405 MHz, Not Active, Not Active, Not Active, Not Active, Not Active
2026/09/03 21:07:46.846, 519 MiB, 48, 12.70 W, 22 MHz, 405 MHz, Not Active, Not Active, Not Active, Not Active, Not Active
2026/09/03 21:07:47.047, 519 MiB, 48, 12.70 W, 22 MHz, 405 MHz, Not Active, Not Active, Not Active, Not Active, Not Active
2026/09/03 21:07:47.247, 519 MiB, 48, 12.70 W, 22 MHz, 405 MHz, Not Active, Not Active, Not Active, Not Active, Not Active
2026/09/03 21:07:47.447, 519 MiB, 48, 12.70 W, 22 MHz, 405 MHz, Not Active, Not Active, Not Active, Not Active, Not Active
2026/09/03 21:07:47.647, 519 MiB, 48, 12.79 W, 22 MHz, 405 MHz, Not Active, Not Active, Not Active, Not Active, Not Active
2026/09/03 21:07:47.848, 519 MiB, 48, 12.79 W, 22 MHz, 405 MHz, Not Active, Not Active, Not Active, Not Active, Not Active
2026/09/03 21:07:48.048, 519 MiB, 48, 12.79 W, 22 MHz, 405 MHz, Not Active, Not Active, Not Active, Not Active, Not Active
2026/09/03 21:07:48.248, 519 MiB, 48, 12.79 W, 22 MHz, 405 MHz, Not Active, Not Active, Not Active, Not Active, Not Active
2026/09/03 21:07:48.448, 519 MiB, 48, 12.79 W, 22 MHz, 405 MHz, Not Active, Not Active, Not Active, Not Active, Not Active
2026/09/03 21:07:48.649, 519 MiB, 48, 12.89 W, 24 MHz, 405 MHz, Not Active, Not Active, Not Active, Not Active, Not Active
2026/09/03 21:07:48.849, 519 MiB, 48, 12.89 W, 24 MHz, 405 MHz, Not Active, Not Active, Not Active, Not Active, Not Active
2026/09/03 21:07:49.049, 519 MiB, 48, 12.89 W, 24 MHz, 405 MHz, Not Active, Not Active, Not Active, Not Active, Not Active
2026/09/03 21:07:49.249, 519 MiB, 48, 13.43 W, 22 MHz, 405 MHz, Not Active, Not Active, Not Active, Not Active, Not Active
2026/09/03 21:07:49.450, 519 MiB, 48, 13.43 W, 22 MHz, 405 MHz, Not Active, Not Active, Not Active, Not Active, Not Active
2026/09/03 21:07:49.650, 519 MiB, 48, 14.59 W, 22 MHz, 405 MHz, Not Active, Not Active, Not Active, Not Active, Not Active
2026/09/03 21:07:49.850, 519 MiB, 48, 14.59 W, 22 MHz, 405 MHz, Not Active, Not Active, Not Active, Not Active, Not Active
2026/09/03 21:07:50.050, 519 MiB, 48, 14.59 W, 22 MHz, 405 MHz, Not Active, Not Active, Not Active, Not Active, Not Active
2026/09/03 21:07:50.251, 519 MiB, 48, 14.59 W, 22 MHz, 405 MHz, Not Active, Not Active, Not Active, Not Active, Not Active
2026/09/03 21:07:50.451, 519 MiB, 48, 14.59 W, 22 MHz, 405 MHz, Not Active, Not Active, Not Active, Not Active, Not Active
2026/09/03 21:07:50.651, 519 MiB, 48, 12.76 W, 22 MHz, 405 MHz, Not Active, Not Active, Not Active, Not Active, Not Active
2026/09/03 21:07:50.852, 519 MiB, 48, 12.76 W, 22 MHz, 405 MHz, Not Active, Not Active, Not Active, Not Active, Not Active
2026/09/03 21:07:51.052, 519 MiB, 48, 12.76 W, 22 MHz, 405 MHz, Not Active, Not Active, Not Active, Not Active, Not Active
2026/09/03 21:07:51.252, 519 MiB, 48, 12.76 W, 22 MHz, 405 MHz, Not Active, Not Active, Not Active, Not Active, Not Active
2026/09/03 21:07:51.452, 519 MiB, 48, 12.76 W, 22 MHz, 405 MHz, Not Active, Not Active, Not Active, Not Active, Not Active
2026/09/03 21:07:51.653, 519 MiB, 48, 12.66 W, 22 MHz, 405 MHz, Not Active, Not Active, Not Active, Not Active, Not Active
2026/09/03 21:07:51.853, 519 MiB, 48, 12.66 W, 22 MHz, 405 MHz, Not Active, Not Active, Not Active, Not Active, Not Active
2026/09/03 21:07:52.053, 519 MiB, 48, 12.66 W, 22 MHz, 405 MHz, Not Active, Not Active, Not Active, Not Active, Not Active
2026/09/03 21:07:52.253, 519 MiB, 48, 12.66 W, 22 MHz, 405 MHz, Not Active, Not Active, Not Active, Not Active, Not Active
2026/09/03 21:07:52.454, 519 MiB, 48, 12.66 W, 22 MHz, 405 MHz, Not Active, Not Active, Not Active, Not Active, Not Active
2026/09/03 21:07:52.654, 519 MiB, 48, 12.57 W, 22 MHz, 405 MHz, Not Active, Not Active, Not Active, Not Active, Not Active
2026/09/03 21:07:52.854, 519 MiB, 48, 12.57 W, 22 MHz, 405 MHz, Not Active, Not Active, Not Active, Not Active, Not Active
2026/09/03 21:07:53.055, 519 MiB, 48, 12.57 W, 22 MHz, 405 MHz, Not Active, Not Active, Not Active, Not Active, Not Active
2026/09/03 21:07:53.255, 519 MiB, 48, 12.57 W, 22 MHz, 405 MHz, Not Active, Not Active, Not Active, Not Active, Not Active
2026/09/03 21:07:53.455, 519 MiB, 48, 12.57 W, 22 MHz, 405 MHz, Not Active, Not Active, Not Active, Not Active, Not Active
2026/09/03 21:07:53.655, 519 MiB, 48, 12.64 W, 22 MHz, 405 MHz, Not Active, Not Active, Not Active, Not Active, Not Active
2026/09/03 21:07:53.856, 519 MiB, 48, 12.64 W, 22 MHz, 405 MHz, Not Active, Not Active, Not Active, Not Active, Not Active
2026/09/03 21:07:54.056, 519 MiB, 48, 12.64 W, 22 MHz, 405 MHz, Not Active, Not Active, Not Active, Not Active, Not Active
2026/09/03 21:07:54.256, 519 MiB, 48, 12.64 W, 22 MHz, 405 MHz, Not Active, Not Active, Not Active, Not Active, Not Active
2026/09/03 21:07:54.457, 519 MiB, 48, 12.64 W, 22 MHz, 405 MHz, Not Active, Not Active, Not Active, Not Active, Not Active
2026/09/03 21:07:54.657, 519 MiB, 48, 12.70 W, 22 MHz, 405 MHz, Not Active, Not Active, Not Active, Not Active, Not Active
2026/09/03 21:07:54.857, 519 MiB, 48, 12.70 W, 22 MHz, 405 MHz, Not Active, Not Active, Not Active, Not Active, Not Active
2026/09/03 21:07:55.057, 519 MiB, 48, 12.70 W, 22 MHz, 405 MHz, Not Active, Not Active, Not Active, Not Active, Not Active
2026/09/03 21:07:55.258, 519 MiB, 48, 12.70 W, 22 MHz, 405 MHz, Not Active, Not Active, Not Active, Not Active, Not Active
2026/09/03 21:07:55.458, 519 MiB, 48, 12.70 W, 22 MHz, 405 MHz, Not Active, Not Active, Not Active, Not Active, Not Active
2026/09/03 21:07:55.658, 519 MiB, 48, 12.64 W, 22 MHz, 405 MHz, Not Active, Not Active, Not Active, Not Active, Not Active
2026/09/03 21:07:55.858, 519 MiB, 48, 12.64 W, 22 MHz, 405 MHz, Not Active, Not Active, Not Active, Not Active, Not Active
2026/09/03 21:07:56.059, 519 MiB, 48, 12.64 W, 22 MHz, 405 MHz, Not Active, Not Active, Not Active, Not Active, Not Active
2026/09/03 21:07:56.259, 519 MiB, 48, 13.09 W, 22 MHz, 405 MHz, Not Active, Not Active, Not Active, Not Active, Not Active
2026/09/03 21:07:56.459, 519 MiB, 48, 13.09 W, 22 MHz, 405 MHz, Not Active, Not Active, Not Active, Not Active, Not Active
2026/09/03 21:07:56.660, 519 MiB, 48, 14.29 W, 22 MHz, 405 MHz, Not Active, Not Active, Not Active, Not Active, Not Active
2026/09/03 21:07:56.860, 519 MiB, 48, 14.29 W, 22 MHz, 405 MHz, Not Active, Not Active, Not Active, Not Active, Not Active
2026/09/03 21:07:57.060, 519 MiB, 48, 14.29 W, 22 MHz, 405 MHz, Not Active, Not Active, Not Active, Not Active, Not Active
2026/09/03 21:07:57.261, 519 MiB, 48, 14.32 W, 22 MHz, 405 MHz, Not Active, Not Active, Not Active, Not Active, Not Active
2026/09/03 21:07:57.461, 519 MiB, 48, 14.32 W, 22 MHz, 405 MHz, Not Active, Not Active, Not Active, Not Active, Not Active
2026/09/03 21:07:57.661, 519 MiB, 48, 14.32 W, 22 MHz, 405 MHz, Not Active, Not Active, Not Active, Not Active, Not Active
2026/09/03 21:07:57.861, 519 MiB, 48, 14.32 W, 22 MHz, 405 MHz, Not Active, Not Active, Not Active, Not Active, Not Active
2026/09/03 21:07:58.062, 519 MiB, 48, 14.32 W, 22 MHz, 405 MHz, Not Active, Not Active, Not Active, Not Active, Not Active
2026/09/03 21:07:58.262, 519 MiB, 48, 12.57 W, 22 MHz, 405 MHz, Not Active, Not Active, Not Active, Not Active, Not Active
2026/09/03 21:07:58.462, 519 MiB, 48, 12.57 W, 22 MHz, 405 MHz, Not Active, Not Active, Not Active, Not Active, Not Active
2026/09/03 21:07:58.663, 519 MiB, 48, 12.57 W, 22 MHz, 405 MHz, Not Active, Not Active, Not Active, Not Active, Not Active
2026/09/03 21:07:58.863, 519 MiB, 48, 12.57 W, 22 MHz, 405 MHz, Not Active, Not Active, Not Active, Not Active, Not Active
2026/09/03 21:07:59.063, 519 MiB, 48, 12.57 W, 22 MHz, 405 MHz, Not Active, Not Active, Not Active, Not Active, Not Active
2026/09/03 21:07:59.263, 519 MiB, 48, 12.58 W, 22 MHz, 405 MHz, Not Active, Not Active, Not Active, Not Active, Not Active
2026/09/03 21:07:59.464, 519 MiB, 48, 12.58 W, 22 MHz, 405 MHz, Not Active, Not Active, Not Active, Not Active, Not Active
2026/09/03 21:07:59.664, 519 MiB, 48, 12.58 W, 22 MHz, 405 MHz, Not Active, Not Active, Not Active, Not Active, Not Active
2026/09/03 21:07:59.864, 519 MiB, 48, 12.58 W, 22 MHz, 405 MHz, Not Active, Not Active, Not Active, Not Active, Not Active
2026/09/03 21:08:00.065, 519 MiB, 48, 12.58 W, 22 MHz, 405 MHz, Not Active, Not Active, Not Active, Not Active, Not Active
2026/09/03 21:08:00.265, 519 MiB, 48, 12.62 W, 22 MHz, 405 MHz, Not Active, Not Active, Not Active, Not Active, Not Active
2026/09/03 21:08:00.466, 519 MiB, 48, 12.62 W, 22 MHz, 405 MHz, Not Active, Not Active, Not Active, Not Active, Not Active
2026/09/03 21:08:00.666, 519 MiB, 48, 12.62 W, 22 MHz, 405 MHz, Not Active, Not Active, Not Active, Not Active, Not Active
2026/09/03 21:08:00.866, 519 MiB, 48, 12.62 W, 22 MHz, 405 MHz, Not Active, Not Active, Not Active, Not Active, Not Active
2026/09/03 21:08:01.067, 519 MiB, 48, 12.62 W, 22 MHz, 405 MHz, Not Active, Not Active, Not Active, Not Active, Not Active
2026/09/03 21:08:01.267, 519 MiB, 48, 12.48 W, 22 MHz, 405 MHz, Not Active, Not Active, Not Active, Not Active, Not Active
2026/09/03 21:08:01.467, 519 MiB, 48, 12.48 W, 22 MHz, 405 MHz, Not Active, Not Active, Not Active, Not Active, Not Active
2026/09/03 21:08:01.667, 519 MiB, 48, 12.48 W, 22 MHz, 405 MHz, Not Active, Not Active, Not Active, Not Active, Not Active
2026/09/03 21:08:01.868, 519 MiB, 48, 12.48 W, 22 MHz, 405 MHz, Not Active, Not Active, Not Active, Not Active, Not Active
2026/09/03 21:08:02.068, 519 MiB, 48, 12.48 W, 22 MHz, 405 MHz, Not Active, Not Active, Not Active, Not Active, Not Active
2026/09/03 21:08:02.268, 519 MiB, 48, 12.70 W, 22 MHz, 405 MHz, Not Active, Not Active, Not Active, Not Active, Not Active
2026/09/03 21:08:02.468, 519 MiB, 48, 12.70 W, 22 MHz, 405 MHz, Not Active, Not Active, Not Active, Not Active, Not Active
2026/09/03 21:08:02.669, 519 MiB, 48, 12.70 W, 22 MHz, 405 MHz, Not Active, Not Active, Not Active, Not Active, Not Active
2026/09/03 21:08:02.869, 519 MiB, 48, 12.70 W, 22 MHz, 405 MHz, Not Active, Not Active, Not Active, Not Active, Not Active
2026/09/03 21:08:03.069, 519 MiB, 48, 12.70 W, 22 MHz, 405 MHz, Not Active, Not Active, Not Active, Not Active, Not Active
2026/09/03 21:08:03.270, 519 MiB, 48, 13.12 W, 24 MHz, 405 MHz, Not Active, Not Active, Not Active, Not Active, Not Active
2026/09/03 21:08:03.470, 519 MiB, 48, 13.12 W, 24 MHz, 405 MHz, Not Active, Not Active, Not Active, Not Active, Not Active
2026/09/03 21:08:03.670, 519 MiB, 48, 13.55 W, 22 MHz, 405 MHz, Not Active, Not Active, Not Active, Not Active, Not Active
2026/09/03 21:08:03.870, 519 MiB, 48, 13.55 W, 22 MHz, 405 MHz, Not Active, Not Active, Not Active, Not Active, Not Active
2026/09/03 21:08:04.071, 519 MiB, 48, 13.55 W, 22 MHz, 405 MHz, Not Active, Not Active, Not Active, Not Active, Not Active
2026/09/03 21:08:04.271, 519 MiB, 48, 14.58 W, 22 MHz, 405 MHz, Not Active, Not Active, Not Active, Not Active, Not Active
2026/09/03 21:08:04.471, 519 MiB, 48, 14.58 W, 22 MHz, 405 MHz, Not Active, Not Active, Not Active, Not Active, Not Active
2026/09/03 21:08:04.672, 519 MiB, 48, 14.58 W, 22 MHz, 405 MHz, Not Active, Not Active, Not Active, Not Active, Not Active
2026/09/03 21:08:04.872, 519 MiB, 48, 14.58 W, 22 MHz, 405 MHz, Not Active, Not Active, Not Active, Not Active, Not Active
2026/09/03 21:08:05.072, 519 MiB, 48, 14.58 W, 22 MHz, 405 MHz, Not Active, Not Active, Not Active, Not Active, Not Active
2026/09/03 21:08:05.272, 519 MiB, 48, 12.66 W, 22 MHz, 405 MHz, Not Active, Not Active, Not Active, Not Active, Not Active
2026/09/03 21:08:05.473, 519 MiB, 48, 12.66 W, 22 MHz, 405 MHz, Not Active, Not Active, Not Active, Not Active, Not Active
2026/09/03 21:08:05.673, 519 MiB, 48, 12.66 W, 22 MHz, 405 MHz, Not Active, Not Active, Not Active, Not Active, Not Active
2026/09/03 21:08:05.873, 519 MiB, 48, 12.66 W, 22 MHz, 405 MHz, Not Active, Not Active, Not Active, Not Active, Not Active
2026/09/03 21:08:06.074, 519 MiB, 48, 12.66 W, 22 MHz, 405 MHz, Not Active, Not Active, Not Active, Not Active, Not Active
2026/09/03 21:08:06.274, 519 MiB, 48, 12.81 W, 22 MHz, 405 MHz, Not Active, Not Active, Not Active, Not Active, Not Active
2026/09/03 21:08:06.474, 519 MiB, 48, 12.81 W, 22 MHz, 405 MHz, Not Active, Not Active, Not Active, Not Active, Not Active
2026/09/03 21:08:06.674, 519 MiB, 48, 12.81 W, 22 MHz, 405 MHz, Not Active, Not Active, Not Active, Not Active, Not Active
2026/09/03 21:08:06.875, 519 MiB, 48, 12.81 W, 22 MHz, 405 MHz, Not Active, Not Active, Not Active, Not Active, Not Active
2026/09/03 21:08:07.075, 519 MiB, 48, 12.81 W, 22 MHz, 405 MHz, Not Active, Not Active, Not Active, Not Active, Not Active
2026/09/03 21:08:07.275, 519 MiB, 48, 12.72 W, 22 MHz, 405 MHz, Not Active, Not Active, Not Active, Not Active, Not Active
2026/09/03 21:08:07.475, 519 MiB, 48, 12.72 W, 22 MHz, 405 MHz, Not Active, Not Active, Not Active, Not Active, Not Active
2026/09/03 21:08:07.676, 519 MiB, 48, 12.72 W, 22 MHz, 405 MHz, Not Active, Not Active, Not Active, Not Active, Not Active
2026/09/03 21:08:07.876, 519 MiB, 48, 12.72 W, 22 MHz, 405 MHz, Not Active, Not Active, Not Active, Not Active, Not Active
2026/09/03 21:08:08.076, 519 MiB, 48, 12.72 W, 22 MHz, 405 MHz, Not Active, Not Active, Not Active, Not Active, Not Active
2026/09/03 21:08:08.277, 519 MiB, 48, 13.03 W, 22 MHz, 405 MHz, Not Active, Not Active, Not Active, Not Active, Not Active
2026/09/03 21:08:08.477, 519 MiB, 48, 13.03 W, 22 MHz, 405 MHz, Not Active, Not Active, Not Active, Not Active, Not Active
2026/09/03 21:08:08.677, 519 MiB, 48, 13.03 W, 22 MHz, 405 MHz, Not Active, Not Active, Not Active, Not Active, Not Active
2026/09/03 21:08:08.878, 519 MiB, 48, 13.03 W, 22 MHz, 405 MHz, Not Active, Not Active, Not Active, Not Active, Not Active
2026/09/03 21:08:09.078, 519 MiB, 48, 13.03 W, 22 MHz, 405 MHz, Not Active, Not Active, Not Active, Not Active, Not Active
2026/09/03 21:08:09.278, 519 MiB, 48, 12.79 W, 22 MHz, 405 MHz, Not Active, Not Active, Not Active, Not Active, Not Active
2026/09/03 21:08:09.479, 519 MiB, 48, 12.79 W, 22 MHz, 405 MHz, Not Active, Not Active, Not Active, Not Active, Not Active
2026/09/03 21:08:09.679, 519 MiB, 48, 12.79 W, 22 MHz, 405 MHz, Not Active, Not Active, Not Active, Not Active, Not Active
2026/09/03 21:08:09.879, 519 MiB, 48, 12.79 W, 22 MHz, 405 MHz, Not Active, Not Active, Not Active, Not Active, Not Active
2026/09/03 21:08:10.079, 519 MiB, 48, 12.79 W, 22 MHz, 405 MHz, Not Active, Not Active, Not Active, Not Active, Not Active
2026/09/03 21:08:10.280, 519 MiB, 48, 12.75 W, 24 MHz, 405 MHz, Not Active, Not Active, Not Active, Not Active, Not Active
2026/09/03 21:08:10.480, 519 MiB, 48, 12.75 W, 24 MHz, 405 MHz, Not Active, Not Active, Not Active, Not Active, Not Active
2026/09/03 21:08:10.680, 519 MiB, 48, 13.30 W, 22 MHz, 405 MHz, Not Active, Not Active, Not Active, Not Active, Not Active
2026/09/03 21:08:10.881, 519 MiB, 48, 13.30 W, 22 MHz, 405 MHz, Not Active, Not Active, Not Active, Not Active, Not Active
2026/09/03 21:08:11.081, 519 MiB, 48, 13.30 W, 22 MHz, 405 MHz, Not Active, Not Active, Not Active, Not Active, Not Active
2026/09/03 21:08:11.281, 519 MiB, 48, 14.43 W, 22 MHz, 405 MHz, Not Active, Not Active, Not Active, Not Active, Not Active
2026/09/03 21:08:11.481, 519 MiB, 48, 14.43 W, 22 MHz, 405 MHz, Not Active, Not Active, Not Active, Not Active, Not Active
2026/09/03 21:08:11.682, 519 MiB, 48, 14.43 W, 22 MHz, 405 MHz, Not Active, Not Active, Not Active, Not Active, Not Active
2026/09/03 21:08:11.882, 519 MiB, 48, 14.43 W, 22 MHz, 405 MHz, Not Active, Not Active, Not Active, Not Active, Not Active
2026/09/03 21:08:12.082, 519 MiB, 48, 14.43 W, 22 MHz, 405 MHz, Not Active, Not Active, Not Active, Not Active, Not Active
2026/09/03 21:08:12.282, 519 MiB, 48, 12.60 W, 22 MHz, 405 MHz, Not Active, Not Active, Not Active, Not Active, Not Active
2026/09/03 21:08:12.483, 519 MiB, 48, 12.60 W, 22 MHz, 405 MHz, Not Active, Not Active, Not Active, Not Active, Not Active
2026/09/03 21:08:12.683, 519 MiB, 48, 12.60 W, 22 MHz, 405 MHz, Not Active, Not Active, Not Active, Not Active, Not Active
2026/09/03 21:08:12.883, 519 MiB, 48, 12.60 W, 22 MHz, 405 MHz, Not Active, Not Active, Not Active, Not Active, Not Active
2026/09/03 21:08:13.084, 519 MiB, 48, 12.60 W, 22 MHz, 405 MHz, Not Active, Not Active, Not Active, Not Active, Not Active
2026/09/03 21:08:13.284, 519 MiB, 48, 12.61 W, 22 MHz, 405 MHz, Not Active, Not Active, Not Active, Not Active, Not Active
2026/09/03 21:08:13.484, 519 MiB, 48, 12.61 W, 22 MHz, 405 MHz, Not Active, Not Active, Not Active, Not Active, Not Active
2026/09/03 21:08:13.684, 519 MiB, 48, 12.61 W, 22 MHz, 405 MHz, Not Active, Not Active, Not Active, Not Active, Not Active
2026/09/03 21:08:13.885, 519 MiB, 48, 12.61 W, 22 MHz, 405 MHz, Not Active, Not Active, Not Active, Not Active, Not Active
2026/09/03 21:08:14.085, 519 MiB, 48, 12.61 W, 22 MHz, 405 MHz, Not Active, Not Active, Not Active, Not Active, Not Active
2026/09/03 21:08:14.285, 519 MiB, 48, 12.32 W, 22 MHz, 405 MHz, Not Active, Not Active, Not Active, Not Active, Not Active
2026/09/03 21:08:14.485, 519 MiB, 48, 12.32 W, 22 MHz, 405 MHz, Not Active, Not Active, Not Active, Not Active, Not Active
2026/09/03 21:08:14.686, 519 MiB, 48, 12.32 W, 22 MHz, 405 MHz, Not Active, Not Active, Not Active, Not Active, Not Active
2026/09/03 21:08:14.886, 519 MiB, 48, 12.32 W, 22 MHz, 405 MHz, Not Active, Not Active, Not Active, Not Active, Not Active
2026/09/03 21:08:15.086, 519 MiB, 48, 12.32 W, 22 MHz, 405 MHz, Not Active, Not Active, Not Active, Not Active, Not Active
2026/09/03 21:08:15.286, 519 MiB, 48, 12.40 W, 22 MHz, 405 MHz, Not Active, Not Active, Not Active, Not Active, Not Active
2026/09/03 21:08:15.487, 519 MiB, 48, 12.40 W, 22 MHz, 405 MHz, Not Active, Not Active, Not Active, Not Active, Not Active
2026/09/03 21:08:15.687, 519 MiB, 48, 12.40 W, 22 MHz, 405 MHz, Not Active, Not Active, Not Active, Not Active, Not Active
2026/09/03 21:08:15.887, 519 MiB, 48, 12.40 W, 22 MHz, 405 MHz, Not Active, Not Active, Not Active, Not Active, Not Active
2026/09/03 21:08:16.087, 519 MiB, 48, 12.40 W, 22 MHz, 405 MHz, Not Active, Not Active, Not Active, Not Active, Not Active
2026/09/03 21:08:16.288, 519 MiB, 48, 12.15 W, 22 MHz, 405 MHz, Not Active, Not Active, Not Active, Not Active, Not Active
2026/09/03 21:08:16.488, 519 MiB, 48, 12.15 W, 22 MHz, 405 MHz, Not Active, Not Active, Not Active, Not Active, Not Active
2026/09/03 21:08:16.689, 519 MiB, 48, 12.15 W, 22 MHz, 405 MHz, Not Active, Not Active, Not Active, Not Active, Not Active
2026/09/03 21:08:16.889, 519 MiB, 48, 12.15 W, 22 MHz, 405 MHz, Not Active, Not Active, Not Active, Not Active, Not Active
2026/09/03 21:08:17.089, 519 MiB, 48, 12.15 W, 22 MHz, 405 MHz, Not Active, Not Active, Not Active, Not Active, Not Active
2026/09/03 21:08:17.290, 519 MiB, 48, 12.32 W, 22 MHz, 405 MHz, Not Active, Not Active, Not Active, Not Active, Not Active
2026/09/03 21:08:17.490, 519 MiB, 48, 12.32 W, 22 MHz, 405 MHz, Not Active, Not Active, Not Active, Not Active, Not Active
2026/09/03 21:08:17.690, 519 MiB, 48, 13.13 W, 22 MHz, 405 MHz, Not Active, Not Active, Not Active, Not Active, Not Active
2026/09/03 21:08:17.891, 519 MiB, 48, 13.13 W, 22 MHz, 405 MHz, Not Active, Not Active, Not Active, Not Active, Not Active
2026/09/03 21:08:18.091, 519 MiB, 48, 13.13 W, 22 MHz, 405 MHz, Not Active, Not Active, Not Active, Not Active, Not Active
2026/09/03 21:08:18.291, 519 MiB, 48, 13.41 W, 22 MHz, 405 MHz, Not Active, Not Active, Not Active, Not Active, Not Active
2026/09/03 21:08:18.491, 519 MiB, 48, 13.41 W, 22 MHz, 405 MHz, Not Active, Not Active, Not Active, Not Active, Not Active
2026/09/03 21:08:18.692, 519 MiB, 48, 14.33 W, 22 MHz, 405 MHz, Not Active, Not Active, Not Active, Not Active, Not Active
2026/09/03 21:08:18.892, 519 MiB, 48, 14.33 W, 22 MHz, 405 MHz, Not Active, Not Active, Not Active, Not Active, Not Active
2026/09/03 21:08:19.092, 519 MiB, 48, 14.33 W, 22 MHz, 405 MHz, Not Active, Not Active, Not Active, Not Active, Not Active
2026/09/03 21:08:19.292, 519 MiB, 48, 14.33 W, 22 MHz, 405 MHz, Not Active, Not Active, Not Active, Not Active, Not Active
2026/09/03 21:08:19.493, 519 MiB, 48, 14.33 W, 22 MHz, 405 MHz, Not Active, Not Active, Not Active, Not Active, Not Active
2026/09/03 21:08:19.693, 519 MiB, 48, 12.31 W, 22 MHz, 405 MHz, Not Active, Not Active, Not Active, Not Active, Not Active
2026/09/03 21:08:19.893, 519 MiB, 48, 12.31 W, 22 MHz, 405 MHz, Not Active, Not Active, Not Active, Not Active, Not Active
2026/09/03 21:08:20.094, 519 MiB, 48, 12.31 W, 22 MHz, 405 MHz, Not Active, Not Active, Not Active, Not Active, Not Active
2026/09/03 21:08:20.294, 519 MiB, 48, 12.31 W, 22 MHz, 405 MHz, Not Active, Not Active, Not Active, Not Active, Not Active
2026/09/03 21:08:20.494, 519 MiB, 48, 12.31 W, 22 MHz, 405 MHz, Not Active, Not Active, Not Active, Not Active, Not Active
2026/09/03 21:08:20.694, 519 MiB, 48, 12.31 W, 22 MHz, 405 MHz, Not Active, Not Active, Not Active, Not Active, Not Active
2026/09/03 21:08:20.895, 519 MiB, 48, 12.31 W, 22 MHz, 405 MHz, Not Active, Not Active, Not Active, Not Active, Not Active
2026/09/03 21:08:21.095, 519 MiB, 48, 12.31 W, 22 MHz, 405 MHz, Not Active, Not Active, Not Active, Not Active, Not Active
2026/09/03 21:08:21.295, 519 MiB, 48, 12.31 W, 22 MHz, 405 MHz, Not Active, Not Active, Not Active, Not Active, Not Active
2026/09/03 21:08:21.495, 519 MiB, 48, 12.31 W, 22 MHz, 405 MHz, Not Active, Not Active, Not Active, Not Active, Not Active
2026/09/03 21:08:21.696, 519 MiB, 48, 12.38 W, 22 MHz, 405 MHz, Not Active, Not Active, Not Active, Not Active, Not Active
2026/09/03 21:08:21.896, 519 MiB, 48, 12.38 W, 22 MHz, 405 MHz, Not Active, Not Active, Not Active, Not Active, Not Active
2026/09/03 21:08:22.096, 519 MiB, 48, 12.38 W, 22 MHz, 405 MHz, Not Active, Not Active, Not Active, Not Active, Not Active
2026/09/03 21:08:22.297, 519 MiB, 48, 12.38 W, 22 MHz, 405 MHz, Not Active, Not Active, Not Active, Not Active, Not Active
2026/09/03 21:08:22.497, 519 MiB, 48, 12.38 W, 22 MHz, 405 MHz, Not Active, Not Active, Not Active, Not Active, Not Active
2026/09/03 21:08:22.697, 519 MiB, 48, 12.40 W, 22 MHz, 405 MHz, Not Active, Not Active, Not Active, Not Active, Not Active
2026/09/03 21:08:22.897, 519 MiB, 48, 12.40 W, 22 MHz, 405 MHz, Not Active, Not Active, Not Active, Not Active, Not Active
2026/09/03 21:08:23.097, 519 MiB, 48, 12.40 W, 22 MHz, 405 MHz, Not Active, Not Active, Not Active, Not Active, Not Active
2026/09/03 21:08:23.298, 519 MiB, 48, 12.40 W, 22 MHz, 405 MHz, Not Active, Not Active, Not Active, Not Active, Not Active
2026/09/03 21:08:23.498, 519 MiB, 48, 12.40 W, 22 MHz, 405 MHz, Not Active, Not Active, Not Active, Not Active, Not Active
2026/09/03 21:08:23.698, 519 MiB, 48, 12.37 W, 22 MHz, 405 MHz, Not Active, Not Active, Not Active, Not Active, Not Active
2026/09/03 21:08:23.898, 519 MiB, 48, 12.37 W, 22 MHz, 405 MHz, Not Active, Not Active, Not Active, Not Active, Not Active
2026/09/03 21:08:24.099, 519 MiB, 48, 12.37 W, 22 MHz, 405 MHz, Not Active, Not Active, Not Active, Not Active, Not Active
2026/09/03 21:08:24.299, 519 MiB, 48, 12.37 W, 22 MHz, 405 MHz, Not Active, Not Active, Not Active, Not Active, Not Active
2026/09/03 21:08:24.499, 519 MiB, 48, 12.37 W, 22 MHz, 405 MHz, Not Active, Not Active, Not Active, Not Active, Not Active
2026/09/03 21:08:24.699, 519 MiB, 48, 12.48 W, 24 MHz, 405 MHz, Not Active, Not Active, Not Active, Not Active, Not Active
2026/09/03 21:08:24.900, 519 MiB, 48, 12.48 W, 24 MHz, 405 MHz, Not Active, Not Active, Not Active, Not Active, Not Active
2026/09/03 21:08:25.100, 519 MiB, 48, 12.48 W, 24 MHz, 405 MHz, Not Active, Not Active, Not Active, Not Active, Not Active
2026/09/03 21:08:25.300, 519 MiB, 48, 12.97 W, 22 MHz, 405 MHz, Not Active, Not Active, Not Active, Not Active, Not Active
2026/09/03 21:08:25.500, 519 MiB, 48, 12.97 W, 22 MHz, 405 MHz, Not Active, Not Active, Not Active, Not Active, Not Active
2026/09/03 21:08:25.700, 519 MiB, 48, 13.90 W, 22 MHz, 405 MHz, Not Active, Not Active, Not Active, Not Active, Not Active
2026/09/03 21:08:25.901, 519 MiB, 48, 13.90 W, 22 MHz, 405 MHz, Not Active, Not Active, Not Active, Not Active, Not Active
2026/09/03 21:08:26.101, 519 MiB, 48, 13.90 W, 22 MHz, 405 MHz, Not Active, Not Active, Not Active, Not Active, Not Active
2026/09/03 21:08:26.301, 519 MiB, 48, 13.90 W, 22 MHz, 405 MHz, Not Active, Not Active, Not Active, Not Active, Not Active
2026/09/03 21:08:26.502, 519 MiB, 48, 13.90 W, 22 MHz, 405 MHz, Not Active, Not Active, Not Active, Not Active, Not Active
2026/09/03 21:08:26.702, 519 MiB, 48, 12.52 W, 22 MHz, 405 MHz, Not Active, Not Active, Not Active, Not Active, Not Active
2026/09/03 21:08:26.902, 519 MiB, 48, 12.52 W, 22 MHz, 405 MHz, Not Active, Not Active, Not Active, Not Active, Not Active
2026/09/03 21:08:27.102, 519 MiB, 48, 12.52 W, 22 MHz, 405 MHz, Not Active, Not Active, Not Active, Not Active, Not Active
2026/09/03 21:08:27.303, 519 MiB, 48, 12.52 W, 22 MHz, 405 MHz, Not Active, Not Active, Not Active, Not Active, Not Active
2026/09/03 21:08:27.503, 519 MiB, 48, 12.52 W, 22 MHz, 405 MHz, Not Active, Not Active, Not Active, Not Active, Not Active
2026/09/03 21:08:27.703, 519 MiB, 48, 12.43 W, 22 MHz, 405 MHz, Not Active, Not Active, Not Active, Not Active, Not Active
2026/09/03 21:08:27.904, 519 MiB, 48, 12.43 W, 22 MHz, 405 MHz, Not Active, Not Active, Not Active, Not Active, Not Active
2026/09/03 21:08:28.104, 519 MiB, 48, 12.43 W, 22 MHz, 405 MHz, Not Active, Not Active, Not Active, Not Active, Not Active
2026/09/03 21:08:28.304, 519 MiB, 48, 12.43 W, 22 MHz, 405 MHz, Not Active, Not Active, Not Active, Not Active, Not Active
2026/09/03 21:08:28.505, 519 MiB, 48, 12.43 W, 22 MHz, 405 MHz, Not Active, Not Active, Not Active, Not Active, Not Active
2026/09/03 21:08:28.705, 519 MiB, 48, 12.46 W, 22 MHz, 405 MHz, Not Active, Not Active, Not Active, Not Active, Not Active
2026/09/03 21:08:28.905, 519 MiB, 48, 12.46 W, 22 MHz, 405 MHz, Not Active, Not Active, Not Active, Not Active, Not Active
2026/09/03 21:08:29.106, 519 MiB, 48, 12.46 W, 22 MHz, 405 MHz, Not Active, Not Active, Not Active, Not Active, Not Active
2026/09/03 21:08:29.306, 519 MiB, 48, 12.46 W, 22 MHz, 405 MHz, Not Active, Not Active, Not Active, Not Active, Not Active
2026/09/03 21:08:29.506, 519 MiB, 48, 12.46 W, 22 MHz, 405 MHz, Not Active, Not Active, Not Active, Not Active, Not Active
2026/09/03 21:08:29.706, 519 MiB, 48, 12.50 W, 22 MHz, 405 MHz, Not Active, Not Active, Not Active, Not Active, Not Active
2026/09/03 21:08:29.907, 519 MiB, 48, 12.50 W, 22 MHz, 405 MHz, Not Active, Not Active, Not Active, Not Active, Not Active
2026/09/03 21:08:30.107, 519 MiB, 48, 12.50 W, 22 MHz, 405 MHz, Not Active, Not Active, Not Active, Not Active, Not Active
2026/09/03 21:08:30.307, 519 MiB, 48, 12.50 W, 22 MHz, 405 MHz, Not Active, Not Active, Not Active, Not Active, Not Active
2026/09/03 21:08:30.508, 519 MiB, 48, 12.50 W, 22 MHz, 405 MHz, Not Active, Not Active, Not Active, Not Active, Not Active
2026/09/03 21:08:30.708, 519 MiB, 48, 12.60 W, 22 MHz, 405 MHz, Not Active, Not Active, Not Active, Not Active, Not Active
2026/09/03 21:08:30.908, 519 MiB, 48, 12.60 W, 22 MHz, 405 MHz, Not Active, Not Active, Not Active, Not Active, Not Active
2026/09/03 21:08:31.108, 519 MiB, 48, 12.60 W, 22 MHz, 405 MHz, Not Active, Not Active, Not Active, Not Active, Not Active
2026/09/03 21:08:31.309, 519 MiB, 48, 12.60 W, 22 MHz, 405 MHz, Not Active, Not Active, Not Active, Not Active, Not Active
2026/09/03 21:08:31.509, 519 MiB, 48, 12.60 W, 22 MHz, 405 MHz, Not Active, Not Active, Not Active, Not Active, Not Active
2026/09/03 21:08:31.709, 519 MiB, 47, 12.52 W, 24 MHz, 405 MHz, Not Active, Not Active, Not Active, Not Active, Not Active
2026/09/03 21:08:31.910, 519 MiB, 47, 12.52 W, 24 MHz, 405 MHz, Not Active, Not Active, Not Active, Not Active, Not Active
2026/09/03 21:08:32.110, 519 MiB, 47, 12.52 W, 24 MHz, 405 MHz, Not Active, Not Active, Not Active, Not Active, Not Active
2026/09/03 21:08:32.310, 519 MiB, 48, 13.07 W, 22 MHz, 405 MHz, Not Active, Not Active, Not Active, Not Active, Not Active
2026/09/03 21:08:32.510, 519 MiB, 48, 13.07 W, 22 MHz, 405 MHz, Not Active, Not Active, Not Active, Not Active, Not Active
2026/09/03 21:08:32.711, 519 MiB, 48, 14.13 W, 22 MHz, 405 MHz, Not Active, Not Active, Not Active, Not Active, Not Active
2026/09/03 21:08:32.911, 519 MiB, 48, 14.13 W, 22 MHz, 405 MHz, Not Active, Not Active, Not Active, Not Active, Not Active
2026/09/03 21:08:33.111, 519 MiB, 48, 14.13 W, 22 MHz, 405 MHz, Not Active, Not Active, Not Active, Not Active, Not Active
2026/09/03 21:08:33.311, 519 MiB, 48, 14.13 W, 22 MHz, 405 MHz, Not Active, Not Active, Not Active, Not Active, Not Active
2026/09/03 21:08:33.512, 519 MiB, 48, 14.13 W, 22 MHz, 405 MHz, Not Active, Not Active, Not Active, Not Active, Not Active
2026/09/03 21:08:33.712, 519 MiB, 47, 12.45 W, 22 MHz, 405 MHz, Not Active, Not Active, Not Active, Not Active, Not Active
2026/09/03 21:08:33.912, 519 MiB, 47, 12.45 W, 22 MHz, 405 MHz, Not Active, Not Active, Not Active, Not Active, Not Active
2026/09/03 21:08:34.112, 519 MiB, 47, 12.45 W, 22 MHz, 405 MHz, Not Active, Not Active, Not Active, Not Active, Not Active
2026/09/03 21:08:34.313, 519 MiB, 47, 12.45 W, 22 MHz, 405 MHz, Not Active, Not Active, Not Active, Not Active, Not Active
2026/09/03 21:08:34.513, 519 MiB, 47, 12.45 W, 22 MHz, 405 MHz, Not Active, Not Active, Not Active, Not Active, Not Active
2026/09/03 21:08:34.713, 519 MiB, 47, 12.52 W, 22 MHz, 405 MHz, Not Active, Not Active, Not Active, Not Active, Not Active
2026/09/03 21:08:34.914, 519 MiB, 47, 12.52 W, 22 MHz, 405 MHz, Not Active, Not Active, Not Active, Not Active, Not Active
2026/09/03 21:08:35.114, 519 MiB, 47, 12.52 W, 22 MHz, 405 MHz, Not Active, Not Active, Not Active, Not Active, Not Active
2026/09/03 21:08:35.314, 519 MiB, 47, 12.52 W, 22 MHz, 405 MHz, Not Active, Not Active, Not Active, Not Active, Not Active
2026/09/03 21:08:35.514, 519 MiB, 47, 12.52 W, 22 MHz, 405 MHz, Not Active, Not Active, Not Active, Not Active, Not Active
2026/09/03 21:08:35.715, 519 MiB, 47, 12.57 W, 22 MHz, 405 MHz, Not Active, Not Active, Not Active, Not Active, Not Active
2026/09/03 21:08:35.915, 519 MiB, 47, 12.57 W, 22 MHz, 405 MHz, Not Active, Not Active, Not Active, Not Active, Not Active
2026/09/03 21:08:36.115, 519 MiB, 47, 12.57 W, 22 MHz, 405 MHz, Not Active, Not Active, Not Active, Not Active, Not Active
2026/09/03 21:08:36.315, 519 MiB, 47, 12.57 W, 22 MHz, 405 MHz, Not Active, Not Active, Not Active, Not Active, Not Active
2026/09/03 21:08:36.516, 519 MiB, 47, 12.57 W, 22 MHz, 405 MHz, Not Active, Not Active, Not Active, Not Active, Not Active
2026/09/03 21:08:36.716, 519 MiB, 47, 12.49 W, 21 MHz, 405 MHz, Not Active, Not Active, Not Active, Not Active, Not Active
2026/09/03 21:08:36.916, 519 MiB, 47, 12.49 W, 21 MHz, 405 MHz, Not Active, Not Active, Not Active, Not Active, Not Active
2026/09/03 21:08:37.117, 519 MiB, 47, 12.49 W, 21 MHz, 405 MHz, Not Active, Not Active, Not Active, Not Active, Not Active
2026/09/03 21:08:37.317, 519 MiB, 47, 12.49 W, 21 MHz, 405 MHz, Not Active, Not Active, Not Active, Not Active, Not Active
2026/09/03 21:08:37.517, 519 MiB, 47, 12.49 W, 21 MHz, 405 MHz, Not Active, Not Active, Not Active, Not Active, Not Active
2026/09/03 21:08:37.717, 519 MiB, 47, 12.68 W, 22 MHz, 405 MHz, Not Active, Not Active, Not Active, Not Active, Not Active
2026/09/03 21:08:37.918, 519 MiB, 47, 12.68 W, 22 MHz, 405 MHz, Not Active, Not Active, Not Active, Not Active, Not Active
2026/09/03 21:08:38.118, 519 MiB, 47, 12.68 W, 22 MHz, 405 MHz, Not Active, Not Active, Not Active, Not Active, Not Active
2026/09/03 21:08:38.318, 519 MiB, 47, 12.68 W, 22 MHz, 405 MHz, Not Active, Not Active, Not Active, Not Active, Not Active
2026/09/03 21:08:38.518, 519 MiB, 47, 12.68 W, 22 MHz, 405 MHz, Not Active, Not Active, Not Active, Not Active, Not Active
2026/09/03 21:08:38.719, 519 MiB, 47, 12.62 W, 22 MHz, 405 MHz, Not Active, Not Active, Not Active, Not Active, Not Active
2026/09/03 21:08:38.919, 519 MiB, 47, 12.62 W, 22 MHz, 405 MHz, Not Active, Not Active, Not Active, Not Active, Not Active
2026/09/03 21:08:39.119, 519 MiB, 47, 12.62 W, 22 MHz, 405 MHz, Not Active, Not Active, Not Active, Not Active, Not Active
2026/09/03 21:08:39.319, 519 MiB, 47, 13.15 W, 22 MHz, 405 MHz, Not Active, Not Active, Not Active, Not Active, Not Active
2026/09/03 21:08:39.520, 519 MiB, 47, 13.15 W, 22 MHz, 405 MHz, Not Active, Not Active, Not Active, Not Active, Not Active
2026/09/03 21:08:39.720, 519 MiB, 47, 13.52 W, 22 MHz, 405 MHz, Not Active, Not Active, Not Active, Not Active, Not Active
2026/09/03 21:08:39.920, 519 MiB, 47, 13.52 W, 22 MHz, 405 MHz, Not Active, Not Active, Not Active, Not Active, Not Active
2026/09/03 21:08:40.121, 519 MiB, 47, 13.52 W, 22 MHz, 405 MHz, Not Active, Not Active, Not Active, Not Active, Not Active
2026/09/03 21:08:40.321, 519 MiB, 47, 14.49 W, 22 MHz, 405 MHz, Not Active, Not Active, Not Active, Not Active, Not Active
2026/09/03 21:08:40.521, 519 MiB, 47, 14.49 W, 22 MHz, 405 MHz, Not Active, Not Active, Not Active, Not Active, Not Active
2026/09/03 21:08:40.721, 519 MiB, 47, 14.49 W, 22 MHz, 405 MHz, Not Active, Not Active, Not Active, Not Active, Not Active
2026/09/03 21:08:40.922, 519 MiB, 47, 14.49 W, 22 MHz, 405 MHz, Not Active, Not Active, Not Active, Not Active, Not Active
2026/09/03 21:08:41.122, 519 MiB, 47, 14.49 W, 22 MHz, 405 MHz, Not Active, Not Active, Not Active, Not Active, Not Active
2026/09/03 21:08:41.322, 519 MiB, 47, 12.48 W, 22 MHz, 405 MHz, Not Active, Not Active, Not Active, Not Active, Not Active
2026/09/03 21:08:41.522, 519 MiB, 47, 12.48 W, 22 MHz, 405 MHz, Not Active, Not Active, Not Active, Not Active, Not Active
2026/09/03 21:08:41.723, 519 MiB, 47, 12.48 W, 22 MHz, 405 MHz, Not Active, Not Active, Not Active, Not Active, Not Active
2026/09/03 21:08:41.923, 519 MiB, 47, 12.48 W, 22 MHz, 405 MHz, Not Active, Not Active, Not Active, Not Active, Not Active
2026/09/03 21:08:42.123, 519 MiB, 47, 12.48 W, 22 MHz, 405 MHz, Not Active, Not Active, Not Active, Not Active, Not Active
2026/09/03 21:08:42.323, 519 MiB, 47, 12.38 W, 22 MHz, 405 MHz, Not Active, Not Active, Not Active, Not Active, Not Active
2026/09/03 21:08:42.524, 519 MiB, 47, 12.38 W, 22 MHz, 405 MHz, Not Active, Not Active, Not Active, Not Active, Not Active
2026/09/03 21:08:42.724, 519 MiB, 47, 12.38 W, 22 MHz, 405 MHz, Not Active, Not Active, Not Active, Not Active, Not Active
2026/09/03 21:08:42.924, 519 MiB, 47, 12.38 W, 22 MHz, 405 MHz, Not Active, Not Active, Not Active, Not Active, Not Active
2026/09/03 21:08:43.124, 519 MiB, 47, 12.38 W, 22 MHz, 405 MHz, Not Active, Not Active, Not Active, Not Active, Not Active
2026/09/03 21:08:43.325, 519 MiB, 47, 12.48 W, 22 MHz, 405 MHz, Not Active, Not Active, Not Active, Not Active, Not Active
2026/09/03 21:08:43.525, 519 MiB, 47, 12.48 W, 22 MHz, 405 MHz, Not Active, Not Active, Not Active, Not Active, Not Active
2026/09/03 21:08:43.725, 519 MiB, 47, 12.48 W, 22 MHz, 405 MHz, Not Active, Not Active, Not Active, Not Active, Not Active
2026/09/03 21:08:43.925, 519 MiB, 47, 12.48 W, 22 MHz, 405 MHz, Not Active, Not Active, Not Active, Not Active, Not Active
2026/09/03 21:08:44.126, 519 MiB, 47, 12.48 W, 22 MHz, 405 MHz, Not Active, Not Active, Not Active, Not Active, Not Active
2026/09/03 21:08:44.326, 519 MiB, 47, 12.71 W, 22 MHz, 405 MHz, Not Active, Not Active, Not Active, Not Active, Not Active
2026/09/03 21:08:44.526, 519 MiB, 47, 12.71 W, 22 MHz, 405 MHz, Not Active, Not Active, Not Active, Not Active, Not Active
2026/09/03 21:08:44.726, 519 MiB, 47, 12.71 W, 22 MHz, 405 MHz, Not Active, Not Active, Not Active, Not Active, Not Active
2026/09/03 21:08:44.926, 519 MiB, 47, 12.71 W, 22 MHz, 405 MHz, Not Active, Not Active, Not Active, Not Active, Not Active
2026/09/03 21:08:45.127, 519 MiB, 47, 12.71 W, 22 MHz, 405 MHz, Not Active, Not Active, Not Active, Not Active, Not Active
2026/09/03 21:08:45.327, 519 MiB, 47, 12.72 W, 22 MHz, 405 MHz, Not Active, Not Active, Not Active, Not Active, Not Active
2026/09/03 21:08:45.527, 519 MiB, 47, 12.72 W, 22 MHz, 405 MHz, Not Active, Not Active, Not Active, Not Active, Not Active
2026/09/03 21:08:45.727, 519 MiB, 47, 12.72 W, 22 MHz, 405 MHz, Not Active, Not Active, Not Active, Not Active, Not Active
2026/09/03 21:08:45.928, 519 MiB, 47, 12.72 W, 22 MHz, 405 MHz, Not Active, Not Active, Not Active, Not Active, Not Active
2026/09/03 21:08:46.128, 519 MiB, 47, 12.72 W, 22 MHz, 405 MHz, Not Active, Not Active, Not Active, Not Active, Not Active
2026/09/03 21:08:46.328, 519 MiB, 47, 12.79 W, 24 MHz, 405 MHz, Not Active, Not Active, Not Active, Not Active, Not Active
2026/09/03 21:08:46.528, 519 MiB, 47, 12.79 W, 24 MHz, 405 MHz, Not Active, Not Active, Not Active, Not Active, Not Active
2026/09/03 21:08:46.729, 519 MiB, 47, 13.34 W, 22 MHz, 405 MHz, Not Active, Not Active, Not Active, Not Active, Not Active
2026/09/03 21:08:46.929, 519 MiB, 47, 13.34 W, 22 MHz, 405 MHz, Not Active, Not Active, Not Active, Not Active, Not Active
2026/09/03 21:08:47.129, 519 MiB, 47, 13.34 W, 22 MHz, 405 MHz, Not Active, Not Active, Not Active, Not Active, Not Active
2026/09/03 21:08:47.329, 519 MiB, 47, 14.41 W, 22 MHz, 405 MHz, Not Active, Not Active, Not Active, Not Active, Not Active
2026/09/03 21:08:47.530, 519 MiB, 47, 14.41 W, 22 MHz, 405 MHz, Not Active, Not Active, Not Active, Not Active, Not Active
2026/09/03 21:08:47.730, 519 MiB, 47, 14.41 W, 22 MHz, 405 MHz, Not Active, Not Active, Not Active, Not Active, Not Active
2026/09/03 21:08:47.930, 519 MiB, 47, 14.41 W, 22 MHz, 405 MHz, Not Active, Not Active, Not Active, Not Active, Not Active
2026/09/03 21:08:48.130, 519 MiB, 47, 14.41 W, 22 MHz, 405 MHz, Not Active, Not Active, Not Active, Not Active, Not Active
2026/09/03 21:08:48.331, 519 MiB, 47, 12.62 W, 22 MHz, 405 MHz, Not Active, Not Active, Not Active, Not Active, Not Active
2026/09/03 21:08:48.531, 519 MiB, 47, 12.62 W, 22 MHz, 405 MHz, Not Active, Not Active, Not Active, Not Active, Not Active
2026/09/03 21:08:48.731, 519 MiB, 47, 12.62 W, 22 MHz, 405 MHz, Not Active, Not Active, Not Active, Not Active, Not Active
2026/09/03 21:08:48.931, 519 MiB, 47, 12.62 W, 22 MHz, 405 MHz, Not Active, Not Active, Not Active, Not Active, Not Active
2026/09/03 21:08:49.132, 519 MiB, 47, 12.62 W, 22 MHz, 405 MHz, Not Active, Not Active, Not Active, Not Active, Not Active
2026/09/03 21:08:49.332, 519 MiB, 47, 12.28 W, 22 MHz, 405 MHz, Not Active, Not Active, Not Active, Not Active, Not Active
2026/09/03 21:08:49.532, 519 MiB, 47, 12.28 W, 22 MHz, 405 MHz, Not Active, Not Active, Not Active, Not Active, Not Active
2026/09/03 21:08:49.732, 519 MiB, 47, 12.28 W, 22 MHz, 405 MHz, Not Active, Not Active, Not Active, Not Active, Not Active
2026/09/03 21:08:49.933, 519 MiB, 47, 12.28 W, 22 MHz, 405 MHz, Not Active, Not Active, Not Active, Not Active, Not Active
2026/09/03 21:08:50.133, 519 MiB, 47, 12.28 W, 22 MHz, 405 MHz, Not Active, Not Active, Not Active, Not Active, Not Active
2026/09/03 21:08:50.334, 519 MiB, 47, 12.24 W, 22 MHz, 405 MHz, Not Active, Not Active, Not Active, Not Active, Not Active
2026/09/03 21:08:50.534, 519 MiB, 47, 12.24 W, 22 MHz, 405 MHz, Not Active, Not Active, Not Active, Not Active, Not Active
2026/09/03 21:08:50.734, 519 MiB, 47, 12.24 W, 22 MHz, 405 MHz, Not Active, Not Active, Not Active, Not Active, Not Active
2026/09/03 21:08:50.934, 519 MiB, 47, 12.24 W, 22 MHz, 405 MHz, Not Active, Not Active, Not Active, Not Active, Not Active
2026/09/03 21:08:51.135, 519 MiB, 47, 12.24 W, 22 MHz, 405 MHz, Not Active, Not Active, Not Active, Not Active, Not Active
2026/09/03 21:08:51.335, 519 MiB, 47, 12.27 W, 22 MHz, 405 MHz, Not Active, Not Active, Not Active, Not Active, Not Active
2026/09/03 21:08:51.535, 519 MiB, 47, 12.27 W, 22 MHz, 405 MHz, Not Active, Not Active, Not Active, Not Active, Not Active
2026/09/03 21:08:51.735, 519 MiB, 47, 12.27 W, 22 MHz, 405 MHz, Not Active, Not Active, Not Active, Not Active, Not Active
2026/09/03 21:08:51.936, 519 MiB, 47, 12.27 W, 22 MHz, 405 MHz, Not Active, Not Active, Not Active, Not Active, Not Active
2026/09/03 21:08:52.136, 519 MiB, 47, 12.27 W, 22 MHz, 405 MHz, Not Active, Not Active, Not Active, Not Active, Not Active
2026/09/03 21:08:52.336, 519 MiB, 47, 12.31 W, 22 MHz, 405 MHz, Not Active, Not Active, Not Active, Not Active, Not Active
2026/09/03 21:08:52.537, 519 MiB, 47, 12.31 W, 22 MHz, 405 MHz, Not Active, Not Active, Not Active, Not Active, Not Active
2026/09/03 21:08:52.737, 519 MiB, 47, 12.31 W, 22 MHz, 405 MHz, Not Active, Not Active, Not Active, Not Active, Not Active
2026/09/03 21:08:52.937, 519 MiB, 47, 12.31 W, 22 MHz, 405 MHz, Not Active, Not Active, Not Active, Not Active, Not Active
2026/09/03 21:08:53.137, 519 MiB, 47, 12.31 W, 22 MHz, 405 MHz, Not Active, Not Active, Not Active, Not Active, Not Active
2026/09/03 21:08:53.338, 519 MiB, 47, 12.16 W, 24 MHz, 405 MHz, Not Active, Not Active, Not Active, Not Active, Not Active
2026/09/03 21:08:53.538, 519 MiB, 47, 12.16 W, 24 MHz, 405 MHz, Not Active, Not Active, Not Active, Not Active, Not Active
2026/09/03 21:08:53.738, 519 MiB, 47, 12.74 W, 22 MHz, 405 MHz, Not Active, Not Active, Not Active, Not Active, Not Active
2026/09/03 21:08:53.939, 519 MiB, 47, 12.74 W, 22 MHz, 405 MHz, Not Active, Not Active, Not Active, Not Active, Not Active
2026/09/03 21:08:54.139, 519 MiB, 47, 12.74 W, 22 MHz, 405 MHz, Not Active, Not Active, Not Active, Not Active, Not Active
2026/09/03 21:08:54.339, 519 MiB, 47, 13.92 W, 22 MHz, 405 MHz, Not Active, Not Active, Not Active, Not Active, Not Active
2026/09/03 21:08:54.539, 519 MiB, 47, 13.92 W, 22 MHz, 405 MHz, Not Active, Not Active, Not Active, Not Active, Not Active
2026/09/03 21:08:54.740, 519 MiB, 47, 13.92 W, 22 MHz, 405 MHz, Not Active, Not Active, Not Active, Not Active, Not Active
2026/09/03 21:08:54.940, 519 MiB, 47, 13.92 W, 22 MHz, 405 MHz, Not Active, Not Active, Not Active, Not Active, Not Active
2026/09/03 21:08:55.140, 519 MiB, 47, 13.92 W, 22 MHz, 405 MHz, Not Active, Not Active, Not Active, Not Active, Not Active
2026/09/03 21:08:55.341, 519 MiB, 47, 12.19 W, 22 MHz, 405 MHz, Not Active, Not Active, Not Active, Not Active, Not Active
2026/09/03 21:08:55.541, 519 MiB, 47, 12.19 W, 22 MHz, 405 MHz, Not Active, Not Active, Not Active, Not Active, Not Active
2026/09/03 21:08:55.741, 519 MiB, 47, 12.19 W, 22 MHz, 405 MHz, Not Active, Not Active, Not Active, Not Active, Not Active
2026/09/03 21:08:55.941, 519 MiB, 47, 12.19 W, 22 MHz, 405 MHz, Not Active, Not Active, Not Active, Not Active, Not Active
2026/09/03 21:08:56.141, 519 MiB, 47, 12.19 W, 22 MHz, 405 MHz, Not Active, Not Active, Not Active, Not Active, Not Active
2026/09/03 21:08:56.342, 519 MiB, 47, 12.22 W, 22 MHz, 405 MHz, Not Active, Not Active, Not Active, Not Active, Not Active
2026/09/03 21:08:56.542, 519 MiB, 47, 12.22 W, 22 MHz, 405 MHz, Not Active, Not Active, Not Active, Not Active, Not Active
2026/09/03 21:08:56.742, 519 MiB, 47, 12.22 W, 22 MHz, 405 MHz, Not Active, Not Active, Not Active, Not Active, Not Active
2026/09/03 21:08:56.943, 519 MiB, 47, 12.22 W, 22 MHz, 405 MHz, Not Active, Not Active, Not Active, Not Active, Not Active
2026/09/03 21:08:57.143, 519 MiB, 47, 12.22 W, 22 MHz, 405 MHz, Not Active, Not Active, Not Active, Not Active, Not Active
2026/09/03 21:08:57.343, 519 MiB, 47, 12.08 W, 22 MHz, 405 MHz, Not Active, Not Active, Not Active, Not Active, Not Active
2026/09/03 21:08:57.543, 519 MiB, 47, 12.08 W, 22 MHz, 405 MHz, Not Active, Not Active, Not Active, Not Active, Not Active
2026/09/03 21:08:57.744, 519 MiB, 47, 12.08 W, 22 MHz, 405 MHz, Not Active, Not Active, Not Active, Not Active, Not Active
2026/09/03 21:08:57.944, 519 MiB, 47, 12.08 W, 22 MHz, 405 MHz, Not Active, Not Active, Not Active, Not Active, Not Active
2026/09/03 21:08:58.144, 519 MiB, 47, 12.01 W, 22 MHz, 405 MHz, Not Active, Not Active, Not Active, Not Active, Not Active
2026/09/03 21:08:58.344, 519 MiB, 47, 12.01 W, 22 MHz, 405 MHz, Not Active, Not Active, Not Active, Not Active, Not Active
2026/09/03 21:08:58.545, 519 MiB, 47, 12.01 W, 22 MHz, 405 MHz, Not Active, Not Active, Not Active, Not Active, Not Active
2026/09/03 21:08:58.745, 519 MiB, 47, 12.01 W, 22 MHz, 405 MHz, Not Active, Not Active, Not Active, Not Active, Not Active
2026/09/03 21:08:58.945, 519 MiB, 47, 12.01 W, 22 MHz, 405 MHz, Not Active, Not Active, Not Active, Not Active, Not Active
2026/09/03 21:08:59.145, 519 MiB, 47, 12.30 W, 22 MHz, 405 MHz, Not Active, Not Active, Not Active, Not Active, Not Active
2026/09/03 21:08:59.346, 519 MiB, 47, 12.30 W, 22 MHz, 405 MHz, Not Active, Not Active, Not Active, Not Active, Not Active
2026/09/03 21:08:59.546, 519 MiB, 47, 12.30 W, 22 MHz, 405 MHz, Not Active, Not Active, Not Active, Not Active, Not Active
2026/09/03 21:08:59.746, 519 MiB, 47, 12.30 W, 22 MHz, 405 MHz, Not Active, Not Active, Not Active, Not Active, Not Active
2026/09/03 21:08:59.947, 519 MiB, 47, 12.30 W, 22 MHz, 405 MHz, Not Active, Not Active, Not Active, Not Active, Not Active
2026/09/03 21:09:00.147, 519 MiB, 47, 12.34 W, 22 MHz, 405 MHz, Not Active, Not Active, Not Active, Not Active, Not Active
2026/09/03 21:09:00.347, 519 MiB, 47, 12.34 W, 22 MHz, 405 MHz, Not Active, Not Active, Not Active, Not Active, Not Active
2026/09/03 21:09:00.547, 519 MiB, 47, 12.34 W, 22 MHz, 405 MHz, Not Active, Not Active, Not Active, Not Active, Not Active
2026/09/03 21:09:00.748, 519 MiB, 47, 12.94 W, 22 MHz, 405 MHz, Not Active, Not Active, Not Active, Not Active, Not Active
2026/09/03 21:09:00.948, 519 MiB, 47, 12.94 W, 22 MHz, 405 MHz, Not Active, Not Active, Not Active, Not Active, Not Active
2026/09/03 21:09:01.148, 519 MiB, 47, 13.32 W, 22 MHz, 405 MHz, Not Active, Not Active, Not Active, Not Active, Not Active
2026/09/03 21:09:01.349, 519 MiB, 47, 13.32 W, 22 MHz, 405 MHz, Not Active, Not Active, Not Active, Not Active, Not Active
2026/09/03 21:09:01.549, 519 MiB, 47, 13.32 W, 22 MHz, 405 MHz, Not Active, Not Active, Not Active, Not Active, Not Active
2026/09/03 21:09:01.749, 519 MiB, 47, 14.33 W, 22 MHz, 405 MHz, Not Active, Not Active, Not Active, Not Active, Not Active
2026/09/03 21:09:01.950, 519 MiB, 47, 14.33 W, 22 MHz, 405 MHz, Not Active, Not Active, Not Active, Not Active, Not Active
2026/09/03 21:09:02.150, 519 MiB, 47, 14.33 W, 22 MHz, 405 MHz, Not Active, Not Active, Not Active, Not Active, Not Active
2026/09/03 21:09:02.350, 519 MiB, 47, 14.33 W, 22 MHz, 405 MHz, Not Active, Not Active, Not Active, Not Active, Not Active
2026/09/03 21:09:02.550, 519 MiB, 47, 14.33 W, 22 MHz, 405 MHz, Not Active, Not Active, Not Active, Not Active, Not Active
2026/09/03 21:09:02.751, 519 MiB, 47, 12.49 W, 22 MHz, 405 MHz, Not Active, Not Active, Not Active, Not Active, Not Active
2026/09/03 21:09:02.951, 519 MiB, 47, 12.49 W, 22 MHz, 405 MHz, Not Active, Not Active, Not Active, Not Active, Not Active
2026/09/03 21:09:03.151, 519 MiB, 47, 12.49 W, 22 MHz, 405 MHz, Not Active, Not Active, Not Active, Not Active, Not Active
2026/09/03 21:09:03.352, 519 MiB, 47, 12.49 W, 22 MHz, 405 MHz, Not Active, Not Active, Not Active, Not Active, Not Active
2026/09/03 21:09:03.552, 519 MiB, 47, 12.49 W, 22 MHz, 405 MHz, Not Active, Not Active, Not Active, Not Active, Not Active
2026/09/03 21:09:03.752, 519 MiB, 47, 12.05 W, 22 MHz, 405 MHz, Not Active, Not Active, Not Active, Not Active, Not Active
2026/09/03 21:09:03.954, 519 MiB, 47, 12.05 W, 22 MHz, 405 MHz, Not Active, Not Active, Not Active, Not Active, Not Active
2026/09/03 21:09:04.154, 519 MiB, 47, 12.05 W, 22 MHz, 405 MHz, Not Active, Not Active, Not Active, Not Active, Not Active
2026/09/03 21:09:04.355, 519 MiB, 47, 12.05 W, 22 MHz, 405 MHz, Not Active, Not Active, Not Active, Not Active, Not Active
2026/09/03 21:09:04.555, 519 MiB, 47, 12.05 W, 22 MHz, 405 MHz, Not Active, Not Active, Not Active, Not Active, Not Active
2026/09/03 21:09:04.755, 519 MiB, 47, 12.23 W, 22 MHz, 405 MHz, Not Active, Not Active, Not Active, Not Active, Not Active
2026/09/03 21:09:04.956, 519 MiB, 47, 12.23 W, 22 MHz, 405 MHz, Not Active, Not Active, Not Active, Not Active, Not Active
2026/09/03 21:09:05.156, 519 MiB, 47, 12.23 W, 22 MHz, 405 MHz, Not Active, Not Active, Not Active, Not Active, Not Active
2026/09/03 21:09:05.356, 519 MiB, 47, 12.23 W, 22 MHz, 405 MHz, Not Active, Not Active, Not Active, Not Active, Not Active
2026/09/03 21:09:05.557, 519 MiB, 47, 12.23 W, 22 MHz, 405 MHz, Not Active, Not Active, Not Active, Not Active, Not Active
2026/09/03 21:09:05.757, 519 MiB, 47, 12.27 W, 22 MHz, 405 MHz, Not Active, Not Active, Not Active, Not Active, Not Active
2026/09/03 21:09:05.957, 519 MiB, 47, 12.27 W, 22 MHz, 405 MHz, Not Active, Not Active, Not Active, Not Active, Not Active
2026/09/03 21:09:06.158, 519 MiB, 47, 12.27 W, 22 MHz, 405 MHz, Not Active, Not Active, Not Active, Not Active, Not Active
2026/09/03 21:09:06.358, 519 MiB, 47, 12.27 W, 22 MHz, 405 MHz, Not Active, Not Active, Not Active, Not Active, Not Active
2026/09/03 21:09:06.558, 519 MiB, 47, 12.27 W, 22 MHz, 405 MHz, Not Active, Not Active, Not Active, Not Active, Not Active
2026/09/03 21:09:06.758, 519 MiB, 47, 12.37 W, 22 MHz, 405 MHz, Not Active, Not Active, Not Active, Not Active, Not Active
2026/09/03 21:09:06.959, 519 MiB, 47, 12.37 W, 22 MHz, 405 MHz, Not Active, Not Active, Not Active, Not Active, Not Active
2026/09/03 21:09:07.159, 519 MiB, 47, 12.37 W, 22 MHz, 405 MHz, Not Active, Not Active, Not Active, Not Active, Not Active
2026/09/03 21:09:07.359, 519 MiB, 47, 12.37 W, 22 MHz, 405 MHz, Not Active, Not Active, Not Active, Not Active, Not Active
2026/09/03 21:09:07.559, 519 MiB, 47, 12.37 W, 22 MHz, 405 MHz, Not Active, Not Active, Not Active, Not Active, Not Active
2026/09/03 21:09:07.760, 519 MiB, 47, 12.70 W, 24 MHz, 405 MHz, Not Active, Not Active, Not Active, Not Active, Not Active
2026/09/03 21:09:07.960, 519 MiB, 47, 12.70 W, 24 MHz, 405 MHz, Not Active, Not Active, Not Active, Not Active, Not Active
2026/09/03 21:09:08.160, 519 MiB, 47, 13.18 W, 22 MHz, 405 MHz, Not Active, Not Active, Not Active, Not Active, Not Active
2026/09/03 21:09:08.361, 519 MiB, 47, 13.18 W, 22 MHz, 405 MHz, Not Active, Not Active, Not Active, Not Active, Not Active
2026/09/03 21:09:08.561, 519 MiB, 47, 13.18 W, 22 MHz, 405 MHz, Not Active, Not Active, Not Active, Not Active, Not Active
2026/09/03 21:09:08.761, 519 MiB, 47, 14.27 W, 22 MHz, 405 MHz, Not Active, Not Active, Not Active, Not Active, Not Active
2026/09/03 21:09:08.962, 519 MiB, 47, 14.27 W, 22 MHz, 405 MHz, Not Active, Not Active, Not Active, Not Active, Not Active
2026/09/03 21:09:09.162, 519 MiB, 47, 14.27 W, 22 MHz, 405 MHz, Not Active, Not Active, Not Active, Not Active, Not Active
2026/09/03 21:09:09.362, 519 MiB, 47, 14.27 W, 22 MHz, 405 MHz, Not Active, Not Active, Not Active, Not Active, Not Active
2026/09/03 21:09:09.563, 519 MiB, 47, 14.27 W, 22 MHz, 405 MHz, Not Active, Not Active, Not Active, Not Active, Not Active
2026/09/03 21:09:09.763, 519 MiB, 47, 12.34 W, 22 MHz, 405 MHz, Not Active, Not Active, Not Active, Not Active, Not Active
2026/09/03 21:09:09.963, 519 MiB, 47, 12.34 W, 22 MHz, 405 MHz, Not Active, Not Active, Not Active, Not Active, Not Active
2026/09/03 21:09:10.163, 519 MiB, 47, 12.34 W, 22 MHz, 405 MHz, Not Active, Not Active, Not Active, Not Active, Not Active
2026/09/03 21:09:10.364, 519 MiB, 47, 12.34 W, 22 MHz, 405 MHz, Not Active, Not Active, Not Active, Not Active, Not Active
2026/09/03 21:09:10.564, 519 MiB, 47, 12.34 W, 22 MHz, 405 MHz, Not Active, Not Active, Not Active, Not Active, Not Active
2026/09/03 21:09:10.764, 519 MiB, 47, 12.50 W, 22 MHz, 405 MHz, Not Active, Not Active, Not Active, Not Active, Not Active
2026/09/03 21:09:10.964, 519 MiB, 47, 12.50 W, 22 MHz, 405 MHz, Not Active, Not Active, Not Active, Not Active, Not Active
2026/09/03 21:09:11.164, 519 MiB, 47, 12.50 W, 22 MHz, 405 MHz, Not Active, Not Active, Not Active, Not Active, Not Active
2026/09/03 21:09:11.365, 519 MiB, 47, 12.50 W, 22 MHz, 405 MHz, Not Active, Not Active, Not Active, Not Active, Not Active
2026/09/03 21:09:11.565, 519 MiB, 47, 12.50 W, 22 MHz, 405 MHz, Not Active, Not Active, Not Active, Not Active, Not Active
2026/09/03 21:09:11.765, 519 MiB, 47, 12.40 W, 22 MHz, 405 MHz, Not Active, Not Active, Not Active, Not Active, Not Active
2026/09/03 21:09:11.965, 519 MiB, 47, 12.40 W, 22 MHz, 405 MHz, Not Active, Not Active, Not Active, Not Active, Not Active
2026/09/03 21:09:12.166, 519 MiB, 47, 12.40 W, 22 MHz, 405 MHz, Not Active, Not Active, Not Active, Not Active, Not Active
2026/09/03 21:09:12.366, 519 MiB, 47, 12.40 W, 22 MHz, 405 MHz, Not Active, Not Active, Not Active, Not Active, Not Active
2026/09/03 21:09:12.566, 519 MiB, 47, 12.40 W, 22 MHz, 405 MHz, Not Active, Not Active, Not Active, Not Active, Not Active
2026/09/03 21:09:12.766, 519 MiB, 47, 12.28 W, 22 MHz, 405 MHz, Not Active, Not Active, Not Active, Not Active, Not Active
2026/09/03 21:09:12.967, 519 MiB, 47, 12.28 W, 22 MHz, 405 MHz, Not Active, Not Active, Not Active, Not Active, Not Active
2026/09/03 21:09:13.167, 519 MiB, 47, 12.28 W, 22 MHz, 405 MHz, Not Active, Not Active, Not Active, Not Active, Not Active
2026/09/03 21:09:13.367, 519 MiB, 47, 12.28 W, 22 MHz, 405 MHz, Not Active, Not Active, Not Active, Not Active, Not Active
2026/09/03 21:09:13.567, 519 MiB, 47, 12.28 W, 22 MHz, 405 MHz, Not Active, Not Active, Not Active, Not Active, Not Active
2026/09/03 21:09:13.768, 519 MiB, 47, 12.31 W, 22 MHz, 405 MHz, Not Active, Not Active, Not Active, Not Active, Not Active
2026/09/03 21:09:13.968, 519 MiB, 47, 12.31 W, 22 MHz, 405 MHz, Not Active, Not Active, Not Active, Not Active, Not Active
2026/09/03 21:09:14.168, 519 MiB, 47, 12.31 W, 22 MHz, 405 MHz, Not Active, Not Active, Not Active, Not Active, Not Active
2026/09/03 21:09:14.376, 519 MiB, 47, 12.31 W, 22 MHz, 405 MHz, Not Active, Not Active, Not Active, Not Active, Not Active
2026/09/03 21:09:14.576, 519 MiB, 47, 12.31 W, 22 MHz, 405 MHz, Not Active, Not Active, Not Active, Not Active, Not Active
2026/09/03 21:09:14.776, 519 MiB, 47, 12.44 W, 24 MHz, 405 MHz, Not Active, Not Active, Not Active, Not Active, Not Active
2026/09/03 21:09:14.976, 519 MiB, 47, 12.44 W, 24 MHz, 405 MHz, Not Active, Not Active, Not Active, Not Active, Not Active
2026/09/03 21:09:15.177, 519 MiB, 47, 12.94 W, 22 MHz, 405 MHz, Not Active, Not Active, Not Active, Not Active, Not Active
2026/09/03 21:09:15.377, 519 MiB, 47, 12.94 W, 22 MHz, 405 MHz, Not Active, Not Active, Not Active, Not Active, Not Active
2026/09/03 21:09:15.577, 519 MiB, 47, 12.94 W, 22 MHz, 405 MHz, Not Active, Not Active, Not Active, Not Active, Not Active
2026/09/03 21:09:15.777, 519 MiB, 47, 13.99 W, 22 MHz, 405 MHz, Not Active, Not Active, Not Active, Not Active, Not Active
2026/09/03 21:09:15.978, 519 MiB, 47, 13.99 W, 22 MHz, 405 MHz, Not Active, Not Active, Not Active, Not Active, Not Active
2026/09/03 21:09:16.178, 519 MiB, 47, 13.99 W, 22 MHz, 405 MHz, Not Active, Not Active, Not Active, Not Active, Not Active
2026/09/03 21:09:16.378, 519 MiB, 47, 13.99 W, 22 MHz, 405 MHz, Not Active, Not Active, Not Active, Not Active, Not Active
2026/09/03 21:09:16.579, 519 MiB, 47, 13.99 W, 22 MHz, 405 MHz, Not Active, Not Active, Not Active, Not Active, Not Active
2026/09/03 21:09:16.779, 519 MiB, 47, 12.28 W, 22 MHz, 405 MHz, Not Active, Not Active, Not Active, Not Active, Not Active
2026/09/03 21:09:16.979, 519 MiB, 47, 12.28 W, 22 MHz, 405 MHz, Not Active, Not Active, Not Active, Not Active, Not Active
2026/09/03 21:09:17.179, 519 MiB, 47, 12.28 W, 22 MHz, 405 MHz, Not Active, Not Active, Not Active, Not Active, Not Active
2026/09/03 21:09:17.380, 519 MiB, 47, 12.28 W, 22 MHz, 405 MHz, Not Active, Not Active, Not Active, Not Active, Not Active
2026/09/03 21:09:17.580, 519 MiB, 47, 12.28 W, 22 MHz, 405 MHz, Not Active, Not Active, Not Active, Not Active, Not Active
2026/09/03 21:09:17.780, 519 MiB, 47, 12.21 W, 22 MHz, 405 MHz, Not Active, Not Active, Not Active, Not Active, Not Active
2026/09/03 21:09:17.981, 519 MiB, 47, 12.21 W, 22 MHz, 405 MHz, Not Active, Not Active, Not Active, Not Active, Not Active
2026/09/03 21:09:18.181, 519 MiB, 47, 12.21 W, 22 MHz, 405 MHz, Not Active, Not Active, Not Active, Not Active, Not Active
2026/09/03 21:09:18.381, 519 MiB, 47, 12.21 W, 22 MHz, 405 MHz, Not Active, Not Active, Not Active, Not Active, Not Active
2026/09/03 21:09:18.581, 519 MiB, 47, 12.21 W, 22 MHz, 405 MHz, Not Active, Not Active, Not Active, Not Active, Not Active
2026/09/03 21:09:18.782, 519 MiB, 47, 12.29 W, 22 MHz, 405 MHz, Not Active, Not Active, Not Active, Not Active, Not Active
2026/09/03 21:09:18.982, 519 MiB, 47, 12.29 W, 22 MHz, 405 MHz, Not Active, Not Active, Not Active, Not Active, Not Active
2026/09/03 21:09:19.182, 519 MiB, 47, 12.29 W, 22 MHz, 405 MHz, Not Active, Not Active, Not Active, Not Active, Not Active
2026/09/03 21:09:19.382, 519 MiB, 47, 12.29 W, 22 MHz, 405 MHz, Not Active, Not Active, Not Active, Not Active, Not Active
2026/09/03 21:09:19.583, 519 MiB, 47, 12.29 W, 22 MHz, 405 MHz, Not Active, Not Active, Not Active, Not Active, Not Active
2026/09/03 21:09:19.783, 519 MiB, 47, 12.48 W, 22 MHz, 405 MHz, Not Active, Not Active, Not Active, Not Active, Not Active
2026/09/03 21:09:19.984, 519 MiB, 47, 12.48 W, 22 MHz, 405 MHz, Not Active, Not Active, Not Active, Not Active, Not Active
2026/09/03 21:09:20.184, 519 MiB, 47, 12.48 W, 22 MHz, 405 MHz, Not Active, Not Active, Not Active, Not Active, Not Active
2026/09/03 21:09:20.384, 519 MiB, 47, 12.48 W, 22 MHz, 405 MHz, Not Active, Not Active, Not Active, Not Active, Not Active
2026/09/03 21:09:20.585, 519 MiB, 47, 12.48 W, 22 MHz, 405 MHz, Not Active, Not Active, Not Active, Not Active, Not Active
2026/09/03 21:09:20.785, 519 MiB, 47, 12.35 W, 22 MHz, 405 MHz, Not Active, Not Active, Not Active, Not Active, Not Active
2026/09/03 21:09:20.985, 519 MiB, 47, 12.35 W, 22 MHz, 405 MHz, Not Active, Not Active, Not Active, Not Active, Not Active
2026/09/03 21:09:21.186, 519 MiB, 47, 12.35 W, 22 MHz, 405 MHz, Not Active, Not Active, Not Active, Not Active, Not Active
2026/09/03 21:09:21.386, 519 MiB, 47, 12.35 W, 22 MHz, 405 MHz, Not Active, Not Active, Not Active, Not Active, Not Active
2026/09/03 21:09:21.586, 519 MiB, 47, 12.35 W, 22 MHz, 405 MHz, Not Active, Not Active, Not Active, Not Active, Not Active
2026/09/03 21:09:21.786, 519 MiB, 47, 12.33 W, 22 MHz, 405 MHz, Not Active, Not Active, Not Active, Not Active, Not Active
2026/09/03 21:09:21.987, 519 MiB, 47, 12.33 W, 22 MHz, 405 MHz, Not Active, Not Active, Not Active, Not Active, Not Active
2026/09/03 21:09:22.187, 519 MiB, 47, 12.98 W, 22 MHz, 405 MHz, Not Active, Not Active, Not Active, Not Active, Not Active
2026/09/03 21:09:22.387, 519 MiB, 47, 12.98 W, 22 MHz, 405 MHz, Not Active, Not Active, Not Active, Not Active, Not Active
2026/09/03 21:09:22.588, 519 MiB, 47, 12.98 W, 22 MHz, 405 MHz, Not Active, Not Active, Not Active, Not Active, Not Active
2026/09/03 21:09:22.788, 519 MiB, 47, 13.23 W, 22 MHz, 405 MHz, Not Active, Not Active, Not Active, Not Active, Not Active
2026/09/03 21:09:22.988, 519 MiB, 47, 13.23 W, 22 MHz, 405 MHz, Not Active, Not Active, Not Active, Not Active, Not Active
2026/09/03 21:09:23.188, 519 MiB, 47, 14.15 W, 22 MHz, 405 MHz, Not Active, Not Active, Not Active, Not Active, Not Active
2026/09/03 21:09:23.389, 519 MiB, 47, 14.15 W, 22 MHz, 405 MHz, Not Active, Not Active, Not Active, Not Active, Not Active
2026/09/03 21:09:23.589, 519 MiB, 47, 14.15 W, 22 MHz, 405 MHz, Not Active, Not Active, Not Active, Not Active, Not Active
2026/09/03 21:09:23.789, 519 MiB, 47, 12.22 W, 22 MHz, 405 MHz, Not Active, Not Active, Not Active, Not Active, Not Active
2026/09/03 21:09:23.990, 519 MiB, 47, 12.22 W, 22 MHz, 405 MHz, Not Active, Not Active, Not Active, Not Active, Not Active
2026/09/03 21:09:24.190, 519 MiB, 47, 12.22 W, 22 MHz, 405 MHz, Not Active, Not Active, Not Active, Not Active, Not Active
2026/09/03 21:09:24.390, 519 MiB, 47, 12.22 W, 22 MHz, 405 MHz, Not Active, Not Active, Not Active, Not Active, Not Active
2026/09/03 21:09:24.591, 519 MiB, 47, 12.22 W, 22 MHz, 405 MHz, Not Active, Not Active, Not Active, Not Active, Not Active
2026/09/03 21:09:24.791, 519 MiB, 47, 12.27 W, 22 MHz, 405 MHz, Not Active, Not Active, Not Active, Not Active, Not Active
2026/09/03 21:09:24.991, 519 MiB, 47, 12.27 W, 22 MHz, 405 MHz, Not Active, Not Active, Not Active, Not Active, Not Active
2026/09/03 21:09:25.191, 519 MiB, 47, 12.27 W, 22 MHz, 405 MHz, Not Active, Not Active, Not Active, Not Active, Not Active
2026/09/03 21:09:25.391, 519 MiB, 47, 12.27 W, 22 MHz, 405 MHz, Not Active, Not Active, Not Active, Not Active, Not Active
2026/09/03 21:09:25.592, 519 MiB, 47, 12.27 W, 22 MHz, 405 MHz, Not Active, Not Active, Not Active, Not Active, Not Active
2026/09/03 21:09:25.792, 519 MiB, 47, 12.30 W, 22 MHz, 405 MHz, Not Active, Not Active, Not Active, Not Active, Not Active
2026/09/03 21:09:25.992, 519 MiB, 47, 12.30 W, 22 MHz, 405 MHz, Not Active, Not Active, Not Active, Not Active, Not Active
2026/09/03 21:09:26.192, 519 MiB, 47, 12.30 W, 22 MHz, 405 MHz, Not Active, Not Active, Not Active, Not Active, Not Active
2026/09/03 21:09:26.392, 519 MiB, 47, 12.30 W, 22 MHz, 405 MHz, Not Active, Not Active, Not Active, Not Active, Not Active
2026/09/03 21:09:26.593, 519 MiB, 47, 12.30 W, 22 MHz, 405 MHz, Not Active, Not Active, Not Active, Not Active, Not Active
2026/09/03 21:09:26.793, 519 MiB, 47, 12.29 W, 22 MHz, 405 MHz, Not Active, Not Active, Not Active, Not Active, Not Active
2026/09/03 21:09:26.993, 519 MiB, 47, 12.29 W, 22 MHz, 405 MHz, Not Active, Not Active, Not Active, Not Active, Not Active
2026/09/03 21:09:27.193, 519 MiB, 47, 12.29 W, 22 MHz, 405 MHz, Not Active, Not Active, Not Active, Not Active, Not Active
2026/09/03 21:09:27.394, 519 MiB, 47, 12.29 W, 22 MHz, 405 MHz, Not Active, Not Active, Not Active, Not Active, Not Active
2026/09/03 21:09:27.594, 519 MiB, 47, 12.29 W, 22 MHz, 405 MHz, Not Active, Not Active, Not Active, Not Active, Not Active
2026/09/03 21:09:27.794, 519 MiB, 47, 12.12 W, 22 MHz, 405 MHz, Not Active, Not Active, Not Active, Not Active, Not Active
2026/09/03 21:09:27.994, 519 MiB, 47, 12.12 W, 22 MHz, 405 MHz, Not Active, Not Active, Not Active, Not Active, Not Active
2026/09/03 21:09:28.195, 519 MiB, 47, 12.12 W, 22 MHz, 405 MHz, Not Active, Not Active, Not Active, Not Active, Not Active
2026/09/03 21:09:28.395, 519 MiB, 47, 12.12 W, 22 MHz, 405 MHz, Not Active, Not Active, Not Active, Not Active, Not Active
2026/09/03 21:09:28.595, 519 MiB, 47, 12.12 W, 22 MHz, 405 MHz, Not Active, Not Active, Not Active, Not Active, Not Active
2026/09/03 21:09:28.796, 519 MiB, 47, 12.01 W, 22 MHz, 405 MHz, Not Active, Not Active, Not Active, Not Active, Not Active
2026/09/03 21:09:28.996, 519 MiB, 47, 12.01 W, 22 MHz, 405 MHz, Not Active, Not Active, Not Active, Not Active, Not Active
2026/09/03 21:09:29.196, 519 MiB, 47, 12.43 W, 24 MHz, 405 MHz, Not Active, Not Active, Not Active, Not Active, Not Active
2026/09/03 21:09:29.396, 519 MiB, 47, 12.43 W, 24 MHz, 405 MHz, Not Active, Not Active, Not Active, Not Active, Not Active
2026/09/03 21:09:29.597, 519 MiB, 47, 12.43 W, 24 MHz, 405 MHz, Not Active, Not Active, Not Active, Not Active, Not Active
2026/09/03 21:09:29.797, 519 MiB, 47, 12.79 W, 22 MHz, 405 MHz, Not Active, Not Active, Not Active, Not Active, Not Active
2026/09/03 21:09:29.997, 519 MiB, 47, 12.79 W, 22 MHz, 405 MHz, Not Active, Not Active, Not Active, Not Active, Not Active
2026/09/03 21:09:30.198, 519 MiB, 47, 13.71 W, 22 MHz, 405 MHz, Not Active, Not Active, Not Active, Not Active, Not Active
2026/09/03 21:09:30.398, 519 MiB, 47, 13.71 W, 22 MHz, 405 MHz, Not Active, Not Active, Not Active, Not Active, Not Active
2026/09/03 21:09:30.598, 519 MiB, 47, 13.71 W, 22 MHz, 405 MHz, Not Active, Not Active, Not Active, Not Active, Not Active
2026/09/03 21:09:30.798, 519 MiB, 47, 13.71 W, 22 MHz, 405 MHz, Not Active, Not Active, Not Active, Not Active, Not Active
2026/09/03 21:09:30.999, 519 MiB, 47, 13.71 W, 22 MHz, 405 MHz, Not Active, Not Active, Not Active, Not Active, Not Active
2026/09/03 21:09:31.199, 519 MiB, 47, 11.87 W, 22 MHz, 405 MHz, Not Active, Not Active, Not Active, Not Active, Not Active
2026/09/03 21:09:31.399, 519 MiB, 47, 11.87 W, 22 MHz, 405 MHz, Not Active, Not Active, Not Active, Not Active, Not Active
2026/09/03 21:09:31.599, 519 MiB, 47, 11.87 W, 22 MHz, 405 MHz, Not Active, Not Active, Not Active, Not Active, Not Active
2026/09/03 21:09:31.800, 519 MiB, 47, 11.87 W, 22 MHz, 405 MHz, Not Active, Not Active, Not Active, Not Active, Not Active
2026/09/03 21:09:32.000, 519 MiB, 47, 11.87 W, 22 MHz, 405 MHz, Not Active, Not Active, Not Active, Not Active, Not Active
2026/09/03 21:09:32.200, 519 MiB, 47, 11.87 W, 22 MHz, 405 MHz, Not Active, Not Active, Not Active, Not Active, Not Active
2026/09/03 21:09:32.401, 519 MiB, 47, 11.87 W, 22 MHz, 405 MHz, Not Active, Not Active, Not Active, Not Active, Not Active
2026/09/03 21:09:32.601, 519 MiB, 47, 11.87 W, 22 MHz, 405 MHz, Not Active, Not Active, Not Active, Not Active, Not Active
2026/09/03 21:09:32.801, 519 MiB, 47, 11.87 W, 22 MHz, 405 MHz, Not Active, Not Active, Not Active, Not Active, Not Active
2026/09/03 21:09:33.001, 519 MiB, 47, 11.87 W, 22 MHz, 405 MHz, Not Active, Not Active, Not Active, Not Active, Not Active
2026/09/03 21:09:33.202, 519 MiB, 47, 12.02 W, 22 MHz, 405 MHz, Not Active, Not Active, Not Active, Not Active, Not Active
2026/09/03 21:09:33.402, 519 MiB, 47, 12.02 W, 22 MHz, 405 MHz, Not Active, Not Active, Not Active, Not Active, Not Active
2026/09/03 21:09:33.602, 519 MiB, 47, 12.02 W, 22 MHz, 405 MHz, Not Active, Not Active, Not Active, Not Active, Not Active
2026/09/03 21:09:33.802, 519 MiB, 47, 12.02 W, 22 MHz, 405 MHz, Not Active, Not Active, Not Active, Not Active, Not Active
2026/09/03 21:09:34.003, 519 MiB, 47, 12.02 W, 22 MHz, 405 MHz, Not Active, Not Active, Not Active, Not Active, Not Active
2026/09/03 21:09:34.203, 519 MiB, 46, 12.05 W, 22 MHz, 405 MHz, Not Active, Not Active, Not Active, Not Active, Not Active
2026/09/03 21:09:34.403, 519 MiB, 46, 12.05 W, 22 MHz, 405 MHz, Not Active, Not Active, Not Active, Not Active, Not Active
2026/09/03 21:09:34.603, 519 MiB, 46, 12.05 W, 22 MHz, 405 MHz, Not Active, Not Active, Not Active, Not Active, Not Active
2026/09/03 21:09:34.804, 519 MiB, 46, 12.05 W, 22 MHz, 405 MHz, Not Active, Not Active, Not Active, Not Active, Not Active
2026/09/03 21:09:35.004, 519 MiB, 46, 12.05 W, 22 MHz, 405 MHz, Not Active, Not Active, Not Active, Not Active, Not Active
2026/09/03 21:09:35.204, 519 MiB, 47, 11.93 W, 22 MHz, 405 MHz, Not Active, Not Active, Not Active, Not Active, Not Active
2026/09/03 21:09:35.404, 519 MiB, 47, 11.93 W, 22 MHz, 405 MHz, Not Active, Not Active, Not Active, Not Active, Not Active
2026/09/03 21:09:35.604, 519 MiB, 47, 11.93 W, 22 MHz, 405 MHz, Not Active, Not Active, Not Active, Not Active, Not Active
2026/09/03 21:09:35.805, 519 MiB, 47, 11.93 W, 22 MHz, 405 MHz, Not Active, Not Active, Not Active, Not Active, Not Active
2026/09/03 21:09:36.005, 519 MiB, 47, 11.93 W, 22 MHz, 405 MHz, Not Active, Not Active, Not Active, Not Active, Not Active
2026/09/03 21:09:36.205, 519 MiB, 47, 11.86 W, 24 MHz, 405 MHz, Not Active, Not Active, Not Active, Not Active, Not Active
2026/09/03 21:09:36.406, 519 MiB, 47, 11.86 W, 24 MHz, 405 MHz, Not Active, Not Active, Not Active, Not Active, Not Active
2026/09/03 21:09:36.606, 519 MiB, 47, 11.86 W, 24 MHz, 405 MHz, Not Active, Not Active, Not Active, Not Active, Not Active
2026/09/03 21:09:36.806, 519 MiB, 46, 12.53 W, 22 MHz, 405 MHz, Not Active, Not Active, Not Active, Not Active, Not Active
2026/09/03 21:09:37.006, 519 MiB, 46, 12.53 W, 22 MHz, 405 MHz, Not Active, Not Active, Not Active, Not Active, Not Active
2026/09/03 21:09:37.206, 519 MiB, 46, 13.83 W, 22 MHz, 405 MHz, Not Active, Not Active, Not Active, Not Active, Not Active
2026/09/03 21:09:37.407, 519 MiB, 46, 13.83 W, 22 MHz, 405 MHz, Not Active, Not Active, Not Active, Not Active, Not Active
2026/09/03 21:09:37.607, 519 MiB, 46, 13.83 W, 22 MHz, 405 MHz, Not Active, Not Active, Not Active, Not Active, Not Active
2026/09/03 21:09:37.807, 519 MiB, 46, 13.83 W, 22 MHz, 405 MHz, Not Active, Not Active, Not Active, Not Active, Not Active
2026/09/03 21:09:38.007, 519 MiB, 46, 13.83 W, 22 MHz, 405 MHz, Not Active, Not Active, Not Active, Not Active, Not Active
2026/09/03 21:09:38.208, 519 MiB, 46, 12.16 W, 22 MHz, 405 MHz, Not Active, Not Active, Not Active, Not Active, Not Active
2026/09/03 21:09:38.408, 519 MiB, 46, 12.16 W, 22 MHz, 405 MHz, Not Active, Not Active, Not Active, Not Active, Not Active
2026/09/03 21:09:38.608, 519 MiB, 46, 12.16 W, 22 MHz, 405 MHz, Not Active, Not Active, Not Active, Not Active, Not Active
2026/09/03 21:09:38.809, 519 MiB, 46, 12.16 W, 22 MHz, 405 MHz, Not Active, Not Active, Not Active, Not Active, Not Active
2026/09/03 21:09:39.009, 519 MiB, 46, 12.16 W, 22 MHz, 405 MHz, Not Active, Not Active, Not Active, Not Active, Not Active
2026/09/03 21:09:39.209, 519 MiB, 46, 11.97 W, 22 MHz, 405 MHz, Not Active, Not Active, Not Active, Not Active, Not Active
2026/09/03 21:09:39.409, 519 MiB, 46, 11.97 W, 22 MHz, 405 MHz, Not Active, Not Active, Not Active, Not Active, Not Active
2026/09/03 21:09:39.610, 519 MiB, 46, 11.97 W, 22 MHz, 405 MHz, Not Active, Not Active, Not Active, Not Active, Not Active
2026/09/03 21:09:39.810, 519 MiB, 46, 11.97 W, 22 MHz, 405 MHz, Not Active, Not Active, Not Active, Not Active, Not Active
2026/09/03 21:09:40.010, 519 MiB, 46, 11.97 W, 22 MHz, 405 MHz, Not Active, Not Active, Not Active, Not Active, Not Active
2026/09/03 21:09:40.210, 519 MiB, 46, 11.90 W, 21 MHz, 405 MHz, Not Active, Not Active, Not Active, Not Active, Not Active
2026/09/03 21:09:40.411, 519 MiB, 46, 11.90 W, 21 MHz, 405 MHz, Not Active, Not Active, Not Active, Not Active, Not Active
2026/09/03 21:09:40.611, 519 MiB, 46, 11.90 W, 21 MHz, 405 MHz, Not Active, Not Active, Not Active, Not Active, Not Active
2026/09/03 21:09:40.811, 519 MiB, 46, 11.90 W, 21 MHz, 405 MHz, Not Active, Not Active, Not Active, Not Active, Not Active
2026/09/03 21:09:41.011, 519 MiB, 46, 11.90 W, 21 MHz, 405 MHz, Not Active, Not Active, Not Active, Not Active, Not Active
2026/09/03 21:09:41.212, 519 MiB, 46, 12.16 W, 22 MHz, 405 MHz, Not Active, Not Active, Not Active, Not Active, Not Active
2026/09/03 21:09:41.412, 519 MiB, 46, 12.16 W, 22 MHz, 405 MHz, Not Active, Not Active, Not Active, Not Active, Not Active
2026/09/03 21:09:41.612, 519 MiB, 46, 12.16 W, 22 MHz, 405 MHz, Not Active, Not Active, Not Active, Not Active, Not Active
2026/09/03 21:09:41.812, 519 MiB, 46, 12.16 W, 22 MHz, 405 MHz, Not Active, Not Active, Not Active, Not Active, Not Active
2026/09/03 21:09:42.013, 519 MiB, 46, 12.16 W, 22 MHz, 405 MHz, Not Active, Not Active, Not Active, Not Active, Not Active
2026/09/03 21:09:42.213, 519 MiB, 46, 12.16 W, 22 MHz, 405 MHz, Not Active, Not Active, Not Active, Not Active, Not Active
2026/09/03 21:09:42.413, 519 MiB, 46, 12.16 W, 22 MHz, 405 MHz, Not Active, Not Active, Not Active, Not Active, Not Active
2026/09/03 21:09:42.614, 519 MiB, 46, 12.16 W, 22 MHz, 405 MHz, Not Active, Not Active, Not Active, Not Active, Not Active
2026/09/03 21:09:42.814, 519 MiB, 46, 12.16 W, 22 MHz, 405 MHz, Not Active, Not Active, Not Active, Not Active, Not Active
2026/09/03 21:09:43.014, 519 MiB, 46, 12.16 W, 22 MHz, 405 MHz, Not Active, Not Active, Not Active, Not Active, Not Active
2026/09/03 21:09:43.214, 519 MiB, 46, 12.14 W, 22 MHz, 405 MHz, Not Active, Not Active, Not Active, Not Active, Not Active
2026/09/03 21:09:43.415, 519 MiB, 46, 12.14 W, 22 MHz, 405 MHz, Not Active, Not Active, Not Active, Not Active, Not Active
2026/09/03 21:09:43.615, 519 MiB, 46, 12.14 W, 22 MHz, 405 MHz, Not Active, Not Active, Not Active, Not Active, Not Active
2026/09/03 21:09:43.815, 519 MiB, 46, 12.60 W, 22 MHz, 405 MHz, Not Active, Not Active, Not Active, Not Active, Not Active
2026/09/03 21:09:44.015, 519 MiB, 46, 12.60 W, 22 MHz, 405 MHz, Not Active, Not Active, Not Active, Not Active, Not Active
2026/09/03 21:09:44.216, 519 MiB, 46, 13.74 W, 22 MHz, 405 MHz, Not Active, Not Active, Not Active, Not Active, Not Active
2026/09/03 21:09:44.416, 519 MiB, 46, 13.74 W, 22 MHz, 405 MHz, Not Active, Not Active, Not Active, Not Active, Not Active
2026/09/03 21:09:44.617, 519 MiB, 46, 13.74 W, 22 MHz, 405 MHz, Not Active, Not Active, Not Active, Not Active, Not Active
2026/09/03 21:09:44.817, 519 MiB, 46, 13.74 W, 22 MHz, 405 MHz, Not Active, Not Active, Not Active, Not Active, Not Active
2026/09/03 21:09:45.017, 519 MiB, 46, 13.74 W, 22 MHz, 405 MHz, Not Active, Not Active, Not Active, Not Active, Not Active
2026/09/03 21:09:45.217, 519 MiB, 46, 12.18 W, 22 MHz, 405 MHz, Not Active, Not Active, Not Active, Not Active, Not Active
2026/09/03 21:09:45.418, 519 MiB, 46, 12.18 W, 22 MHz, 405 MHz, Not Active, Not Active, Not Active, Not Active, Not Active
2026/09/03 21:09:45.618, 519 MiB, 46, 12.18 W, 22 MHz, 405 MHz, Not Active, Not Active, Not Active, Not Active, Not Active
2026/09/03 21:09:45.818, 519 MiB, 46, 12.18 W, 22 MHz, 405 MHz, Not Active, Not Active, Not Active, Not Active, Not Active
2026/09/03 21:09:46.018, 519 MiB, 46, 12.18 W, 22 MHz, 405 MHz, Not Active, Not Active, Not Active, Not Active, Not Active
2026/09/03 21:09:46.219, 519 MiB, 46, 12.18 W, 22 MHz, 405 MHz, Not Active, Not Active, Not Active, Not Active, Not Active
2026/09/03 21:09:46.420, 519 MiB, 46, 12.18 W, 22 MHz, 405 MHz, Not Active, Not Active, Not Active, Not Active, Not Active
2026/09/03 21:09:46.620, 519 MiB, 46, 12.18 W, 22 MHz, 405 MHz, Not Active, Not Active, Not Active, Not Active, Not Active
2026/09/03 21:09:46.820, 519 MiB, 46, 12.18 W, 22 MHz, 405 MHz, Not Active, Not Active, Not Active, Not Active, Not Active
2026/09/03 21:09:47.020, 519 MiB, 46, 12.18 W, 22 MHz, 405 MHz, Not Active, Not Active, Not Active, Not Active, Not Active
2026/09/03 21:09:47.221, 519 MiB, 46, 11.97 W, 22 MHz, 405 MHz, Not Active, Not Active, Not Active, Not Active, Not Active
2026/09/03 21:09:47.421, 519 MiB, 46, 11.97 W, 22 MHz, 405 MHz, Not Active, Not Active, Not Active, Not Active, Not Active
2026/09/03 21:09:47.621, 519 MiB, 46, 11.97 W, 22 MHz, 405 MHz, Not Active, Not Active, Not Active, Not Active, Not Active
2026/09/03 21:09:47.822, 519 MiB, 46, 11.97 W, 22 MHz, 405 MHz, Not Active, Not Active, Not Active, Not Active, Not Active
2026/09/03 21:09:48.022, 519 MiB, 46, 11.97 W, 22 MHz, 405 MHz, Not Active, Not Active, Not Active, Not Active, Not Active
2026/09/03 21:09:48.223, 519 MiB, 46, 12.20 W, 22 MHz, 405 MHz, Not Active, Not Active, Not Active, Not Active, Not Active
2026/09/03 21:09:48.423, 519 MiB, 46, 12.20 W, 22 MHz, 405 MHz, Not Active, Not Active, Not Active, Not Active, Not Active
2026/09/03 21:09:48.623, 519 MiB, 46, 12.20 W, 22 MHz, 405 MHz, Not Active, Not Active, Not Active, Not Active, Not Active
2026/09/03 21:09:48.824, 519 MiB, 46, 12.20 W, 22 MHz, 405 MHz, Not Active, Not Active, Not Active, Not Active, Not Active
2026/09/03 21:09:49.024, 519 MiB, 46, 12.20 W, 22 MHz, 405 MHz, Not Active, Not Active, Not Active, Not Active, Not Active
2026/09/03 21:09:49.224, 519 MiB, 46, 12.19 W, 22 MHz, 405 MHz, Not Active, Not Active, Not Active, Not Active, Not Active
2026/09/03 21:09:49.424, 519 MiB, 46, 12.19 W, 22 MHz, 405 MHz, Not Active, Not Active, Not Active, Not Active, Not Active
2026/09/03 21:09:49.625, 519 MiB, 46, 12.19 W, 22 MHz, 405 MHz, Not Active, Not Active, Not Active, Not Active, Not Active
2026/09/03 21:09:49.825, 519 MiB, 46, 12.19 W, 22 MHz, 405 MHz, Not Active, Not Active, Not Active, Not Active, Not Active
2026/09/03 21:09:50.025, 519 MiB, 46, 12.19 W, 22 MHz, 405 MHz, Not Active, Not Active, Not Active, Not Active, Not Active
2026/09/03 21:09:50.226, 519 MiB, 46, 12.27 W, 22 MHz, 405 MHz, Not Active, Not Active, Not Active, Not Active, Not Active
2026/09/03 21:09:50.426, 519 MiB, 46, 12.27 W, 22 MHz, 405 MHz, Not Active, Not Active, Not Active, Not Active, Not Active
2026/09/03 21:09:50.626, 519 MiB, 46, 12.27 W, 22 MHz, 405 MHz, Not Active, Not Active, Not Active, Not Active, Not Active
2026/09/03 21:09:50.827, 519 MiB, 46, 12.79 W, 24 MHz, 405 MHz, Not Active, Not Active, Not Active, Not Active, Not Active
2026/09/03 21:09:51.027, 519 MiB, 46, 12.79 W, 24 MHz, 405 MHz, Not Active, Not Active, Not Active, Not Active, Not Active
2026/09/03 21:09:51.227, 519 MiB, 46, 13.26 W, 22 MHz, 405 MHz, Not Active, Not Active, Not Active, Not Active, Not Active
2026/09/03 21:09:51.427, 519 MiB, 46, 13.26 W, 22 MHz, 405 MHz, Not Active, Not Active, Not Active, Not Active, Not Active
2026/09/03 21:09:51.628, 519 MiB, 46, 13.26 W, 22 MHz, 405 MHz, Not Active, Not Active, Not Active, Not Active, Not Active
2026/09/03 21:09:51.828, 519 MiB, 46, 14.30 W, 22 MHz, 405 MHz, Not Active, Not Active, Not Active, Not Active, Not Active
2026/09/03 21:09:52.028, 519 MiB, 46, 14.30 W, 22 MHz, 405 MHz, Not Active, Not Active, Not Active, Not Active, Not Active
2026/09/03 21:09:52.228, 519 MiB, 46, 14.30 W, 22 MHz, 405 MHz, Not Active, Not Active, Not Active, Not Active, Not Active
2026/09/03 21:09:52.429, 519 MiB, 46, 14.30 W, 22 MHz, 405 MHz, Not Active, Not Active, Not Active, Not Active, Not Active
2026/09/03 21:09:52.629, 519 MiB, 46, 14.30 W, 22 MHz, 405 MHz, Not Active, Not Active, Not Active, Not Active, Not Active
2026/09/03 21:09:52.829, 519 MiB, 46, 12.58 W, 22 MHz, 405 MHz, Not Active, Not Active, Not Active, Not Active, Not Active
2026/09/03 21:09:53.029, 519 MiB, 46, 12.58 W, 22 MHz, 405 MHz, Not Active, Not Active, Not Active, Not Active, Not Active
2026/09/03 21:09:53.230, 519 MiB, 46, 12.58 W, 22 MHz, 405 MHz, Not Active, Not Active, Not Active, Not Active, Not Active
2026/09/03 21:09:53.430, 519 MiB, 46, 12.58 W, 22 MHz, 405 MHz, Not Active, Not Active, Not Active, Not Active, Not Active
2026/09/03 21:09:53.630, 519 MiB, 46, 12.58 W, 22 MHz, 405 MHz, Not Active, Not Active, Not Active, Not Active, Not Active
2026/09/03 21:09:53.830, 519 MiB, 46, 12.61 W, 22 MHz, 405 MHz, Not Active, Not Active, Not Active, Not Active, Not Active
2026/09/03 21:09:54.031, 519 MiB, 46, 12.61 W, 22 MHz, 405 MHz, Not Active, Not Active, Not Active, Not Active, Not Active
2026/09/03 21:09:54.231, 519 MiB, 46, 12.61 W, 22 MHz, 405 MHz, Not Active, Not Active, Not Active, Not Active, Not Active
2026/09/03 21:09:54.431, 519 MiB, 46, 12.61 W, 22 MHz, 405 MHz, Not Active, Not Active, Not Active, Not Active, Not Active
2026/09/03 21:09:54.631, 519 MiB, 46, 12.61 W, 22 MHz, 405 MHz, Not Active, Not Active, Not Active, Not Active, Not Active
2026/09/03 21:09:54.831, 519 MiB, 46, 12.61 W, 22 MHz, 405 MHz, Not Active, Not Active, Not Active, Not Active, Not Active
2026/09/03 21:09:55.032, 519 MiB, 46, 12.61 W, 22 MHz, 405 MHz, Not Active, Not Active, Not Active, Not Active, Not Active
2026/09/03 21:09:55.232, 519 MiB, 46, 12.61 W, 22 MHz, 405 MHz, Not Active, Not Active, Not Active, Not Active, Not Active
2026/09/03 21:09:55.432, 519 MiB, 46, 12.61 W, 22 MHz, 405 MHz, Not Active, Not Active, Not Active, Not Active, Not Active
2026/09/03 21:09:55.632, 519 MiB, 46, 12.61 W, 22 MHz, 405 MHz, Not Active, Not Active, Not Active, Not Active, Not Active
2026/09/03 21:09:55.833, 519 MiB, 46, 12.56 W, 22 MHz, 405 MHz, Not Active, Not Active, Not Active, Not Active, Not Active
2026/09/03 21:09:56.033, 519 MiB, 46, 12.56 W, 22 MHz, 405 MHz, Not Active, Not Active, Not Active, Not Active, Not Active
2026/09/03 21:09:56.233, 519 MiB, 46, 12.56 W, 22 MHz, 405 MHz, Not Active, Not Active, Not Active, Not Active, Not Active
2026/09/03 21:09:56.433, 519 MiB, 46, 12.56 W, 22 MHz, 405 MHz, Not Active, Not Active, Not Active, Not Active, Not Active
2026/09/03 21:09:56.634, 519 MiB, 46, 12.56 W, 22 MHz, 405 MHz, Not Active, Not Active, Not Active, Not Active, Not Active
2026/09/03 21:09:56.834, 519 MiB, 46, 12.31 W, 22 MHz, 405 MHz, Not Active, Not Active, Not Active, Not Active, Not Active
2026/09/03 21:09:57.034, 519 MiB, 46, 12.31 W, 22 MHz, 405 MHz, Not Active, Not Active, Not Active, Not Active, Not Active
2026/09/03 21:09:57.234, 519 MiB, 46, 12.31 W, 22 MHz, 405 MHz, Not Active, Not Active, Not Active, Not Active, Not Active
2026/09/03 21:09:57.434, 519 MiB, 46, 12.31 W, 22 MHz, 405 MHz, Not Active, Not Active, Not Active, Not Active, Not Active
2026/09/03 21:09:57.635, 519 MiB, 46, 12.31 W, 22 MHz, 405 MHz, Not Active, Not Active, Not Active, Not Active, Not Active
2026/09/03 21:09:57.835, 519 MiB, 46, 12.42 W, 22 MHz, 405 MHz, Not Active, Not Active, Not Active, Not Active, Not Active
2026/09/03 21:09:58.035, 519 MiB, 46, 12.42 W, 22 MHz, 405 MHz, Not Active, Not Active, Not Active, Not Active, Not Active
2026/09/03 21:09:58.236, 519 MiB, 46, 12.95 W, 22 MHz, 405 MHz, Not Active, Not Active, Not Active, Not Active, Not Active
2026/09/03 21:09:58.436, 519 MiB, 46, 12.95 W, 22 MHz, 405 MHz, Not Active, Not Active, Not Active, Not Active, Not Active
2026/09/03 21:09:58.637, 519 MiB, 46, 12.95 W, 22 MHz, 405 MHz, Not Active, Not Active, Not Active, Not Active, Not Active
2026/09/03 21:09:58.837, 519 MiB, 46, 14.00 W, 22 MHz, 405 MHz, Not Active, Not Active, Not Active, Not Active, Not Active
2026/09/03 21:09:59.037, 519 MiB, 46, 14.00 W, 22 MHz, 405 MHz, Not Active, Not Active, Not Active, Not Active, Not Active
2026/09/03 21:09:59.237, 519 MiB, 46, 14.00 W, 22 MHz, 405 MHz, Not Active, Not Active, Not Active, Not Active, Not Active
2026/09/03 21:09:59.438, 519 MiB, 46, 14.00 W, 22 MHz, 405 MHz, Not Active, Not Active, Not Active, Not Active, Not Active
2026/09/03 21:09:59.638, 519 MiB, 46, 14.00 W, 22 MHz, 405 MHz, Not Active, Not Active, Not Active, Not Active, Not Active
2026/09/03 21:09:59.838, 519 MiB, 46, 12.11 W, 22 MHz, 405 MHz, Not Active, Not Active, Not Active, Not Active, Not Active
2026/09/03 21:10:00.038, 519 MiB, 46, 12.11 W, 22 MHz, 405 MHz, Not Active, Not Active, Not Active, Not Active, Not Active
2026/09/03 21:10:00.238, 519 MiB, 46, 12.11 W, 22 MHz, 405 MHz, Not Active, Not Active, Not Active, Not Active, Not Active
2026/09/03 21:10:00.439, 519 MiB, 46, 12.11 W, 22 MHz, 405 MHz, Not Active, Not Active, Not Active, Not Active, Not Active
2026/09/03 21:10:00.639, 519 MiB, 46, 12.11 W, 22 MHz, 405 MHz, Not Active, Not Active, Not Active, Not Active, Not Active
2026/09/03 21:10:00.839, 519 MiB, 46, 12.12 W, 22 MHz, 405 MHz, Not Active, Not Active, Not Active, Not Active, Not Active
2026/09/03 21:10:01.040, 519 MiB, 46, 12.12 W, 22 MHz, 405 MHz, Not Active, Not Active, Not Active, Not Active, Not Active
2026/09/03 21:10:01.240, 519 MiB, 46, 12.12 W, 22 MHz, 405 MHz, Not Active, Not Active, Not Active, Not Active, Not Active
2026/09/03 21:10:01.440, 519 MiB, 46, 12.12 W, 22 MHz, 405 MHz, Not Active, Not Active, Not Active, Not Active, Not Active
2026/09/03 21:10:01.640, 519 MiB, 46, 12.12 W, 22 MHz, 405 MHz, Not Active, Not Active, Not Active, Not Active, Not Active
2026/09/03 21:10:01.840, 519 MiB, 46, 12.18 W, 22 MHz, 405 MHz, Not Active, Not Active, Not Active, Not Active, Not Active
2026/09/03 21:10:02.041, 519 MiB, 46, 12.18 W, 22 MHz, 405 MHz, Not Active, Not Active, Not Active, Not Active, Not Active
2026/09/03 21:10:02.241, 519 MiB, 46, 12.18 W, 22 MHz, 405 MHz, Not Active, Not Active, Not Active, Not Active, Not Active
2026/09/03 21:10:02.441, 519 MiB, 46, 12.18 W, 22 MHz, 405 MHz, Not Active, Not Active, Not Active, Not Active, Not Active
2026/09/03 21:10:02.641, 519 MiB, 46, 12.18 W, 22 MHz, 405 MHz, Not Active, Not Active, Not Active, Not Active, Not Active
2026/09/03 21:10:02.841, 519 MiB, 46, 12.24 W, 22 MHz, 405 MHz, Not Active, Not Active, Not Active, Not Active, Not Active
2026/09/03 21:10:03.042, 519 MiB, 46, 12.24 W, 22 MHz, 405 MHz, Not Active, Not Active, Not Active, Not Active, Not Active
2026/09/03 21:10:03.242, 519 MiB, 46, 12.24 W, 22 MHz, 405 MHz, Not Active, Not Active, Not Active, Not Active, Not Active
2026/09/03 21:10:03.442, 519 MiB, 46, 12.24 W, 22 MHz, 405 MHz, Not Active, Not Active, Not Active, Not Active, Not Active
2026/09/03 21:10:03.642, 519 MiB, 46, 12.24 W, 22 MHz, 405 MHz, Not Active, Not Active, Not Active, Not Active, Not Active
2026/09/03 21:10:03.843, 519 MiB, 46, 12.08 W, 22 MHz, 405 MHz, Not Active, Not Active, Not Active, Not Active, Not Active
2026/09/03 21:10:04.043, 519 MiB, 46, 12.08 W, 22 MHz, 405 MHz, Not Active, Not Active, Not Active, Not Active, Not Active
2026/09/03 21:10:04.243, 519 MiB, 46, 12.08 W, 22 MHz, 405 MHz, Not Active, Not Active, Not Active, Not Active, Not Active
2026/09/03 21:10:04.443, 519 MiB, 46, 12.08 W, 22 MHz, 405 MHz, Not Active, Not Active, Not Active, Not Active, Not Active
2026/09/03 21:10:04.644, 519 MiB, 46, 12.08 W, 22 MHz, 405 MHz, Not Active, Not Active, Not Active, Not Active, Not Active
2026/09/03 21:10:04.844, 519 MiB, 46, 12.05 W, 22 MHz, 405 MHz, Not Active, Not Active, Not Active, Not Active, Not Active
2026/09/03 21:10:05.044, 519 MiB, 46, 12.05 W, 22 MHz, 405 MHz, Not Active, Not Active, Not Active, Not Active, Not Active
2026/09/03 21:10:05.245, 519 MiB, 46, 12.72 W, 22 MHz, 405 MHz, Not Active, Not Active, Not Active, Not Active, Not Active
2026/09/03 21:10:05.445, 519 MiB, 46, 12.72 W, 22 MHz, 405 MHz, Not Active, Not Active, Not Active, Not Active, Not Active
2026/09/03 21:10:05.645, 519 MiB, 46, 12.72 W, 22 MHz, 405 MHz, Not Active, Not Active, Not Active, Not Active, Not Active
2026/09/03 21:10:05.845, 519 MiB, 46, 14.06 W, 22 MHz, 405 MHz, Not Active, Not Active, Not Active, Not Active, Not Active
2026/09/03 21:10:06.046, 519 MiB, 46, 14.06 W, 22 MHz, 405 MHz, Not Active, Not Active, Not Active, Not Active, Not Active
2026/09/03 21:10:06.246, 519 MiB, 46, 14.06 W, 22 MHz, 405 MHz, Not Active, Not Active, Not Active, Not Active, Not Active
2026/09/03 21:10:06.446, 519 MiB, 46, 14.06 W, 22 MHz, 405 MHz, Not Active, Not Active, Not Active, Not Active, Not Active
2026/09/03 21:10:06.647, 519 MiB, 46, 14.06 W, 22 MHz, 405 MHz, Not Active, Not Active, Not Active, Not Active, Not Active
2026/09/03 21:10:06.847, 519 MiB, 46, 12.20 W, 22 MHz, 405 MHz, Not Active, Not Active, Not Active, Not Active, Not Active
2026/09/03 21:10:07.047, 519 MiB, 46, 12.20 W, 22 MHz, 405 MHz, Not Active, Not Active, Not Active, Not Active, Not Active
2026/09/03 21:10:07.247, 519 MiB, 46, 12.20 W, 22 MHz, 405 MHz, Not Active, Not Active, Not Active, Not Active, Not Active
2026/09/03 21:10:07.448, 519 MiB, 46, 12.20 W, 22 MHz, 405 MHz, Not Active, Not Active, Not Active, Not Active, Not Active
2026/09/03 21:10:07.648, 519 MiB, 46, 12.20 W, 22 MHz, 405 MHz, Not Active, Not Active, Not Active, Not Active, Not Active
2026/09/03 21:10:07.848, 519 MiB, 46, 12.13 W, 22 MHz, 405 MHz, Not Active, Not Active, Not Active, Not Active, Not Active
2026/09/03 21:10:08.048, 519 MiB, 46, 12.13 W, 22 MHz, 405 MHz, Not Active, Not Active, Not Active, Not Active, Not Active
2026/09/03 21:10:08.249, 519 MiB, 46, 12.13 W, 22 MHz, 405 MHz, Not Active, Not Active, Not Active, Not Active, Not Active
2026/09/03 21:10:08.449, 519 MiB, 46, 12.13 W, 22 MHz, 405 MHz, Not Active, Not Active, Not Active, Not Active, Not Active
2026/09/03 21:10:08.649, 519 MiB, 46, 12.13 W, 22 MHz, 405 MHz, Not Active, Not Active, Not Active, Not Active, Not Active
2026/09/03 21:10:08.849, 519 MiB, 46, 11.97 W, 22 MHz, 405 MHz, Not Active, Not Active, Not Active, Not Active, Not Active
2026/09/03 21:10:09.050, 519 MiB, 46, 11.97 W, 22 MHz, 405 MHz, Not Active, Not Active, Not Active, Not Active, Not Active
2026/09/03 21:10:09.250, 519 MiB, 46, 11.97 W, 22 MHz, 405 MHz, Not Active, Not Active, Not Active, Not Active, Not Active
2026/09/03 21:10:09.450, 519 MiB, 46, 11.97 W, 22 MHz, 405 MHz, Not Active, Not Active, Not Active, Not Active, Not Active
2026/09/03 21:10:09.651, 519 MiB, 46, 11.97 W, 22 MHz, 405 MHz, Not Active, Not Active, Not Active, Not Active, Not Active
2026/09/03 21:10:09.851, 519 MiB, 46, 11.89 W, 22 MHz, 405 MHz, Not Active, Not Active, Not Active, Not Active, Not Active
2026/09/03 21:10:10.051, 519 MiB, 46, 11.89 W, 22 MHz, 405 MHz, Not Active, Not Active, Not Active, Not Active, Not Active
2026/09/03 21:10:10.251, 519 MiB, 46, 11.89 W, 22 MHz, 405 MHz, Not Active, Not Active, Not Active, Not Active, Not Active
2026/09/03 21:10:10.452, 519 MiB, 46, 11.89 W, 22 MHz, 405 MHz, Not Active, Not Active, Not Active, Not Active, Not Active
2026/09/03 21:10:10.652, 519 MiB, 46, 11.89 W, 22 MHz, 405 MHz, Not Active, Not Active, Not Active, Not Active, Not Active
2026/09/03 21:10:10.852, 519 MiB, 46, 11.92 W, 22 MHz, 405 MHz, Not Active, Not Active, Not Active, Not Active, Not Active
2026/09/03 21:10:11.052, 519 MiB, 46, 11.92 W, 22 MHz, 405 MHz, Not Active, Not Active, Not Active, Not Active, Not Active
2026/09/03 21:10:11.253, 519 MiB, 46, 11.92 W, 22 MHz, 405 MHz, Not Active, Not Active, Not Active, Not Active, Not Active
2026/09/03 21:10:11.453, 519 MiB, 46, 11.92 W, 22 MHz, 405 MHz, Not Active, Not Active, Not Active, Not Active, Not Active
2026/09/03 21:10:11.653, 519 MiB, 46, 11.92 W, 22 MHz, 405 MHz, Not Active, Not Active, Not Active, Not Active, Not Active
2026/09/03 21:10:11.854, 519 MiB, 46, 11.76 W, 22 MHz, 405 MHz, Not Active, Not Active, Not Active, Not Active, Not Active
2026/09/03 21:10:12.054, 519 MiB, 46, 11.76 W, 22 MHz, 405 MHz, Not Active, Not Active, Not Active, Not Active, Not Active
2026/09/03 21:10:12.254, 519 MiB, 46, 12.06 W, 24 MHz, 405 MHz, Not Active, Not Active, Not Active, Not Active, Not Active
2026/09/03 21:10:12.454, 519 MiB, 46, 12.06 W, 24 MHz, 405 MHz, Not Active, Not Active, Not Active, Not Active, Not Active
2026/09/03 21:10:12.655, 519 MiB, 46, 12.06 W, 24 MHz, 405 MHz, Not Active, Not Active, Not Active, Not Active, Not Active
2026/09/03 21:10:12.856, 519 MiB, 46, 12.52 W, 22 MHz, 405 MHz, Not Active, Not Active, Not Active, Not Active, Not Active
2026/09/03 21:10:13.056, 519 MiB, 46, 12.52 W, 22 MHz, 405 MHz, Not Active, Not Active, Not Active, Not Active, Not Active
2026/09/03 21:10:13.257, 519 MiB, 46, 13.47 W, 22 MHz, 405 MHz, Not Active, Not Active, Not Active, Not Active, Not Active
2026/09/03 21:10:13.457, 519 MiB, 46, 13.47 W, 22 MHz, 405 MHz, Not Active, Not Active, Not Active, Not Active, Not Active
2026/09/03 21:10:13.657, 519 MiB, 46, 13.47 W, 22 MHz, 405 MHz, Not Active, Not Active, Not Active, Not Active, Not Active
2026/09/03 21:10:13.858, 519 MiB, 46, 13.47 W, 22 MHz, 405 MHz, Not Active, Not Active, Not Active, Not Active, Not Active
2026/09/03 21:10:14.058, 519 MiB, 46, 13.47 W, 22 MHz, 405 MHz, Not Active, Not Active, Not Active, Not Active, Not Active
2026/09/03 21:10:14.258, 519 MiB, 46, 12.24 W, 22 MHz, 405 MHz, Not Active, Not Active, Not Active, Not Active, Not Active
2026/09/03 21:10:14.458, 519 MiB, 46, 12.24 W, 22 MHz, 405 MHz, Not Active, Not Active, Not Active, Not Active, Not Active
2026/09/03 21:10:14.659, 519 MiB, 46, 12.24 W, 22 MHz, 405 MHz, Not Active, Not Active, Not Active, Not Active, Not Active
2026/09/03 21:10:14.859, 519 MiB, 46, 12.24 W, 22 MHz, 405 MHz, Not Active, Not Active, Not Active, Not Active, Not Active
2026/09/03 21:10:15.059, 519 MiB, 46, 12.24 W, 22 MHz, 405 MHz, Not Active, Not Active, Not Active, Not Active, Not Active
2026/09/03 21:10:15.260, 519 MiB, 46, 12.25 W, 22 MHz, 405 MHz, Not Active, Not Active, Not Active, Not Active, Not Active
2026/09/03 21:10:15.460, 519 MiB, 46, 12.25 W, 22 MHz, 405 MHz, Not Active, Not Active, Not Active, Not Active, Not Active
2026/09/03 21:10:15.660, 519 MiB, 46, 12.25 W, 22 MHz, 405 MHz, Not Active, Not Active, Not Active, Not Active, Not Active
2026/09/03 21:10:15.860, 519 MiB, 46, 12.25 W, 22 MHz, 405 MHz, Not Active, Not Active, Not Active, Not Active, Not Active
2026/09/03 21:10:16.061, 519 MiB, 46, 12.25 W, 22 MHz, 405 MHz, Not Active, Not Active, Not Active, Not Active, Not Active
2026/09/03 21:10:16.261, 519 MiB, 46, 11.91 W, 22 MHz, 405 MHz, Not Active, Not Active, Not Active, Not Active, Not Active
2026/09/03 21:10:16.461, 519 MiB, 46, 11.91 W, 22 MHz, 405 MHz, Not Active, Not Active, Not Active, Not Active, Not Active
2026/09/03 21:10:16.662, 519 MiB, 46, 11.91 W, 22 MHz, 405 MHz, Not Active, Not Active, Not Active, Not Active, Not Active
2026/09/03 21:10:16.862, 519 MiB, 46, 11.91 W, 22 MHz, 405 MHz, Not Active, Not Active, Not Active, Not Active, Not Active
2026/09/03 21:10:17.062, 519 MiB, 46, 11.91 W, 22 MHz, 405 MHz, Not Active, Not Active, Not Active, Not Active, Not Active
2026/09/03 21:10:17.262, 519 MiB, 46, 11.85 W, 22 MHz, 405 MHz, Not Active, Not Active, Not Active, Not Active, Not Active
2026/09/03 21:10:17.463, 519 MiB, 46, 11.85 W, 22 MHz, 405 MHz, Not Active, Not Active, Not Active, Not Active, Not Active
2026/09/03 21:10:17.663, 519 MiB, 46, 11.85 W, 22 MHz, 405 MHz, Not Active, Not Active, Not Active, Not Active, Not Active
2026/09/03 21:10:17.863, 519 MiB, 46, 11.85 W, 22 MHz, 405 MHz, Not Active, Not Active, Not Active, Not Active, Not Active
2026/09/03 21:10:18.063, 519 MiB, 46, 11.85 W, 22 MHz, 405 MHz, Not Active, Not Active, Not Active, Not Active, Not Active
2026/09/03 21:10:18.264, 519 MiB, 46, 11.94 W, 22 MHz, 405 MHz, Not Active, Not Active, Not Active, Not Active, Not Active
2026/09/03 21:10:18.464, 519 MiB, 46, 11.94 W, 22 MHz, 405 MHz, Not Active, Not Active, Not Active, Not Active, Not Active
2026/09/03 21:10:18.664, 519 MiB, 46, 11.94 W, 22 MHz, 405 MHz, Not Active, Not Active, Not Active, Not Active, Not Active
2026/09/03 21:10:18.864, 519 MiB, 46, 11.94 W, 22 MHz, 405 MHz, Not Active, Not Active, Not Active, Not Active, Not Active
2026/09/03 21:10:19.065, 519 MiB, 46, 11.94 W, 22 MHz, 405 MHz, Not Active, Not Active, Not Active, Not Active, Not Active
2026/09/03 21:10:19.265, 519 MiB, 46, 12.32 W, 22 MHz, 405 MHz, Not Active, Not Active, Not Active, Not Active, Not Active
2026/09/03 21:10:19.465, 519 MiB, 46, 12.32 W, 22 MHz, 405 MHz, Not Active, Not Active, Not Active, Not Active, Not Active
2026/09/03 21:10:19.665, 519 MiB, 46, 12.32 W, 22 MHz, 405 MHz, Not Active, Not Active, Not Active, Not Active, Not Active
2026/09/03 21:10:19.866, 519 MiB, 46, 12.81 W, 22 MHz, 405 MHz, Not Active, Not Active, Not Active, Not Active, Not Active
2026/09/03 21:10:20.066, 519 MiB, 46, 12.81 W, 22 MHz, 405 MHz, Not Active, Not Active, Not Active, Not Active, Not Active
2026/09/03 21:10:20.266, 519 MiB, 46, 13.66 W, 22 MHz, 405 MHz, Not Active, Not Active, Not Active, Not Active, Not Active
2026/09/03 21:10:20.466, 519 MiB, 46, 13.66 W, 22 MHz, 405 MHz, Not Active, Not Active, Not Active, Not Active, Not Active
2026/09/03 21:10:20.667, 519 MiB, 46, 13.66 W, 22 MHz, 405 MHz, Not Active, Not Active, Not Active, Not Active, Not Active
2026/09/03 21:10:20.867, 519 MiB, 46, 13.66 W, 22 MHz, 405 MHz, Not Active, Not Active, Not Active, Not Active, Not Active
2026/09/03 21:10:21.067, 519 MiB, 46, 13.66 W, 22 MHz, 405 MHz, Not Active, Not Active, Not Active, Not Active, Not Active
2026/09/03 21:10:21.267, 519 MiB, 46, 11.86 W, 22 MHz, 405 MHz, Not Active, Not Active, Not Active, Not Active, Not Active
2026/09/03 21:10:21.468, 519 MiB, 46, 11.86 W, 22 MHz, 405 MHz, Not Active, Not Active, Not Active, Not Active, Not Active
2026/09/03 21:10:21.668, 519 MiB, 46, 11.86 W, 22 MHz, 405 MHz, Not Active, Not Active, Not Active, Not Active, Not Active
2026/09/03 21:10:21.868, 519 MiB, 46, 11.86 W, 22 MHz, 405 MHz, Not Active, Not Active, Not Active, Not Active, Not Active
2026/09/03 21:10:22.068, 519 MiB, 46, 11.86 W, 22 MHz, 405 MHz, Not Active, Not Active, Not Active, Not Active, Not Active
2026/09/03 21:10:22.269, 519 MiB, 46, 11.83 W, 22 MHz, 405 MHz, Not Active, Not Active, Not Active, Not Active, Not Active
2026/09/03 21:10:22.469, 519 MiB, 46, 11.83 W, 22 MHz, 405 MHz, Not Active, Not Active, Not Active, Not Active, Not Active
2026/09/03 21:10:22.669, 519 MiB, 46, 11.83 W, 22 MHz, 405 MHz, Not Active, Not Active, Not Active, Not Active, Not Active
2026/09/03 21:10:22.869, 519 MiB, 46, 11.83 W, 22 MHz, 405 MHz, Not Active, Not Active, Not Active, Not Active, Not Active
2026/09/03 21:10:23.070, 519 MiB, 46, 11.83 W, 22 MHz, 405 MHz, Not Active, Not Active, Not Active, Not Active, Not Active
2026/09/03 21:10:23.270, 519 MiB, 46, 11.79 W, 22 MHz, 405 MHz, Not Active, Not Active, Not Active, Not Active, Not Active
2026/09/03 21:10:23.470, 519 MiB, 46, 11.79 W, 22 MHz, 405 MHz, Not Active, Not Active, Not Active, Not Active, Not Active
2026/09/03 21:10:23.670, 519 MiB, 46, 11.79 W, 22 MHz, 405 MHz, Not Active, Not Active, Not Active, Not Active, Not Active
2026/09/03 21:10:23.870, 519 MiB, 46, 11.79 W, 22 MHz, 405 MHz, Not Active, Not Active, Not Active, Not Active, Not Active
2026/09/03 21:10:24.071, 519 MiB, 46, 11.79 W, 22 MHz, 405 MHz, Not Active, Not Active, Not Active, Not Active, Not Active
2026/09/03 21:10:24.271, 519 MiB, 46, 11.90 W, 22 MHz, 405 MHz, Not Active, Not Active, Not Active, Not Active, Not Active
2026/09/03 21:10:24.471, 519 MiB, 46, 11.90 W, 22 MHz, 405 MHz, Not Active, Not Active, Not Active, Not Active, Not Active
2026/09/03 21:10:24.672, 519 MiB, 46, 11.90 W, 22 MHz, 405 MHz, Not Active, Not Active, Not Active, Not Active, Not Active
2026/09/03 21:10:24.872, 519 MiB, 46, 11.90 W, 22 MHz, 405 MHz, Not Active, Not Active, Not Active, Not Active, Not Active
2026/09/03 21:10:25.072, 519 MiB, 46, 11.90 W, 22 MHz, 405 MHz, Not Active, Not Active, Not Active, Not Active, Not Active
2026/09/03 21:10:25.272, 519 MiB, 46, 11.77 W, 22 MHz, 405 MHz, Not Active, Not Active, Not Active, Not Active, Not Active
2026/09/03 21:10:25.473, 519 MiB, 46, 11.77 W, 22 MHz, 405 MHz, Not Active, Not Active, Not Active, Not Active, Not Active
2026/09/03 21:10:25.673, 519 MiB, 46, 11.77 W, 22 MHz, 405 MHz, Not Active, Not Active, Not Active, Not Active, Not Active
2026/09/03 21:10:25.873, 519 MiB, 46, 11.77 W, 22 MHz, 405 MHz, Not Active, Not Active, Not Active, Not Active, Not Active
2026/09/03 21:10:26.074, 519 MiB, 46, 11.77 W, 22 MHz, 405 MHz, Not Active, Not Active, Not Active, Not Active, Not Active
2026/09/03 21:10:26.274, 519 MiB, 46, 11.85 W, 22 MHz, 405 MHz, Not Active, Not Active, Not Active, Not Active, Not Active
2026/09/03 21:10:26.474, 519 MiB, 46, 11.85 W, 22 MHz, 405 MHz, Not Active, Not Active, Not Active, Not Active, Not Active
2026/09/03 21:10:26.674, 519 MiB, 46, 11.85 W, 22 MHz, 405 MHz, Not Active, Not Active, Not Active, Not Active, Not Active
2026/09/03 21:10:26.875, 519 MiB, 46, 12.65 W, 22 MHz, 405 MHz, Not Active, Not Active, Not Active, Not Active, Not Active
2026/09/03 21:10:27.075, 519 MiB, 46, 12.65 W, 22 MHz, 405 MHz, Not Active, Not Active, Not Active, Not Active, Not Active
2026/09/03 21:10:27.275, 519 MiB, 46, 13.68 W, 22 MHz, 405 MHz, Not Active, Not Active, Not Active, Not Active, Not Active
2026/09/03 21:10:27.476, 519 MiB, 46, 13.68 W, 22 MHz, 405 MHz, Not Active, Not Active, Not Active, Not Active, Not Active
2026/09/03 21:10:27.676, 519 MiB, 46, 13.68 W, 22 MHz, 405 MHz, Not Active, Not Active, Not Active, Not Active, Not Active
2026/09/03 21:10:27.876, 519 MiB, 46, 13.68 W, 22 MHz, 405 MHz, Not Active, Not Active, Not Active, Not Active, Not Active
2026/09/03 21:10:28.077, 519 MiB, 46, 13.68 W, 22 MHz, 405 MHz, Not Active, Not Active, Not Active, Not Active, Not Active
2026/09/03 21:10:28.277, 519 MiB, 46, 11.85 W, 22 MHz, 405 MHz, Not Active, Not Active, Not Active, Not Active, Not Active
2026/09/03 21:10:28.477, 519 MiB, 46, 11.85 W, 22 MHz, 405 MHz, Not Active, Not Active, Not Active, Not Active, Not Active
2026/09/03 21:10:28.677, 519 MiB, 46, 11.85 W, 22 MHz, 405 MHz, Not Active, Not Active, Not Active, Not Active, Not Active
2026/09/03 21:10:28.878, 519 MiB, 46, 11.85 W, 22 MHz, 405 MHz, Not Active, Not Active, Not Active, Not Active, Not Active
2026/09/03 21:10:29.078, 519 MiB, 46, 11.85 W, 22 MHz, 405 MHz, Not Active, Not Active, Not Active, Not Active, Not Active
2026/09/03 21:10:29.278, 519 MiB, 46, 11.74 W, 22 MHz, 405 MHz, Not Active, Not Active, Not Active, Not Active, Not Active
2026/09/03 21:10:29.479, 519 MiB, 46, 11.74 W, 22 MHz, 405 MHz, Not Active, Not Active, Not Active, Not Active, Not Active
2026/09/03 21:10:29.679, 519 MiB, 46, 11.74 W, 22 MHz, 405 MHz, Not Active, Not Active, Not Active, Not Active, Not Active
2026/09/03 21:10:29.879, 519 MiB, 46, 11.74 W, 22 MHz, 405 MHz, Not Active, Not Active, Not Active, Not Active, Not Active
2026/09/03 21:10:30.079, 519 MiB, 46, 11.74 W, 22 MHz, 405 MHz, Not Active, Not Active, Not Active, Not Active, Not Active
2026/09/03 21:10:30.280, 519 MiB, 46, 11.86 W, 22 MHz, 405 MHz, Not Active, Not Active, Not Active, Not Active, Not Active
2026/09/03 21:10:30.480, 519 MiB, 46, 11.86 W, 22 MHz, 405 MHz, Not Active, Not Active, Not Active, Not Active, Not Active
2026/09/03 21:10:30.680, 519 MiB, 46, 11.86 W, 22 MHz, 405 MHz, Not Active, Not Active, Not Active, Not Active, Not Active
2026/09/03 21:10:30.880, 519 MiB, 46, 11.86 W, 22 MHz, 405 MHz, Not Active, Not Active, Not Active, Not Active, Not Active
2026/09/03 21:10:31.081, 519 MiB, 46, 11.86 W, 22 MHz, 405 MHz, Not Active, Not Active, Not Active, Not Active, Not Active
2026/09/03 21:10:31.281, 519 MiB, 46, 11.81 W, 22 MHz, 405 MHz, Not Active, Not Active, Not Active, Not Active, Not Active
2026/09/03 21:10:31.481, 519 MiB, 46, 11.81 W, 22 MHz, 405 MHz, Not Active, Not Active, Not Active, Not Active, Not Active
2026/09/03 21:10:31.681, 519 MiB, 46, 11.81 W, 22 MHz, 405 MHz, Not Active, Not Active, Not Active, Not Active, Not Active
2026/09/03 21:10:31.882, 519 MiB, 46, 11.81 W, 22 MHz, 405 MHz, Not Active, Not Active, Not Active, Not Active, Not Active
2026/09/03 21:10:32.082, 519 MiB, 46, 11.81 W, 22 MHz, 405 MHz, Not Active, Not Active, Not Active, Not Active, Not Active
2026/09/03 21:10:32.282, 519 MiB, 46, 11.77 W, 22 MHz, 405 MHz, Not Active, Not Active, Not Active, Not Active, Not Active
2026/09/03 21:10:32.483, 519 MiB, 46, 11.77 W, 22 MHz, 405 MHz, Not Active, Not Active, Not Active, Not Active, Not Active
2026/09/03 21:10:32.683, 519 MiB, 46, 11.77 W, 22 MHz, 405 MHz, Not Active, Not Active, Not Active, Not Active, Not Active
2026/09/03 21:10:32.883, 519 MiB, 46, 11.77 W, 22 MHz, 405 MHz, Not Active, Not Active, Not Active, Not Active, Not Active
2026/09/03 21:10:33.083, 519 MiB, 46, 11.77 W, 22 MHz, 405 MHz, Not Active, Not Active, Not Active, Not Active, Not Active
2026/09/03 21:10:33.284, 519 MiB, 46, 11.91 W, 22 MHz, 405 MHz, Not Active, Not Active, Not Active, Not Active, Not Active
2026/09/03 21:10:33.484, 519 MiB, 46, 11.91 W, 22 MHz, 405 MHz, Not Active, Not Active, Not Active, Not Active, Not Active
2026/09/03 21:10:33.684, 519 MiB, 46, 11.91 W, 22 MHz, 405 MHz, Not Active, Not Active, Not Active, Not Active, Not Active
2026/09/03 21:10:33.884, 519 MiB, 46, 12.34 W, 24 MHz, 405 MHz, Not Active, Not Active, Not Active, Not Active, Not Active
2026/09/03 21:10:34.085, 519 MiB, 46, 12.34 W, 24 MHz, 405 MHz, Not Active, Not Active, Not Active, Not Active, Not Active
2026/09/03 21:10:34.285, 519 MiB, 46, 12.71 W, 22 MHz, 405 MHz, Not Active, Not Active, Not Active, Not Active, Not Active
2026/09/03 21:10:34.485, 519 MiB, 46, 12.71 W, 22 MHz, 405 MHz, Not Active, Not Active, Not Active, Not Active, Not Active
2026/09/03 21:10:34.685, 519 MiB, 46, 12.71 W, 22 MHz, 405 MHz, Not Active, Not Active, Not Active, Not Active, Not Active
2026/09/03 21:10:34.886, 519 MiB, 46, 13.56 W, 22 MHz, 405 MHz, Not Active, Not Active, Not Active, Not Active, Not Active
2026/09/03 21:10:35.086, 519 MiB, 46, 13.56 W, 22 MHz, 405 MHz, Not Active, Not Active, Not Active, Not Active, Not Active
2026/09/03 21:10:35.286, 519 MiB, 46, 13.56 W, 22 MHz, 405 MHz, Not Active, Not Active, Not Active, Not Active, Not Active
2026/09/03 21:10:35.487, 519 MiB, 46, 13.56 W, 22 MHz, 405 MHz, Not Active, Not Active, Not Active, Not Active, Not Active
2026/09/03 21:10:35.687, 519 MiB, 46, 13.56 W, 22 MHz, 405 MHz, Not Active, Not Active, Not Active, Not Active, Not Active
2026/09/03 21:10:35.887, 519 MiB, 46, 11.95 W, 22 MHz, 405 MHz, Not Active, Not Active, Not Active, Not Active, Not Active
2026/09/03 21:10:36.088, 519 MiB, 46, 11.95 W, 22 MHz, 405 MHz, Not Active, Not Active, Not Active, Not Active, Not Active
2026/09/03 21:10:36.288, 519 MiB, 46, 11.95 W, 22 MHz, 405 MHz, Not Active, Not Active, Not Active, Not Active, Not Active
2026/09/03 21:10:36.488, 519 MiB, 46, 11.95 W, 22 MHz, 405 MHz, Not Active, Not Active, Not Active, Not Active, Not Active
2026/09/03 21:10:36.688, 519 MiB, 46, 11.95 W, 22 MHz, 405 MHz, Not Active, Not Active, Not Active, Not Active, Not Active
2026/09/03 21:10:36.889, 519 MiB, 46, 12.00 W, 21 MHz, 405 MHz, Not Active, Not Active, Not Active, Not Active, Not Active
2026/09/03 21:10:37.089, 519 MiB, 46, 12.00 W, 21 MHz, 405 MHz, Not Active, Not Active, Not Active, Not Active, Not Active
2026/09/03 21:10:37.289, 519 MiB, 46, 12.00 W, 21 MHz, 405 MHz, Not Active, Not Active, Not Active, Not Active, Not Active
2026/09/03 21:10:37.489, 519 MiB, 46, 12.00 W, 21 MHz, 405 MHz, Not Active, Not Active, Not Active, Not Active, Not Active
2026/09/03 21:10:37.690, 519 MiB, 46, 12.00 W, 21 MHz, 405 MHz, Not Active, Not Active, Not Active, Not Active, Not Active
2026/09/03 21:10:37.890, 519 MiB, 46, 11.81 W, 22 MHz, 405 MHz, Not Active, Not Active, Not Active, Not Active, Not Active
2026/09/03 21:10:38.090, 519 MiB, 46, 11.81 W, 22 MHz, 405 MHz, Not Active, Not Active, Not Active, Not Active, Not Active
2026/09/03 21:10:38.291, 519 MiB, 46, 11.81 W, 22 MHz, 405 MHz, Not Active, Not Active, Not Active, Not Active, Not Active
2026/09/03 21:10:38.491, 519 MiB, 46, 11.81 W, 22 MHz, 405 MHz, Not Active, Not Active, Not Active, Not Active, Not Active
2026/09/03 21:10:38.691, 519 MiB, 46, 11.81 W, 22 MHz, 405 MHz, Not Active, Not Active, Not Active, Not Active, Not Active
2026/09/03 21:10:38.892, 519 MiB, 46, 11.84 W, 22 MHz, 405 MHz, Not Active, Not Active, Not Active, Not Active, Not Active
2026/09/03 21:10:39.092, 519 MiB, 46, 11.84 W, 22 MHz, 405 MHz, Not Active, Not Active, Not Active, Not Active, Not Active
2026/09/03 21:10:39.292, 519 MiB, 46, 11.84 W, 22 MHz, 405 MHz, Not Active, Not Active, Not Active, Not Active, Not Active
2026/09/03 21:10:39.492, 519 MiB, 46, 11.84 W, 22 MHz, 405 MHz, Not Active, Not Active, Not Active, Not Active, Not Active
2026/09/03 21:10:39.692, 519 MiB, 46, 11.84 W, 22 MHz, 405 MHz, Not Active, Not Active, Not Active, Not Active, Not Active
2026/09/03 21:10:39.893, 519 MiB, 46, 11.92 W, 22 MHz, 405 MHz, Not Active, Not Active, Not Active, Not Active, Not Active
2026/09/03 21:10:40.093, 519 MiB, 46, 11.92 W, 22 MHz, 405 MHz, Not Active, Not Active, Not Active, Not Active, Not Active
2026/09/03 21:10:40.293, 519 MiB, 46, 11.92 W, 22 MHz, 405 MHz, Not Active, Not Active, Not Active, Not Active, Not Active
2026/09/03 21:10:40.494, 519 MiB, 46, 11.92 W, 22 MHz, 405 MHz, Not Active, Not Active, Not Active, Not Active, Not Active
2026/09/03 21:10:40.694, 519 MiB, 46, 11.92 W, 22 MHz, 405 MHz, Not Active, Not Active, Not Active, Not Active, Not Active
2026/09/03 21:10:40.894, 519 MiB, 46, 12.12 W, 22 MHz, 405 MHz, Not Active, Not Active, Not Active, Not Active, Not Active
2026/09/03 21:10:41.095, 519 MiB, 46, 12.12 W, 22 MHz, 405 MHz, Not Active, Not Active, Not Active, Not Active, Not Active
2026/09/03 21:10:41.295, 519 MiB, 46, 12.61 W, 22 MHz, 405 MHz, Not Active, Not Active, Not Active, Not Active, Not Active
2026/09/03 21:10:41.495, 519 MiB, 46, 12.61 W, 22 MHz, 405 MHz, Not Active, Not Active, Not Active, Not Active, Not Active
2026/09/03 21:10:41.695, 519 MiB, 46, 12.61 W, 22 MHz, 405 MHz, Not Active, Not Active, Not Active, Not Active, Not Active
2026/09/03 21:10:41.896, 519 MiB, 46, 13.57 W, 22 MHz, 405 MHz, Not Active, Not Active, Not Active, Not Active, Not Active
2026/09/03 21:10:42.096, 519 MiB, 46, 13.57 W, 22 MHz, 405 MHz, Not Active, Not Active, Not Active, Not Active, Not Active
2026/09/03 21:10:42.296, 519 MiB, 46, 13.57 W, 22 MHz, 405 MHz, Not Active, Not Active, Not Active, Not Active, Not Active
2026/09/03 21:10:42.497, 519 MiB, 46, 13.57 W, 22 MHz, 405 MHz, Not Active, Not Active, Not Active, Not Active, Not Active
2026/09/03 21:10:42.697, 519 MiB, 46, 13.57 W, 22 MHz, 405 MHz, Not Active, Not Active, Not Active, Not Active, Not Active
2026/09/03 21:10:42.897, 519 MiB, 46, 11.85 W, 22 MHz, 405 MHz, Not Active, Not Active, Not Active, Not Active, Not Active
2026/09/03 21:10:43.097, 519 MiB, 46, 11.85 W, 22 MHz, 405 MHz, Not Active, Not Active, Not Active, Not Active, Not Active
2026/09/03 21:10:43.298, 519 MiB, 46, 11.85 W, 22 MHz, 405 MHz, Not Active, Not Active, Not Active, Not Active, Not Active
2026/09/03 21:10:43.498, 519 MiB, 46, 11.85 W, 22 MHz, 405 MHz, Not Active, Not Active, Not Active, Not Active, Not Active
2026/09/03 21:10:43.698, 519 MiB, 46, 11.85 W, 22 MHz, 405 MHz, Not Active, Not Active, Not Active, Not Active, Not Active
2026/09/03 21:10:43.899, 519 MiB, 46, 12.06 W, 21 MHz, 405 MHz, Not Active, Not Active, Not Active, Not Active, Not Active
2026/09/03 21:10:44.099, 519 MiB, 46, 12.06 W, 21 MHz, 405 MHz, Not Active, Not Active, Not Active, Not Active, Not Active
2026/09/03 21:10:44.299, 519 MiB, 46, 12.06 W, 21 MHz, 405 MHz, Not Active, Not Active, Not Active, Not Active, Not Active
2026/09/03 21:10:44.499, 519 MiB, 46, 12.06 W, 21 MHz, 405 MHz, Not Active, Not Active, Not Active, Not Active, Not Active
2026/09/03 21:10:44.700, 519 MiB, 46, 12.06 W, 21 MHz, 405 MHz, Not Active, Not Active, Not Active, Not Active, Not Active
2026/09/03 21:10:44.900, 519 MiB, 46, 11.99 W, 22 MHz, 405 MHz, Not Active, Not Active, Not Active, Not Active, Not Active
2026/09/03 21:10:45.100, 519 MiB, 46, 11.99 W, 22 MHz, 405 MHz, Not Active, Not Active, Not Active, Not Active, Not Active
2026/09/03 21:10:45.300, 519 MiB, 46, 11.99 W, 22 MHz, 405 MHz, Not Active, Not Active, Not Active, Not Active, Not Active
2026/09/03 21:10:45.501, 519 MiB, 46, 11.99 W, 22 MHz, 405 MHz, Not Active, Not Active, Not Active, Not Active, Not Active
2026/09/03 21:10:45.701, 519 MiB, 46, 11.99 W, 22 MHz, 405 MHz, Not Active, Not Active, Not Active, Not Active, Not Active
2026/09/03 21:10:45.901, 519 MiB, 46, 11.96 W, 22 MHz, 405 MHz, Not Active, Not Active, Not Active, Not Active, Not Active
2026/09/03 21:10:46.101, 519 MiB, 46, 11.96 W, 22 MHz, 405 MHz, Not Active, Not Active, Not Active, Not Active, Not Active
2026/09/03 21:10:46.302, 519 MiB, 46, 11.96 W, 22 MHz, 405 MHz, Not Active, Not Active, Not Active, Not Active, Not Active
2026/09/03 21:10:46.502, 519 MiB, 46, 11.96 W, 22 MHz, 405 MHz, Not Active, Not Active, Not Active, Not Active, Not Active
2026/09/03 21:10:46.702, 519 MiB, 46, 11.96 W, 22 MHz, 405 MHz, Not Active, Not Active, Not Active, Not Active, Not Active
2026/09/03 21:10:46.902, 519 MiB, 46, 12.05 W, 22 MHz, 405 MHz, Not Active, Not Active, Not Active, Not Active, Not Active
2026/09/03 21:10:47.103, 519 MiB, 46, 12.05 W, 22 MHz, 405 MHz, Not Active, Not Active, Not Active, Not Active, Not Active
2026/09/03 21:10:47.303, 519 MiB, 46, 12.05 W, 22 MHz, 405 MHz, Not Active, Not Active, Not Active, Not Active, Not Active
2026/09/03 21:10:47.503, 519 MiB, 46, 12.05 W, 22 MHz, 405 MHz, Not Active, Not Active, Not Active, Not Active, Not Active
2026/09/03 21:10:47.704, 519 MiB, 46, 12.05 W, 22 MHz, 405 MHz, Not Active, Not Active, Not Active, Not Active, Not Active
2026/09/03 21:10:47.904, 519 MiB, 46, 12.01 W, 22 MHz, 405 MHz, Not Active, Not Active, Not Active, Not Active, Not Active
2026/09/03 21:10:48.104, 519 MiB, 46, 12.01 W, 22 MHz, 405 MHz, Not Active, Not Active, Not Active, Not Active, Not Active
2026/09/03 21:10:48.304, 519 MiB, 46, 12.59 W, 22 MHz, 405 MHz, Not Active, Not Active, Not Active, Not Active, Not Active
2026/09/03 21:10:48.505, 519 MiB, 46, 12.59 W, 22 MHz, 405 MHz, Not Active, Not Active, Not Active, Not Active, Not Active
2026/09/03 21:10:48.705, 519 MiB, 46, 12.59 W, 22 MHz, 405 MHz, Not Active, Not Active, Not Active, Not Active, Not Active
2026/09/03 21:10:48.905, 519 MiB, 46, 13.81 W, 22 MHz, 405 MHz, Not Active, Not Active, Not Active, Not Active, Not Active
2026/09/03 21:10:49.105, 519 MiB, 46, 13.81 W, 22 MHz, 405 MHz, Not Active, Not Active, Not Active, Not Active, Not Active
2026/09/03 21:10:49.306, 519 MiB, 46, 13.81 W, 22 MHz, 405 MHz, Not Active, Not Active, Not Active, Not Active, Not Active
2026/09/03 21:10:49.506, 519 MiB, 46, 13.81 W, 22 MHz, 405 MHz, Not Active, Not Active, Not Active, Not Active, Not Active
2026/09/03 21:10:49.706, 519 MiB, 46, 13.81 W, 22 MHz, 405 MHz, Not Active, Not Active, Not Active, Not Active, Not Active
2026/09/03 21:10:49.906, 519 MiB, 46, 12.05 W, 22 MHz, 405 MHz, Not Active, Not Active, Not Active, Not Active, Not Active
2026/09/03 21:10:50.107, 519 MiB, 46, 12.05 W, 22 MHz, 405 MHz, Not Active, Not Active, Not Active, Not Active, Not Active
2026/09/03 21:10:50.307, 519 MiB, 46, 12.05 W, 22 MHz, 405 MHz, Not Active, Not Active, Not Active, Not Active, Not Active
2026/09/03 21:10:50.507, 519 MiB, 46, 12.05 W, 22 MHz, 405 MHz, Not Active, Not Active, Not Active, Not Active, Not Active
2026/09/03 21:10:50.708, 519 MiB, 46, 12.05 W, 22 MHz, 405 MHz, Not Active, Not Active, Not Active, Not Active, Not Active
2026/09/03 21:10:50.908, 519 MiB, 46, 11.84 W, 22 MHz, 405 MHz, Not Active, Not Active, Not Active, Not Active, Not Active
2026/09/03 21:10:51.108, 519 MiB, 46, 11.84 W, 22 MHz, 405 MHz, Not Active, Not Active, Not Active, Not Active, Not Active
2026/09/03 21:10:51.308, 519 MiB, 46, 11.84 W, 22 MHz, 405 MHz, Not Active, Not Active, Not Active, Not Active, Not Active
2026/09/03 21:10:51.509, 519 MiB, 46, 11.84 W, 22 MHz, 405 MHz, Not Active, Not Active, Not Active, Not Active, Not Active
2026/09/03 21:10:51.709, 519 MiB, 46, 11.84 W, 22 MHz, 405 MHz, Not Active, Not Active, Not Active, Not Active, Not Active
2026/09/03 21:10:51.909, 519 MiB, 46, 11.69 W, 22 MHz, 405 MHz, Not Active, Not Active, Not Active, Not Active, Not Active
2026/09/03 21:10:52.109, 519 MiB, 46, 11.69 W, 22 MHz, 405 MHz, Not Active, Not Active, Not Active, Not Active, Not Active
2026/09/03 21:10:52.310, 519 MiB, 46, 11.69 W, 22 MHz, 405 MHz, Not Active, Not Active, Not Active, Not Active, Not Active
2026/09/03 21:10:52.510, 521 MiB, 46, 11.69 W, 22 MHz, 405 MHz, Not Active, Not Active, Not Active, Not Active, Not Active
2026/09/03 21:10:52.710, 521 MiB, 46, 11.69 W, 22 MHz, 405 MHz, Not Active, Not Active, Not Active, Not Active, Not Active
2026/09/03 21:10:52.911, 521 MiB, 47, 16.63 W, 1395 MHz, 13801 MHz, Not Active, Not Active, Not Active, Not Active, Not Active
2026/09/03 21:10:53.111, 521 MiB, 47, 16.63 W, 1395 MHz, 13801 MHz, Not Active, Not Active, Not Active, Not Active, Not Active
2026/09/03 21:10:53.311, 521 MiB, 47, 33.05 W, 2400 MHz, 13801 MHz, Not Active, Not Active, Not Active, Not Active, Not Active
2026/09/03 21:10:53.511, 521 MiB, 47, 33.05 W, 2400 MHz, 13801 MHz, Not Active, Not Active, Not Active, Not Active, Not Active
2026/09/03 21:10:53.712, 521 MiB, 47, 33.05 W, 2400 MHz, 13801 MHz, Not Active, Not Active, Not Active, Not Active, Not Active
2026/09/03 21:10:53.912, 521 MiB, 47, 56.02 W, 2400 MHz, 13801 MHz, Not Active, Not Active, Not Active, Not Active, Not Active
2026/09/03 21:10:54.112, 521 MiB, 47, 56.02 W, 2400 MHz, 13801 MHz, Not Active, Not Active, Not Active, Not Active, Not Active
2026/09/03 21:10:54.312, 521 MiB, 47, 56.00 W, 2400 MHz, 13801 MHz, Not Active, Not Active, Not Active, Not Active, Not Active
2026/09/03 21:10:54.513, 521 MiB, 47, 56.00 W, 2400 MHz, 13801 MHz, Not Active, Not Active, Not Active, Not Active, Not Active
2026/09/03 21:10:54.713, 521 MiB, 47, 56.00 W, 2400 MHz, 13801 MHz, Not Active, Not Active, Not Active, Not Active, Not Active
2026/09/03 21:10:54.913, 521 MiB, 47, 55.86 W, 2400 MHz, 13801 MHz, Not Active, Not Active, Not Active, Not Active, Not Active
2026/09/03 21:10:55.113, 521 MiB, 47, 55.86 W, 2400 MHz, 13801 MHz, Not Active, Not Active, Not Active, Not Active, Not Active
2026/09/03 21:10:55.314, 521 MiB, 47, 55.91 W, 2407 MHz, 13801 MHz, Not Active, Not Active, Not Active, Not Active, Not Active
2026/09/03 21:10:55.514, 521 MiB, 47, 55.91 W, 2407 MHz, 13801 MHz, Not Active, Not Active, Not Active, Not Active, Not Active
2026/09/03 21:10:55.714, 521 MiB, 47, 55.91 W, 2400 MHz, 13801 MHz, Not Active, Not Active, Not Active, Not Active, Not Active
2026/09/03 21:10:55.915, 521 MiB, 47, 55.97 W, 2400 MHz, 13801 MHz, Not Active, Not Active, Not Active, Not Active, Not Active
2026/09/03 21:10:56.115, 521 MiB, 47, 55.97 W, 2400 MHz, 13801 MHz, Not Active, Not Active, Not Active, Not Active, Not Active
2026/09/03 21:10:56.315, 521 MiB, 47, 55.94 W, 2400 MHz, 13801 MHz, Not Active, Not Active, Not Active, Not Active, Not Active
2026/09/03 21:10:56.515, 521 MiB, 47, 55.94 W, 2400 MHz, 13801 MHz, Not Active, Not Active, Not Active, Not Active, Not Active
2026/09/03 21:10:56.715, 521 MiB, 47, 55.99 W, 2400 MHz, 13801 MHz, Not Active, Not Active, Not Active, Not Active, Not Active
2026/09/03 21:10:56.916, 521 MiB, 47, 55.99 W, 2400 MHz, 13801 MHz, Not Active, Not Active, Not Active, Not Active, Not Active
2026/09/03 21:10:57.116, 521 MiB, 47, 55.99 W, 2400 MHz, 13801 MHz, Not Active, Not Active, Not Active, Not Active, Not Active
2026/09/03 21:10:57.316, 521 MiB, 47, 56.00 W, 2400 MHz, 13801 MHz, Not Active, Not Active, Not Active, Not Active, Not Active
2026/09/03 21:10:57.516, 521 MiB, 47, 56.00 W, 2400 MHz, 13801 MHz, Not Active, Not Active, Not Active, Not Active, Not Active
2026/09/03 21:10:57.717, 521 MiB, 47, 56.09 W, 2400 MHz, 13801 MHz, Not Active, Not Active, Not Active, Not Active, Not Active
2026/09/03 21:10:57.917, 521 MiB, 47, 56.09 W, 2400 MHz, 13801 MHz, Not Active, Not Active, Not Active, Not Active, Not Active
2026/09/03 21:10:58.117, 521 MiB, 47, 56.09 W, 2400 MHz, 13801 MHz, Not Active, Not Active, Not Active, Not Active, Not Active
2026/09/03 21:10:58.318, 521 MiB, 47, 56.18 W, 2400 MHz, 13801 MHz, Not Active, Not Active, Not Active, Not Active, Not Active
2026/09/03 21:10:58.518, 521 MiB, 47, 56.18 W, 2400 MHz, 13801 MHz, Not Active, Not Active, Not Active, Not Active, Not Active
2026/09/03 21:10:58.718, 521 MiB, 47, 56.07 W, 2400 MHz, 13801 MHz, Not Active, Not Active, Not Active, Not Active, Not Active
2026/09/03 21:10:58.918, 521 MiB, 47, 56.07 W, 2400 MHz, 13801 MHz, Not Active, Not Active, Not Active, Not Active, Not Active
2026/09/03 21:10:59.119, 521 MiB, 47, 56.07 W, 2400 MHz, 13801 MHz, Not Active, Not Active, Not Active, Not Active, Not Active
2026/09/03 21:10:59.319, 521 MiB, 47, 55.93 W, 2400 MHz, 13801 MHz, Not Active, Not Active, Not Active, Not Active, Not Active
2026/09/03 21:10:59.519, 521 MiB, 47, 55.93 W, 2400 MHz, 13801 MHz, Not Active, Not Active, Not Active, Not Active, Not Active
2026/09/03 21:10:59.720, 521 MiB, 47, 55.85 W, 2400 MHz, 13801 MHz, Not Active, Not Active, Not Active, Not Active, Not Active
2026/09/03 21:10:59.920, 521 MiB, 47, 55.85 W, 2400 MHz, 13801 MHz, Not Active, Not Active, Not Active, Not Active, Not Active
2026/09/03 21:11:00.120, 521 MiB, 47, 55.85 W, 2400 MHz, 13801 MHz, Not Active, Not Active, Not Active, Not Active, Not Active
2026/09/03 21:11:00.320, 521 MiB, 47, 55.81 W, 2400 MHz, 13801 MHz, Not Active, Not Active, Not Active, Not Active, Not Active
2026/09/03 21:11:00.521, 521 MiB, 47, 55.81 W, 2400 MHz, 13801 MHz, Not Active, Not Active, Not Active, Not Active, Not Active
2026/09/03 21:11:00.721, 521 MiB, 47, 55.92 W, 2400 MHz, 13801 MHz, Not Active, Not Active, Not Active, Not Active, Not Active
2026/09/03 21:11:00.922, 521 MiB, 47, 55.92 W, 2400 MHz, 13801 MHz, Not Active, Not Active, Not Active, Not Active, Not Active
2026/09/03 21:11:01.122, 521 MiB, 47, 55.92 W, 2400 MHz, 13801 MHz, Not Active, Not Active, Not Active, Not Active, Not Active
2026/09/03 21:11:01.322, 521 MiB, 47, 56.09 W, 2400 MHz, 13801 MHz, Not Active, Not Active, Not Active, Not Active, Not Active
2026/09/03 21:11:01.522, 521 MiB, 47, 56.09 W, 2400 MHz, 13801 MHz, Not Active, Not Active, Not Active, Not Active, Not Active
2026/09/03 21:11:01.723, 521 MiB, 47, 56.13 W, 2400 MHz, 13801 MHz, Not Active, Not Active, Not Active, Not Active, Not Active
2026/09/03 21:11:01.923, 521 MiB, 47, 56.13 W, 2400 MHz, 13801 MHz, Not Active, Not Active, Not Active, Not Active, Not Active
2026/09/03 21:11:02.123, 521 MiB, 47, 56.13 W, 2400 MHz, 13801 MHz, Not Active, Not Active, Not Active, Not Active, Not Active
2026/09/03 21:11:02.323, 521 MiB, 47, 56.00 W, 2400 MHz, 13801 MHz, Not Active, Not Active, Not Active, Not Active, Not Active
2026/09/03 21:11:02.524, 521 MiB, 47, 56.00 W, 2400 MHz, 13801 MHz, Not Active, Not Active, Not Active, Not Active, Not Active
2026/09/03 21:11:02.724, 521 MiB, 47, 55.89 W, 2400 MHz, 13801 MHz, Not Active, Not Active, Not Active, Not Active, Not Active
2026/09/03 21:11:02.924, 521 MiB, 47, 55.89 W, 2400 MHz, 13801 MHz, Not Active, Not Active, Not Active, Not Active, Not Active
2026/09/03 21:11:03.124, 521 MiB, 47, 55.89 W, 2400 MHz, 13801 MHz, Not Active, Not Active, Not Active, Not Active, Not Active
2026/09/03 21:11:03.325, 521 MiB, 47, 55.87 W, 2400 MHz, 13801 MHz, Not Active, Not Active, Not Active, Not Active, Not Active
2026/09/03 21:11:03.525, 521 MiB, 47, 55.87 W, 2400 MHz, 13801 MHz, Not Active, Not Active, Not Active, Not Active, Not Active
2026/09/03 21:11:03.725, 521 MiB, 47, 55.82 W, 2400 MHz, 13801 MHz, Not Active, Not Active, Not Active, Not Active, Not Active
2026/09/03 21:11:03.925, 521 MiB, 47, 55.82 W, 2400 MHz, 13801 MHz, Not Active, Not Active, Not Active, Not Active, Not Active
2026/09/03 21:11:04.126, 521 MiB, 47, 55.82 W, 2400 MHz, 13801 MHz, Not Active, Not Active, Not Active, Not Active, Not Active
2026/09/03 21:11:04.326, 521 MiB, 47, 55.90 W, 2400 MHz, 13801 MHz, Not Active, Not Active, Not Active, Not Active, Not Active
2026/09/03 21:11:04.526, 521 MiB, 47, 55.90 W, 2400 MHz, 13801 MHz, Not Active, Not Active, Not Active, Not Active, Not Active
2026/09/03 21:11:04.726, 521 MiB, 47, 55.86 W, 2400 MHz, 13801 MHz, Not Active, Not Active, Not Active, Not Active, Not Active
2026/09/03 21:11:04.927, 521 MiB, 47, 55.86 W, 2400 MHz, 13801 MHz, Not Active, Not Active, Not Active, Not Active, Not Active
2026/09/03 21:11:05.127, 521 MiB, 47, 55.86 W, 2400 MHz, 13801 MHz, Not Active, Not Active, Not Active, Not Active, Not Active
2026/09/03 21:11:05.327, 521 MiB, 47, 55.84 W, 2400 MHz, 13801 MHz, Not Active, Not Active, Not Active, Not Active, Not Active
2026/09/03 21:11:05.527, 521 MiB, 47, 55.84 W, 2400 MHz, 13801 MHz, Not Active, Not Active, Not Active, Not Active, Not Active
2026/09/03 21:11:05.728, 521 MiB, 48, 55.94 W, 2400 MHz, 13801 MHz, Not Active, Not Active, Not Active, Not Active, Not Active
2026/09/03 21:11:05.928, 521 MiB, 48, 55.94 W, 2400 MHz, 13801 MHz, Not Active, Not Active, Not Active, Not Active, Not Active
2026/09/03 21:11:06.128, 521 MiB, 48, 55.94 W, 2400 MHz, 13801 MHz, Not Active, Not Active, Not Active, Not Active, Not Active
2026/09/03 21:11:06.329, 521 MiB, 48, 56.00 W, 2400 MHz, 13801 MHz, Not Active, Not Active, Not Active, Not Active, Not Active
2026/09/03 21:11:06.529, 521 MiB, 48, 56.00 W, 2400 MHz, 13801 MHz, Not Active, Not Active, Not Active, Not Active, Not Active
2026/09/03 21:11:06.729, 521 MiB, 48, 56.03 W, 2400 MHz, 13801 MHz, Not Active, Not Active, Not Active, Not Active, Not Active
2026/09/03 21:11:06.929, 521 MiB, 48, 56.03 W, 2400 MHz, 13801 MHz, Not Active, Not Active, Not Active, Not Active, Not Active
2026/09/03 21:11:07.130, 521 MiB, 48, 56.03 W, 2400 MHz, 13801 MHz, Not Active, Not Active, Not Active, Not Active, Not Active
2026/09/03 21:11:07.330, 521 MiB, 48, 56.10 W, 2400 MHz, 13801 MHz, Not Active, Not Active, Not Active, Not Active, Not Active
2026/09/03 21:11:07.530, 521 MiB, 48, 56.10 W, 2400 MHz, 13801 MHz, Not Active, Not Active, Not Active, Not Active, Not Active
2026/09/03 21:11:07.730, 521 MiB, 48, 56.26 W, 2400 MHz, 13801 MHz, Not Active, Not Active, Not Active, Not Active, Not Active
2026/09/03 21:11:07.931, 521 MiB, 48, 56.26 W, 2400 MHz, 13801 MHz, Not Active, Not Active, Not Active, Not Active, Not Active
2026/09/03 21:11:08.131, 521 MiB, 48, 56.26 W, 2400 MHz, 13801 MHz, Not Active, Not Active, Not Active, Not Active, Not Active
2026/09/03 21:11:08.331, 521 MiB, 48, 56.32 W, 2400 MHz, 13801 MHz, Not Active, Not Active, Not Active, Not Active, Not Active
2026/09/03 21:11:08.532, 521 MiB, 48, 56.32 W, 2400 MHz, 13801 MHz, Not Active, Not Active, Not Active, Not Active, Not Active
2026/09/03 21:11:08.732, 521 MiB, 48, 56.22 W, 2400 MHz, 13801 MHz, Not Active, Not Active, Not Active, Not Active, Not Active
2026/09/03 21:11:08.932, 521 MiB, 48, 56.22 W, 2400 MHz, 13801 MHz, Not Active, Not Active, Not Active, Not Active, Not Active
2026/09/03 21:11:09.132, 521 MiB, 48, 56.22 W, 2400 MHz, 13801 MHz, Not Active, Not Active, Not Active, Not Active, Not Active
2026/09/03 21:11:09.333, 521 MiB, 48, 56.14 W, 2400 MHz, 13801 MHz, Not Active, Not Active, Not Active, Not Active, Not Active
2026/09/03 21:11:09.533, 521 MiB, 48, 56.14 W, 2400 MHz, 13801 MHz, Not Active, Not Active, Not Active, Not Active, Not Active
2026/09/03 21:11:09.733, 521 MiB, 47, 43.85 W, 495 MHz, 810 MHz, Not Active, Not Active, Not Active, Not Active, Not Active
2026/09/03 21:11:09.934, 521 MiB, 47, 43.85 W, 495 MHz, 810 MHz, Not Active, Not Active, Not Active, Not Active, Not Active
2026/09/03 21:11:10.134, 521 MiB, 47, 43.85 W, 495 MHz, 810 MHz, Not Active, Not Active, Not Active, Not Active, Not Active
2026/09/03 21:11:10.334, 521 MiB, 47, 27.22 W, 45 MHz, 810 MHz, Not Active, Not Active, Not Active, Not Active, Not Active
2026/09/03 21:11:10.534, 521 MiB, 47, 27.22 W, 45 MHz, 810 MHz, Not Active, Not Active, Not Active, Not Active, Not Active
2026/09/03 21:11:10.735, 521 MiB, 47, 20.12 W, 39 MHz, 810 MHz, Not Active, Not Active, Not Active, Not Active, Not Active
2026/09/03 21:11:10.935, 521 MiB, 47, 20.12 W, 39 MHz, 810 MHz, Not Active, Not Active, Not Active, Not Active, Not Active
2026/09/03 21:11:11.135, 521 MiB, 47, 20.12 W, 39 MHz, 810 MHz, Not Active, Not Active, Not Active, Not Active, Not Active
2026/09/03 21:11:11.335, 521 MiB, 47, 20.12 W, 39 MHz, 810 MHz, Not Active, Not Active, Not Active, Not Active, Not Active
2026/09/03 21:11:11.536, 521 MiB, 47, 20.12 W, 39 MHz, 810 MHz, Not Active, Not Active, Not Active, Not Active, Not Active
2026/09/03 21:11:11.736, 521 MiB, 47, 12.63 W, 22 MHz, 405 MHz, Not Active, Not Active, Not Active, Not Active, Not Active
2026/09/03 21:11:11.936, 521 MiB, 47, 12.63 W, 22 MHz, 405 MHz, Not Active, Not Active, Not Active, Not Active, Not Active
2026/09/03 21:11:12.137, 521 MiB, 47, 12.63 W, 22 MHz, 405 MHz, Not Active, Not Active, Not Active, Not Active, Not Active
2026/09/03 21:11:12.337, 521 MiB, 47, 12.63 W, 22 MHz, 405 MHz, Not Active, Not Active, Not Active, Not Active, Not Active
2026/09/03 21:11:12.537, 521 MiB, 47, 12.63 W, 22 MHz, 405 MHz, Not Active, Not Active, Not Active, Not Active, Not Active
2026/09/03 21:11:12.737, 521 MiB, 47, 11.72 W, 22 MHz, 405 MHz, Not Active, Not Active, Not Active, Not Active, Not Active
2026/09/03 21:11:12.938, 521 MiB, 47, 11.72 W, 22 MHz, 405 MHz, Not Active, Not Active, Not Active, Not Active, Not Active
2026/09/03 21:11:13.138, 521 MiB, 47, 11.72 W, 22 MHz, 405 MHz, Not Active, Not Active, Not Active, Not Active, Not Active
2026/09/03 21:11:13.338, 521 MiB, 47, 11.72 W, 22 MHz, 405 MHz, Not Active, Not Active, Not Active, Not Active, Not Active
2026/09/03 21:11:13.538, 521 MiB, 47, 11.72 W, 22 MHz, 405 MHz, Not Active, Not Active, Not Active, Not Active, Not Active
2026/09/03 21:11:13.739, 521 MiB, 47, 11.90 W, 22 MHz, 405 MHz, Not Active, Not Active, Not Active, Not Active, Not Active
2026/09/03 21:11:13.939, 521 MiB, 47, 11.90 W, 22 MHz, 405 MHz, Not Active, Not Active, Not Active, Not Active, Not Active
2026/09/03 21:11:14.139, 521 MiB, 47, 11.90 W, 22 MHz, 405 MHz, Not Active, Not Active, Not Active, Not Active, Not Active
2026/09/03 21:11:14.339, 521 MiB, 47, 11.90 W, 22 MHz, 405 MHz, Not Active, Not Active, Not Active, Not Active, Not Active
2026/09/03 21:11:14.540, 521 MiB, 47, 11.90 W, 22 MHz, 405 MHz, Not Active, Not Active, Not Active, Not Active, Not Active
2026/09/03 21:11:14.740, 521 MiB, 47, 11.99 W, 22 MHz, 405 MHz, Not Active, Not Active, Not Active, Not Active, Not Active
2026/09/03 21:11:14.940, 521 MiB, 47, 11.99 W, 22 MHz, 405 MHz, Not Active, Not Active, Not Active, Not Active, Not Active
2026/09/03 21:11:15.141, 521 MiB, 47, 11.99 W, 22 MHz, 405 MHz, Not Active, Not Active, Not Active, Not Active, Not Active
2026/09/03 21:11:15.341, 521 MiB, 47, 11.99 W, 22 MHz, 405 MHz, Not Active, Not Active, Not Active, Not Active, Not Active
2026/09/03 21:11:15.541, 521 MiB, 47, 11.99 W, 22 MHz, 405 MHz, Not Active, Not Active, Not Active, Not Active, Not Active
2026/09/03 21:11:15.741, 521 MiB, 47, 11.87 W, 22 MHz, 405 MHz, Not Active, Not Active, Not Active, Not Active, Not Active
2026/09/03 21:11:15.942, 521 MiB, 47, 11.87 W, 22 MHz, 405 MHz, Not Active, Not Active, Not Active, Not Active, Not Active
2026/09/03 21:11:16.142, 521 MiB, 47, 11.87 W, 22 MHz, 405 MHz, Not Active, Not Active, Not Active, Not Active, Not Active
2026/09/03 21:11:16.342, 521 MiB, 47, 11.87 W, 22 MHz, 405 MHz, Not Active, Not Active, Not Active, Not Active, Not Active
2026/09/03 21:11:16.542, 521 MiB, 47, 11.87 W, 22 MHz, 405 MHz, Not Active, Not Active, Not Active, Not Active, Not Active
2026/09/03 21:11:16.743, 521 MiB, 47, 12.48 W, 23 MHz, 405 MHz, Not Active, Not Active, Not Active, Not Active, Not Active
2026/09/03 21:11:16.943, 521 MiB, 47, 12.48 W, 23 MHz, 405 MHz, Not Active, Not Active, Not Active, Not Active, Not Active
2026/09/03 21:11:17.143, 521 MiB, 47, 12.48 W, 23 MHz, 405 MHz, Not Active, Not Active, Not Active, Not Active, Not Active
2026/09/03 21:11:17.343, 521 MiB, 47, 12.95 W, 22 MHz, 405 MHz, Not Active, Not Active, Not Active, Not Active, Not Active
2026/09/03 21:11:17.544, 521 MiB, 47, 12.95 W, 22 MHz, 405 MHz, Not Active, Not Active, Not Active, Not Active, Not Active
2026/09/03 21:11:17.744, 521 MiB, 47, 14.03 W, 22 MHz, 405 MHz, Not Active, Not Active, Not Active, Not Active, Not Active
2026/09/03 21:11:17.944, 521 MiB, 47, 14.03 W, 22 MHz, 405 MHz, Not Active, Not Active, Not Active, Not Active, Not Active
2026/09/03 21:11:18.144, 521 MiB, 47, 14.03 W, 22 MHz, 405 MHz, Not Active, Not Active, Not Active, Not Active, Not Active
2026/09/03 21:11:18.345, 521 MiB, 47, 14.03 W, 22 MHz, 405 MHz, Not Active, Not Active, Not Active, Not Active, Not Active
2026/09/03 21:11:18.545, 521 MiB, 47, 14.03 W, 22 MHz, 405 MHz, Not Active, Not Active, Not Active, Not Active, Not Active
2026/09/03 21:11:18.745, 521 MiB, 47, 12.39 W, 22 MHz, 405 MHz, Not Active, Not Active, Not Active, Not Active, Not Active
2026/09/03 21:11:18.946, 521 MiB, 47, 12.39 W, 22 MHz, 405 MHz, Not Active, Not Active, Not Active, Not Active, Not Active
2026/09/03 21:11:19.146, 521 MiB, 47, 12.39 W, 22 MHz, 405 MHz, Not Active, Not Active, Not Active, Not Active, Not Active
2026/09/03 21:11:19.346, 521 MiB, 47, 12.39 W, 22 MHz, 405 MHz, Not Active, Not Active, Not Active, Not Active, Not Active
2026/09/03 21:11:19.546, 521 MiB, 47, 12.39 W, 22 MHz, 405 MHz, Not Active, Not Active, Not Active, Not Active, Not Active
2026/09/03 21:11:19.747, 521 MiB, 47, 12.24 W, 22 MHz, 405 MHz, Not Active, Not Active, Not Active, Not Active, Not Active
2026/09/03 21:11:19.947, 521 MiB, 47, 12.24 W, 22 MHz, 405 MHz, Not Active, Not Active, Not Active, Not Active, Not Active
2026/09/03 21:11:20.147, 521 MiB, 47, 12.24 W, 22 MHz, 405 MHz, Not Active, Not Active, Not Active, Not Active, Not Active
2026/09/03 21:11:20.348, 521 MiB, 47, 12.24 W, 22 MHz, 405 MHz, Not Active, Not Active, Not Active, Not Active, Not Active
2026/09/03 21:11:20.548, 521 MiB, 47, 12.24 W, 22 MHz, 405 MHz, Not Active, Not Active, Not Active, Not Active, Not Active
2026/09/03 21:11:20.748, 521 MiB, 47, 12.03 W, 22 MHz, 405 MHz, Not Active, Not Active, Not Active, Not Active, Not Active
2026/09/03 21:11:20.948, 521 MiB, 47, 12.03 W, 22 MHz, 405 MHz, Not Active, Not Active, Not Active, Not Active, Not Active
2026/09/03 21:11:21.149, 521 MiB, 47, 12.03 W, 22 MHz, 405 MHz, Not Active, Not Active, Not Active, Not Active, Not Active
2026/09/03 21:11:21.349, 521 MiB, 47, 12.03 W, 22 MHz, 405 MHz, Not Active, Not Active, Not Active, Not Active, Not Active
2026/09/03 21:11:21.549, 521 MiB, 47, 12.03 W, 22 MHz, 405 MHz, Not Active, Not Active, Not Active, Not Active, Not Active
2026/09/03 21:11:21.750, 521 MiB, 47, 11.93 W, 22 MHz, 405 MHz, Not Active, Not Active, Not Active, Not Active, Not Active
2026/09/03 21:11:21.950, 521 MiB, 47, 11.93 W, 22 MHz, 405 MHz, Not Active, Not Active, Not Active, Not Active, Not Active
2026/09/03 21:11:22.150, 571 MiB, 47, 11.93 W, 22 MHz, 405 MHz, Not Active, Not Active, Not Active, Not Active, Not Active
2026/09/03 21:11:22.350, 591 MiB, 47, 13.44 W, 180 MHz, 13801 MHz, Not Active, Not Active, Not Active, Not Active, Not Active
2026/09/03 21:11:22.550, 591 MiB, 47, 13.44 W, 180 MHz, 13801 MHz, Not Active, Not Active, Not Active, Not Active, Not Active
2026/09/03 21:11:22.751, 591 MiB, 47, 31.17 W, 2400 MHz, 13801 MHz, Not Active, Not Active, Not Active, Not Active, Not Active
2026/09/03 21:11:22.951, 591 MiB, 47, 31.17 W, 2400 MHz, 13801 MHz, Not Active, Not Active, Not Active, Not Active, Not Active
2026/09/03 21:11:23.151, 2447 MiB, 47, 31.17 W, 2400 MHz, 13801 MHz, Not Active, Not Active, Not Active, Not Active, Not Active
2026/09/03 21:11:23.352, 2579 MiB, 48, 59.70 W, 2437 MHz, 13801 MHz, Not Active, Not Active, Not Active, Not Active, Not Active
2026/09/03 21:11:23.552, 2579 MiB, 48, 59.70 W, 2437 MHz, 13801 MHz, Not Active, Not Active, Not Active, Not Active, Not Active
2026/09/03 21:11:23.752, 2579 MiB, 49, 94.09 W, 2887 MHz, 13801 MHz, Not Active, Not Active, Not Active, Not Active, Not Active
2026/09/03 21:11:23.952, 4185 MiB, 49, 94.09 W, 2887 MHz, 13801 MHz, Not Active, Not Active, Not Active, Not Active, Not Active
2026/09/03 21:11:24.153, 4187 MiB, 49, 94.09 W, 2887 MHz, 13801 MHz, Not Active, Not Active, Not Active, Not Active, Not Active
2026/09/03 21:11:24.353, 4187 MiB, 51, 157.05 W, 2782 MHz, 13801 MHz, Not Active, Not Active, Not Active, Not Active, Not Active
2026/09/03 21:11:24.553, 4187 MiB, 51, 157.05 W, 2782 MHz, 13801 MHz, Not Active, Not Active, Not Active, Not Active, Not Active
2026/09/03 21:11:24.753, 4187 MiB, 51, 197.50 W, 2857 MHz, 13801 MHz, Not Active, Not Active, Not Active, Not Active, Not Active
2026/09/03 21:11:24.954, 4187 MiB, 51, 197.50 W, 2857 MHz, 13801 MHz, Not Active, Not Active, Not Active, Not Active, Not Active
2026/09/03 21:11:25.154, 4187 MiB, 51, 197.50 W, 2857 MHz, 13801 MHz, Not Active, Not Active, Not Active, Not Active, Not Active
2026/09/03 21:11:25.354, 4187 MiB, 52, 217.71 W, 2857 MHz, 13801 MHz, Not Active, Not Active, Not Active, Not Active, Not Active
2026/09/03 21:11:25.554, 4187 MiB, 52, 217.71 W, 2857 MHz, 13801 MHz, Not Active, Not Active, Not Active, Not Active, Not Active
2026/09/03 21:11:25.755, 4187 MiB, 52, 217.75 W, 2857 MHz, 13801 MHz, Not Active, Not Active, Not Active, Not Active, Not Active
2026/09/03 21:11:25.955, 4187 MiB, 52, 217.75 W, 2857 MHz, 13801 MHz, Not Active, Not Active, Not Active, Not Active, Not Active
2026/09/03 21:11:26.155, 4187 MiB, 52, 217.75 W, 2857 MHz, 13801 MHz, Not Active, Not Active, Not Active, Not Active, Not Active
2026/09/03 21:11:26.355, 4187 MiB, 49, 158.18 W, 2655 MHz, 13801 MHz, Not Active, Not Active, Not Active, Not Active, Not Active
2026/09/03 21:11:26.556, 18 MiB, 49, 158.18 W, 2655 MHz, 13801 MHz, Not Active, Not Active, Not Active, Not Active, Not Active
2026/09/03 21:11:26.756, 15 MiB, 49, 85.85 W, 2400 MHz, 14001 MHz, Not Active, Not Active, Not Active, Not Active, Not Active
