timestamp, memory.used [MiB], temperature.gpu, power.draw [W], clocks.current.sm [MHz], clocks.current.memory [MHz], clocks_event_reasons.sw_power_cap, clocks_event_reasons.hw_slowdown, clocks_event_reasons.hw_thermal_slowdown, clocks_event_reasons.hw_power_brake_slowdown, clocks_event_reasons.sw_thermal_slowdown
2026/09/03 21:16:29.853, 15 MiB, 48, 27.85 W, 232 MHz, 7001 MHz, Not Active, Not Active, Not Active, Not Active, Not Active
2026/09/03 21:16:30.055, 15 MiB, 48, 27.85 W, 232 MHz, 7001 MHz, Not Active, Not Active, Not Active, Not Active, Not Active
2026/09/03 21:16:30.256, 15 MiB, 48, 27.85 W, 232 MHz, 7001 MHz, Not Active, Not Active, Not Active, Not Active, Not Active
2026/09/03 21:16:30.456, 35 MiB, 48, 25.59 W, 180 MHz, 810 MHz, Not Active, Not Active, Not Active, Not Active, Not Active
2026/09/03 21:16:30.656, 519 MiB, 48, 25.59 W, 180 MHz, 810 MHz, Not Active, Not Active, Not Active, Not Active, Not Active
2026/09/03 21:16:30.857, 519 MiB, 48, 25.59 W, 180 MHz, 810 MHz, Not Active, Not Active, Not Active, Not Active, Not Active
2026/09/03 21:16:31.057, 519 MiB, 49, 35.61 W, 2400 MHz, 13801 MHz, Not Active, Not Active, Not Active, Not Active, Not Active
2026/09/03 21:16:31.257, 519 MiB, 49, 35.61 W, 2400 MHz, 13801 MHz, Not Active, Not Active, Not Active, Not Active, Not Active
2026/09/03 21:16:31.458, 519 MiB, 49, 53.36 W, 2400 MHz, 13801 MHz, Not Active, Not Active, Not Active, Not Active, Not Active
2026/09/03 21:16:31.658, 519 MiB, 49, 53.36 W, 2400 MHz, 13801 MHz, Not Active, Not Active, Not Active, Not Active, Not Active
2026/09/03 21:16:31.858, 519 MiB, 49, 53.36 W, 2400 MHz, 13801 MHz, Not Active, Not Active, Not Active, Not Active, Not Active
2026/09/03 21:16:32.058, 519 MiB, 49, 56.35 W, 2407 MHz, 13801 MHz, Not Active, Not Active, Not Active, Not Active, Not Active
2026/09/03 21:16:32.259, 519 MiB, 49, 56.35 W, 2407 MHz, 13801 MHz, Not Active, Not Active, Not Active, Not Active, Not Active
2026/09/03 21:16:32.459, 519 MiB, 49, 56.42 W, 2400 MHz, 13801 MHz, Not Active, Not Active, Not Active, Not Active, Not Active
2026/09/03 21:16:32.659, 519 MiB, 49, 56.42 W, 2400 MHz, 13801 MHz, Not Active, Not Active, Not Active, Not Active, Not Active
2026/09/03 21:16:32.859, 519 MiB, 49, 56.42 W, 2400 MHz, 13801 MHz, Not Active, Not Active, Not Active, Not Active, Not Active
2026/09/03 21:16:33.060, 519 MiB, 49, 56.38 W, 2400 MHz, 13801 MHz, Not Active, Not Active, Not Active, Not Active, Not Active
2026/09/03 21:16:33.260, 519 MiB, 49, 56.38 W, 2400 MHz, 13801 MHz, Not Active, Not Active, Not Active, Not Active, Not Active
2026/09/03 21:16:33.460, 519 MiB, 49, 56.35 W, 2400 MHz, 13801 MHz, Not Active, Not Active, Not Active, Not Active, Not Active
2026/09/03 21:16:33.661, 519 MiB, 49, 56.35 W, 2400 MHz, 13801 MHz, Not Active, Not Active, Not Active, Not Active, Not Active
2026/09/03 21:16:33.861, 519 MiB, 49, 56.35 W, 2400 MHz, 13801 MHz, Not Active, Not Active, Not Active, Not Active, Not Active
2026/09/03 21:16:34.061, 519 MiB, 49, 56.42 W, 2400 MHz, 13801 MHz, Not Active, Not Active, Not Active, Not Active, Not Active
2026/09/03 21:16:34.261, 519 MiB, 49, 56.42 W, 2400 MHz, 13801 MHz, Not Active, Not Active, Not Active, Not Active, Not Active
2026/09/03 21:16:34.461, 519 MiB, 49, 56.41 W, 2400 MHz, 13801 MHz, Not Active, Not Active, Not Active, Not Active, Not Active
2026/09/03 21:16:34.662, 519 MiB, 49, 56.41 W, 2400 MHz, 13801 MHz, Not Active, Not Active, Not Active, Not Active, Not Active
2026/09/03 21:16:34.862, 519 MiB, 49, 56.41 W, 2400 MHz, 13801 MHz, Not Active, Not Active, Not Active, Not Active, Not Active
2026/09/03 21:16:35.062, 519 MiB, 49, 56.28 W, 2400 MHz, 13801 MHz, Not Active, Not Active, Not Active, Not Active, Not Active
2026/09/03 21:16:35.262, 519 MiB, 49, 56.28 W, 2400 MHz, 13801 MHz, Not Active, Not Active, Not Active, Not Active, Not Active
2026/09/03 21:16:35.463, 519 MiB, 49, 56.29 W, 2400 MHz, 13801 MHz, Not Active, Not Active, Not Active, Not Active, Not Active
2026/09/03 21:16:35.663, 519 MiB, 49, 56.29 W, 2400 MHz, 13801 MHz, Not Active, Not Active, Not Active, Not Active, Not Active
2026/09/03 21:16:35.863, 519 MiB, 49, 56.29 W, 2400 MHz, 13801 MHz, Not Active, Not Active, Not Active, Not Active, Not Active
2026/09/03 21:16:36.063, 519 MiB, 49, 56.35 W, 2400 MHz, 13801 MHz, Not Active, Not Active, Not Active, Not Active, Not Active
2026/09/03 21:16:36.264, 519 MiB, 49, 56.35 W, 2400 MHz, 13801 MHz, Not Active, Not Active, Not Active, Not Active, Not Active
2026/09/03 21:16:36.464, 519 MiB, 49, 56.37 W, 2400 MHz, 13801 MHz, Not Active, Not Active, Not Active, Not Active, Not Active
2026/09/03 21:16:36.664, 519 MiB, 49, 56.37 W, 2400 MHz, 13801 MHz, Not Active, Not Active, Not Active, Not Active, Not Active
2026/09/03 21:16:36.864, 519 MiB, 49, 56.37 W, 2400 MHz, 13801 MHz, Not Active, Not Active, Not Active, Not Active, Not Active
2026/09/03 21:16:37.065, 519 MiB, 49, 56.34 W, 2400 MHz, 13801 MHz, Not Active, Not Active, Not Active, Not Active, Not Active
2026/09/03 21:16:37.265, 519 MiB, 49, 56.34 W, 2400 MHz, 13801 MHz, Not Active, Not Active, Not Active, Not Active, Not Active
2026/09/03 21:16:37.465, 519 MiB, 49, 56.38 W, 2400 MHz, 13801 MHz, Not Active, Not Active, Not Active, Not Active, Not Active
2026/09/03 21:16:37.666, 519 MiB, 49, 56.38 W, 2400 MHz, 13801 MHz, Not Active, Not Active, Not Active, Not Active, Not Active
2026/09/03 21:16:37.866, 519 MiB, 49, 56.38 W, 2400 MHz, 13801 MHz, Not Active, Not Active, Not Active, Not Active, Not Active
2026/09/03 21:16:38.066, 519 MiB, 49, 56.28 W, 2400 MHz, 13801 MHz, Not Active, Not Active, Not Active, Not Active, Not Active
2026/09/03 21:16:38.266, 519 MiB, 49, 56.28 W, 2400 MHz, 13801 MHz, Not Active, Not Active, Not Active, Not Active, Not Active
2026/09/03 21:16:38.467, 519 MiB, 49, 56.22 W, 2400 MHz, 13801 MHz, Not Active, Not Active, Not Active, Not Active, Not Active
2026/09/03 21:16:38.667, 519 MiB, 49, 56.22 W, 2400 MHz, 13801 MHz, Not Active, Not Active, Not Active, Not Active, Not Active
2026/09/03 21:16:38.867, 519 MiB, 49, 56.35 W, 2400 MHz, 13801 MHz, Not Active, Not Active, Not Active, Not Active, Not Active
2026/09/03 21:16:39.067, 519 MiB, 49, 56.35 W, 2400 MHz, 13801 MHz, Not Active, Not Active, Not Active, Not Active, Not Active
2026/09/03 21:16:39.267, 519 MiB, 49, 56.35 W, 2400 MHz, 13801 MHz, Not Active, Not Active, Not Active, Not Active, Not Active
2026/09/03 21:16:39.468, 519 MiB, 49, 56.35 W, 2400 MHz, 13801 MHz, Not Active, Not Active, Not Active, Not Active, Not Active
2026/09/03 21:16:39.668, 519 MiB, 49, 56.35 W, 2400 MHz, 13801 MHz, Not Active, Not Active, Not Active, Not Active, Not Active
2026/09/03 21:16:39.868, 519 MiB, 49, 56.30 W, 2400 MHz, 13801 MHz, Not Active, Not Active, Not Active, Not Active, Not Active
2026/09/03 21:16:40.068, 519 MiB, 49, 56.30 W, 2400 MHz, 13801 MHz, Not Active, Not Active, Not Active, Not Active, Not Active
2026/09/03 21:16:40.269, 519 MiB, 49, 56.30 W, 2400 MHz, 13801 MHz, Not Active, Not Active, Not Active, Not Active, Not Active
2026/09/03 21:16:40.469, 519 MiB, 49, 56.41 W, 2400 MHz, 13801 MHz, Not Active, Not Active, Not Active, Not Active, Not Active
2026/09/03 21:16:40.669, 519 MiB, 49, 56.41 W, 2400 MHz, 13801 MHz, Not Active, Not Active, Not Active, Not Active, Not Active
2026/09/03 21:16:40.869, 519 MiB, 49, 56.42 W, 2400 MHz, 13801 MHz, Not Active, Not Active, Not Active, Not Active, Not Active
2026/09/03 21:16:41.070, 519 MiB, 49, 56.42 W, 2400 MHz, 13801 MHz, Not Active, Not Active, Not Active, Not Active, Not Active
2026/09/03 21:16:41.270, 519 MiB, 49, 56.42 W, 2400 MHz, 13801 MHz, Not Active, Not Active, Not Active, Not Active, Not Active
2026/09/03 21:16:41.470, 519 MiB, 49, 56.32 W, 2400 MHz, 13801 MHz, Not Active, Not Active, Not Active, Not Active, Not Active
2026/09/03 21:16:41.670, 519 MiB, 49, 56.32 W, 2400 MHz, 13801 MHz, Not Active, Not Active, Not Active, Not Active, Not Active
2026/09/03 21:16:41.871, 519 MiB, 49, 56.36 W, 2400 MHz, 13801 MHz, Not Active, Not Active, Not Active, Not Active, Not Active
2026/09/03 21:16:42.071, 519 MiB, 49, 56.36 W, 2400 MHz, 13801 MHz, Not Active, Not Active, Not Active, Not Active, Not Active
2026/09/03 21:16:42.271, 519 MiB, 49, 56.36 W, 2400 MHz, 13801 MHz, Not Active, Not Active, Not Active, Not Active, Not Active
2026/09/03 21:16:42.471, 519 MiB, 49, 56.35 W, 2400 MHz, 13801 MHz, Not Active, Not Active, Not Active, Not Active, Not Active
2026/09/03 21:16:42.672, 519 MiB, 49, 56.35 W, 2400 MHz, 13801 MHz, Not Active, Not Active, Not Active, Not Active, Not Active
2026/09/03 21:16:42.872, 519 MiB, 49, 56.37 W, 2400 MHz, 13801 MHz, Not Active, Not Active, Not Active, Not Active, Not Active
2026/09/03 21:16:43.072, 519 MiB, 49, 56.37 W, 2400 MHz, 13801 MHz, Not Active, Not Active, Not Active, Not Active, Not Active
2026/09/03 21:16:43.273, 519 MiB, 49, 56.37 W, 2400 MHz, 13801 MHz, Not Active, Not Active, Not Active, Not Active, Not Active
2026/09/03 21:16:43.473, 519 MiB, 49, 56.46 W, 2400 MHz, 13801 MHz, Not Active, Not Active, Not Active, Not Active, Not Active
2026/09/03 21:16:43.673, 519 MiB, 49, 56.46 W, 2400 MHz, 13801 MHz, Not Active, Not Active, Not Active, Not Active, Not Active
2026/09/03 21:16:43.873, 519 MiB, 49, 56.39 W, 2400 MHz, 13801 MHz, Not Active, Not Active, Not Active, Not Active, Not Active
2026/09/03 21:16:44.074, 519 MiB, 49, 56.39 W, 2400 MHz, 13801 MHz, Not Active, Not Active, Not Active, Not Active, Not Active
2026/09/03 21:16:44.274, 519 MiB, 49, 56.39 W, 2400 MHz, 13801 MHz, Not Active, Not Active, Not Active, Not Active, Not Active
2026/09/03 21:16:44.474, 519 MiB, 49, 56.38 W, 2400 MHz, 13801 MHz, Not Active, Not Active, Not Active, Not Active, Not Active
2026/09/03 21:16:44.675, 519 MiB, 49, 56.38 W, 2400 MHz, 13801 MHz, Not Active, Not Active, Not Active, Not Active, Not Active
2026/09/03 21:16:44.875, 519 MiB, 49, 56.33 W, 2400 MHz, 13801 MHz, Not Active, Not Active, Not Active, Not Active, Not Active
2026/09/03 21:16:45.075, 519 MiB, 49, 56.33 W, 2400 MHz, 13801 MHz, Not Active, Not Active, Not Active, Not Active, Not Active
2026/09/03 21:16:45.275, 519 MiB, 49, 56.33 W, 2400 MHz, 13801 MHz, Not Active, Not Active, Not Active, Not Active, Not Active
2026/09/03 21:16:45.476, 519 MiB, 49, 56.34 W, 2400 MHz, 13801 MHz, Not Active, Not Active, Not Active, Not Active, Not Active
2026/09/03 21:16:45.676, 519 MiB, 49, 56.34 W, 2400 MHz, 13801 MHz, Not Active, Not Active, Not Active, Not Active, Not Active
2026/09/03 21:16:45.876, 519 MiB, 49, 56.44 W, 2400 MHz, 13801 MHz, Not Active, Not Active, Not Active, Not Active, Not Active
2026/09/03 21:16:46.077, 519 MiB, 49, 56.44 W, 2400 MHz, 13801 MHz, Not Active, Not Active, Not Active, Not Active, Not Active
2026/09/03 21:16:46.277, 519 MiB, 49, 56.44 W, 2400 MHz, 13801 MHz, Not Active, Not Active, Not Active, Not Active, Not Active
2026/09/03 21:16:46.477, 519 MiB, 49, 56.35 W, 2400 MHz, 13801 MHz, Not Active, Not Active, Not Active, Not Active, Not Active
2026/09/03 21:16:46.677, 519 MiB, 49, 56.35 W, 2400 MHz, 13801 MHz, Not Active, Not Active, Not Active, Not Active, Not Active
2026/09/03 21:16:46.878, 519 MiB, 49, 56.33 W, 2400 MHz, 13801 MHz, Not Active, Not Active, Not Active, Not Active, Not Active
2026/09/03 21:16:47.078, 519 MiB, 49, 56.33 W, 2400 MHz, 13801 MHz, Not Active, Not Active, Not Active, Not Active, Not Active
2026/09/03 21:16:47.278, 519 MiB, 49, 56.33 W, 2400 MHz, 13801 MHz, Not Active, Not Active, Not Active, Not Active, Not Active
2026/09/03 21:16:47.479, 519 MiB, 49, 56.39 W, 2400 MHz, 13801 MHz, Not Active, Not Active, Not Active, Not Active, Not Active
2026/09/03 21:16:47.679, 519 MiB, 49, 56.39 W, 2400 MHz, 13801 MHz, Not Active, Not Active, Not Active, Not Active, Not Active
2026/09/03 21:16:47.879, 519 MiB, 48, 40.08 W, 55 MHz, 810 MHz, Not Active, Not Active, Not Active, Not Active, Not Active
2026/09/03 21:16:48.079, 519 MiB, 48, 40.08 W, 55 MHz, 810 MHz, Not Active, Not Active, Not Active, Not Active, Not Active
2026/09/03 21:16:48.280, 519 MiB, 48, 40.08 W, 55 MHz, 810 MHz, Not Active, Not Active, Not Active, Not Active, Not Active
2026/09/03 21:16:48.480, 519 MiB, 48, 20.17 W, 41 MHz, 810 MHz, Not Active, Not Active, Not Active, Not Active, Not Active
2026/09/03 21:16:48.680, 519 MiB, 48, 20.17 W, 41 MHz, 810 MHz, Not Active, Not Active, Not Active, Not Active, Not Active
2026/09/03 21:16:48.880, 519 MiB, 48, 20.17 W, 41 MHz, 810 MHz, Not Active, Not Active, Not Active, Not Active, Not Active
2026/09/03 21:16:49.081, 519 MiB, 48, 20.17 W, 41 MHz, 810 MHz, Not Active, Not Active, Not Active, Not Active, Not Active
2026/09/03 21:16:49.281, 519 MiB, 48, 20.17 W, 41 MHz, 810 MHz, Not Active, Not Active, Not Active, Not Active, Not Active
2026/09/03 21:16:49.481, 519 MiB, 48, 13.09 W, 41 MHz, 810 MHz, Not Active, Not Active, Not Active, Not Active, Not Active
2026/09/03 21:16:49.681, 519 MiB, 48, 13.09 W, 41 MHz, 810 MHz, Not Active, Not Active, Not Active, Not Active, Not Active
2026/09/03 21:16:49.882, 519 MiB, 48, 13.09 W, 23 MHz, 405 MHz, Not Active, Not Active, Not Active, Not Active, Not Active
2026/09/03 21:16:50.082, 519 MiB, 48, 13.09 W, 23 MHz, 405 MHz, Not Active, Not Active, Not Active, Not Active, Not Active
2026/09/03 21:16:50.282, 519 MiB, 48, 13.09 W, 23 MHz, 405 MHz, Not Active, Not Active, Not Active, Not Active, Not Active
2026/09/03 21:16:50.482, 519 MiB, 48, 12.20 W, 23 MHz, 405 MHz, Not Active, Not Active, Not Active, Not Active, Not Active
2026/09/03 21:16:50.683, 519 MiB, 48, 12.20 W, 23 MHz, 405 MHz, Not Active, Not Active, Not Active, Not Active, Not Active
2026/09/03 21:16:50.883, 519 MiB, 48, 12.20 W, 22 MHz, 405 MHz, Not Active, Not Active, Not Active, Not Active, Not Active
2026/09/03 21:16:51.083, 519 MiB, 48, 12.20 W, 22 MHz, 405 MHz, Not Active, Not Active, Not Active, Not Active, Not Active
2026/09/03 21:16:51.284, 519 MiB, 48, 12.20 W, 22 MHz, 405 MHz, Not Active, Not Active, Not Active, Not Active, Not Active
2026/09/03 21:16:51.484, 519 MiB, 48, 12.08 W, 22 MHz, 405 MHz, Not Active, Not Active, Not Active, Not Active, Not Active
2026/09/03 21:16:51.684, 519 MiB, 48, 12.08 W, 22 MHz, 405 MHz, Not Active, Not Active, Not Active, Not Active, Not Active
2026/09/03 21:16:51.884, 519 MiB, 48, 12.08 W, 22 MHz, 405 MHz, Not Active, Not Active, Not Active, Not Active, Not Active
2026/09/03 21:16:52.085, 519 MiB, 48, 12.08 W, 22 MHz, 405 MHz, Not Active, Not Active, Not Active, Not Active, Not Active
2026/09/03 21:16:52.285, 519 MiB, 48, 12.08 W, 22 MHz, 405 MHz, Not Active, Not Active, Not Active, Not Active, Not Active
2026/09/03 21:16:52.485, 519 MiB, 48, 11.91 W, 22 MHz, 405 MHz, Not Active, Not Active, Not Active, Not Active, Not Active
2026/09/03 21:16:52.686, 519 MiB, 48, 11.91 W, 22 MHz, 405 MHz, Not Active, Not Active, Not Active, Not Active, Not Active
2026/09/03 21:16:52.886, 519 MiB, 48, 11.91 W, 22 MHz, 405 MHz, Not Active, Not Active, Not Active, Not Active, Not Active
2026/09/03 21:16:53.087, 519 MiB, 48, 11.91 W, 22 MHz, 405 MHz, Not Active, Not Active, Not Active, Not Active, Not Active
2026/09/03 21:16:53.287, 519 MiB, 48, 11.91 W, 22 MHz, 405 MHz, Not Active, Not Active, Not Active, Not Active, Not Active
2026/09/03 21:16:53.487, 519 MiB, 48, 12.15 W, 23 MHz, 405 MHz, Not Active, Not Active, Not Active, Not Active, Not Active
2026/09/03 21:16:53.687, 519 MiB, 48, 12.15 W, 23 MHz, 405 MHz, Not Active, Not Active, Not Active, Not Active, Not Active
2026/09/03 21:16:53.888, 519 MiB, 48, 13.00 W, 22 MHz, 405 MHz, Not Active, Not Active, Not Active, Not Active, Not Active
2026/09/03 21:16:54.088, 519 MiB, 48, 13.00 W, 22 MHz, 405 MHz, Not Active, Not Active, Not Active, Not Active, Not Active
2026/09/03 21:16:54.288, 519 MiB, 48, 13.00 W, 22 MHz, 405 MHz, Not Active, Not Active, Not Active, Not Active, Not Active
2026/09/03 21:16:54.488, 519 MiB, 48, 13.22 W, 22 MHz, 405 MHz, Not Active, Not Active, Not Active, Not Active, Not Active
2026/09/03 21:16:54.689, 519 MiB, 48, 13.22 W, 22 MHz, 405 MHz, Not Active, Not Active, Not Active, Not Active, Not Active
2026/09/03 21:16:54.889, 519 MiB, 48, 13.22 W, 22 MHz, 405 MHz, Not Active, Not Active, Not Active, Not Active, Not Active
2026/09/03 21:16:55.089, 519 MiB, 48, 13.22 W, 22 MHz, 405 MHz, Not Active, Not Active, Not Active, Not Active, Not Active
2026/09/03 21:16:55.289, 519 MiB, 48, 13.22 W, 22 MHz, 405 MHz, Not Active, Not Active, Not Active, Not Active, Not Active
2026/09/03 21:16:55.490, 519 MiB, 48, 12.11 W, 22 MHz, 405 MHz, Not Active, Not Active, Not Active, Not Active, Not Active
2026/09/03 21:16:55.690, 519 MiB, 48, 12.11 W, 22 MHz, 405 MHz, Not Active, Not Active, Not Active, Not Active, Not Active
2026/09/03 21:16:55.890, 519 MiB, 48, 12.11 W, 22 MHz, 405 MHz, Not Active, Not Active, Not Active, Not Active, Not Active
2026/09/03 21:16:56.091, 519 MiB, 48, 12.11 W, 22 MHz, 405 MHz, Not Active, Not Active, Not Active, Not Active, Not Active
2026/09/03 21:16:56.291, 519 MiB, 48, 12.11 W, 22 MHz, 405 MHz, Not Active, Not Active, Not Active, Not Active, Not Active
2026/09/03 21:16:56.491, 519 MiB, 48, 12.11 W, 22 MHz, 405 MHz, Not Active, Not Active, Not Active, Not Active, Not Active
2026/09/03 21:16:56.691, 519 MiB, 48, 12.11 W, 22 MHz, 405 MHz, Not Active, Not Active, Not Active, Not Active, Not Active
2026/09/03 21:16:56.892, 519 MiB, 48, 12.11 W, 22 MHz, 405 MHz, Not Active, Not Active, Not Active, Not Active, Not Active
2026/09/03 21:16:57.092, 519 MiB, 48, 12.11 W, 22 MHz, 405 MHz, Not Active, Not Active, Not Active, Not Active, Not Active
2026/09/03 21:16:57.292, 519 MiB, 48, 12.11 W, 22 MHz, 405 MHz, Not Active, Not Active, Not Active, Not Active, Not Active
2026/09/03 21:16:57.493, 519 MiB, 48, 11.81 W, 22 MHz, 405 MHz, Not Active, Not Active, Not Active, Not Active, Not Active
2026/09/03 21:16:57.693, 519 MiB, 48, 11.81 W, 22 MHz, 405 MHz, Not Active, Not Active, Not Active, Not Active, Not Active
2026/09/03 21:16:57.893, 519 MiB, 48, 11.81 W, 22 MHz, 405 MHz, Not Active, Not Active, Not Active, Not Active, Not Active
2026/09/03 21:16:58.093, 519 MiB, 48, 11.81 W, 22 MHz, 405 MHz, Not Active, Not Active, Not Active, Not Active, Not Active
2026/09/03 21:16:58.294, 519 MiB, 48, 11.81 W, 22 MHz, 405 MHz, Not Active, Not Active, Not Active, Not Active, Not Active
2026/09/03 21:16:58.494, 519 MiB, 48, 11.87 W, 22 MHz, 405 MHz, Not Active, Not Active, Not Active, Not Active, Not Active
2026/09/03 21:16:58.702, 519 MiB, 48, 11.87 W, 22 MHz, 405 MHz, Not Active, Not Active, Not Active, Not Active, Not Active
2026/09/03 21:16:58.902, 519 MiB, 48, 11.87 W, 22 MHz, 405 MHz, Not Active, Not Active, Not Active, Not Active, Not Active
2026/09/03 21:16:59.102, 519 MiB, 48, 11.87 W, 22 MHz, 405 MHz, Not Active, Not Active, Not Active, Not Active, Not Active
2026/09/03 21:16:59.302, 519 MiB, 48, 11.87 W, 22 MHz, 405 MHz, Not Active, Not Active, Not Active, Not Active, Not Active
2026/09/03 21:16:59.503, 519 MiB, 48, 12.00 W, 22 MHz, 405 MHz, Not Active, Not Active, Not Active, Not Active, Not Active
2026/09/03 21:16:59.703, 519 MiB, 48, 12.00 W, 22 MHz, 405 MHz, Not Active, Not Active, Not Active, Not Active, Not Active
2026/09/03 21:16:59.903, 519 MiB, 48, 12.00 W, 22 MHz, 405 MHz, Not Active, Not Active, Not Active, Not Active, Not Active
2026/09/03 21:17:00.103, 519 MiB, 48, 12.00 W, 22 MHz, 405 MHz, Not Active, Not Active, Not Active, Not Active, Not Active
2026/09/03 21:17:00.304, 519 MiB, 48, 12.00 W, 22 MHz, 405 MHz, Not Active, Not Active, Not Active, Not Active, Not Active
2026/09/03 21:17:00.504, 519 MiB, 48, 11.82 W, 22 MHz, 405 MHz, Not Active, Not Active, Not Active, Not Active, Not Active
2026/09/03 21:17:00.704, 519 MiB, 48, 11.82 W, 22 MHz, 405 MHz, Not Active, Not Active, Not Active, Not Active, Not Active
2026/09/03 21:17:00.904, 519 MiB, 48, 12.56 W, 22 MHz, 405 MHz, Not Active, Not Active, Not Active, Not Active, Not Active
2026/09/03 21:17:01.105, 519 MiB, 48, 12.56 W, 22 MHz, 405 MHz, Not Active, Not Active, Not Active, Not Active, Not Active
2026/09/03 21:17:01.305, 519 MiB, 48, 12.56 W, 22 MHz, 405 MHz, Not Active, Not Active, Not Active, Not Active, Not Active
2026/09/03 21:17:01.505, 519 MiB, 48, 14.08 W, 22 MHz, 405 MHz, Not Active, Not Active, Not Active, Not Active, Not Active
2026/09/03 21:17:01.705, 519 MiB, 48, 14.08 W, 22 MHz, 405 MHz, Not Active, Not Active, Not Active, Not Active, Not Active
2026/09/03 21:17:01.906, 519 MiB, 48, 14.08 W, 22 MHz, 405 MHz, Not Active, Not Active, Not Active, Not Active, Not Active
2026/09/03 21:17:02.106, 519 MiB, 48, 14.08 W, 22 MHz, 405 MHz, Not Active, Not Active, Not Active, Not Active, Not Active
2026/09/03 21:17:02.306, 519 MiB, 48, 14.08 W, 22 MHz, 405 MHz, Not Active, Not Active, Not Active, Not Active, Not Active
2026/09/03 21:17:02.507, 519 MiB, 48, 14.08 W, 22 MHz, 405 MHz, Not Active, Not Active, Not Active, Not Active, Not Active
2026/09/03 21:17:02.707, 519 MiB, 48, 14.08 W, 22 MHz, 405 MHz, Not Active, Not Active, Not Active, Not Active, Not Active
2026/09/03 21:17:02.907, 519 MiB, 48, 12.14 W, 22 MHz, 405 MHz, Not Active, Not Active, Not Active, Not Active, Not Active
2026/09/03 21:17:03.107, 519 MiB, 48, 12.14 W, 22 MHz, 405 MHz, Not Active, Not Active, Not Active, Not Active, Not Active
2026/09/03 21:17:03.308, 519 MiB, 48, 12.14 W, 22 MHz, 405 MHz, Not Active, Not Active, Not Active, Not Active, Not Active
2026/09/03 21:17:03.508, 519 MiB, 48, 12.14 W, 22 MHz, 405 MHz, Not Active, Not Active, Not Active, Not Active, Not Active
2026/09/03 21:17:03.708, 519 MiB, 48, 12.14 W, 22 MHz, 405 MHz, Not Active, Not Active, Not Active, Not Active, Not Active
2026/09/03 21:17:03.908, 519 MiB, 48, 12.13 W, 22 MHz, 405 MHz, Not Active, Not Active, Not Active, Not Active, Not Active
2026/09/03 21:17:04.109, 519 MiB, 48, 12.13 W, 22 MHz, 405 MHz, Not Active, Not Active, Not Active, Not Active, Not Active
2026/09/03 21:17:04.309, 519 MiB, 48, 12.13 W, 22 MHz, 405 MHz, Not Active, Not Active, Not Active, Not Active, Not Active
2026/09/03 21:17:04.509, 519 MiB, 48, 12.13 W, 22 MHz, 405 MHz, Not Active, Not Active, Not Active, Not Active, Not Active
2026/09/03 21:17:04.710, 519 MiB, 48, 12.13 W, 22 MHz, 405 MHz, Not Active, Not Active, Not Active, Not Active, Not Active
2026/09/03 21:17:04.910, 519 MiB, 48, 12.17 W, 22 MHz, 405 MHz, Not Active, Not Active, Not Active, Not Active, Not Active
2026/09/03 21:17:05.110, 519 MiB, 48, 12.17 W, 22 MHz, 405 MHz, Not Active, Not Active, Not Active, Not Active, Not Active
2026/09/03 21:17:05.310, 519 MiB, 48, 12.17 W, 22 MHz, 405 MHz, Not Active, Not Active, Not Active, Not Active, Not Active
2026/09/03 21:17:05.511, 519 MiB, 48, 12.17 W, 22 MHz, 405 MHz, Not Active, Not Active, Not Active, Not Active, Not Active
2026/09/03 21:17:05.711, 519 MiB, 48, 12.17 W, 22 MHz, 405 MHz, Not Active, Not Active, Not Active, Not Active, Not Active
2026/09/03 21:17:05.911, 519 MiB, 48, 12.29 W, 22 MHz, 405 MHz, Not Active, Not Active, Not Active, Not Active, Not Active
2026/09/03 21:17:06.111, 519 MiB, 48, 12.29 W, 22 MHz, 405 MHz, Not Active, Not Active, Not Active, Not Active, Not Active
2026/09/03 21:17:06.312, 519 MiB, 48, 12.29 W, 22 MHz, 405 MHz, Not Active, Not Active, Not Active, Not Active, Not Active
2026/09/03 21:17:06.512, 519 MiB, 48, 12.29 W, 22 MHz, 405 MHz, Not Active, Not Active, Not Active, Not Active, Not Active
2026/09/03 21:17:06.712, 519 MiB, 48, 12.29 W, 22 MHz, 405 MHz, Not Active, Not Active, Not Active, Not Active, Not Active
2026/09/03 21:17:06.913, 519 MiB, 48, 12.32 W, 22 MHz, 405 MHz, Not Active, Not Active, Not Active, Not Active, Not Active
2026/09/03 21:17:07.113, 519 MiB, 48, 12.32 W, 22 MHz, 405 MHz, Not Active, Not Active, Not Active, Not Active, Not Active
2026/09/03 21:17:07.313, 519 MiB, 48, 12.32 W, 22 MHz, 405 MHz, Not Active, Not Active, Not Active, Not Active, Not Active
2026/09/03 21:17:07.513, 519 MiB, 48, 12.32 W, 22 MHz, 405 MHz, Not Active, Not Active, Not Active, Not Active, Not Active
2026/09/03 21:17:07.714, 519 MiB, 48, 12.32 W, 22 MHz, 405 MHz, Not Active, Not Active, Not Active, Not Active, Not Active
2026/09/03 21:17:07.914, 519 MiB, 48, 12.86 W, 24 MHz, 405 MHz, Not Active, Not Active, Not Active, Not Active, Not Active
2026/09/03 21:17:08.114, 519 MiB, 48, 12.86 W, 24 MHz, 405 MHz, Not Active, Not Active, Not Active, Not Active, Not Active
2026/09/03 21:17:08.314, 519 MiB, 48, 12.86 W, 24 MHz, 405 MHz, Not Active, Not Active, Not Active, Not Active, Not Active
2026/09/03 21:17:08.515, 519 MiB, 48, 13.30 W, 22 MHz, 405 MHz, Not Active, Not Active, Not Active, Not Active, Not Active
2026/09/03 21:17:08.715, 519 MiB, 48, 13.30 W, 22 MHz, 405 MHz, Not Active, Not Active, Not Active, Not Active, Not Active
2026/09/03 21:17:08.915, 519 MiB, 48, 14.28 W, 22 MHz, 405 MHz, Not Active, Not Active, Not Active, Not Active, Not Active
2026/09/03 21:17:09.115, 519 MiB, 48, 14.28 W, 22 MHz, 405 MHz, Not Active, Not Active, Not Active, Not Active, Not Active
2026/09/03 21:17:09.316, 519 MiB, 48, 14.28 W, 22 MHz, 405 MHz, Not Active, Not Active, Not Active, Not Active, Not Active
2026/09/03 21:17:09.516, 519 MiB, 48, 14.28 W, 22 MHz, 405 MHz, Not Active, Not Active, Not Active, Not Active, Not Active
2026/09/03 21:17:09.716, 519 MiB, 48, 14.28 W, 22 MHz, 405 MHz, Not Active, Not Active, Not Active, Not Active, Not Active
2026/09/03 21:17:09.917, 519 MiB, 47, 12.11 W, 22 MHz, 405 MHz, Not Active, Not Active, Not Active, Not Active, Not Active
2026/09/03 21:17:10.117, 519 MiB, 47, 12.11 W, 22 MHz, 405 MHz, Not Active, Not Active, Not Active, Not Active, Not Active
2026/09/03 21:17:10.317, 519 MiB, 47, 12.11 W, 22 MHz, 405 MHz, Not Active, Not Active, Not Active, Not Active, Not Active
2026/09/03 21:17:10.517, 519 MiB, 47, 12.11 W, 22 MHz, 405 MHz, Not Active, Not Active, Not Active, Not Active, Not Active
2026/09/03 21:17:10.718, 519 MiB, 47, 12.11 W, 22 MHz, 405 MHz, Not Active, Not Active, Not Active, Not Active, Not Active
2026/09/03 21:17:10.918, 519 MiB, 47, 12.06 W, 22 MHz, 405 MHz, Not Active, Not Active, Not Active, Not Active, Not Active
2026/09/03 21:17:11.118, 519 MiB, 47, 12.06 W, 22 MHz, 405 MHz, Not Active, Not Active, Not Active, Not Active, Not Active
2026/09/03 21:17:11.319, 519 MiB, 47, 12.06 W, 22 MHz, 405 MHz, Not Active, Not Active, Not Active, Not Active, Not Active
2026/09/03 21:17:11.519, 519 MiB, 47, 12.06 W, 22 MHz, 405 MHz, Not Active, Not Active, Not Active, Not Active, Not Active
2026/09/03 21:17:11.719, 519 MiB, 47, 12.06 W, 22 MHz, 405 MHz, Not Active, Not Active, Not Active, Not Active, Not Active
2026/09/03 21:17:11.919, 519 MiB, 47, 11.82 W, 22 MHz, 405 MHz, Not Active, Not Active, Not Active, Not Active, Not Active
2026/09/03 21:17:12.120, 519 MiB, 47, 11.82 W, 22 MHz, 405 MHz, Not Active, Not Active, Not Active, Not Active, Not Active
2026/09/03 21:17:12.320, 519 MiB, 47, 11.82 W, 22 MHz, 405 MHz, Not Active, Not Active, Not Active, Not Active, Not Active
2026/09/03 21:17:12.520, 519 MiB, 47, 11.82 W, 22 MHz, 405 MHz, Not Active, Not Active, Not Active, Not Active, Not Active
2026/09/03 21:17:12.720, 519 MiB, 47, 11.82 W, 22 MHz, 405 MHz, Not Active, Not Active, Not Active, Not Active, Not Active
2026/09/03 21:17:12.921, 519 MiB, 47, 11.92 W, 22 MHz, 405 MHz, Not Active, Not Active, Not Active, Not Active, Not Active
2026/09/03 21:17:13.121, 519 MiB, 47, 11.92 W, 22 MHz, 405 MHz, Not Active, Not Active, Not Active, Not Active, Not Active
2026/09/03 21:17:13.321, 519 MiB, 47, 11.92 W, 22 MHz, 405 MHz, Not Active, Not Active, Not Active, Not Active, Not Active
2026/09/03 21:17:13.521, 519 MiB, 47, 11.92 W, 22 MHz, 405 MHz, Not Active, Not Active, Not Active, Not Active, Not Active
2026/09/03 21:17:13.722, 519 MiB, 47, 11.92 W, 22 MHz, 405 MHz, Not Active, Not Active, Not Active, Not Active, Not Active
2026/09/03 21:17:13.922, 519 MiB, 47, 12.11 W, 22 MHz, 405 MHz, Not Active, Not Active, Not Active, Not Active, Not Active
2026/09/03 21:17:14.122, 519 MiB, 47, 12.11 W, 22 MHz, 405 MHz, Not Active, Not Active, Not Active, Not Active, Not Active
2026/09/03 21:17:14.323, 519 MiB, 47, 12.11 W, 22 MHz, 405 MHz, Not Active, Not Active, Not Active, Not Active, Not Active
2026/09/03 21:17:14.523, 519 MiB, 47, 12.11 W, 22 MHz, 405 MHz, Not Active, Not Active, Not Active, Not Active, Not Active
2026/09/03 21:17:14.723, 519 MiB, 47, 12.11 W, 22 MHz, 405 MHz, Not Active, Not Active, Not Active, Not Active, Not Active
2026/09/03 21:17:14.924, 519 MiB, 47, 12.13 W, 24 MHz, 405 MHz, Not Active, Not Active, Not Active, Not Active, Not Active
2026/09/03 21:17:15.124, 519 MiB, 47, 12.13 W, 24 MHz, 405 MHz, Not Active, Not Active, Not Active, Not Active, Not Active
2026/09/03 21:17:15.324, 519 MiB, 47, 12.13 W, 24 MHz, 405 MHz, Not Active, Not Active, Not Active, Not Active, Not Active
2026/09/03 21:17:15.524, 519 MiB, 47, 12.77 W, 22 MHz, 405 MHz, Not Active, Not Active, Not Active, Not Active, Not Active
2026/09/03 21:17:15.724, 519 MiB, 47, 12.77 W, 22 MHz, 405 MHz, Not Active, Not Active, Not Active, Not Active, Not Active
2026/09/03 21:17:15.925, 519 MiB, 47, 14.06 W, 22 MHz, 405 MHz, Not Active, Not Active, Not Active, Not Active, Not Active
2026/09/03 21:17:16.125, 519 MiB, 47, 14.06 W, 22 MHz, 405 MHz, Not Active, Not Active, Not Active, Not Active, Not Active
2026/09/03 21:17:16.325, 519 MiB, 47, 14.06 W, 22 MHz, 405 MHz, Not Active, Not Active, Not Active, Not Active, Not Active
2026/09/03 21:17:16.525, 519 MiB, 47, 14.06 W, 22 MHz, 405 MHz, Not Active, Not Active, Not Active, Not Active, Not Active
2026/09/03 21:17:16.726, 519 MiB, 47, 14.06 W, 22 MHz, 405 MHz, Not Active, Not Active, Not Active, Not Active, Not Active
2026/09/03 21:17:16.926, 519 MiB, 47, 12.26 W, 22 MHz, 405 MHz, Not Active, Not Active, Not Active, Not Active, Not Active
2026/09/03 21:17:17.126, 519 MiB, 47, 12.26 W, 22 MHz, 405 MHz, Not Active, Not Active, Not Active, Not Active, Not Active
2026/09/03 21:17:17.326, 519 MiB, 47, 12.26 W, 22 MHz, 405 MHz, Not Active, Not Active, Not Active, Not Active, Not Active
2026/09/03 21:17:17.527, 519 MiB, 47, 12.26 W, 22 MHz, 405 MHz, Not Active, Not Active, Not Active, Not Active, Not Active
2026/09/03 21:17:17.727, 519 MiB, 47, 12.26 W, 22 MHz, 405 MHz, Not Active, Not Active, Not Active, Not Active, Not Active
2026/09/03 21:17:17.927, 519 MiB, 47, 12.14 W, 22 MHz, 405 MHz, Not Active, Not Active, Not Active, Not Active, Not Active
2026/09/03 21:17:18.127, 519 MiB, 47, 12.14 W, 22 MHz, 405 MHz, Not Active, Not Active, Not Active, Not Active, Not Active
2026/09/03 21:17:18.327, 519 MiB, 47, 12.14 W, 22 MHz, 405 MHz, Not Active, Not Active, Not Active, Not Active, Not Active
2026/09/03 21:17:18.528, 519 MiB, 47, 12.14 W, 22 MHz, 405 MHz, Not Active, Not Active, Not Active, Not Active, Not Active
2026/09/03 21:17:18.728, 519 MiB, 47, 12.14 W, 22 MHz, 405 MHz, Not Active, Not Active, Not Active, Not Active, Not Active
2026/09/03 21:17:18.928, 519 MiB, 47, 12.01 W, 22 MHz, 405 MHz, Not Active, Not Active, Not Active, Not Active, Not Active
2026/09/03 21:17:19.128, 519 MiB, 47, 12.01 W, 22 MHz, 405 MHz, Not Active, Not Active, Not Active, Not Active, Not Active
2026/09/03 21:17:19.329, 519 MiB, 47, 12.01 W, 22 MHz, 405 MHz, Not Active, Not Active, Not Active, Not Active, Not Active
2026/09/03 21:17:19.529, 519 MiB, 47, 12.01 W, 22 MHz, 405 MHz, Not Active, Not Active, Not Active, Not Active, Not Active
2026/09/03 21:17:19.729, 519 MiB, 47, 12.01 W, 22 MHz, 405 MHz, Not Active, Not Active, Not Active, Not Active, Not Active
2026/09/03 21:17:19.929, 519 MiB, 47, 11.98 W, 22 MHz, 405 MHz, Not Active, Not Active, Not Active, Not Active, Not Active
2026/09/03 21:17:20.130, 519 MiB, 47, 11.98 W, 22 MHz, 405 MHz, Not Active, Not Active, Not Active, Not Active, Not Active
2026/09/03 21:17:20.330, 519 MiB, 47, 11.98 W, 22 MHz, 405 MHz, Not Active, Not Active, Not Active, Not Active, Not Active
2026/09/03 21:17:20.530, 519 MiB, 47, 11.98 W, 22 MHz, 405 MHz, Not Active, Not Active, Not Active, Not Active, Not Active
2026/09/03 21:17:20.730, 519 MiB, 47, 11.98 W, 22 MHz, 405 MHz, Not Active, Not Active, Not Active, Not Active, Not Active
2026/09/03 21:17:20.930, 519 MiB, 47, 12.01 W, 22 MHz, 405 MHz, Not Active, Not Active, Not Active, Not Active, Not Active
2026/09/03 21:17:21.130, 519 MiB, 47, 12.01 W, 22 MHz, 405 MHz, Not Active, Not Active, Not Active, Not Active, Not Active
2026/09/03 21:17:21.331, 519 MiB, 47, 12.01 W, 22 MHz, 405 MHz, Not Active, Not Active, Not Active, Not Active, Not Active
2026/09/03 21:17:21.531, 519 MiB, 47, 12.01 W, 22 MHz, 405 MHz, Not Active, Not Active, Not Active, Not Active, Not Active
2026/09/03 21:17:21.731, 519 MiB, 47, 12.01 W, 22 MHz, 405 MHz, Not Active, Not Active, Not Active, Not Active, Not Active
2026/09/03 21:17:21.931, 519 MiB, 47, 12.02 W, 22 MHz, 405 MHz, Not Active, Not Active, Not Active, Not Active, Not Active
2026/09/03 21:17:22.131, 519 MiB, 47, 12.02 W, 22 MHz, 405 MHz, Not Active, Not Active, Not Active, Not Active, Not Active
2026/09/03 21:17:22.332, 519 MiB, 47, 12.02 W, 22 MHz, 405 MHz, Not Active, Not Active, Not Active, Not Active, Not Active
2026/09/03 21:17:22.532, 519 MiB, 47, 12.63 W, 22 MHz, 405 MHz, Not Active, Not Active, Not Active, Not Active, Not Active
2026/09/03 21:17:22.732, 519 MiB, 47, 12.63 W, 22 MHz, 405 MHz, Not Active, Not Active, Not Active, Not Active, Not Active
2026/09/03 21:17:22.932, 519 MiB, 47, 14.06 W, 22 MHz, 405 MHz, Not Active, Not Active, Not Active, Not Active, Not Active
2026/09/03 21:17:23.133, 519 MiB, 47, 14.06 W, 22 MHz, 405 MHz, Not Active, Not Active, Not Active, Not Active, Not Active
2026/09/03 21:17:23.333, 519 MiB, 47, 14.06 W, 22 MHz, 405 MHz, Not Active, Not Active, Not Active, Not Active, Not Active
2026/09/03 21:17:23.533, 519 MiB, 47, 14.09 W, 22 MHz, 405 MHz, Not Active, Not Active, Not Active, Not Active, Not Active
2026/09/03 21:17:23.733, 519 MiB, 47, 14.09 W, 22 MHz, 405 MHz, Not Active, Not Active, Not Active, Not Active, Not Active
2026/09/03 21:17:23.934, 519 MiB, 47, 14.09 W, 22 MHz, 405 MHz, Not Active, Not Active, Not Active, Not Active, Not Active
2026/09/03 21:17:24.134, 519 MiB, 47, 14.09 W, 22 MHz, 405 MHz, Not Active, Not Active, Not Active, Not Active, Not Active
2026/09/03 21:17:24.334, 519 MiB, 47, 14.09 W, 22 MHz, 405 MHz, Not Active, Not Active, Not Active, Not Active, Not Active
2026/09/03 21:17:24.535, 519 MiB, 47, 12.17 W, 22 MHz, 405 MHz, Not Active, Not Active, Not Active, Not Active, Not Active
2026/09/03 21:17:24.735, 519 MiB, 47, 12.17 W, 22 MHz, 405 MHz, Not Active, Not Active, Not Active, Not Active, Not Active
2026/09/03 21:17:24.935, 519 MiB, 47, 12.17 W, 22 MHz, 405 MHz, Not Active, Not Active, Not Active, Not Active, Not Active
2026/09/03 21:17:25.135, 519 MiB, 47, 12.17 W, 22 MHz, 405 MHz, Not Active, Not Active, Not Active, Not Active, Not Active
2026/09/03 21:17:25.336, 519 MiB, 47, 12.17 W, 22 MHz, 405 MHz, Not Active, Not Active, Not Active, Not Active, Not Active
2026/09/03 21:17:25.536, 519 MiB, 47, 12.07 W, 22 MHz, 405 MHz, Not Active, Not Active, Not Active, Not Active, Not Active
2026/09/03 21:17:25.736, 519 MiB, 47, 12.07 W, 22 MHz, 405 MHz, Not Active, Not Active, Not Active, Not Active, Not Active
2026/09/03 21:17:25.936, 519 MiB, 47, 12.07 W, 22 MHz, 405 MHz, Not Active, Not Active, Not Active, Not Active, Not Active
2026/09/03 21:17:26.137, 519 MiB, 47, 12.07 W, 22 MHz, 405 MHz, Not Active, Not Active, Not Active, Not Active, Not Active
2026/09/03 21:17:26.337, 519 MiB, 47, 12.07 W, 22 MHz, 405 MHz, Not Active, Not Active, Not Active, Not Active, Not Active
2026/09/03 21:17:26.537, 519 MiB, 47, 12.30 W, 22 MHz, 405 MHz, Not Active, Not Active, Not Active, Not Active, Not Active
2026/09/03 21:17:26.737, 519 MiB, 47, 12.30 W, 22 MHz, 405 MHz, Not Active, Not Active, Not Active, Not Active, Not Active
2026/09/03 21:17:26.938, 519 MiB, 47, 12.30 W, 22 MHz, 405 MHz, Not Active, Not Active, Not Active, Not Active, Not Active
2026/09/03 21:17:27.138, 519 MiB, 47, 12.30 W, 22 MHz, 405 MHz, Not Active, Not Active, Not Active, Not Active, Not Active
2026/09/03 21:17:27.338, 519 MiB, 47, 12.30 W, 22 MHz, 405 MHz, Not Active, Not Active, Not Active, Not Active, Not Active
2026/09/03 21:17:27.538, 519 MiB, 47, 12.10 W, 22 MHz, 405 MHz, Not Active, Not Active, Not Active, Not Active, Not Active
2026/09/03 21:17:27.739, 519 MiB, 47, 12.10 W, 22 MHz, 405 MHz, Not Active, Not Active, Not Active, Not Active, Not Active
2026/09/03 21:17:27.939, 519 MiB, 47, 12.10 W, 22 MHz, 405 MHz, Not Active, Not Active, Not Active, Not Active, Not Active
2026/09/03 21:17:28.139, 519 MiB, 47, 12.10 W, 22 MHz, 405 MHz, Not Active, Not Active, Not Active, Not Active, Not Active
2026/09/03 21:17:28.340, 519 MiB, 47, 12.10 W, 22 MHz, 405 MHz, Not Active, Not Active, Not Active, Not Active, Not Active
2026/09/03 21:17:28.540, 519 MiB, 47, 11.88 W, 22 MHz, 405 MHz, Not Active, Not Active, Not Active, Not Active, Not Active
2026/09/03 21:17:28.740, 519 MiB, 47, 11.88 W, 22 MHz, 405 MHz, Not Active, Not Active, Not Active, Not Active, Not Active
2026/09/03 21:17:28.940, 519 MiB, 47, 11.88 W, 22 MHz, 405 MHz, Not Active, Not Active, Not Active, Not Active, Not Active
2026/09/03 21:17:29.141, 519 MiB, 47, 11.88 W, 22 MHz, 405 MHz, Not Active, Not Active, Not Active, Not Active, Not Active
2026/09/03 21:17:29.341, 519 MiB, 47, 11.88 W, 22 MHz, 405 MHz, Not Active, Not Active, Not Active, Not Active, Not Active
2026/09/03 21:17:29.541, 519 MiB, 47, 12.30 W, 24 MHz, 405 MHz, Not Active, Not Active, Not Active, Not Active, Not Active
2026/09/03 21:17:29.742, 519 MiB, 47, 12.30 W, 24 MHz, 405 MHz, Not Active, Not Active, Not Active, Not Active, Not Active
2026/09/03 21:17:29.942, 519 MiB, 47, 12.79 W, 22 MHz, 405 MHz, Not Active, Not Active, Not Active, Not Active, Not Active
2026/09/03 21:17:30.142, 519 MiB, 47, 12.79 W, 22 MHz, 405 MHz, Not Active, Not Active, Not Active, Not Active, Not Active
2026/09/03 21:17:30.342, 519 MiB, 47, 12.79 W, 22 MHz, 405 MHz, Not Active, Not Active, Not Active, Not Active, Not Active
2026/09/03 21:17:30.542, 519 MiB, 47, 13.86 W, 22 MHz, 405 MHz, Not Active, Not Active, Not Active, Not Active, Not Active
2026/09/03 21:17:30.743, 519 MiB, 47, 13.86 W, 22 MHz, 405 MHz, Not Active, Not Active, Not Active, Not Active, Not Active
2026/09/03 21:17:30.943, 519 MiB, 47, 13.86 W, 22 MHz, 405 MHz, Not Active, Not Active, Not Active, Not Active, Not Active
2026/09/03 21:17:31.143, 519 MiB, 47, 13.86 W, 22 MHz, 405 MHz, Not Active, Not Active, Not Active, Not Active, Not Active
2026/09/03 21:17:31.343, 519 MiB, 47, 13.86 W, 22 MHz, 405 MHz, Not Active, Not Active, Not Active, Not Active, Not Active
2026/09/03 21:17:31.543, 519 MiB, 47, 12.07 W, 22 MHz, 405 MHz, Not Active, Not Active, Not Active, Not Active, Not Active
2026/09/03 21:17:31.744, 519 MiB, 47, 12.07 W, 22 MHz, 405 MHz, Not Active, Not Active, Not Active, Not Active, Not Active
2026/09/03 21:17:31.944, 519 MiB, 47, 12.07 W, 22 MHz, 405 MHz, Not Active, Not Active, Not Active, Not Active, Not Active
2026/09/03 21:17:32.144, 519 MiB, 47, 12.07 W, 22 MHz, 405 MHz, Not Active, Not Active, Not Active, Not Active, Not Active
2026/09/03 21:17:32.344, 519 MiB, 47, 12.07 W, 22 MHz, 405 MHz, Not Active, Not Active, Not Active, Not Active, Not Active
2026/09/03 21:17:32.544, 519 MiB, 47, 12.03 W, 22 MHz, 405 MHz, Not Active, Not Active, Not Active, Not Active, Not Active
2026/09/03 21:17:32.745, 519 MiB, 47, 12.03 W, 22 MHz, 405 MHz, Not Active, Not Active, Not Active, Not Active, Not Active
2026/09/03 21:17:32.945, 519 MiB, 47, 12.03 W, 22 MHz, 405 MHz, Not Active, Not Active, Not Active, Not Active, Not Active
2026/09/03 21:17:33.146, 519 MiB, 47, 12.03 W, 22 MHz, 405 MHz, Not Active, Not Active, Not Active, Not Active, Not Active
2026/09/03 21:17:33.347, 519 MiB, 47, 12.03 W, 22 MHz, 405 MHz, Not Active, Not Active, Not Active, Not Active, Not Active
2026/09/03 21:17:33.547, 519 MiB, 47, 12.20 W, 22 MHz, 405 MHz, Not Active, Not Active, Not Active, Not Active, Not Active
2026/09/03 21:17:33.747, 519 MiB, 47, 12.20 W, 22 MHz, 405 MHz, Not Active, Not Active, Not Active, Not Active, Not Active
2026/09/03 21:17:33.947, 519 MiB, 47, 12.20 W, 22 MHz, 405 MHz, Not Active, Not Active, Not Active, Not Active, Not Active
2026/09/03 21:17:34.147, 519 MiB, 47, 12.20 W, 22 MHz, 405 MHz, Not Active, Not Active, Not Active, Not Active, Not Active
2026/09/03 21:17:34.348, 519 MiB, 47, 12.20 W, 22 MHz, 405 MHz, Not Active, Not Active, Not Active, Not Active, Not Active
2026/09/03 21:17:34.548, 519 MiB, 47, 12.16 W, 22 MHz, 405 MHz, Not Active, Not Active, Not Active, Not Active, Not Active
2026/09/03 21:17:34.748, 519 MiB, 47, 12.16 W, 22 MHz, 405 MHz, Not Active, Not Active, Not Active, Not Active, Not Active
2026/09/03 21:17:34.948, 519 MiB, 47, 12.16 W, 22 MHz, 405 MHz, Not Active, Not Active, Not Active, Not Active, Not Active
2026/09/03 21:17:35.149, 519 MiB, 47, 12.16 W, 22 MHz, 405 MHz, Not Active, Not Active, Not Active, Not Active, Not Active
2026/09/03 21:17:35.349, 519 MiB, 47, 12.16 W, 22 MHz, 405 MHz, Not Active, Not Active, Not Active, Not Active, Not Active
2026/09/03 21:17:35.549, 519 MiB, 47, 12.16 W, 22 MHz, 405 MHz, Not Active, Not Active, Not Active, Not Active, Not Active
2026/09/03 21:17:35.749, 519 MiB, 47, 12.16 W, 22 MHz, 405 MHz, Not Active, Not Active, Not Active, Not Active, Not Active
2026/09/03 21:17:35.950, 519 MiB, 47, 12.16 W, 22 MHz, 405 MHz, Not Active, Not Active, Not Active, Not Active, Not Active
2026/09/03 21:17:36.150, 519 MiB, 47, 12.16 W, 22 MHz, 405 MHz, Not Active, Not Active, Not Active, Not Active, Not Active
2026/09/03 21:17:36.351, 519 MiB, 47, 12.16 W, 22 MHz, 405 MHz, Not Active, Not Active, Not Active, Not Active, Not Active
2026/09/03 21:17:36.551, 519 MiB, 47, 12.38 W, 22 MHz, 405 MHz, Not Active, Not Active, Not Active, Not Active, Not Active
2026/09/03 21:17:36.751, 519 MiB, 47, 12.38 W, 22 MHz, 405 MHz, Not Active, Not Active, Not Active, Not Active, Not Active
2026/09/03 21:17:36.951, 519 MiB, 47, 12.97 W, 22 MHz, 405 MHz, Not Active, Not Active, Not Active, Not Active, Not Active
2026/09/03 21:17:37.152, 519 MiB, 47, 12.97 W, 22 MHz, 405 MHz, Not Active, Not Active, Not Active, Not Active, Not Active
2026/09/03 21:17:37.352, 519 MiB, 47, 12.97 W, 22 MHz, 405 MHz, Not Active, Not Active, Not Active, Not Active, Not Active
2026/09/03 21:17:37.552, 519 MiB, 47, 14.23 W, 22 MHz, 405 MHz, Not Active, Not Active, Not Active, Not Active, Not Active
2026/09/03 21:17:37.753, 519 MiB, 47, 14.23 W, 22 MHz, 405 MHz, Not Active, Not Active, Not Active, Not Active, Not Active
2026/09/03 21:17:37.953, 519 MiB, 47, 14.23 W, 22 MHz, 405 MHz, Not Active, Not Active, Not Active, Not Active, Not Active
2026/09/03 21:17:38.153, 519 MiB, 47, 14.23 W, 22 MHz, 405 MHz, Not Active, Not Active, Not Active, Not Active, Not Active
2026/09/03 21:17:38.354, 519 MiB, 47, 14.23 W, 22 MHz, 405 MHz, Not Active, Not Active, Not Active, Not Active, Not Active
2026/09/03 21:17:38.554, 519 MiB, 47, 12.28 W, 22 MHz, 405 MHz, Not Active, Not Active, Not Active, Not Active, Not Active
2026/09/03 21:17:38.754, 519 MiB, 47, 12.28 W, 22 MHz, 405 MHz, Not Active, Not Active, Not Active, Not Active, Not Active
2026/09/03 21:17:38.954, 519 MiB, 47, 12.28 W, 22 MHz, 405 MHz, Not Active, Not Active, Not Active, Not Active, Not Active
2026/09/03 21:17:39.155, 519 MiB, 47, 12.28 W, 22 MHz, 405 MHz, Not Active, Not Active, Not Active, Not Active, Not Active
2026/09/03 21:17:39.355, 519 MiB, 47, 12.28 W, 22 MHz, 405 MHz, Not Active, Not Active, Not Active, Not Active, Not Active
2026/09/03 21:17:39.555, 519 MiB, 47, 12.32 W, 22 MHz, 405 MHz, Not Active, Not Active, Not Active, Not Active, Not Active
2026/09/03 21:17:39.756, 519 MiB, 47, 12.32 W, 22 MHz, 405 MHz, Not Active, Not Active, Not Active, Not Active, Not Active
2026/09/03 21:17:39.956, 519 MiB, 47, 12.32 W, 22 MHz, 405 MHz, Not Active, Not Active, Not Active, Not Active, Not Active
2026/09/03 21:17:40.156, 519 MiB, 47, 12.32 W, 22 MHz, 405 MHz, Not Active, Not Active, Not Active, Not Active, Not Active
2026/09/03 21:17:40.356, 519 MiB, 47, 12.32 W, 22 MHz, 405 MHz, Not Active, Not Active, Not Active, Not Active, Not Active
2026/09/03 21:17:40.557, 519 MiB, 47, 12.15 W, 22 MHz, 405 MHz, Not Active, Not Active, Not Active, Not Active, Not Active
2026/09/03 21:17:40.757, 519 MiB, 47, 12.15 W, 22 MHz, 405 MHz, Not Active, Not Active, Not Active, Not Active, Not Active
2026/09/03 21:17:40.957, 519 MiB, 47, 12.15 W, 22 MHz, 405 MHz, Not Active, Not Active, Not Active, Not Active, Not Active
2026/09/03 21:17:41.157, 519 MiB, 47, 12.15 W, 22 MHz, 405 MHz, Not Active, Not Active, Not Active, Not Active, Not Active
2026/09/03 21:17:41.358, 519 MiB, 47, 12.15 W, 22 MHz, 405 MHz, Not Active, Not Active, Not Active, Not Active, Not Active
2026/09/03 21:17:41.558, 519 MiB, 47, 12.05 W, 22 MHz, 405 MHz, Not Active, Not Active, Not Active, Not Active, Not Active
2026/09/03 21:17:41.758, 519 MiB, 47, 12.05 W, 22 MHz, 405 MHz, Not Active, Not Active, Not Active, Not Active, Not Active
2026/09/03 21:17:41.958, 519 MiB, 47, 12.05 W, 22 MHz, 405 MHz, Not Active, Not Active, Not Active, Not Active, Not Active
2026/09/03 21:17:42.159, 519 MiB, 47, 12.05 W, 22 MHz, 405 MHz, Not Active, Not Active, Not Active, Not Active, Not Active
2026/09/03 21:17:42.359, 519 MiB, 47, 12.05 W, 22 MHz, 405 MHz, Not Active, Not Active, Not Active, Not Active, Not Active
2026/09/03 21:17:42.559, 519 MiB, 47, 12.09 W, 22 MHz, 405 MHz, Not Active, Not Active, Not Active, Not Active, Not Active
2026/09/03 21:17:42.760, 519 MiB, 47, 12.09 W, 22 MHz, 405 MHz, Not Active, Not Active, Not Active, Not Active, Not Active
2026/09/03 21:17:42.960, 519 MiB, 47, 12.09 W, 22 MHz, 405 MHz, Not Active, Not Active, Not Active, Not Active, Not Active
2026/09/03 21:17:43.160, 519 MiB, 47, 12.09 W, 22 MHz, 405 MHz, Not Active, Not Active, Not Active, Not Active, Not Active
2026/09/03 21:17:43.360, 519 MiB, 47, 12.09 W, 22 MHz, 405 MHz, Not Active, Not Active, Not Active, Not Active, Not Active
2026/09/03 21:17:43.561, 519 MiB, 47, 12.08 W, 22 MHz, 405 MHz, Not Active, Not Active, Not Active, Not Active, Not Active
2026/09/03 21:17:43.761, 519 MiB, 47, 12.08 W, 22 MHz, 405 MHz, Not Active, Not Active, Not Active, Not Active, Not Active
2026/09/03 21:17:43.961, 519 MiB, 47, 12.66 W, 22 MHz, 405 MHz, Not Active, Not Active, Not Active, Not Active, Not Active
2026/09/03 21:17:44.161, 519 MiB, 47, 12.66 W, 22 MHz, 405 MHz, Not Active, Not Active, Not Active, Not Active, Not Active
2026/09/03 21:17:44.362, 519 MiB, 47, 12.66 W, 22 MHz, 405 MHz, Not Active, Not Active, Not Active, Not Active, Not Active
2026/09/03 21:17:44.562, 519 MiB, 47, 13.81 W, 22 MHz, 405 MHz, Not Active, Not Active, Not Active, Not Active, Not Active
2026/09/03 21:17:44.762, 519 MiB, 47, 13.81 W, 22 MHz, 405 MHz, Not Active, Not Active, Not Active, Not Active, Not Active
2026/09/03 21:17:44.962, 519 MiB, 47, 13.83 W, 22 MHz, 405 MHz, Not Active, Not Active, Not Active, Not Active, Not Active
2026/09/03 21:17:45.163, 519 MiB, 47, 13.83 W, 22 MHz, 405 MHz, Not Active, Not Active, Not Active, Not Active, Not Active
2026/09/03 21:17:45.363, 519 MiB, 47, 13.83 W, 22 MHz, 405 MHz, Not Active, Not Active, Not Active, Not Active, Not Active
2026/09/03 21:17:45.563, 519 MiB, 47, 13.83 W, 22 MHz, 405 MHz, Not Active, Not Active, Not Active, Not Active, Not Active
2026/09/03 21:17:45.763, 519 MiB, 47, 13.83 W, 22 MHz, 405 MHz, Not Active, Not Active, Not Active, Not Active, Not Active
2026/09/03 21:17:45.964, 519 MiB, 47, 11.89 W, 22 MHz, 405 MHz, Not Active, Not Active, Not Active, Not Active, Not Active
2026/09/03 21:17:46.164, 519 MiB, 47, 11.89 W, 22 MHz, 405 MHz, Not Active, Not Active, Not Active, Not Active, Not Active
2026/09/03 21:17:46.364, 519 MiB, 47, 11.89 W, 22 MHz, 405 MHz, Not Active, Not Active, Not Active, Not Active, Not Active
2026/09/03 21:17:46.565, 519 MiB, 47, 11.89 W, 22 MHz, 405 MHz, Not Active, Not Active, Not Active, Not Active, Not Active
2026/09/03 21:17:46.765, 519 MiB, 47, 11.89 W, 22 MHz, 405 MHz, Not Active, Not Active, Not Active, Not Active, Not Active
2026/09/03 21:17:46.965, 519 MiB, 47, 11.98 W, 22 MHz, 405 MHz, Not Active, Not Active, Not Active, Not Active, Not Active
2026/09/03 21:17:47.165, 519 MiB, 47, 11.98 W, 22 MHz, 405 MHz, Not Active, Not Active, Not Active, Not Active, Not Active
2026/09/03 21:17:47.366, 519 MiB, 47, 11.98 W, 22 MHz, 405 MHz, Not Active, Not Active, Not Active, Not Active, Not Active
2026/09/03 21:17:47.566, 519 MiB, 47, 11.98 W, 22 MHz, 405 MHz, Not Active, Not Active, Not Active, Not Active, Not Active
2026/09/03 21:17:47.766, 519 MiB, 47, 11.98 W, 22 MHz, 405 MHz, Not Active, Not Active, Not Active, Not Active, Not Active
2026/09/03 21:17:47.967, 519 MiB, 47, 11.89 W, 22 MHz, 405 MHz, Not Active, Not Active, Not Active, Not Active, Not Active
2026/09/03 21:17:48.167, 519 MiB, 47, 11.89 W, 22 MHz, 405 MHz, Not Active, Not Active, Not Active, Not Active, Not Active
2026/09/03 21:17:48.367, 519 MiB, 47, 11.89 W, 22 MHz, 405 MHz, Not Active, Not Active, Not Active, Not Active, Not Active
2026/09/03 21:17:48.567, 519 MiB, 47, 11.89 W, 22 MHz, 405 MHz, Not Active, Not Active, Not Active, Not Active, Not Active
2026/09/03 21:17:48.768, 519 MiB, 47, 11.89 W, 22 MHz, 405 MHz, Not Active, Not Active, Not Active, Not Active, Not Active
2026/09/03 21:17:48.968, 519 MiB, 47, 12.10 W, 22 MHz, 405 MHz, Not Active, Not Active, Not Active, Not Active, Not Active
2026/09/03 21:17:49.168, 519 MiB, 47, 12.10 W, 22 MHz, 405 MHz, Not Active, Not Active, Not Active, Not Active, Not Active
2026/09/03 21:17:49.369, 519 MiB, 47, 12.10 W, 22 MHz, 405 MHz, Not Active, Not Active, Not Active, Not Active, Not Active
2026/09/03 21:17:49.569, 519 MiB, 47, 12.10 W, 22 MHz, 405 MHz, Not Active, Not Active, Not Active, Not Active, Not Active
2026/09/03 21:17:49.769, 519 MiB, 47, 12.10 W, 22 MHz, 405 MHz, Not Active, Not Active, Not Active, Not Active, Not Active
2026/09/03 21:17:49.969, 519 MiB, 47, 12.15 W, 22 MHz, 405 MHz, Not Active, Not Active, Not Active, Not Active, Not Active
2026/09/03 21:17:50.170, 519 MiB, 47, 12.15 W, 22 MHz, 405 MHz, Not Active, Not Active, Not Active, Not Active, Not Active
2026/09/03 21:17:50.370, 519 MiB, 47, 12.15 W, 22 MHz, 405 MHz, Not Active, Not Active, Not Active, Not Active, Not Active
2026/09/03 21:17:50.570, 519 MiB, 47, 12.15 W, 22 MHz, 405 MHz, Not Active, Not Active, Not Active, Not Active, Not Active
2026/09/03 21:17:50.770, 519 MiB, 47, 12.15 W, 22 MHz, 405 MHz, Not Active, Not Active, Not Active, Not Active, Not Active
2026/09/03 21:17:50.971, 519 MiB, 47, 12.43 W, 24 MHz, 405 MHz, Not Active, Not Active, Not Active, Not Active, Not Active
2026/09/03 21:17:51.171, 519 MiB, 47, 12.43 W, 24 MHz, 405 MHz, Not Active, Not Active, Not Active, Not Active, Not Active
2026/09/03 21:17:51.371, 519 MiB, 47, 12.43 W, 24 MHz, 405 MHz, Not Active, Not Active, Not Active, Not Active, Not Active
2026/09/03 21:17:51.571, 519 MiB, 47, 12.81 W, 22 MHz, 405 MHz, Not Active, Not Active, Not Active, Not Active, Not Active
2026/09/03 21:17:51.772, 519 MiB, 47, 12.81 W, 22 MHz, 405 MHz, Not Active, Not Active, Not Active, Not Active, Not Active
2026/09/03 21:17:51.972, 519 MiB, 47, 13.70 W, 22 MHz, 405 MHz, Not Active, Not Active, Not Active, Not Active, Not Active
2026/09/03 21:17:52.172, 519 MiB, 47, 13.70 W, 22 MHz, 405 MHz, Not Active, Not Active, Not Active, Not Active, Not Active
2026/09/03 21:17:52.373, 519 MiB, 47, 13.70 W, 22 MHz, 405 MHz, Not Active, Not Active, Not Active, Not Active, Not Active
2026/09/03 21:17:52.573, 519 MiB, 47, 13.70 W, 22 MHz, 405 MHz, Not Active, Not Active, Not Active, Not Active, Not Active
2026/09/03 21:17:52.773, 519 MiB, 47, 13.70 W, 22 MHz, 405 MHz, Not Active, Not Active, Not Active, Not Active, Not Active
2026/09/03 21:17:52.973, 519 MiB, 47, 11.81 W, 22 MHz, 405 MHz, Not Active, Not Active, Not Active, Not Active, Not Active
2026/09/03 21:17:53.174, 519 MiB, 47, 11.81 W, 22 MHz, 405 MHz, Not Active, Not Active, Not Active, Not Active, Not Active
2026/09/03 21:17:53.374, 519 MiB, 47, 11.81 W, 22 MHz, 405 MHz, Not Active, Not Active, Not Active, Not Active, Not Active
2026/09/03 21:17:53.574, 519 MiB, 47, 11.81 W, 22 MHz, 405 MHz, Not Active, Not Active, Not Active, Not Active, Not Active
2026/09/03 21:17:53.774, 519 MiB, 47, 11.81 W, 22 MHz, 405 MHz, Not Active, Not Active, Not Active, Not Active, Not Active
2026/09/03 21:17:53.975, 519 MiB, 47, 11.80 W, 22 MHz, 405 MHz, Not Active, Not Active, Not Active, Not Active, Not Active
2026/09/03 21:17:54.175, 519 MiB, 47, 11.80 W, 22 MHz, 405 MHz, Not Active, Not Active, Not Active, Not Active, Not Active
2026/09/03 21:17:54.375, 519 MiB, 47, 11.80 W, 22 MHz, 405 MHz, Not Active, Not Active, Not Active, Not Active, Not Active
2026/09/03 21:17:54.576, 519 MiB, 47, 11.80 W, 22 MHz, 405 MHz, Not Active, Not Active, Not Active, Not Active, Not Active
2026/09/03 21:17:54.776, 519 MiB, 47, 11.80 W, 22 MHz, 405 MHz, Not Active, Not Active, Not Active, Not Active, Not Active
2026/09/03 21:17:54.976, 519 MiB, 47, 11.88 W, 22 MHz, 405 MHz, Not Active, Not Active, Not Active, Not Active, Not Active
2026/09/03 21:17:55.176, 519 MiB, 47, 11.88 W, 22 MHz, 405 MHz, Not Active, Not Active, Not Active, Not Active, Not Active
2026/09/03 21:17:55.377, 519 MiB, 47, 11.88 W, 22 MHz, 405 MHz, Not Active, Not Active, Not Active, Not Active, Not Active
2026/09/03 21:17:55.577, 519 MiB, 47, 11.88 W, 22 MHz, 405 MHz, Not Active, Not Active, Not Active, Not Active, Not Active
2026/09/03 21:17:55.777, 519 MiB, 47, 11.88 W, 22 MHz, 405 MHz, Not Active, Not Active, Not Active, Not Active, Not Active
2026/09/03 21:17:55.978, 519 MiB, 47, 11.99 W, 22 MHz, 405 MHz, Not Active, Not Active, Not Active, Not Active, Not Active
2026/09/03 21:17:56.178, 519 MiB, 47, 11.99 W, 22 MHz, 405 MHz, Not Active, Not Active, Not Active, Not Active, Not Active
2026/09/03 21:17:56.378, 519 MiB, 47, 11.99 W, 22 MHz, 405 MHz, Not Active, Not Active, Not Active, Not Active, Not Active
2026/09/03 21:17:56.578, 519 MiB, 47, 11.99 W, 22 MHz, 405 MHz, Not Active, Not Active, Not Active, Not Active, Not Active
2026/09/03 21:17:56.779, 519 MiB, 47, 11.99 W, 22 MHz, 405 MHz, Not Active, Not Active, Not Active, Not Active, Not Active
2026/09/03 21:17:56.979, 519 MiB, 47, 11.88 W, 22 MHz, 405 MHz, Not Active, Not Active, Not Active, Not Active, Not Active
2026/09/03 21:17:57.179, 519 MiB, 47, 11.88 W, 22 MHz, 405 MHz, Not Active, Not Active, Not Active, Not Active, Not Active
2026/09/03 21:17:57.379, 519 MiB, 47, 11.88 W, 22 MHz, 405 MHz, Not Active, Not Active, Not Active, Not Active, Not Active
2026/09/03 21:17:57.580, 519 MiB, 47, 11.88 W, 22 MHz, 405 MHz, Not Active, Not Active, Not Active, Not Active, Not Active
2026/09/03 21:17:57.780, 519 MiB, 47, 11.88 W, 22 MHz, 405 MHz, Not Active, Not Active, Not Active, Not Active, Not Active
2026/09/03 21:17:57.980, 519 MiB, 47, 12.13 W, 22 MHz, 405 MHz, Not Active, Not Active, Not Active, Not Active, Not Active
2026/09/03 21:17:58.180, 519 MiB, 47, 12.13 W, 22 MHz, 405 MHz, Not Active, Not Active, Not Active, Not Active, Not Active
2026/09/03 21:17:58.381, 519 MiB, 47, 12.13 W, 22 MHz, 405 MHz, Not Active, Not Active, Not Active, Not Active, Not Active
2026/09/03 21:17:58.581, 519 MiB, 47, 12.69 W, 22 MHz, 405 MHz, Not Active, Not Active, Not Active, Not Active, Not Active
2026/09/03 21:17:58.781, 519 MiB, 47, 12.69 W, 22 MHz, 405 MHz, Not Active, Not Active, Not Active, Not Active, Not Active
2026/09/03 21:17:58.981, 519 MiB, 47, 13.79 W, 22 MHz, 405 MHz, Not Active, Not Active, Not Active, Not Active, Not Active
2026/09/03 21:17:59.182, 519 MiB, 47, 13.79 W, 22 MHz, 405 MHz, Not Active, Not Active, Not Active, Not Active, Not Active
2026/09/03 21:17:59.382, 519 MiB, 47, 13.79 W, 22 MHz, 405 MHz, Not Active, Not Active, Not Active, Not Active, Not Active
2026/09/03 21:17:59.582, 519 MiB, 47, 13.79 W, 22 MHz, 405 MHz, Not Active, Not Active, Not Active, Not Active, Not Active
2026/09/03 21:17:59.783, 519 MiB, 47, 13.79 W, 22 MHz, 405 MHz, Not Active, Not Active, Not Active, Not Active, Not Active
2026/09/03 21:17:59.983, 519 MiB, 47, 12.07 W, 22 MHz, 405 MHz, Not Active, Not Active, Not Active, Not Active, Not Active
2026/09/03 21:18:00.183, 519 MiB, 47, 12.07 W, 22 MHz, 405 MHz, Not Active, Not Active, Not Active, Not Active, Not Active
2026/09/03 21:18:00.383, 519 MiB, 47, 12.07 W, 22 MHz, 405 MHz, Not Active, Not Active, Not Active, Not Active, Not Active
2026/09/03 21:18:00.584, 519 MiB, 47, 12.07 W, 22 MHz, 405 MHz, Not Active, Not Active, Not Active, Not Active, Not Active
2026/09/03 21:18:00.784, 519 MiB, 47, 12.07 W, 22 MHz, 405 MHz, Not Active, Not Active, Not Active, Not Active, Not Active
2026/09/03 21:18:00.984, 519 MiB, 47, 12.12 W, 22 MHz, 405 MHz, Not Active, Not Active, Not Active, Not Active, Not Active
2026/09/03 21:18:01.184, 519 MiB, 47, 12.12 W, 22 MHz, 405 MHz, Not Active, Not Active, Not Active, Not Active, Not Active
2026/09/03 21:18:01.385, 519 MiB, 47, 12.12 W, 22 MHz, 405 MHz, Not Active, Not Active, Not Active, Not Active, Not Active
2026/09/03 21:18:01.585, 519 MiB, 47, 12.12 W, 22 MHz, 405 MHz, Not Active, Not Active, Not Active, Not Active, Not Active
2026/09/03 21:18:01.785, 519 MiB, 47, 12.12 W, 22 MHz, 405 MHz, Not Active, Not Active, Not Active, Not Active, Not Active
2026/09/03 21:18:01.985, 519 MiB, 47, 12.19 W, 22 MHz, 405 MHz, Not Active, Not Active, Not Active, Not Active, Not Active
2026/09/03 21:18:02.186, 519 MiB, 47, 12.19 W, 22 MHz, 405 MHz, Not Active, Not Active, Not Active, Not Active, Not Active
2026/09/03 21:18:02.386, 519 MiB, 47, 12.19 W, 22 MHz, 405 MHz, Not Active, Not Active, Not Active, Not Active, Not Active
2026/09/03 21:18:02.586, 519 MiB, 47, 12.19 W, 22 MHz, 405 MHz, Not Active, Not Active, Not Active, Not Active, Not Active
2026/09/03 21:18:02.786, 519 MiB, 47, 12.19 W, 22 MHz, 405 MHz, Not Active, Not Active, Not Active, Not Active, Not Active
2026/09/03 21:18:02.987, 519 MiB, 47, 12.18 W, 22 MHz, 405 MHz, Not Active, Not Active, Not Active, Not Active, Not Active
2026/09/03 21:18:03.187, 519 MiB, 47, 12.18 W, 22 MHz, 405 MHz, Not Active, Not Active, Not Active, Not Active, Not Active
2026/09/03 21:18:03.387, 519 MiB, 47, 12.18 W, 22 MHz, 405 MHz, Not Active, Not Active, Not Active, Not Active, Not Active
2026/09/03 21:18:03.587, 519 MiB, 47, 12.18 W, 22 MHz, 405 MHz, Not Active, Not Active, Not Active, Not Active, Not Active
2026/09/03 21:18:03.787, 519 MiB, 47, 12.18 W, 22 MHz, 405 MHz, Not Active, Not Active, Not Active, Not Active, Not Active
2026/09/03 21:18:03.988, 519 MiB, 47, 12.16 W, 22 MHz, 405 MHz, Not Active, Not Active, Not Active, Not Active, Not Active
2026/09/03 21:18:04.188, 519 MiB, 47, 12.16 W, 22 MHz, 405 MHz, Not Active, Not Active, Not Active, Not Active, Not Active
2026/09/03 21:18:04.388, 519 MiB, 47, 12.16 W, 22 MHz, 405 MHz, Not Active, Not Active, Not Active, Not Active, Not Active
2026/09/03 21:18:04.589, 519 MiB, 47, 12.16 W, 22 MHz, 405 MHz, Not Active, Not Active, Not Active, Not Active, Not Active
2026/09/03 21:18:04.789, 519 MiB, 47, 12.16 W, 22 MHz, 405 MHz, Not Active, Not Active, Not Active, Not Active, Not Active
2026/09/03 21:18:04.989, 519 MiB, 47, 12.13 W, 22 MHz, 405 MHz, Not Active, Not Active, Not Active, Not Active, Not Active
2026/09/03 21:18:05.189, 519 MiB, 47, 12.13 W, 22 MHz, 405 MHz, Not Active, Not Active, Not Active, Not Active, Not Active
2026/09/03 21:18:05.389, 519 MiB, 47, 12.13 W, 22 MHz, 405 MHz, Not Active, Not Active, Not Active, Not Active, Not Active
2026/09/03 21:18:05.590, 519 MiB, 47, 12.60 W, 22 MHz, 405 MHz, Not Active, Not Active, Not Active, Not Active, Not Active
2026/09/03 21:18:05.790, 519 MiB, 47, 12.60 W, 22 MHz, 405 MHz, Not Active, Not Active, Not Active, Not Active, Not Active
2026/09/03 21:18:05.990, 519 MiB, 47, 13.68 W, 22 MHz, 405 MHz, Not Active, Not Active, Not Active, Not Active, Not Active
2026/09/03 21:18:06.191, 519 MiB, 47, 13.68 W, 22 MHz, 405 MHz, Not Active, Not Active, Not Active, Not Active, Not Active
2026/09/03 21:18:06.391, 519 MiB, 47, 13.68 W, 22 MHz, 405 MHz, Not Active, Not Active, Not Active, Not Active, Not Active
2026/09/03 21:18:06.591, 519 MiB, 47, 13.71 W, 22 MHz, 405 MHz, Not Active, Not Active, Not Active, Not Active, Not Active
2026/09/03 21:18:06.791, 519 MiB, 47, 13.71 W, 22 MHz, 405 MHz, Not Active, Not Active, Not Active, Not Active, Not Active
2026/09/03 21:18:06.992, 519 MiB, 47, 13.71 W, 22 MHz, 405 MHz, Not Active, Not Active, Not Active, Not Active, Not Active
2026/09/03 21:18:07.192, 519 MiB, 47, 13.71 W, 22 MHz, 405 MHz, Not Active, Not Active, Not Active, Not Active, Not Active
2026/09/03 21:18:07.392, 519 MiB, 47, 13.71 W, 22 MHz, 405 MHz, Not Active, Not Active, Not Active, Not Active, Not Active
2026/09/03 21:18:07.592, 519 MiB, 47, 11.89 W, 22 MHz, 405 MHz, Not Active, Not Active, Not Active, Not Active, Not Active
2026/09/03 21:18:07.793, 519 MiB, 47, 11.89 W, 22 MHz, 405 MHz, Not Active, Not Active, Not Active, Not Active, Not Active
2026/09/03 21:18:07.993, 519 MiB, 47, 11.89 W, 22 MHz, 405 MHz, Not Active, Not Active, Not Active, Not Active, Not Active
2026/09/03 21:18:08.193, 519 MiB, 47, 11.89 W, 22 MHz, 405 MHz, Not Active, Not Active, Not Active, Not Active, Not Active
2026/09/03 21:18:08.393, 519 MiB, 47, 11.89 W, 22 MHz, 405 MHz, Not Active, Not Active, Not Active, Not Active, Not Active
2026/09/03 21:18:08.594, 519 MiB, 47, 11.92 W, 22 MHz, 405 MHz, Not Active, Not Active, Not Active, Not Active, Not Active
2026/09/03 21:18:08.794, 519 MiB, 47, 11.92 W, 22 MHz, 405 MHz, Not Active, Not Active, Not Active, Not Active, Not Active
2026/09/03 21:18:08.994, 519 MiB, 47, 11.92 W, 22 MHz, 405 MHz, Not Active, Not Active, Not Active, Not Active, Not Active
2026/09/03 21:18:09.195, 519 MiB, 47, 11.92 W, 22 MHz, 405 MHz, Not Active, Not Active, Not Active, Not Active, Not Active
2026/09/03 21:18:09.395, 519 MiB, 47, 11.92 W, 22 MHz, 405 MHz, Not Active, Not Active, Not Active, Not Active, Not Active
2026/09/03 21:18:09.595, 519 MiB, 47, 12.01 W, 22 MHz, 405 MHz, Not Active, Not Active, Not Active, Not Active, Not Active
2026/09/03 21:18:09.795, 519 MiB, 47, 12.01 W, 22 MHz, 405 MHz, Not Active, Not Active, Not Active, Not Active, Not Active
2026/09/03 21:18:09.996, 519 MiB, 47, 12.01 W, 22 MHz, 405 MHz, Not Active, Not Active, Not Active, Not Active, Not Active
2026/09/03 21:18:10.196, 519 MiB, 47, 12.01 W, 22 MHz, 405 MHz, Not Active, Not Active, Not Active, Not Active, Not Active
2026/09/03 21:18:10.396, 519 MiB, 47, 12.01 W, 22 MHz, 405 MHz, Not Active, Not Active, Not Active, Not Active, Not Active
2026/09/03 21:18:10.597, 519 MiB, 47, 11.96 W, 22 MHz, 405 MHz, Not Active, Not Active, Not Active, Not Active, Not Active
2026/09/03 21:18:10.797, 519 MiB, 47, 11.96 W, 22 MHz, 405 MHz, Not Active, Not Active, Not Active, Not Active, Not Active
2026/09/03 21:18:10.997, 519 MiB, 47, 11.96 W, 22 MHz, 405 MHz, Not Active, Not Active, Not Active, Not Active, Not Active
2026/09/03 21:18:11.198, 519 MiB, 47, 11.96 W, 22 MHz, 405 MHz, Not Active, Not Active, Not Active, Not Active, Not Active
2026/09/03 21:18:11.398, 519 MiB, 47, 11.96 W, 22 MHz, 405 MHz, Not Active, Not Active, Not Active, Not Active, Not Active
2026/09/03 21:18:11.598, 519 MiB, 47, 11.93 W, 22 MHz, 405 MHz, Not Active, Not Active, Not Active, Not Active, Not Active
2026/09/03 21:18:11.798, 519 MiB, 47, 11.93 W, 22 MHz, 405 MHz, Not Active, Not Active, Not Active, Not Active, Not Active
2026/09/03 21:18:11.999, 519 MiB, 47, 11.93 W, 22 MHz, 405 MHz, Not Active, Not Active, Not Active, Not Active, Not Active
2026/09/03 21:18:12.199, 519 MiB, 47, 11.93 W, 22 MHz, 405 MHz, Not Active, Not Active, Not Active, Not Active, Not Active
2026/09/03 21:18:12.399, 519 MiB, 47, 11.93 W, 22 MHz, 405 MHz, Not Active, Not Active, Not Active, Not Active, Not Active
2026/09/03 21:18:12.599, 519 MiB, 47, 12.42 W, 24 MHz, 405 MHz, Not Active, Not Active, Not Active, Not Active, Not Active
2026/09/03 21:18:12.800, 519 MiB, 47, 12.42 W, 24 MHz, 405 MHz, Not Active, Not Active, Not Active, Not Active, Not Active
2026/09/03 21:18:13.000, 519 MiB, 47, 12.85 W, 22 MHz, 405 MHz, Not Active, Not Active, Not Active, Not Active, Not Active
2026/09/03 21:18:13.200, 519 MiB, 47, 12.85 W, 22 MHz, 405 MHz, Not Active, Not Active, Not Active, Not Active, Not Active
2026/09/03 21:18:13.400, 519 MiB, 47, 12.85 W, 22 MHz, 405 MHz, Not Active, Not Active, Not Active, Not Active, Not Active
2026/09/03 21:18:13.601, 519 MiB, 47, 13.79 W, 22 MHz, 405 MHz, Not Active, Not Active, Not Active, Not Active, Not Active
2026/09/03 21:18:13.801, 519 MiB, 47, 13.79 W, 22 MHz, 405 MHz, Not Active, Not Active, Not Active, Not Active, Not Active
2026/09/03 21:18:14.001, 519 MiB, 47, 13.79 W, 22 MHz, 405 MHz, Not Active, Not Active, Not Active, Not Active, Not Active
2026/09/03 21:18:14.201, 519 MiB, 47, 13.79 W, 22 MHz, 405 MHz, Not Active, Not Active, Not Active, Not Active, Not Active
2026/09/03 21:18:14.402, 519 MiB, 47, 13.79 W, 22 MHz, 405 MHz, Not Active, Not Active, Not Active, Not Active, Not Active
2026/09/03 21:18:14.602, 519 MiB, 47, 12.14 W, 22 MHz, 405 MHz, Not Active, Not Active, Not Active, Not Active, Not Active
2026/09/03 21:18:14.802, 519 MiB, 47, 12.14 W, 22 MHz, 405 MHz, Not Active, Not Active, Not Active, Not Active, Not Active
2026/09/03 21:18:15.002, 519 MiB, 47, 12.14 W, 22 MHz, 405 MHz, Not Active, Not Active, Not Active, Not Active, Not Active
2026/09/03 21:18:15.203, 519 MiB, 47, 12.14 W, 22 MHz, 405 MHz, Not Active, Not Active, Not Active, Not Active, Not Active
2026/09/03 21:18:15.403, 519 MiB, 47, 12.14 W, 22 MHz, 405 MHz, Not Active, Not Active, Not Active, Not Active, Not Active
2026/09/03 21:18:15.603, 519 MiB, 47, 12.16 W, 22 MHz, 405 MHz, Not Active, Not Active, Not Active, Not Active, Not Active
2026/09/03 21:18:15.804, 519 MiB, 47, 12.16 W, 22 MHz, 405 MHz, Not Active, Not Active, Not Active, Not Active, Not Active
2026/09/03 21:18:16.004, 519 MiB, 47, 12.16 W, 22 MHz, 405 MHz, Not Active, Not Active, Not Active, Not Active, Not Active
2026/09/03 21:18:16.204, 519 MiB, 47, 12.16 W, 22 MHz, 405 MHz, Not Active, Not Active, Not Active, Not Active, Not Active
2026/09/03 21:18:16.404, 519 MiB, 47, 12.16 W, 22 MHz, 405 MHz, Not Active, Not Active, Not Active, Not Active, Not Active
2026/09/03 21:18:16.605, 519 MiB, 47, 12.10 W, 22 MHz, 405 MHz, Not Active, Not Active, Not Active, Not Active, Not Active
2026/09/03 21:18:16.805, 519 MiB, 47, 12.10 W, 22 MHz, 405 MHz, Not Active, Not Active, Not Active, Not Active, Not Active
2026/09/03 21:18:17.005, 519 MiB, 47, 12.10 W, 22 MHz, 405 MHz, Not Active, Not Active, Not Active, Not Active, Not Active
2026/09/03 21:18:17.205, 519 MiB, 47, 12.10 W, 22 MHz, 405 MHz, Not Active, Not Active, Not Active, Not Active, Not Active
2026/09/03 21:18:17.406, 519 MiB, 47, 12.10 W, 22 MHz, 405 MHz, Not Active, Not Active, Not Active, Not Active, Not Active
2026/09/03 21:18:17.606, 519 MiB, 47, 12.06 W, 22 MHz, 405 MHz, Not Active, Not Active, Not Active, Not Active, Not Active
2026/09/03 21:18:17.806, 519 MiB, 47, 12.06 W, 22 MHz, 405 MHz, Not Active, Not Active, Not Active, Not Active, Not Active
2026/09/03 21:18:18.006, 519 MiB, 47, 12.06 W, 22 MHz, 405 MHz, Not Active, Not Active, Not Active, Not Active, Not Active
2026/09/03 21:18:18.206, 519 MiB, 47, 12.06 W, 22 MHz, 405 MHz, Not Active, Not Active, Not Active, Not Active, Not Active
2026/09/03 21:18:18.407, 519 MiB, 47, 12.06 W, 22 MHz, 405 MHz, Not Active, Not Active, Not Active, Not Active, Not Active
2026/09/03 21:18:18.607, 519 MiB, 47, 12.46 W, 22 MHz, 405 MHz, Not Active, Not Active, Not Active, Not Active, Not Active
2026/09/03 21:18:18.807, 519 MiB, 47, 12.46 W, 22 MHz, 405 MHz, Not Active, Not Active, Not Active, Not Active, Not Active
2026/09/03 21:18:19.007, 519 MiB, 47, 12.46 W, 22 MHz, 405 MHz, Not Active, Not Active, Not Active, Not Active, Not Active
2026/09/03 21:18:19.208, 519 MiB, 47, 12.46 W, 22 MHz, 405 MHz, Not Active, Not Active, Not Active, Not Active, Not Active
2026/09/03 21:18:19.408, 519 MiB, 47, 12.46 W, 22 MHz, 405 MHz, Not Active, Not Active, Not Active, Not Active, Not Active
2026/09/03 21:18:19.608, 519 MiB, 47, 12.39 W, 22 MHz, 405 MHz, Not Active, Not Active, Not Active, Not Active, Not Active
2026/09/03 21:18:19.808, 519 MiB, 47, 12.39 W, 22 MHz, 405 MHz, Not Active, Not Active, Not Active, Not Active, Not Active
2026/09/03 21:18:20.009, 519 MiB, 47, 12.88 W, 22 MHz, 405 MHz, Not Active, Not Active, Not Active, Not Active, Not Active
2026/09/03 21:18:20.209, 519 MiB, 47, 12.88 W, 22 MHz, 405 MHz, Not Active, Not Active, Not Active, Not Active, Not Active
2026/09/03 21:18:20.410, 519 MiB, 47, 12.88 W, 22 MHz, 405 MHz, Not Active, Not Active, Not Active, Not Active, Not Active
2026/09/03 21:18:20.610, 519 MiB, 47, 13.83 W, 22 MHz, 405 MHz, Not Active, Not Active, Not Active, Not Active, Not Active
2026/09/03 21:18:20.810, 519 MiB, 47, 13.83 W, 22 MHz, 405 MHz, Not Active, Not Active, Not Active, Not Active, Not Active
2026/09/03 21:18:21.010, 519 MiB, 47, 13.83 W, 22 MHz, 405 MHz, Not Active, Not Active, Not Active, Not Active, Not Active
2026/09/03 21:18:21.211, 519 MiB, 47, 13.83 W, 22 MHz, 405 MHz, Not Active, Not Active, Not Active, Not Active, Not Active
2026/09/03 21:18:21.411, 519 MiB, 47, 13.83 W, 22 MHz, 405 MHz, Not Active, Not Active, Not Active, Not Active, Not Active
2026/09/03 21:18:21.611, 519 MiB, 47, 12.34 W, 22 MHz, 405 MHz, Not Active, Not Active, Not Active, Not Active, Not Active
2026/09/03 21:18:21.812, 519 MiB, 47, 12.34 W, 22 MHz, 405 MHz, Not Active, Not Active, Not Active, Not Active, Not Active
2026/09/03 21:18:22.012, 519 MiB, 47, 12.34 W, 22 MHz, 405 MHz, Not Active, Not Active, Not Active, Not Active, Not Active
2026/09/03 21:18:22.212, 519 MiB, 47, 12.34 W, 22 MHz, 405 MHz, Not Active, Not Active, Not Active, Not Active, Not Active
2026/09/03 21:18:22.412, 519 MiB, 47, 12.34 W, 22 MHz, 405 MHz, Not Active, Not Active, Not Active, Not Active, Not Active
2026/09/03 21:18:22.614, 519 MiB, 47, 12.31 W, 22 MHz, 405 MHz, Not Active, Not Active, Not Active, Not Active, Not Active
2026/09/03 21:18:22.814, 519 MiB, 47, 12.31 W, 22 MHz, 405 MHz, Not Active, Not Active, Not Active, Not Active, Not Active
2026/09/03 21:18:23.014, 519 MiB, 47, 12.31 W, 22 MHz, 405 MHz, Not Active, Not Active, Not Active, Not Active, Not Active
2026/09/03 21:18:23.214, 519 MiB, 47, 12.31 W, 22 MHz, 405 MHz, Not Active, Not Active, Not Active, Not Active, Not Active
2026/09/03 21:18:23.415, 519 MiB, 47, 12.31 W, 22 MHz, 405 MHz, Not Active, Not Active, Not Active, Not Active, Not Active
2026/09/03 21:18:23.615, 519 MiB, 46, 12.38 W, 21 MHz, 405 MHz, Not Active, Not Active, Not Active, Not Active, Not Active
2026/09/03 21:18:23.815, 519 MiB, 46, 12.38 W, 21 MHz, 405 MHz, Not Active, Not Active, Not Active, Not Active, Not Active
2026/09/03 21:18:24.016, 519 MiB, 46, 12.38 W, 21 MHz, 405 MHz, Not Active, Not Active, Not Active, Not Active, Not Active
2026/09/03 21:18:24.217, 519 MiB, 46, 12.38 W, 21 MHz, 405 MHz, Not Active, Not Active, Not Active, Not Active, Not Active
2026/09/03 21:18:24.417, 519 MiB, 46, 12.38 W, 21 MHz, 405 MHz, Not Active, Not Active, Not Active, Not Active, Not Active
2026/09/03 21:18:24.617, 519 MiB, 47, 12.58 W, 22 MHz, 405 MHz, Not Active, Not Active, Not Active, Not Active, Not Active
2026/09/03 21:18:24.817, 519 MiB, 47, 12.58 W, 22 MHz, 405 MHz, Not Active, Not Active, Not Active, Not Active, Not Active
2026/09/03 21:18:25.017, 519 MiB, 47, 12.58 W, 22 MHz, 405 MHz, Not Active, Not Active, Not Active, Not Active, Not Active
2026/09/03 21:18:25.218, 519 MiB, 47, 12.58 W, 22 MHz, 405 MHz, Not Active, Not Active, Not Active, Not Active, Not Active
2026/09/03 21:18:25.418, 519 MiB, 47, 12.58 W, 22 MHz, 405 MHz, Not Active, Not Active, Not Active, Not Active, Not Active
2026/09/03 21:18:25.618, 519 MiB, 46, 12.38 W, 22 MHz, 405 MHz, Not Active, Not Active, Not Active, Not Active, Not Active
2026/09/03 21:18:25.818, 519 MiB, 46, 12.38 W, 22 MHz, 405 MHz, Not Active, Not Active, Not Active, Not Active, Not Active
2026/09/03 21:18:26.019, 519 MiB, 46, 12.38 W, 22 MHz, 405 MHz, Not Active, Not Active, Not Active, Not Active, Not Active
2026/09/03 21:18:26.219, 519 MiB, 46, 12.38 W, 22 MHz, 405 MHz, Not Active, Not Active, Not Active, Not Active, Not Active
2026/09/03 21:18:26.419, 519 MiB, 46, 12.38 W, 22 MHz, 405 MHz, Not Active, Not Active, Not Active, Not Active, Not Active
2026/09/03 21:18:26.619, 519 MiB, 46, 12.33 W, 22 MHz, 405 MHz, Not Active, Not Active, Not Active, Not Active, Not Active
2026/09/03 21:18:26.819, 519 MiB, 46, 12.33 W, 22 MHz, 405 MHz, Not Active, Not Active, Not Active, Not Active, Not Active
2026/09/03 21:18:27.020, 519 MiB, 46, 12.88 W, 22 MHz, 405 MHz, Not Active, Not Active, Not Active, Not Active, Not Active
2026/09/03 21:18:27.221, 519 MiB, 46, 12.88 W, 22 MHz, 405 MHz, Not Active, Not Active, Not Active, Not Active, Not Active
2026/09/03 21:18:27.421, 519 MiB, 46, 12.88 W, 22 MHz, 405 MHz, Not Active, Not Active, Not Active, Not Active, Not Active
2026/09/03 21:18:27.622, 519 MiB, 46, 14.12 W, 22 MHz, 405 MHz, Not Active, Not Active, Not Active, Not Active, Not Active
2026/09/03 21:18:27.822, 519 MiB, 46, 14.12 W, 22 MHz, 405 MHz, Not Active, Not Active, Not Active, Not Active, Not Active
2026/09/03 21:18:28.022, 519 MiB, 46, 14.18 W, 22 MHz, 405 MHz, Not Active, Not Active, Not Active, Not Active, Not Active
2026/09/03 21:18:28.222, 519 MiB, 46, 14.18 W, 22 MHz, 405 MHz, Not Active, Not Active, Not Active, Not Active, Not Active
2026/09/03 21:18:28.423, 519 MiB, 46, 14.18 W, 22 MHz, 405 MHz, Not Active, Not Active, Not Active, Not Active, Not Active
2026/09/03 21:18:28.623, 519 MiB, 46, 14.18 W, 22 MHz, 405 MHz, Not Active, Not Active, Not Active, Not Active, Not Active
2026/09/03 21:18:28.823, 519 MiB, 46, 14.18 W, 22 MHz, 405 MHz, Not Active, Not Active, Not Active, Not Active, Not Active
2026/09/03 21:18:29.024, 519 MiB, 46, 12.64 W, 22 MHz, 405 MHz, Not Active, Not Active, Not Active, Not Active, Not Active
2026/09/03 21:18:29.224, 519 MiB, 46, 12.64 W, 22 MHz, 405 MHz, Not Active, Not Active, Not Active, Not Active, Not Active
2026/09/03 21:18:29.424, 519 MiB, 46, 12.64 W, 22 MHz, 405 MHz, Not Active, Not Active, Not Active, Not Active, Not Active
2026/09/03 21:18:29.624, 519 MiB, 46, 12.64 W, 22 MHz, 405 MHz, Not Active, Not Active, Not Active, Not Active, Not Active
2026/09/03 21:18:29.825, 519 MiB, 46, 12.64 W, 22 MHz, 405 MHz, Not Active, Not Active, Not Active, Not Active, Not Active
2026/09/03 21:18:30.025, 519 MiB, 46, 12.53 W, 22 MHz, 405 MHz, Not Active, Not Active, Not Active, Not Active, Not Active
2026/09/03 21:18:30.225, 519 MiB, 46, 12.53 W, 22 MHz, 405 MHz, Not Active, Not Active, Not Active, Not Active, Not Active
2026/09/03 21:18:30.425, 519 MiB, 46, 12.53 W, 22 MHz, 405 MHz, Not Active, Not Active, Not Active, Not Active, Not Active
2026/09/03 21:18:30.626, 519 MiB, 46, 12.53 W, 22 MHz, 405 MHz, Not Active, Not Active, Not Active, Not Active, Not Active
2026/09/03 21:18:30.826, 519 MiB, 46, 12.53 W, 22 MHz, 405 MHz, Not Active, Not Active, Not Active, Not Active, Not Active
2026/09/03 21:18:31.026, 519 MiB, 46, 12.60 W, 22 MHz, 405 MHz, Not Active, Not Active, Not Active, Not Active, Not Active
2026/09/03 21:18:31.226, 519 MiB, 46, 12.60 W, 22 MHz, 405 MHz, Not Active, Not Active, Not Active, Not Active, Not Active
2026/09/03 21:18:31.427, 519 MiB, 46, 12.60 W, 22 MHz, 405 MHz, Not Active, Not Active, Not Active, Not Active, Not Active
2026/09/03 21:18:31.627, 519 MiB, 46, 12.60 W, 22 MHz, 405 MHz, Not Active, Not Active, Not Active, Not Active, Not Active
2026/09/03 21:18:31.827, 519 MiB, 46, 12.60 W, 22 MHz, 405 MHz, Not Active, Not Active, Not Active, Not Active, Not Active
2026/09/03 21:18:32.027, 519 MiB, 46, 12.40 W, 22 MHz, 405 MHz, Not Active, Not Active, Not Active, Not Active, Not Active
2026/09/03 21:18:32.228, 519 MiB, 46, 12.40 W, 22 MHz, 405 MHz, Not Active, Not Active, Not Active, Not Active, Not Active
2026/09/03 21:18:32.428, 519 MiB, 46, 12.40 W, 22 MHz, 405 MHz, Not Active, Not Active, Not Active, Not Active, Not Active
2026/09/03 21:18:32.628, 519 MiB, 46, 12.40 W, 22 MHz, 405 MHz, Not Active, Not Active, Not Active, Not Active, Not Active
2026/09/03 21:18:32.828, 519 MiB, 46, 12.40 W, 22 MHz, 405 MHz, Not Active, Not Active, Not Active, Not Active, Not Active
2026/09/03 21:18:33.028, 519 MiB, 46, 12.27 W, 22 MHz, 405 MHz, Not Active, Not Active, Not Active, Not Active, Not Active
2026/09/03 21:18:33.229, 519 MiB, 46, 12.27 W, 22 MHz, 405 MHz, Not Active, Not Active, Not Active, Not Active, Not Active
2026/09/03 21:18:33.429, 519 MiB, 46, 12.27 W, 22 MHz, 405 MHz, Not Active, Not Active, Not Active, Not Active, Not Active
2026/09/03 21:18:33.629, 519 MiB, 46, 12.27 W, 22 MHz, 405 MHz, Not Active, Not Active, Not Active, Not Active, Not Active
2026/09/03 21:18:33.829, 519 MiB, 46, 12.27 W, 22 MHz, 405 MHz, Not Active, Not Active, Not Active, Not Active, Not Active
2026/09/03 21:18:34.029, 519 MiB, 46, 12.55 W, 24 MHz, 405 MHz, Not Active, Not Active, Not Active, Not Active, Not Active
2026/09/03 21:18:34.230, 519 MiB, 46, 12.55 W, 24 MHz, 405 MHz, Not Active, Not Active, Not Active, Not Active, Not Active
2026/09/03 21:18:34.430, 519 MiB, 46, 12.55 W, 24 MHz, 405 MHz, Not Active, Not Active, Not Active, Not Active, Not Active
2026/09/03 21:18:34.630, 519 MiB, 46, 13.05 W, 22 MHz, 405 MHz, Not Active, Not Active, Not Active, Not Active, Not Active
2026/09/03 21:18:34.830, 519 MiB, 46, 13.05 W, 22 MHz, 405 MHz, Not Active, Not Active, Not Active, Not Active, Not Active
2026/09/03 21:18:35.031, 519 MiB, 46, 14.04 W, 22 MHz, 405 MHz, Not Active, Not Active, Not Active, Not Active, Not Active
2026/09/03 21:18:35.231, 519 MiB, 46, 14.04 W, 22 MHz, 405 MHz, Not Active, Not Active, Not Active, Not Active, Not Active
2026/09/03 21:18:35.431, 519 MiB, 46, 14.04 W, 22 MHz, 405 MHz, Not Active, Not Active, Not Active, Not Active, Not Active
2026/09/03 21:18:35.632, 519 MiB, 46, 14.04 W, 22 MHz, 405 MHz, Not Active, Not Active, Not Active, Not Active, Not Active
2026/09/03 21:18:35.832, 519 MiB, 46, 14.04 W, 22 MHz, 405 MHz, Not Active, Not Active, Not Active, Not Active, Not Active
2026/09/03 21:18:36.032, 519 MiB, 46, 12.52 W, 22 MHz, 405 MHz, Not Active, Not Active, Not Active, Not Active, Not Active
2026/09/03 21:18:36.232, 519 MiB, 46, 12.52 W, 22 MHz, 405 MHz, Not Active, Not Active, Not Active, Not Active, Not Active
2026/09/03 21:18:36.433, 519 MiB, 46, 12.52 W, 22 MHz, 405 MHz, Not Active, Not Active, Not Active, Not Active, Not Active
2026/09/03 21:18:36.633, 519 MiB, 46, 12.52 W, 22 MHz, 405 MHz, Not Active, Not Active, Not Active, Not Active, Not Active
2026/09/03 21:18:36.833, 519 MiB, 46, 12.52 W, 22 MHz, 405 MHz, Not Active, Not Active, Not Active, Not Active, Not Active
2026/09/03 21:18:37.033, 519 MiB, 46, 12.47 W, 22 MHz, 405 MHz, Not Active, Not Active, Not Active, Not Active, Not Active
2026/09/03 21:18:37.234, 519 MiB, 46, 12.47 W, 22 MHz, 405 MHz, Not Active, Not Active, Not Active, Not Active, Not Active
2026/09/03 21:18:37.434, 519 MiB, 46, 12.47 W, 22 MHz, 405 MHz, Not Active, Not Active, Not Active, Not Active, Not Active
2026/09/03 21:18:37.634, 519 MiB, 46, 12.47 W, 22 MHz, 405 MHz, Not Active, Not Active, Not Active, Not Active, Not Active
2026/09/03 21:18:37.835, 519 MiB, 46, 12.47 W, 22 MHz, 405 MHz, Not Active, Not Active, Not Active, Not Active, Not Active
2026/09/03 21:18:38.035, 519 MiB, 46, 12.26 W, 22 MHz, 405 MHz, Not Active, Not Active, Not Active, Not Active, Not Active
2026/09/03 21:18:38.235, 519 MiB, 46, 12.26 W, 22 MHz, 405 MHz, Not Active, Not Active, Not Active, Not Active, Not Active
2026/09/03 21:18:38.435, 519 MiB, 46, 12.26 W, 22 MHz, 405 MHz, Not Active, Not Active, Not Active, Not Active, Not Active
2026/09/03 21:18:38.636, 519 MiB, 46, 12.26 W, 22 MHz, 405 MHz, Not Active, Not Active, Not Active, Not Active, Not Active
2026/09/03 21:18:38.836, 519 MiB, 46, 12.26 W, 22 MHz, 405 MHz, Not Active, Not Active, Not Active, Not Active, Not Active
2026/09/03 21:18:39.036, 519 MiB, 46, 12.34 W, 22 MHz, 405 MHz, Not Active, Not Active, Not Active, Not Active, Not Active
2026/09/03 21:18:39.237, 519 MiB, 46, 12.34 W, 22 MHz, 405 MHz, Not Active, Not Active, Not Active, Not Active, Not Active
2026/09/03 21:18:39.437, 519 MiB, 46, 12.34 W, 22 MHz, 405 MHz, Not Active, Not Active, Not Active, Not Active, Not Active
2026/09/03 21:18:39.637, 519 MiB, 46, 12.34 W, 22 MHz, 405 MHz, Not Active, Not Active, Not Active, Not Active, Not Active
2026/09/03 21:18:39.837, 519 MiB, 46, 12.34 W, 22 MHz, 405 MHz, Not Active, Not Active, Not Active, Not Active, Not Active
2026/09/03 21:18:40.038, 519 MiB, 46, 12.23 W, 22 MHz, 405 MHz, Not Active, Not Active, Not Active, Not Active, Not Active
2026/09/03 21:18:40.238, 519 MiB, 46, 12.23 W, 22 MHz, 405 MHz, Not Active, Not Active, Not Active, Not Active, Not Active
2026/09/03 21:18:40.438, 519 MiB, 46, 12.23 W, 22 MHz, 405 MHz, Not Active, Not Active, Not Active, Not Active, Not Active
2026/09/03 21:18:40.638, 519 MiB, 46, 12.23 W, 22 MHz, 405 MHz, Not Active, Not Active, Not Active, Not Active, Not Active
2026/09/03 21:18:40.839, 519 MiB, 46, 12.23 W, 22 MHz, 405 MHz, Not Active, Not Active, Not Active, Not Active, Not Active
2026/09/03 21:18:41.039, 519 MiB, 46, 12.40 W, 22 MHz, 405 MHz, Not Active, Not Active, Not Active, Not Active, Not Active
2026/09/03 21:18:41.239, 519 MiB, 46, 12.40 W, 22 MHz, 405 MHz, Not Active, Not Active, Not Active, Not Active, Not Active
2026/09/03 21:18:41.439, 519 MiB, 46, 13.01 W, 22 MHz, 405 MHz, Not Active, Not Active, Not Active, Not Active, Not Active
2026/09/03 21:18:41.639, 519 MiB, 46, 13.01 W, 22 MHz, 405 MHz, Not Active, Not Active, Not Active, Not Active, Not Active
2026/09/03 21:18:41.840, 519 MiB, 46, 13.01 W, 22 MHz, 405 MHz, Not Active, Not Active, Not Active, Not Active, Not Active
2026/09/03 21:18:42.040, 519 MiB, 46, 14.16 W, 22 MHz, 405 MHz, Not Active, Not Active, Not Active, Not Active, Not Active
2026/09/03 21:18:42.240, 519 MiB, 46, 14.16 W, 22 MHz, 405 MHz, Not Active, Not Active, Not Active, Not Active, Not Active
2026/09/03 21:18:42.440, 519 MiB, 46, 14.16 W, 22 MHz, 405 MHz, Not Active, Not Active, Not Active, Not Active, Not Active
2026/09/03 21:18:42.641, 519 MiB, 46, 14.16 W, 22 MHz, 405 MHz, Not Active, Not Active, Not Active, Not Active, Not Active
2026/09/03 21:18:42.841, 519 MiB, 46, 14.16 W, 22 MHz, 405 MHz, Not Active, Not Active, Not Active, Not Active, Not Active
2026/09/03 21:18:43.042, 519 MiB, 46, 12.52 W, 22 MHz, 405 MHz, Not Active, Not Active, Not Active, Not Active, Not Active
2026/09/03 21:18:43.242, 519 MiB, 46, 12.52 W, 22 MHz, 405 MHz, Not Active, Not Active, Not Active, Not Active, Not Active
2026/09/03 21:18:43.442, 519 MiB, 46, 12.52 W, 22 MHz, 405 MHz, Not Active, Not Active, Not Active, Not Active, Not Active
2026/09/03 21:18:43.642, 519 MiB, 46, 12.52 W, 22 MHz, 405 MHz, Not Active, Not Active, Not Active, Not Active, Not Active
2026/09/03 21:18:43.843, 519 MiB, 46, 12.52 W, 22 MHz, 405 MHz, Not Active, Not Active, Not Active, Not Active, Not Active
2026/09/03 21:18:44.043, 519 MiB, 46, 12.38 W, 22 MHz, 405 MHz, Not Active, Not Active, Not Active, Not Active, Not Active
2026/09/03 21:18:44.243, 519 MiB, 46, 12.38 W, 22 MHz, 405 MHz, Not Active, Not Active, Not Active, Not Active, Not Active
2026/09/03 21:18:44.443, 519 MiB, 46, 12.38 W, 22 MHz, 405 MHz, Not Active, Not Active, Not Active, Not Active, Not Active
2026/09/03 21:18:44.650, 519 MiB, 46, 12.38 W, 22 MHz, 405 MHz, Not Active, Not Active, Not Active, Not Active, Not Active
2026/09/03 21:18:44.850, 519 MiB, 46, 12.38 W, 22 MHz, 405 MHz, Not Active, Not Active, Not Active, Not Active, Not Active
2026/09/03 21:18:45.050, 519 MiB, 46, 12.20 W, 22 MHz, 405 MHz, Not Active, Not Active, Not Active, Not Active, Not Active
2026/09/03 21:18:45.251, 519 MiB, 46, 12.20 W, 22 MHz, 405 MHz, Not Active, Not Active, Not Active, Not Active, Not Active
2026/09/03 21:18:45.451, 519 MiB, 46, 12.20 W, 22 MHz, 405 MHz, Not Active, Not Active, Not Active, Not Active, Not Active
2026/09/03 21:18:45.651, 519 MiB, 46, 12.20 W, 22 MHz, 405 MHz, Not Active, Not Active, Not Active, Not Active, Not Active
2026/09/03 21:18:45.852, 519 MiB, 46, 12.20 W, 22 MHz, 405 MHz, Not Active, Not Active, Not Active, Not Active, Not Active
2026/09/03 21:18:46.052, 519 MiB, 46, 12.30 W, 22 MHz, 405 MHz, Not Active, Not Active, Not Active, Not Active, Not Active
2026/09/03 21:18:46.252, 519 MiB, 46, 12.30 W, 22 MHz, 405 MHz, Not Active, Not Active, Not Active, Not Active, Not Active
2026/09/03 21:18:46.452, 519 MiB, 46, 12.30 W, 22 MHz, 405 MHz, Not Active, Not Active, Not Active, Not Active, Not Active
2026/09/03 21:18:46.653, 519 MiB, 46, 12.30 W, 22 MHz, 405 MHz, Not Active, Not Active, Not Active, Not Active, Not Active
2026/09/03 21:18:46.853, 519 MiB, 46, 12.30 W, 22 MHz, 405 MHz, Not Active, Not Active, Not Active, Not Active, Not Active
2026/09/03 21:18:47.053, 519 MiB, 46, 12.26 W, 22 MHz, 405 MHz, Not Active, Not Active, Not Active, Not Active, Not Active
2026/09/03 21:18:47.254, 519 MiB, 46, 12.26 W, 22 MHz, 405 MHz, Not Active, Not Active, Not Active, Not Active, Not Active
2026/09/03 21:18:47.454, 519 MiB, 46, 12.26 W, 22 MHz, 405 MHz, Not Active, Not Active, Not Active, Not Active, Not Active
2026/09/03 21:18:47.654, 519 MiB, 46, 12.26 W, 22 MHz, 405 MHz, Not Active, Not Active, Not Active, Not Active, Not Active
2026/09/03 21:18:47.854, 519 MiB, 46, 12.26 W, 22 MHz, 405 MHz, Not Active, Not Active, Not Active, Not Active, Not Active
2026/09/03 21:18:48.055, 519 MiB, 46, 11.85 W, 22 MHz, 405 MHz, Not Active, Not Active, Not Active, Not Active, Not Active
2026/09/03 21:18:48.255, 519 MiB, 46, 11.85 W, 22 MHz, 405 MHz, Not Active, Not Active, Not Active, Not Active, Not Active
2026/09/03 21:18:48.455, 519 MiB, 46, 12.47 W, 22 MHz, 405 MHz, Not Active, Not Active, Not Active, Not Active, Not Active
2026/09/03 21:18:48.655, 519 MiB, 46, 12.47 W, 22 MHz, 405 MHz, Not Active, Not Active, Not Active, Not Active, Not Active
2026/09/03 21:18:48.856, 519 MiB, 46, 12.47 W, 22 MHz, 405 MHz, Not Active, Not Active, Not Active, Not Active, Not Active
2026/09/03 21:18:49.056, 519 MiB, 46, 13.62 W, 22 MHz, 405 MHz, Not Active, Not Active, Not Active, Not Active, Not Active
2026/09/03 21:18:49.256, 519 MiB, 46, 13.62 W, 22 MHz, 405 MHz, Not Active, Not Active, Not Active, Not Active, Not Active
2026/09/03 21:18:49.457, 519 MiB, 46, 13.65 W, 22 MHz, 405 MHz, Not Active, Not Active, Not Active, Not Active, Not Active
2026/09/03 21:18:49.657, 519 MiB, 46, 13.65 W, 22 MHz, 405 MHz, Not Active, Not Active, Not Active, Not Active, Not Active
2026/09/03 21:18:49.857, 519 MiB, 46, 13.65 W, 22 MHz, 405 MHz, Not Active, Not Active, Not Active, Not Active, Not Active
2026/09/03 21:18:50.057, 519 MiB, 46, 13.65 W, 22 MHz, 405 MHz, Not Active, Not Active, Not Active, Not Active, Not Active
2026/09/03 21:18:50.258, 519 MiB, 46, 13.65 W, 22 MHz, 405 MHz, Not Active, Not Active, Not Active, Not Active, Not Active
2026/09/03 21:18:50.458, 519 MiB, 46, 12.23 W, 22 MHz, 405 MHz, Not Active, Not Active, Not Active, Not Active, Not Active
2026/09/03 21:18:50.658, 519 MiB, 46, 12.23 W, 22 MHz, 405 MHz, Not Active, Not Active, Not Active, Not Active, Not Active
2026/09/03 21:18:50.859, 519 MiB, 46, 12.23 W, 22 MHz, 405 MHz, Not Active, Not Active, Not Active, Not Active, Not Active
2026/09/03 21:18:51.059, 519 MiB, 46, 12.23 W, 22 MHz, 405 MHz, Not Active, Not Active, Not Active, Not Active, Not Active
2026/09/03 21:18:51.259, 519 MiB, 46, 12.23 W, 22 MHz, 405 MHz, Not Active, Not Active, Not Active, Not Active, Not Active
2026/09/03 21:18:51.460, 519 MiB, 46, 12.24 W, 22 MHz, 405 MHz, Not Active, Not Active, Not Active, Not Active, Not Active
2026/09/03 21:18:51.660, 519 MiB, 46, 12.24 W, 22 MHz, 405 MHz, Not Active, Not Active, Not Active, Not Active, Not Active
2026/09/03 21:18:51.860, 519 MiB, 46, 12.24 W, 22 MHz, 405 MHz, Not Active, Not Active, Not Active, Not Active, Not Active
2026/09/03 21:18:52.060, 519 MiB, 46, 12.24 W, 22 MHz, 405 MHz, Not Active, Not Active, Not Active, Not Active, Not Active
2026/09/03 21:18:52.261, 519 MiB, 46, 12.24 W, 22 MHz, 405 MHz, Not Active, Not Active, Not Active, Not Active, Not Active
2026/09/03 21:18:52.461, 519 MiB, 46, 12.33 W, 22 MHz, 405 MHz, Not Active, Not Active, Not Active, Not Active, Not Active
2026/09/03 21:18:52.661, 519 MiB, 46, 12.33 W, 22 MHz, 405 MHz, Not Active, Not Active, Not Active, Not Active, Not Active
2026/09/03 21:18:52.862, 519 MiB, 46, 12.33 W, 22 MHz, 405 MHz, Not Active, Not Active, Not Active, Not Active, Not Active
2026/09/03 21:18:53.062, 519 MiB, 46, 12.33 W, 22 MHz, 405 MHz, Not Active, Not Active, Not Active, Not Active, Not Active
2026/09/03 21:18:53.262, 519 MiB, 46, 12.33 W, 22 MHz, 405 MHz, Not Active, Not Active, Not Active, Not Active, Not Active
2026/09/03 21:18:53.462, 519 MiB, 46, 12.43 W, 22 MHz, 405 MHz, Not Active, Not Active, Not Active, Not Active, Not Active
2026/09/03 21:18:53.663, 519 MiB, 46, 12.43 W, 22 MHz, 405 MHz, Not Active, Not Active, Not Active, Not Active, Not Active
2026/09/03 21:18:53.863, 519 MiB, 46, 12.43 W, 22 MHz, 405 MHz, Not Active, Not Active, Not Active, Not Active, Not Active
2026/09/03 21:18:54.063, 519 MiB, 46, 12.43 W, 22 MHz, 405 MHz, Not Active, Not Active, Not Active, Not Active, Not Active
2026/09/03 21:18:54.264, 519 MiB, 46, 12.43 W, 22 MHz, 405 MHz, Not Active, Not Active, Not Active, Not Active, Not Active
2026/09/03 21:18:54.464, 519 MiB, 46, 12.33 W, 22 MHz, 405 MHz, Not Active, Not Active, Not Active, Not Active, Not Active
2026/09/03 21:18:54.664, 519 MiB, 46, 12.33 W, 22 MHz, 405 MHz, Not Active, Not Active, Not Active, Not Active, Not Active
2026/09/03 21:18:54.864, 519 MiB, 46, 12.33 W, 22 MHz, 405 MHz, Not Active, Not Active, Not Active, Not Active, Not Active
2026/09/03 21:18:55.065, 519 MiB, 46, 12.33 W, 22 MHz, 405 MHz, Not Active, Not Active, Not Active, Not Active, Not Active
2026/09/03 21:18:55.265, 519 MiB, 46, 12.33 W, 22 MHz, 405 MHz, Not Active, Not Active, Not Active, Not Active, Not Active
2026/09/03 21:18:55.465, 519 MiB, 46, 12.23 W, 24 MHz, 405 MHz, Not Active, Not Active, Not Active, Not Active, Not Active
2026/09/03 21:18:55.666, 519 MiB, 46, 12.23 W, 24 MHz, 405 MHz, Not Active, Not Active, Not Active, Not Active, Not Active
2026/09/03 21:18:55.866, 519 MiB, 46, 12.23 W, 24 MHz, 405 MHz, Not Active, Not Active, Not Active, Not Active, Not Active
2026/09/03 21:18:56.066, 519 MiB, 46, 12.69 W, 22 MHz, 405 MHz, Not Active, Not Active, Not Active, Not Active, Not Active
2026/09/03 21:18:56.266, 519 MiB, 46, 12.69 W, 22 MHz, 405 MHz, Not Active, Not Active, Not Active, Not Active, Not Active
2026/09/03 21:18:56.467, 519 MiB, 46, 13.61 W, 22 MHz, 405 MHz, Not Active, Not Active, Not Active, Not Active, Not Active
2026/09/03 21:18:56.667, 519 MiB, 46, 13.61 W, 22 MHz, 405 MHz, Not Active, Not Active, Not Active, Not Active, Not Active
2026/09/03 21:18:56.867, 519 MiB, 46, 13.61 W, 22 MHz, 405 MHz, Not Active, Not Active, Not Active, Not Active, Not Active
2026/09/03 21:18:57.067, 519 MiB, 46, 13.61 W, 22 MHz, 405 MHz, Not Active, Not Active, Not Active, Not Active, Not Active
2026/09/03 21:18:57.268, 519 MiB, 46, 13.61 W, 22 MHz, 405 MHz, Not Active, Not Active, Not Active, Not Active, Not Active
2026/09/03 21:18:57.468, 519 MiB, 46, 12.05 W, 22 MHz, 405 MHz, Not Active, Not Active, Not Active, Not Active, Not Active
2026/09/03 21:18:57.668, 519 MiB, 46, 12.05 W, 22 MHz, 405 MHz, Not Active, Not Active, Not Active, Not Active, Not Active
2026/09/03 21:18:57.868, 519 MiB, 46, 12.05 W, 22 MHz, 405 MHz, Not Active, Not Active, Not Active, Not Active, Not Active
2026/09/03 21:18:58.069, 519 MiB, 46, 12.05 W, 22 MHz, 405 MHz, Not Active, Not Active, Not Active, Not Active, Not Active
2026/09/03 21:18:58.269, 519 MiB, 46, 12.05 W, 22 MHz, 405 MHz, Not Active, Not Active, Not Active, Not Active, Not Active
2026/09/03 21:18:58.469, 519 MiB, 46, 12.14 W, 22 MHz, 405 MHz, Not Active, Not Active, Not Active, Not Active, Not Active
2026/09/03 21:18:58.669, 519 MiB, 46, 12.14 W, 22 MHz, 405 MHz, Not Active, Not Active, Not Active, Not Active, Not Active
2026/09/03 21:18:58.870, 519 MiB, 46, 12.14 W, 22 MHz, 405 MHz, Not Active, Not Active, Not Active, Not Active, Not Active
2026/09/03 21:18:59.070, 519 MiB, 46, 12.14 W, 22 MHz, 405 MHz, Not Active, Not Active, Not Active, Not Active, Not Active
2026/09/03 21:18:59.270, 519 MiB, 46, 12.14 W, 22 MHz, 405 MHz, Not Active, Not Active, Not Active, Not Active, Not Active
2026/09/03 21:18:59.470, 519 MiB, 46, 12.26 W, 22 MHz, 405 MHz, Not Active, Not Active, Not Active, Not Active, Not Active
2026/09/03 21:18:59.671, 519 MiB, 46, 12.26 W, 22 MHz, 405 MHz, Not Active, Not Active, Not Active, Not Active, Not Active
2026/09/03 21:18:59.871, 519 MiB, 46, 12.26 W, 22 MHz, 405 MHz, Not Active, Not Active, Not Active, Not Active, Not Active
2026/09/03 21:19:00.071, 519 MiB, 46, 12.26 W, 22 MHz, 405 MHz, Not Active, Not Active, Not Active, Not Active, Not Active
2026/09/03 21:19:00.271, 519 MiB, 46, 12.26 W, 22 MHz, 405 MHz, Not Active, Not Active, Not Active, Not Active, Not Active
2026/09/03 21:19:00.472, 519 MiB, 46, 12.21 W, 22 MHz, 405 MHz, Not Active, Not Active, Not Active, Not Active, Not Active
2026/09/03 21:19:00.672, 519 MiB, 46, 12.21 W, 22 MHz, 405 MHz, Not Active, Not Active, Not Active, Not Active, Not Active
2026/09/03 21:19:00.872, 519 MiB, 46, 12.21 W, 22 MHz, 405 MHz, Not Active, Not Active, Not Active, Not Active, Not Active
2026/09/03 21:19:01.073, 519 MiB, 46, 12.21 W, 22 MHz, 405 MHz, Not Active, Not Active, Not Active, Not Active, Not Active
2026/09/03 21:19:01.273, 519 MiB, 46, 12.21 W, 22 MHz, 405 MHz, Not Active, Not Active, Not Active, Not Active, Not Active
2026/09/03 21:19:01.473, 519 MiB, 46, 12.10 W, 22 MHz, 405 MHz, Not Active, Not Active, Not Active, Not Active, Not Active
2026/09/03 21:19:01.673, 519 MiB, 46, 12.10 W, 22 MHz, 405 MHz, Not Active, Not Active, Not Active, Not Active, Not Active
2026/09/03 21:19:01.874, 519 MiB, 46, 12.10 W, 22 MHz, 405 MHz, Not Active, Not Active, Not Active, Not Active, Not Active
2026/09/03 21:19:02.074, 519 MiB, 46, 12.10 W, 22 MHz, 405 MHz, Not Active, Not Active, Not Active, Not Active, Not Active
2026/09/03 21:19:02.274, 519 MiB, 46, 12.10 W, 22 MHz, 405 MHz, Not Active, Not Active, Not Active, Not Active, Not Active
2026/09/03 21:19:02.475, 519 MiB, 46, 12.19 W, 22 MHz, 405 MHz, Not Active, Not Active, Not Active, Not Active, Not Active
2026/09/03 21:19:02.675, 519 MiB, 46, 12.19 W, 22 MHz, 405 MHz, Not Active, Not Active, Not Active, Not Active, Not Active
2026/09/03 21:19:02.875, 519 MiB, 46, 12.19 W, 22 MHz, 405 MHz, Not Active, Not Active, Not Active, Not Active, Not Active
2026/09/03 21:19:03.075, 519 MiB, 46, 12.72 W, 22 MHz, 405 MHz, Not Active, Not Active, Not Active, Not Active, Not Active
2026/09/03 21:19:03.276, 519 MiB, 46, 12.72 W, 22 MHz, 405 MHz, Not Active, Not Active, Not Active, Not Active, Not Active
2026/09/03 21:19:03.476, 519 MiB, 46, 13.81 W, 22 MHz, 405 MHz, Not Active, Not Active, Not Active, Not Active, Not Active
2026/09/03 21:19:03.676, 519 MiB, 46, 13.81 W, 22 MHz, 405 MHz, Not Active, Not Active, Not Active, Not Active, Not Active
2026/09/03 21:19:03.876, 519 MiB, 46, 13.81 W, 22 MHz, 405 MHz, Not Active, Not Active, Not Active, Not Active, Not Active
2026/09/03 21:19:04.077, 519 MiB, 46, 13.81 W, 22 MHz, 405 MHz, Not Active, Not Active, Not Active, Not Active, Not Active
2026/09/03 21:19:04.277, 519 MiB, 46, 13.81 W, 22 MHz, 405 MHz, Not Active, Not Active, Not Active, Not Active, Not Active
2026/09/03 21:19:04.477, 519 MiB, 46, 12.21 W, 22 MHz, 405 MHz, Not Active, Not Active, Not Active, Not Active, Not Active
2026/09/03 21:19:04.677, 519 MiB, 46, 12.21 W, 22 MHz, 405 MHz, Not Active, Not Active, Not Active, Not Active, Not Active
2026/09/03 21:19:04.878, 519 MiB, 46, 12.21 W, 22 MHz, 405 MHz, Not Active, Not Active, Not Active, Not Active, Not Active
2026/09/03 21:19:05.078, 519 MiB, 46, 12.21 W, 22 MHz, 405 MHz, Not Active, Not Active, Not Active, Not Active, Not Active
2026/09/03 21:19:05.278, 519 MiB, 46, 12.21 W, 22 MHz, 405 MHz, Not Active, Not Active, Not Active, Not Active, Not Active
2026/09/03 21:19:05.478, 519 MiB, 46, 11.86 W, 22 MHz, 405 MHz, Not Active, Not Active, Not Active, Not Active, Not Active
2026/09/03 21:19:05.679, 519 MiB, 46, 11.86 W, 22 MHz, 405 MHz, Not Active, Not Active, Not Active, Not Active, Not Active
2026/09/03 21:19:05.880, 519 MiB, 46, 11.86 W, 22 MHz, 405 MHz, Not Active, Not Active, Not Active, Not Active, Not Active
2026/09/03 21:19:06.080, 519 MiB, 46, 11.86 W, 22 MHz, 405 MHz, Not Active, Not Active, Not Active, Not Active, Not Active
2026/09/03 21:19:06.280, 519 MiB, 46, 11.86 W, 22 MHz, 405 MHz, Not Active, Not Active, Not Active, Not Active, Not Active
2026/09/03 21:19:06.480, 519 MiB, 46, 11.64 W, 22 MHz, 405 MHz, Not Active, Not Active, Not Active, Not Active, Not Active
2026/09/03 21:19:06.681, 519 MiB, 46, 11.64 W, 22 MHz, 405 MHz, Not Active, Not Active, Not Active, Not Active, Not Active
2026/09/03 21:19:06.881, 519 MiB, 46, 11.64 W, 22 MHz, 405 MHz, Not Active, Not Active, Not Active, Not Active, Not Active
2026/09/03 21:19:07.081, 519 MiB, 46, 11.64 W, 22 MHz, 405 MHz, Not Active, Not Active, Not Active, Not Active, Not Active
2026/09/03 21:19:07.282, 519 MiB, 46, 11.64 W, 22 MHz, 405 MHz, Not Active, Not Active, Not Active, Not Active, Not Active
2026/09/03 21:19:07.482, 519 MiB, 46, 11.83 W, 22 MHz, 405 MHz, Not Active, Not Active, Not Active, Not Active, Not Active
2026/09/03 21:19:07.682, 519 MiB, 46, 11.83 W, 22 MHz, 405 MHz, Not Active, Not Active, Not Active, Not Active, Not Active
2026/09/03 21:19:07.882, 519 MiB, 46, 11.83 W, 22 MHz, 405 MHz, Not Active, Not Active, Not Active, Not Active, Not Active
2026/09/03 21:19:08.083, 519 MiB, 46, 11.83 W, 22 MHz, 405 MHz, Not Active, Not Active, Not Active, Not Active, Not Active
2026/09/03 21:19:08.283, 519 MiB, 46, 11.83 W, 22 MHz, 405 MHz, Not Active, Not Active, Not Active, Not Active, Not Active
2026/09/03 21:19:08.483, 519 MiB, 46, 11.71 W, 22 MHz, 405 MHz, Not Active, Not Active, Not Active, Not Active, Not Active
2026/09/03 21:19:08.684, 519 MiB, 46, 11.71 W, 22 MHz, 405 MHz, Not Active, Not Active, Not Active, Not Active, Not Active
2026/09/03 21:19:08.884, 519 MiB, 46, 11.71 W, 22 MHz, 405 MHz, Not Active, Not Active, Not Active, Not Active, Not Active
2026/09/03 21:19:09.084, 519 MiB, 46, 11.71 W, 22 MHz, 405 MHz, Not Active, Not Active, Not Active, Not Active, Not Active
2026/09/03 21:19:09.284, 519 MiB, 46, 11.71 W, 22 MHz, 405 MHz, Not Active, Not Active, Not Active, Not Active, Not Active
2026/09/03 21:19:09.485, 519 MiB, 46, 11.61 W, 22 MHz, 405 MHz, Not Active, Not Active, Not Active, Not Active, Not Active
2026/09/03 21:19:09.685, 519 MiB, 46, 11.61 W, 22 MHz, 405 MHz, Not Active, Not Active, Not Active, Not Active, Not Active
2026/09/03 21:19:09.885, 519 MiB, 46, 11.61 W, 22 MHz, 405 MHz, Not Active, Not Active, Not Active, Not Active, Not Active
2026/09/03 21:19:10.085, 519 MiB, 46, 12.24 W, 22 MHz, 405 MHz, Not Active, Not Active, Not Active, Not Active, Not Active
2026/09/03 21:19:10.286, 519 MiB, 46, 12.24 W, 22 MHz, 405 MHz, Not Active, Not Active, Not Active, Not Active, Not Active
2026/09/03 21:19:10.486, 519 MiB, 46, 13.57 W, 22 MHz, 405 MHz, Not Active, Not Active, Not Active, Not Active, Not Active
2026/09/03 21:19:10.686, 519 MiB, 46, 13.57 W, 22 MHz, 405 MHz, Not Active, Not Active, Not Active, Not Active, Not Active
2026/09/03 21:19:10.887, 519 MiB, 46, 13.57 W, 22 MHz, 405 MHz, Not Active, Not Active, Not Active, Not Active, Not Active
2026/09/03 21:19:11.087, 519 MiB, 46, 13.61 W, 22 MHz, 405 MHz, Not Active, Not Active, Not Active, Not Active, Not Active
2026/09/03 21:19:11.287, 519 MiB, 46, 13.61 W, 22 MHz, 405 MHz, Not Active, Not Active, Not Active, Not Active, Not Active
2026/09/03 21:19:11.487, 519 MiB, 46, 13.61 W, 22 MHz, 405 MHz, Not Active, Not Active, Not Active, Not Active, Not Active
2026/09/03 21:19:11.687, 519 MiB, 46, 13.61 W, 22 MHz, 405 MHz, Not Active, Not Active, Not Active, Not Active, Not Active
2026/09/03 21:19:11.888, 519 MiB, 46, 13.61 W, 22 MHz, 405 MHz, Not Active, Not Active, Not Active, Not Active, Not Active
2026/09/03 21:19:12.088, 519 MiB, 46, 12.06 W, 22 MHz, 405 MHz, Not Active, Not Active, Not Active, Not Active, Not Active
2026/09/03 21:19:12.288, 519 MiB, 46, 12.06 W, 22 MHz, 405 MHz, Not Active, Not Active, Not Active, Not Active, Not Active
2026/09/03 21:19:12.489, 519 MiB, 46, 12.06 W, 22 MHz, 405 MHz, Not Active, Not Active, Not Active, Not Active, Not Active
2026/09/03 21:19:12.689, 519 MiB, 46, 12.06 W, 22 MHz, 405 MHz, Not Active, Not Active, Not Active, Not Active, Not Active
2026/09/03 21:19:12.889, 519 MiB, 46, 12.06 W, 22 MHz, 405 MHz, Not Active, Not Active, Not Active, Not Active, Not Active
2026/09/03 21:19:13.089, 519 MiB, 46, 11.89 W, 22 MHz, 405 MHz, Not Active, Not Active, Not Active, Not Active, Not Active
2026/09/03 21:19:13.290, 519 MiB, 46, 11.89 W, 22 MHz, 405 MHz, Not Active, Not Active, Not Active, Not Active, Not Active
2026/09/03 21:19:13.490, 519 MiB, 46, 11.89 W, 22 MHz, 405 MHz, Not Active, Not Active, Not Active, Not Active, Not Active
2026/09/03 21:19:13.690, 519 MiB, 46, 11.89 W, 22 MHz, 405 MHz, Not Active, Not Active, Not Active, Not Active, Not Active
2026/09/03 21:19:13.890, 519 MiB, 46, 11.89 W, 22 MHz, 405 MHz, Not Active, Not Active, Not Active, Not Active, Not Active
2026/09/03 21:19:14.091, 519 MiB, 46, 11.97 W, 22 MHz, 405 MHz, Not Active, Not Active, Not Active, Not Active, Not Active
2026/09/03 21:19:14.291, 519 MiB, 46, 11.97 W, 22 MHz, 405 MHz, Not Active, Not Active, Not Active, Not Active, Not Active
2026/09/03 21:19:14.491, 519 MiB, 46, 11.97 W, 22 MHz, 405 MHz, Not Active, Not Active, Not Active, Not Active, Not Active
2026/09/03 21:19:14.691, 519 MiB, 46, 11.97 W, 22 MHz, 405 MHz, Not Active, Not Active, Not Active, Not Active, Not Active
2026/09/03 21:19:14.892, 519 MiB, 46, 11.97 W, 22 MHz, 405 MHz, Not Active, Not Active, Not Active, Not Active, Not Active
2026/09/03 21:19:15.092, 519 MiB, 46, 12.02 W, 22 MHz, 405 MHz, Not Active, Not Active, Not Active, Not Active, Not Active
2026/09/03 21:19:15.292, 519 MiB, 46, 12.02 W, 22 MHz, 405 MHz, Not Active, Not Active, Not Active, Not Active, Not Active
2026/09/03 21:19:15.492, 519 MiB, 46, 12.02 W, 22 MHz, 405 MHz, Not Active, Not Active, Not Active, Not Active, Not Active
2026/09/03 21:19:15.693, 519 MiB, 46, 12.02 W, 22 MHz, 405 MHz, Not Active, Not Active, Not Active, Not Active, Not Active
2026/09/03 21:19:15.893, 519 MiB, 46, 12.02 W, 22 MHz, 405 MHz, Not Active, Not Active, Not Active, Not Active, Not Active
2026/09/03 21:19:16.093, 519 MiB, 46, 11.78 W, 22 MHz, 405 MHz, Not Active, Not Active, Not Active, Not Active, Not Active
2026/09/03 21:19:16.293, 519 MiB, 46, 11.78 W, 22 MHz, 405 MHz, Not Active, Not Active, Not Active, Not Active, Not Active
2026/09/03 21:19:16.493, 519 MiB, 46, 11.78 W, 22 MHz, 405 MHz, Not Active, Not Active, Not Active, Not Active, Not Active
2026/09/03 21:19:16.694, 519 MiB, 46, 11.78 W, 22 MHz, 405 MHz, Not Active, Not Active, Not Active, Not Active, Not Active
2026/09/03 21:19:16.894, 519 MiB, 46, 11.78 W, 22 MHz, 405 MHz, Not Active, Not Active, Not Active, Not Active, Not Active
2026/09/03 21:19:17.094, 519 MiB, 46, 12.12 W, 24 MHz, 405 MHz, Not Active, Not Active, Not Active, Not Active, Not Active
2026/09/03 21:19:17.294, 519 MiB, 46, 12.12 W, 24 MHz, 405 MHz, Not Active, Not Active, Not Active, Not Active, Not Active
2026/09/03 21:19:17.495, 519 MiB, 46, 12.60 W, 22 MHz, 405 MHz, Not Active, Not Active, Not Active, Not Active, Not Active
2026/09/03 21:19:17.695, 519 MiB, 46, 12.60 W, 22 MHz, 405 MHz, Not Active, Not Active, Not Active, Not Active, Not Active
2026/09/03 21:19:17.895, 519 MiB, 46, 12.60 W, 22 MHz, 405 MHz, Not Active, Not Active, Not Active, Not Active, Not Active
2026/09/03 21:19:18.096, 519 MiB, 46, 13.63 W, 22 MHz, 405 MHz, Not Active, Not Active, Not Active, Not Active, Not Active
2026/09/03 21:19:18.296, 519 MiB, 46, 13.63 W, 22 MHz, 405 MHz, Not Active, Not Active, Not Active, Not Active, Not Active
2026/09/03 21:19:18.496, 519 MiB, 46, 13.63 W, 22 MHz, 405 MHz, Not Active, Not Active, Not Active, Not Active, Not Active
2026/09/03 21:19:18.696, 519 MiB, 46, 13.63 W, 22 MHz, 405 MHz, Not Active, Not Active, Not Active, Not Active, Not Active
2026/09/03 21:19:18.897, 519 MiB, 46, 13.63 W, 22 MHz, 405 MHz, Not Active, Not Active, Not Active, Not Active, Not Active
2026/09/03 21:19:19.097, 519 MiB, 46, 11.95 W, 22 MHz, 405 MHz, Not Active, Not Active, Not Active, Not Active, Not Active
2026/09/03 21:19:19.298, 519 MiB, 46, 11.95 W, 22 MHz, 405 MHz, Not Active, Not Active, Not Active, Not Active, Not Active
2026/09/03 21:19:19.498, 519 MiB, 46, 11.95 W, 22 MHz, 405 MHz, Not Active, Not Active, Not Active, Not Active, Not Active
2026/09/03 21:19:19.698, 519 MiB, 46, 11.95 W, 22 MHz, 405 MHz, Not Active, Not Active, Not Active, Not Active, Not Active
2026/09/03 21:19:19.899, 519 MiB, 46, 11.95 W, 22 MHz, 405 MHz, Not Active, Not Active, Not Active, Not Active, Not Active
2026/09/03 21:19:20.099, 519 MiB, 46, 11.81 W, 22 MHz, 405 MHz, Not Active, Not Active, Not Active, Not Active, Not Active
2026/09/03 21:19:20.299, 519 MiB, 46, 11.81 W, 22 MHz, 405 MHz, Not Active, Not Active, Not Active, Not Active, Not Active
2026/09/03 21:19:20.499, 519 MiB, 46, 11.81 W, 22 MHz, 405 MHz, Not Active, Not Active, Not Active, Not Active, Not Active
2026/09/03 21:19:20.700, 519 MiB, 46, 11.81 W, 22 MHz, 405 MHz, Not Active, Not Active, Not Active, Not Active, Not Active
2026/09/03 21:19:20.900, 519 MiB, 46, 11.81 W, 22 MHz, 405 MHz, Not Active, Not Active, Not Active, Not Active, Not Active
2026/09/03 21:19:21.100, 519 MiB, 46, 11.71 W, 22 MHz, 405 MHz, Not Active, Not Active, Not Active, Not Active, Not Active
2026/09/03 21:19:21.301, 519 MiB, 46, 11.71 W, 22 MHz, 405 MHz, Not Active, Not Active, Not Active, Not Active, Not Active
2026/09/03 21:19:21.501, 519 MiB, 46, 11.71 W, 22 MHz, 405 MHz, Not Active, Not Active, Not Active, Not Active, Not Active
2026/09/03 21:19:21.701, 519 MiB, 46, 11.71 W, 22 MHz, 405 MHz, Not Active, Not Active, Not Active, Not Active, Not Active
2026/09/03 21:19:21.902, 519 MiB, 46, 11.71 W, 22 MHz, 405 MHz, Not Active, Not Active, Not Active, Not Active, Not Active
2026/09/03 21:19:22.102, 519 MiB, 46, 11.75 W, 22 MHz, 405 MHz, Not Active, Not Active, Not Active, Not Active, Not Active
2026/09/03 21:19:22.302, 519 MiB, 46, 11.75 W, 22 MHz, 405 MHz, Not Active, Not Active, Not Active, Not Active, Not Active
2026/09/03 21:19:22.503, 519 MiB, 46, 11.75 W, 22 MHz, 405 MHz, Not Active, Not Active, Not Active, Not Active, Not Active
2026/09/03 21:19:22.703, 519 MiB, 46, 11.75 W, 22 MHz, 405 MHz, Not Active, Not Active, Not Active, Not Active, Not Active
2026/09/03 21:19:22.903, 519 MiB, 46, 11.75 W, 22 MHz, 405 MHz, Not Active, Not Active, Not Active, Not Active, Not Active
2026/09/03 21:19:23.104, 519 MiB, 46, 11.93 W, 22 MHz, 405 MHz, Not Active, Not Active, Not Active, Not Active, Not Active
2026/09/03 21:19:23.304, 519 MiB, 46, 11.93 W, 22 MHz, 405 MHz, Not Active, Not Active, Not Active, Not Active, Not Active
2026/09/03 21:19:23.504, 519 MiB, 46, 11.93 W, 22 MHz, 405 MHz, Not Active, Not Active, Not Active, Not Active, Not Active
2026/09/03 21:19:23.704, 519 MiB, 46, 11.93 W, 22 MHz, 405 MHz, Not Active, Not Active, Not Active, Not Active, Not Active
2026/09/03 21:19:23.904, 519 MiB, 46, 11.93 W, 22 MHz, 405 MHz, Not Active, Not Active, Not Active, Not Active, Not Active
2026/09/03 21:19:24.105, 519 MiB, 46, 12.33 W, 22 MHz, 405 MHz, Not Active, Not Active, Not Active, Not Active, Not Active
2026/09/03 21:19:24.305, 519 MiB, 46, 12.33 W, 22 MHz, 405 MHz, Not Active, Not Active, Not Active, Not Active, Not Active
2026/09/03 21:19:24.505, 519 MiB, 46, 12.76 W, 22 MHz, 405 MHz, Not Active, Not Active, Not Active, Not Active, Not Active
2026/09/03 21:19:24.705, 519 MiB, 46, 12.76 W, 22 MHz, 405 MHz, Not Active, Not Active, Not Active, Not Active, Not Active
2026/09/03 21:19:24.906, 519 MiB, 46, 12.76 W, 22 MHz, 405 MHz, Not Active, Not Active, Not Active, Not Active, Not Active
2026/09/03 21:19:25.106, 519 MiB, 46, 13.78 W, 22 MHz, 405 MHz, Not Active, Not Active, Not Active, Not Active, Not Active
2026/09/03 21:19:25.306, 519 MiB, 46, 13.78 W, 22 MHz, 405 MHz, Not Active, Not Active, Not Active, Not Active, Not Active
2026/09/03 21:19:25.507, 519 MiB, 46, 13.78 W, 22 MHz, 405 MHz, Not Active, Not Active, Not Active, Not Active, Not Active
2026/09/03 21:19:25.707, 519 MiB, 46, 13.78 W, 22 MHz, 405 MHz, Not Active, Not Active, Not Active, Not Active, Not Active
2026/09/03 21:19:25.907, 519 MiB, 46, 13.78 W, 22 MHz, 405 MHz, Not Active, Not Active, Not Active, Not Active, Not Active
2026/09/03 21:19:26.107, 519 MiB, 46, 11.94 W, 22 MHz, 405 MHz, Not Active, Not Active, Not Active, Not Active, Not Active
2026/09/03 21:19:26.308, 519 MiB, 46, 11.94 W, 22 MHz, 405 MHz, Not Active, Not Active, Not Active, Not Active, Not Active
2026/09/03 21:19:26.508, 519 MiB, 46, 11.94 W, 22 MHz, 405 MHz, Not Active, Not Active, Not Active, Not Active, Not Active
2026/09/03 21:19:26.708, 519 MiB, 46, 11.94 W, 22 MHz, 405 MHz, Not Active, Not Active, Not Active, Not Active, Not Active
2026/09/03 21:19:26.909, 519 MiB, 46, 11.94 W, 22 MHz, 405 MHz, Not Active, Not Active, Not Active, Not Active, Not Active
2026/09/03 21:19:27.109, 519 MiB, 46, 11.88 W, 22 MHz, 405 MHz, Not Active, Not Active, Not Active, Not Active, Not Active
2026/09/03 21:19:27.309, 519 MiB, 46, 11.88 W, 22 MHz, 405 MHz, Not Active, Not Active, Not Active, Not Active, Not Active
2026/09/03 21:19:27.509, 519 MiB, 46, 11.88 W, 22 MHz, 405 MHz, Not Active, Not Active, Not Active, Not Active, Not Active
2026/09/03 21:19:27.710, 519 MiB, 46, 11.88 W, 22 MHz, 405 MHz, Not Active, Not Active, Not Active, Not Active, Not Active
2026/09/03 21:19:27.910, 519 MiB, 46, 11.88 W, 22 MHz, 405 MHz, Not Active, Not Active, Not Active, Not Active, Not Active
2026/09/03 21:19:28.110, 519 MiB, 46, 11.83 W, 22 MHz, 405 MHz, Not Active, Not Active, Not Active, Not Active, Not Active
2026/09/03 21:19:28.310, 519 MiB, 46, 11.83 W, 22 MHz, 405 MHz, Not Active, Not Active, Not Active, Not Active, Not Active
2026/09/03 21:19:28.511, 519 MiB, 46, 11.83 W, 22 MHz, 405 MHz, Not Active, Not Active, Not Active, Not Active, Not Active
2026/09/03 21:19:28.711, 519 MiB, 46, 11.83 W, 22 MHz, 405 MHz, Not Active, Not Active, Not Active, Not Active, Not Active
2026/09/03 21:19:28.911, 519 MiB, 46, 11.83 W, 22 MHz, 405 MHz, Not Active, Not Active, Not Active, Not Active, Not Active
2026/09/03 21:19:29.111, 519 MiB, 46, 11.89 W, 22 MHz, 405 MHz, Not Active, Not Active, Not Active, Not Active, Not Active
2026/09/03 21:19:29.312, 519 MiB, 46, 11.89 W, 22 MHz, 405 MHz, Not Active, Not Active, Not Active, Not Active, Not Active
2026/09/03 21:19:29.512, 519 MiB, 46, 11.89 W, 22 MHz, 405 MHz, Not Active, Not Active, Not Active, Not Active, Not Active
2026/09/03 21:19:29.712, 519 MiB, 46, 11.89 W, 22 MHz, 405 MHz, Not Active, Not Active, Not Active, Not Active, Not Active
2026/09/03 21:19:29.912, 519 MiB, 46, 11.89 W, 22 MHz, 405 MHz, Not Active, Not Active, Not Active, Not Active, Not Active
2026/09/03 21:19:30.113, 519 MiB, 46, 11.95 W, 22 MHz, 405 MHz, Not Active, Not Active, Not Active, Not Active, Not Active
2026/09/03 21:19:30.313, 519 MiB, 46, 11.95 W, 22 MHz, 405 MHz, Not Active, Not Active, Not Active, Not Active, Not Active
2026/09/03 21:19:30.513, 519 MiB, 46, 11.95 W, 22 MHz, 405 MHz, Not Active, Not Active, Not Active, Not Active, Not Active
2026/09/03 21:19:30.714, 519 MiB, 46, 11.95 W, 22 MHz, 405 MHz, Not Active, Not Active, Not Active, Not Active, Not Active
2026/09/03 21:19:30.914, 519 MiB, 46, 11.95 W, 22 MHz, 405 MHz, Not Active, Not Active, Not Active, Not Active, Not Active
2026/09/03 21:19:31.114, 519 MiB, 46, 11.89 W, 22 MHz, 405 MHz, Not Active, Not Active, Not Active, Not Active, Not Active
2026/09/03 21:19:31.315, 519 MiB, 46, 11.89 W, 22 MHz, 405 MHz, Not Active, Not Active, Not Active, Not Active, Not Active
2026/09/03 21:19:31.515, 519 MiB, 46, 12.44 W, 22 MHz, 405 MHz, Not Active, Not Active, Not Active, Not Active, Not Active
2026/09/03 21:19:31.715, 519 MiB, 46, 12.44 W, 22 MHz, 405 MHz, Not Active, Not Active, Not Active, Not Active, Not Active
2026/09/03 21:19:31.916, 519 MiB, 46, 12.44 W, 22 MHz, 405 MHz, Not Active, Not Active, Not Active, Not Active, Not Active
2026/09/03 21:19:32.116, 519 MiB, 46, 13.43 W, 22 MHz, 405 MHz, Not Active, Not Active, Not Active, Not Active, Not Active
2026/09/03 21:19:32.316, 519 MiB, 46, 13.43 W, 22 MHz, 405 MHz, Not Active, Not Active, Not Active, Not Active, Not Active
2026/09/03 21:19:32.516, 519 MiB, 46, 13.43 W, 22 MHz, 405 MHz, Not Active, Not Active, Not Active, Not Active, Not Active
2026/09/03 21:19:32.717, 519 MiB, 46, 13.43 W, 22 MHz, 405 MHz, Not Active, Not Active, Not Active, Not Active, Not Active
2026/09/03 21:19:32.917, 519 MiB, 46, 13.43 W, 22 MHz, 405 MHz, Not Active, Not Active, Not Active, Not Active, Not Active
2026/09/03 21:19:33.117, 519 MiB, 46, 11.64 W, 22 MHz, 405 MHz, Not Active, Not Active, Not Active, Not Active, Not Active
2026/09/03 21:19:33.318, 519 MiB, 46, 11.64 W, 22 MHz, 405 MHz, Not Active, Not Active, Not Active, Not Active, Not Active
2026/09/03 21:19:33.518, 519 MiB, 46, 11.64 W, 22 MHz, 405 MHz, Not Active, Not Active, Not Active, Not Active, Not Active
2026/09/03 21:19:33.718, 519 MiB, 46, 11.64 W, 22 MHz, 405 MHz, Not Active, Not Active, Not Active, Not Active, Not Active
2026/09/03 21:19:33.918, 519 MiB, 46, 11.64 W, 22 MHz, 405 MHz, Not Active, Not Active, Not Active, Not Active, Not Active
2026/09/03 21:19:34.118, 519 MiB, 46, 11.69 W, 22 MHz, 405 MHz, Not Active, Not Active, Not Active, Not Active, Not Active
2026/09/03 21:19:34.319, 519 MiB, 46, 11.69 W, 22 MHz, 405 MHz, Not Active, Not Active, Not Active, Not Active, Not Active
2026/09/03 21:19:34.519, 519 MiB, 46, 11.69 W, 21 MHz, 405 MHz, Not Active, Not Active, Not Active, Not Active, Not Active
2026/09/03 21:19:34.719, 519 MiB, 46, 11.69 W, 21 MHz, 405 MHz, Not Active, Not Active, Not Active, Not Active, Not Active
2026/09/03 21:19:34.919, 519 MiB, 46, 11.69 W, 21 MHz, 405 MHz, Not Active, Not Active, Not Active, Not Active, Not Active
2026/09/03 21:19:35.120, 519 MiB, 46, 12.07 W, 21 MHz, 405 MHz, Not Active, Not Active, Not Active, Not Active, Not Active
2026/09/03 21:19:35.320, 519 MiB, 46, 12.07 W, 21 MHz, 405 MHz, Not Active, Not Active, Not Active, Not Active, Not Active
2026/09/03 21:19:35.520, 519 MiB, 46, 12.07 W, 22 MHz, 405 MHz, Not Active, Not Active, Not Active, Not Active, Not Active
2026/09/03 21:19:35.720, 519 MiB, 46, 12.07 W, 22 MHz, 405 MHz, Not Active, Not Active, Not Active, Not Active, Not Active
2026/09/03 21:19:35.921, 519 MiB, 46, 12.07 W, 22 MHz, 405 MHz, Not Active, Not Active, Not Active, Not Active, Not Active
2026/09/03 21:19:36.121, 519 MiB, 46, 12.00 W, 22 MHz, 405 MHz, Not Active, Not Active, Not Active, Not Active, Not Active
2026/09/03 21:19:36.321, 519 MiB, 46, 12.00 W, 22 MHz, 405 MHz, Not Active, Not Active, Not Active, Not Active, Not Active
2026/09/03 21:19:36.521, 519 MiB, 46, 12.00 W, 22 MHz, 405 MHz, Not Active, Not Active, Not Active, Not Active, Not Active
2026/09/03 21:19:36.722, 519 MiB, 46, 12.00 W, 22 MHz, 405 MHz, Not Active, Not Active, Not Active, Not Active, Not Active
2026/09/03 21:19:36.922, 519 MiB, 46, 12.00 W, 22 MHz, 405 MHz, Not Active, Not Active, Not Active, Not Active, Not Active
2026/09/03 21:19:37.122, 519 MiB, 46, 11.98 W, 22 MHz, 405 MHz, Not Active, Not Active, Not Active, Not Active, Not Active
2026/09/03 21:19:37.323, 519 MiB, 46, 11.98 W, 22 MHz, 405 MHz, Not Active, Not Active, Not Active, Not Active, Not Active
2026/09/03 21:19:37.523, 519 MiB, 46, 11.98 W, 22 MHz, 405 MHz, Not Active, Not Active, Not Active, Not Active, Not Active
2026/09/03 21:19:37.723, 519 MiB, 46, 11.98 W, 22 MHz, 405 MHz, Not Active, Not Active, Not Active, Not Active, Not Active
2026/09/03 21:19:37.923, 519 MiB, 46, 11.98 W, 22 MHz, 405 MHz, Not Active, Not Active, Not Active, Not Active, Not Active
2026/09/03 21:19:38.124, 519 MiB, 46, 11.99 W, 22 MHz, 405 MHz, Not Active, Not Active, Not Active, Not Active, Not Active
2026/09/03 21:19:38.324, 519 MiB, 46, 11.99 W, 22 MHz, 405 MHz, Not Active, Not Active, Not Active, Not Active, Not Active
2026/09/03 21:19:38.524, 519 MiB, 46, 12.57 W, 24 MHz, 405 MHz, Not Active, Not Active, Not Active, Not Active, Not Active
2026/09/03 21:19:38.724, 519 MiB, 46, 12.57 W, 24 MHz, 405 MHz, Not Active, Not Active, Not Active, Not Active, Not Active
2026/09/03 21:19:38.925, 519 MiB, 46, 12.57 W, 24 MHz, 405 MHz, Not Active, Not Active, Not Active, Not Active, Not Active
2026/09/03 21:19:39.125, 519 MiB, 46, 12.98 W, 22 MHz, 405 MHz, Not Active, Not Active, Not Active, Not Active, Not Active
2026/09/03 21:19:39.325, 519 MiB, 46, 12.98 W, 22 MHz, 405 MHz, Not Active, Not Active, Not Active, Not Active, Not Active
2026/09/03 21:19:39.525, 519 MiB, 46, 14.02 W, 22 MHz, 405 MHz, Not Active, Not Active, Not Active, Not Active, Not Active
2026/09/03 21:19:39.726, 519 MiB, 46, 14.02 W, 22 MHz, 405 MHz, Not Active, Not Active, Not Active, Not Active, Not Active
2026/09/03 21:19:39.926, 519 MiB, 46, 14.02 W, 22 MHz, 405 MHz, Not Active, Not Active, Not Active, Not Active, Not Active
2026/09/03 21:19:40.126, 519 MiB, 46, 14.02 W, 22 MHz, 405 MHz, Not Active, Not Active, Not Active, Not Active, Not Active
2026/09/03 21:19:40.327, 519 MiB, 46, 14.02 W, 22 MHz, 405 MHz, Not Active, Not Active, Not Active, Not Active, Not Active
2026/09/03 21:19:40.527, 519 MiB, 45, 11.98 W, 22 MHz, 405 MHz, Not Active, Not Active, Not Active, Not Active, Not Active
2026/09/03 21:19:40.727, 519 MiB, 45, 11.98 W, 22 MHz, 405 MHz, Not Active, Not Active, Not Active, Not Active, Not Active
2026/09/03 21:19:40.927, 519 MiB, 45, 11.98 W, 22 MHz, 405 MHz, Not Active, Not Active, Not Active, Not Active, Not Active
2026/09/03 21:19:41.128, 519 MiB, 45, 11.98 W, 22 MHz, 405 MHz, Not Active, Not Active, Not Active, Not Active, Not Active
2026/09/03 21:19:41.328, 519 MiB, 45, 11.98 W, 22 MHz, 405 MHz, Not Active, Not Active, Not Active, Not Active, Not Active
2026/09/03 21:19:41.528, 519 MiB, 46, 11.71 W, 22 MHz, 405 MHz, Not Active, Not Active, Not Active, Not Active, Not Active
2026/09/03 21:19:41.728, 519 MiB, 46, 11.71 W, 22 MHz, 405 MHz, Not Active, Not Active, Not Active, Not Active, Not Active
2026/09/03 21:19:41.929, 519 MiB, 46, 11.71 W, 22 MHz, 405 MHz, Not Active, Not Active, Not Active, Not Active, Not Active
2026/09/03 21:19:42.129, 519 MiB, 46, 11.71 W, 22 MHz, 405 MHz, Not Active, Not Active, Not Active, Not Active, Not Active
2026/09/03 21:19:42.329, 519 MiB, 46, 11.71 W, 22 MHz, 405 MHz, Not Active, Not Active, Not Active, Not Active, Not Active
2026/09/03 21:19:42.530, 519 MiB, 45, 11.66 W, 22 MHz, 405 MHz, Not Active, Not Active, Not Active, Not Active, Not Active
2026/09/03 21:19:42.730, 519 MiB, 45, 11.66 W, 22 MHz, 405 MHz, Not Active, Not Active, Not Active, Not Active, Not Active
2026/09/03 21:19:42.930, 519 MiB, 45, 11.66 W, 22 MHz, 405 MHz, Not Active, Not Active, Not Active, Not Active, Not Active
2026/09/03 21:19:43.130, 519 MiB, 45, 11.66 W, 22 MHz, 405 MHz, Not Active, Not Active, Not Active, Not Active, Not Active
2026/09/03 21:19:43.331, 519 MiB, 45, 11.66 W, 22 MHz, 405 MHz, Not Active, Not Active, Not Active, Not Active, Not Active
2026/09/03 21:19:43.531, 519 MiB, 45, 11.67 W, 22 MHz, 405 MHz, Not Active, Not Active, Not Active, Not Active, Not Active
2026/09/03 21:19:43.731, 519 MiB, 45, 11.67 W, 22 MHz, 405 MHz, Not Active, Not Active, Not Active, Not Active, Not Active
2026/09/03 21:19:43.931, 519 MiB, 45, 11.67 W, 22 MHz, 405 MHz, Not Active, Not Active, Not Active, Not Active, Not Active
2026/09/03 21:19:44.132, 519 MiB, 45, 11.67 W, 22 MHz, 405 MHz, Not Active, Not Active, Not Active, Not Active, Not Active
2026/09/03 21:19:44.332, 519 MiB, 45, 11.67 W, 22 MHz, 405 MHz, Not Active, Not Active, Not Active, Not Active, Not Active
2026/09/03 21:19:44.532, 519 MiB, 45, 11.79 W, 22 MHz, 405 MHz, Not Active, Not Active, Not Active, Not Active, Not Active
2026/09/03 21:19:44.733, 519 MiB, 45, 11.79 W, 22 MHz, 405 MHz, Not Active, Not Active, Not Active, Not Active, Not Active
2026/09/03 21:19:44.933, 519 MiB, 45, 11.79 W, 22 MHz, 405 MHz, Not Active, Not Active, Not Active, Not Active, Not Active
2026/09/03 21:19:45.133, 519 MiB, 45, 11.79 W, 22 MHz, 405 MHz, Not Active, Not Active, Not Active, Not Active, Not Active
2026/09/03 21:19:45.334, 519 MiB, 45, 11.79 W, 22 MHz, 405 MHz, Not Active, Not Active, Not Active, Not Active, Not Active
2026/09/03 21:19:45.534, 519 MiB, 45, 12.17 W, 22 MHz, 405 MHz, Not Active, Not Active, Not Active, Not Active, Not Active
2026/09/03 21:19:45.734, 519 MiB, 45, 12.17 W, 22 MHz, 405 MHz, Not Active, Not Active, Not Active, Not Active, Not Active
2026/09/03 21:19:45.934, 519 MiB, 45, 12.17 W, 22 MHz, 405 MHz, Not Active, Not Active, Not Active, Not Active, Not Active
2026/09/03 21:19:46.135, 519 MiB, 45, 12.76 W, 22 MHz, 405 MHz, Not Active, Not Active, Not Active, Not Active, Not Active
2026/09/03 21:19:46.335, 519 MiB, 45, 12.76 W, 22 MHz, 405 MHz, Not Active, Not Active, Not Active, Not Active, Not Active
2026/09/03 21:19:46.535, 519 MiB, 45, 13.82 W, 22 MHz, 405 MHz, Not Active, Not Active, Not Active, Not Active, Not Active
2026/09/03 21:19:46.735, 519 MiB, 45, 13.82 W, 22 MHz, 405 MHz, Not Active, Not Active, Not Active, Not Active, Not Active
2026/09/03 21:19:46.936, 519 MiB, 45, 13.82 W, 22 MHz, 405 MHz, Not Active, Not Active, Not Active, Not Active, Not Active
2026/09/03 21:19:47.136, 519 MiB, 45, 13.82 W, 22 MHz, 405 MHz, Not Active, Not Active, Not Active, Not Active, Not Active
2026/09/03 21:19:47.336, 519 MiB, 45, 13.82 W, 22 MHz, 405 MHz, Not Active, Not Active, Not Active, Not Active, Not Active
2026/09/03 21:19:47.537, 519 MiB, 45, 12.10 W, 22 MHz, 405 MHz, Not Active, Not Active, Not Active, Not Active, Not Active
2026/09/03 21:19:47.737, 519 MiB, 45, 12.10 W, 22 MHz, 405 MHz, Not Active, Not Active, Not Active, Not Active, Not Active
2026/09/03 21:19:47.937, 519 MiB, 45, 12.10 W, 22 MHz, 405 MHz, Not Active, Not Active, Not Active, Not Active, Not Active
2026/09/03 21:19:48.138, 519 MiB, 45, 12.10 W, 22 MHz, 405 MHz, Not Active, Not Active, Not Active, Not Active, Not Active
2026/09/03 21:19:48.338, 519 MiB, 45, 12.10 W, 22 MHz, 405 MHz, Not Active, Not Active, Not Active, Not Active, Not Active
2026/09/03 21:19:48.538, 519 MiB, 45, 11.83 W, 22 MHz, 405 MHz, Not Active, Not Active, Not Active, Not Active, Not Active
2026/09/03 21:19:48.738, 519 MiB, 45, 11.83 W, 22 MHz, 405 MHz, Not Active, Not Active, Not Active, Not Active, Not Active
2026/09/03 21:19:48.939, 519 MiB, 45, 11.83 W, 22 MHz, 405 MHz, Not Active, Not Active, Not Active, Not Active, Not Active
2026/09/03 21:19:49.139, 519 MiB, 45, 11.83 W, 22 MHz, 405 MHz, Not Active, Not Active, Not Active, Not Active, Not Active
2026/09/03 21:19:49.339, 519 MiB, 45, 11.83 W, 22 MHz, 405 MHz, Not Active, Not Active, Not Active, Not Active, Not Active
2026/09/03 21:19:49.540, 519 MiB, 45, 11.64 W, 22 MHz, 405 MHz, Not Active, Not Active, Not Active, Not Active, Not Active
2026/09/03 21:19:49.740, 519 MiB, 45, 11.64 W, 22 MHz, 405 MHz, Not Active, Not Active, Not Active, Not Active, Not Active
2026/09/03 21:19:49.940, 519 MiB, 45, 11.64 W, 22 MHz, 405 MHz, Not Active, Not Active, Not Active, Not Active, Not Active
2026/09/03 21:19:50.140, 519 MiB, 45, 11.64 W, 22 MHz, 405 MHz, Not Active, Not Active, Not Active, Not Active, Not Active
2026/09/03 21:19:50.341, 519 MiB, 45, 11.64 W, 22 MHz, 405 MHz, Not Active, Not Active, Not Active, Not Active, Not Active
2026/09/03 21:19:50.541, 519 MiB, 45, 11.64 W, 22 MHz, 405 MHz, Not Active, Not Active, Not Active, Not Active, Not Active
2026/09/03 21:19:50.741, 519 MiB, 45, 11.64 W, 22 MHz, 405 MHz, Not Active, Not Active, Not Active, Not Active, Not Active
2026/09/03 21:19:50.941, 519 MiB, 45, 11.64 W, 22 MHz, 405 MHz, Not Active, Not Active, Not Active, Not Active, Not Active
2026/09/03 21:19:51.142, 519 MiB, 45, 11.64 W, 22 MHz, 405 MHz, Not Active, Not Active, Not Active, Not Active, Not Active
2026/09/03 21:19:51.342, 519 MiB, 45, 11.64 W, 22 MHz, 405 MHz, Not Active, Not Active, Not Active, Not Active, Not Active
2026/09/03 21:19:51.542, 519 MiB, 45, 11.86 W, 22 MHz, 405 MHz, Not Active, Not Active, Not Active, Not Active, Not Active
2026/09/03 21:19:51.743, 519 MiB, 45, 11.86 W, 22 MHz, 405 MHz, Not Active, Not Active, Not Active, Not Active, Not Active
2026/09/03 21:19:51.943, 519 MiB, 45, 11.86 W, 22 MHz, 405 MHz, Not Active, Not Active, Not Active, Not Active, Not Active
2026/09/03 21:19:52.143, 519 MiB, 45, 11.86 W, 22 MHz, 405 MHz, Not Active, Not Active, Not Active, Not Active, Not Active
2026/09/03 21:19:52.343, 519 MiB, 45, 11.86 W, 22 MHz, 405 MHz, Not Active, Not Active, Not Active, Not Active, Not Active
2026/09/03 21:19:52.544, 519 MiB, 45, 11.80 W, 22 MHz, 405 MHz, Not Active, Not Active, Not Active, Not Active, Not Active
2026/09/03 21:19:52.744, 519 MiB, 45, 11.80 W, 22 MHz, 405 MHz, Not Active, Not Active, Not Active, Not Active, Not Active
2026/09/03 21:19:52.944, 519 MiB, 45, 11.80 W, 22 MHz, 405 MHz, Not Active, Not Active, Not Active, Not Active, Not Active
2026/09/03 21:19:53.145, 519 MiB, 45, 12.46 W, 22 MHz, 405 MHz, Not Active, Not Active, Not Active, Not Active, Not Active
2026/09/03 21:19:53.345, 519 MiB, 45, 12.46 W, 22 MHz, 405 MHz, Not Active, Not Active, Not Active, Not Active, Not Active
2026/09/03 21:19:53.545, 519 MiB, 45, 13.65 W, 22 MHz, 405 MHz, Not Active, Not Active, Not Active, Not Active, Not Active
2026/09/03 21:19:53.745, 519 MiB, 45, 13.65 W, 22 MHz, 405 MHz, Not Active, Not Active, Not Active, Not Active, Not Active
2026/09/03 21:19:53.946, 519 MiB, 45, 13.65 W, 22 MHz, 405 MHz, Not Active, Not Active, Not Active, Not Active, Not Active
2026/09/03 21:19:54.146, 519 MiB, 45, 13.65 W, 22 MHz, 405 MHz, Not Active, Not Active, Not Active, Not Active, Not Active
2026/09/03 21:19:54.347, 519 MiB, 45, 13.65 W, 22 MHz, 405 MHz, Not Active, Not Active, Not Active, Not Active, Not Active
2026/09/03 21:19:54.547, 519 MiB, 45, 11.72 W, 22 MHz, 405 MHz, Not Active, Not Active, Not Active, Not Active, Not Active
2026/09/03 21:19:54.747, 519 MiB, 45, 11.72 W, 22 MHz, 405 MHz, Not Active, Not Active, Not Active, Not Active, Not Active
2026/09/03 21:19:54.947, 519 MiB, 45, 11.72 W, 22 MHz, 405 MHz, Not Active, Not Active, Not Active, Not Active, Not Active
2026/09/03 21:19:55.147, 519 MiB, 45, 11.72 W, 22 MHz, 405 MHz, Not Active, Not Active, Not Active, Not Active, Not Active
2026/09/03 21:19:55.348, 519 MiB, 45, 11.72 W, 22 MHz, 405 MHz, Not Active, Not Active, Not Active, Not Active, Not Active
2026/09/03 21:19:55.548, 519 MiB, 45, 11.79 W, 22 MHz, 405 MHz, Not Active, Not Active, Not Active, Not Active, Not Active
2026/09/03 21:19:55.748, 519 MiB, 45, 11.79 W, 22 MHz, 405 MHz, Not Active, Not Active, Not Active, Not Active, Not Active
2026/09/03 21:19:55.949, 519 MiB, 45, 11.79 W, 22 MHz, 405 MHz, Not Active, Not Active, Not Active, Not Active, Not Active
2026/09/03 21:19:56.149, 519 MiB, 45, 11.79 W, 22 MHz, 405 MHz, Not Active, Not Active, Not Active, Not Active, Not Active
2026/09/03 21:19:56.349, 519 MiB, 45, 11.79 W, 22 MHz, 405 MHz, Not Active, Not Active, Not Active, Not Active, Not Active
2026/09/03 21:19:56.549, 519 MiB, 45, 11.86 W, 22 MHz, 405 MHz, Not Active, Not Active, Not Active, Not Active, Not Active
2026/09/03 21:19:56.750, 519 MiB, 45, 11.86 W, 22 MHz, 405 MHz, Not Active, Not Active, Not Active, Not Active, Not Active
2026/09/03 21:19:56.950, 519 MiB, 45, 11.86 W, 22 MHz, 405 MHz, Not Active, Not Active, Not Active, Not Active, Not Active
2026/09/03 21:19:57.150, 519 MiB, 45, 11.86 W, 22 MHz, 405 MHz, Not Active, Not Active, Not Active, Not Active, Not Active
2026/09/03 21:19:57.350, 519 MiB, 45, 11.86 W, 22 MHz, 405 MHz, Not Active, Not Active, Not Active, Not Active, Not Active
2026/09/03 21:19:57.551, 519 MiB, 45, 11.93 W, 22 MHz, 405 MHz, Not Active, Not Active, Not Active, Not Active, Not Active
2026/09/03 21:19:57.751, 519 MiB, 45, 11.93 W, 22 MHz, 405 MHz, Not Active, Not Active, Not Active, Not Active, Not Active
2026/09/03 21:19:57.951, 519 MiB, 45, 11.93 W, 22 MHz, 405 MHz, Not Active, Not Active, Not Active, Not Active, Not Active
2026/09/03 21:19:58.152, 519 MiB, 45, 11.93 W, 22 MHz, 405 MHz, Not Active, Not Active, Not Active, Not Active, Not Active
2026/09/03 21:19:58.352, 519 MiB, 45, 11.93 W, 22 MHz, 405 MHz, Not Active, Not Active, Not Active, Not Active, Not Active
2026/09/03 21:19:58.552, 519 MiB, 45, 11.78 W, 22 MHz, 405 MHz, Not Active, Not Active, Not Active, Not Active, Not Active
2026/09/03 21:19:58.752, 519 MiB, 45, 11.78 W, 22 MHz, 405 MHz, Not Active, Not Active, Not Active, Not Active, Not Active
2026/09/03 21:19:58.953, 519 MiB, 45, 11.78 W, 22 MHz, 405 MHz, Not Active, Not Active, Not Active, Not Active, Not Active
2026/09/03 21:19:59.153, 519 MiB, 45, 11.78 W, 22 MHz, 405 MHz, Not Active, Not Active, Not Active, Not Active, Not Active
2026/09/03 21:19:59.353, 519 MiB, 45, 11.78 W, 22 MHz, 405 MHz, Not Active, Not Active, Not Active, Not Active, Not Active
2026/09/03 21:19:59.554, 519 MiB, 45, 11.85 W, 22 MHz, 405 MHz, Not Active, Not Active, Not Active, Not Active, Not Active
2026/09/03 21:19:59.754, 519 MiB, 45, 11.85 W, 22 MHz, 405 MHz, Not Active, Not Active, Not Active, Not Active, Not Active
2026/09/03 21:19:59.954, 519 MiB, 45, 11.85 W, 22 MHz, 405 MHz, Not Active, Not Active, Not Active, Not Active, Not Active
2026/09/03 21:20:00.155, 519 MiB, 45, 12.33 W, 24 MHz, 405 MHz, Not Active, Not Active, Not Active, Not Active, Not Active
2026/09/03 21:20:00.355, 519 MiB, 45, 12.33 W, 24 MHz, 405 MHz, Not Active, Not Active, Not Active, Not Active, Not Active
2026/09/03 21:20:00.555, 519 MiB, 45, 12.66 W, 22 MHz, 405 MHz, Not Active, Not Active, Not Active, Not Active, Not Active
2026/09/03 21:20:00.755, 519 MiB, 45, 12.66 W, 22 MHz, 405 MHz, Not Active, Not Active, Not Active, Not Active, Not Active
2026/09/03 21:20:00.955, 519 MiB, 45, 12.66 W, 22 MHz, 405 MHz, Not Active, Not Active, Not Active, Not Active, Not Active
2026/09/03 21:20:01.156, 519 MiB, 45, 13.47 W, 22 MHz, 405 MHz, Not Active, Not Active, Not Active, Not Active, Not Active
2026/09/03 21:20:01.356, 519 MiB, 45, 13.47 W, 22 MHz, 405 MHz, Not Active, Not Active, Not Active, Not Active, Not Active
2026/09/03 21:20:01.556, 519 MiB, 45, 13.47 W, 22 MHz, 405 MHz, Not Active, Not Active, Not Active, Not Active, Not Active
2026/09/03 21:20:01.757, 519 MiB, 45, 13.47 W, 22 MHz, 405 MHz, Not Active, Not Active, Not Active, Not Active, Not Active
2026/09/03 21:20:01.957, 519 MiB, 45, 13.47 W, 22 MHz, 405 MHz, Not Active, Not Active, Not Active, Not Active, Not Active
2026/09/03 21:20:02.157, 519 MiB, 45, 12.18 W, 22 MHz, 405 MHz, Not Active, Not Active, Not Active, Not Active, Not Active
2026/09/03 21:20:02.357, 519 MiB, 45, 12.18 W, 22 MHz, 405 MHz, Not Active, Not Active, Not Active, Not Active, Not Active
2026/09/03 21:20:02.557, 519 MiB, 45, 12.18 W, 22 MHz, 405 MHz, Not Active, Not Active, Not Active, Not Active, Not Active
2026/09/03 21:20:02.758, 519 MiB, 45, 12.18 W, 22 MHz, 405 MHz, Not Active, Not Active, Not Active, Not Active, Not Active
2026/09/03 21:20:02.958, 519 MiB, 45, 12.18 W, 22 MHz, 405 MHz, Not Active, Not Active, Not Active, Not Active, Not Active
2026/09/03 21:20:03.158, 519 MiB, 45, 12.04 W, 22 MHz, 405 MHz, Not Active, Not Active, Not Active, Not Active, Not Active
2026/09/03 21:20:03.358, 519 MiB, 45, 12.04 W, 22 MHz, 405 MHz, Not Active, Not Active, Not Active, Not Active, Not Active
2026/09/03 21:20:03.559, 519 MiB, 45, 12.04 W, 22 MHz, 405 MHz, Not Active, Not Active, Not Active, Not Active, Not Active
2026/09/03 21:20:03.759, 519 MiB, 45, 12.04 W, 22 MHz, 405 MHz, Not Active, Not Active, Not Active, Not Active, Not Active
2026/09/03 21:20:03.959, 519 MiB, 45, 12.04 W, 22 MHz, 405 MHz, Not Active, Not Active, Not Active, Not Active, Not Active
2026/09/03 21:20:04.159, 519 MiB, 45, 12.07 W, 22 MHz, 405 MHz, Not Active, Not Active, Not Active, Not Active, Not Active
2026/09/03 21:20:04.360, 519 MiB, 45, 12.07 W, 22 MHz, 405 MHz, Not Active, Not Active, Not Active, Not Active, Not Active
2026/09/03 21:20:04.560, 519 MiB, 45, 12.07 W, 22 MHz, 405 MHz, Not Active, Not Active, Not Active, Not Active, Not Active
2026/09/03 21:20:04.761, 519 MiB, 45, 12.07 W, 22 MHz, 405 MHz, Not Active, Not Active, Not Active, Not Active, Not Active
2026/09/03 21:20:04.961, 519 MiB, 45, 12.07 W, 22 MHz, 405 MHz, Not Active, Not Active, Not Active, Not Active, Not Active
2026/09/03 21:20:05.161, 519 MiB, 45, 12.10 W, 22 MHz, 405 MHz, Not Active, Not Active, Not Active, Not Active, Not Active
2026/09/03 21:20:05.362, 519 MiB, 45, 12.10 W, 22 MHz, 405 MHz, Not Active, Not Active, Not Active, Not Active, Not Active
2026/09/03 21:20:05.562, 519 MiB, 45, 12.10 W, 22 MHz, 405 MHz, Not Active, Not Active, Not Active, Not Active, Not Active
2026/09/03 21:20:05.762, 519 MiB, 45, 12.10 W, 22 MHz, 405 MHz, Not Active, Not Active, Not Active, Not Active, Not Active
2026/09/03 21:20:05.963, 519 MiB, 45, 12.10 W, 22 MHz, 405 MHz, Not Active, Not Active, Not Active, Not Active, Not Active
2026/09/03 21:20:06.163, 519 MiB, 45, 12.12 W, 22 MHz, 405 MHz, Not Active, Not Active, Not Active, Not Active, Not Active
2026/09/03 21:20:06.363, 519 MiB, 45, 12.12 W, 22 MHz, 405 MHz, Not Active, Not Active, Not Active, Not Active, Not Active
2026/09/03 21:20:06.563, 519 MiB, 45, 12.12 W, 22 MHz, 405 MHz, Not Active, Not Active, Not Active, Not Active, Not Active
2026/09/03 21:20:06.764, 519 MiB, 45, 12.12 W, 22 MHz, 405 MHz, Not Active, Not Active, Not Active, Not Active, Not Active
2026/09/03 21:20:06.964, 519 MiB, 45, 12.12 W, 22 MHz, 405 MHz, Not Active, Not Active, Not Active, Not Active, Not Active
2026/09/03 21:20:07.164, 519 MiB, 45, 12.43 W, 22 MHz, 405 MHz, Not Active, Not Active, Not Active, Not Active, Not Active
2026/09/03 21:20:07.365, 519 MiB, 45, 12.43 W, 22 MHz, 405 MHz, Not Active, Not Active, Not Active, Not Active, Not Active
2026/09/03 21:20:07.565, 519 MiB, 45, 12.85 W, 22 MHz, 405 MHz, Not Active, Not Active, Not Active, Not Active, Not Active
2026/09/03 21:20:07.765, 519 MiB, 45, 12.85 W, 22 MHz, 405 MHz, Not Active, Not Active, Not Active, Not Active, Not Active
2026/09/03 21:20:07.965, 519 MiB, 45, 12.85 W, 22 MHz, 405 MHz, Not Active, Not Active, Not Active, Not Active, Not Active
2026/09/03 21:20:08.166, 519 MiB, 45, 13.80 W, 22 MHz, 405 MHz, Not Active, Not Active, Not Active, Not Active, Not Active
2026/09/03 21:20:08.366, 519 MiB, 45, 13.80 W, 22 MHz, 405 MHz, Not Active, Not Active, Not Active, Not Active, Not Active
2026/09/03 21:20:08.566, 519 MiB, 45, 13.80 W, 22 MHz, 405 MHz, Not Active, Not Active, Not Active, Not Active, Not Active
2026/09/03 21:20:08.767, 519 MiB, 45, 13.80 W, 22 MHz, 405 MHz, Not Active, Not Active, Not Active, Not Active, Not Active
2026/09/03 21:20:08.967, 519 MiB, 45, 13.80 W, 22 MHz, 405 MHz, Not Active, Not Active, Not Active, Not Active, Not Active
2026/09/03 21:20:09.167, 519 MiB, 45, 12.02 W, 22 MHz, 405 MHz, Not Active, Not Active, Not Active, Not Active, Not Active
2026/09/03 21:20:09.368, 519 MiB, 45, 12.02 W, 22 MHz, 405 MHz, Not Active, Not Active, Not Active, Not Active, Not Active
2026/09/03 21:20:09.568, 519 MiB, 45, 12.02 W, 22 MHz, 405 MHz, Not Active, Not Active, Not Active, Not Active, Not Active
2026/09/03 21:20:09.768, 519 MiB, 45, 12.02 W, 22 MHz, 405 MHz, Not Active, Not Active, Not Active, Not Active, Not Active
2026/09/03 21:20:09.968, 519 MiB, 45, 12.02 W, 22 MHz, 405 MHz, Not Active, Not Active, Not Active, Not Active, Not Active
2026/09/03 21:20:10.169, 519 MiB, 45, 12.05 W, 22 MHz, 405 MHz, Not Active, Not Active, Not Active, Not Active, Not Active
2026/09/03 21:20:10.369, 519 MiB, 45, 12.05 W, 22 MHz, 405 MHz, Not Active, Not Active, Not Active, Not Active, Not Active
2026/09/03 21:20:10.569, 519 MiB, 45, 12.05 W, 22 MHz, 405 MHz, Not Active, Not Active, Not Active, Not Active, Not Active
2026/09/03 21:20:10.770, 519 MiB, 45, 12.05 W, 22 MHz, 405 MHz, Not Active, Not Active, Not Active, Not Active, Not Active
2026/09/03 21:20:10.970, 519 MiB, 45, 12.05 W, 22 MHz, 405 MHz, Not Active, Not Active, Not Active, Not Active, Not Active
2026/09/03 21:20:11.170, 519 MiB, 45, 12.09 W, 22 MHz, 405 MHz, Not Active, Not Active, Not Active, Not Active, Not Active
2026/09/03 21:20:11.370, 519 MiB, 45, 12.09 W, 22 MHz, 405 MHz, Not Active, Not Active, Not Active, Not Active, Not Active
2026/09/03 21:20:11.571, 519 MiB, 45, 12.09 W, 22 MHz, 405 MHz, Not Active, Not Active, Not Active, Not Active, Not Active
2026/09/03 21:20:11.771, 519 MiB, 45, 12.09 W, 22 MHz, 405 MHz, Not Active, Not Active, Not Active, Not Active, Not Active
2026/09/03 21:20:11.971, 519 MiB, 45, 12.09 W, 22 MHz, 405 MHz, Not Active, Not Active, Not Active, Not Active, Not Active
2026/09/03 21:20:12.171, 519 MiB, 45, 12.04 W, 22 MHz, 405 MHz, Not Active, Not Active, Not Active, Not Active, Not Active
2026/09/03 21:20:12.372, 519 MiB, 45, 12.04 W, 22 MHz, 405 MHz, Not Active, Not Active, Not Active, Not Active, Not Active
2026/09/03 21:20:12.572, 519 MiB, 45, 12.04 W, 22 MHz, 405 MHz, Not Active, Not Active, Not Active, Not Active, Not Active
2026/09/03 21:20:12.772, 519 MiB, 45, 12.04 W, 22 MHz, 405 MHz, Not Active, Not Active, Not Active, Not Active, Not Active
2026/09/03 21:20:12.973, 519 MiB, 45, 12.04 W, 22 MHz, 405 MHz, Not Active, Not Active, Not Active, Not Active, Not Active
2026/09/03 21:20:13.173, 519 MiB, 45, 11.96 W, 22 MHz, 405 MHz, Not Active, Not Active, Not Active, Not Active, Not Active
2026/09/03 21:20:13.373, 519 MiB, 45, 11.96 W, 22 MHz, 405 MHz, Not Active, Not Active, Not Active, Not Active, Not Active
2026/09/03 21:20:13.573, 519 MiB, 45, 11.96 W, 22 MHz, 405 MHz, Not Active, Not Active, Not Active, Not Active, Not Active
2026/09/03 21:20:13.774, 519 MiB, 45, 11.96 W, 22 MHz, 405 MHz, Not Active, Not Active, Not Active, Not Active, Not Active
2026/09/03 21:20:13.974, 519 MiB, 45, 11.96 W, 22 MHz, 405 MHz, Not Active, Not Active, Not Active, Not Active, Not Active
2026/09/03 21:20:14.174, 519 MiB, 45, 11.88 W, 22 MHz, 405 MHz, Not Active, Not Active, Not Active, Not Active, Not Active
2026/09/03 21:20:14.375, 519 MiB, 45, 11.88 W, 22 MHz, 405 MHz, Not Active, Not Active, Not Active, Not Active, Not Active
2026/09/03 21:20:14.575, 519 MiB, 45, 12.35 W, 22 MHz, 405 MHz, Not Active, Not Active, Not Active, Not Active, Not Active
2026/09/03 21:20:14.775, 519 MiB, 45, 12.35 W, 22 MHz, 405 MHz, Not Active, Not Active, Not Active, Not Active, Not Active
2026/09/03 21:20:14.975, 519 MiB, 45, 12.35 W, 22 MHz, 405 MHz, Not Active, Not Active, Not Active, Not Active, Not Active
2026/09/03 21:20:15.176, 519 MiB, 45, 13.33 W, 22 MHz, 405 MHz, Not Active, Not Active, Not Active, Not Active, Not Active
2026/09/03 21:20:15.376, 519 MiB, 45, 13.33 W, 22 MHz, 405 MHz, Not Active, Not Active, Not Active, Not Active, Not Active
2026/09/03 21:20:15.576, 519 MiB, 45, 13.33 W, 22 MHz, 405 MHz, Not Active, Not Active, Not Active, Not Active, Not Active
2026/09/03 21:20:15.777, 519 MiB, 45, 13.33 W, 22 MHz, 405 MHz, Not Active, Not Active, Not Active, Not Active, Not Active
2026/09/03 21:20:15.977, 519 MiB, 45, 13.33 W, 22 MHz, 405 MHz, Not Active, Not Active, Not Active, Not Active, Not Active
2026/09/03 21:20:16.177, 519 MiB, 45, 11.82 W, 22 MHz, 405 MHz, Not Active, Not Active, Not Active, Not Active, Not Active
2026/09/03 21:20:16.377, 519 MiB, 45, 11.82 W, 22 MHz, 405 MHz, Not Active, Not Active, Not Active, Not Active, Not Active
2026/09/03 21:20:16.578, 519 MiB, 45, 11.82 W, 22 MHz, 405 MHz, Not Active, Not Active, Not Active, Not Active, Not Active
2026/09/03 21:20:16.778, 519 MiB, 45, 11.82 W, 22 MHz, 405 MHz, Not Active, Not Active, Not Active, Not Active, Not Active
2026/09/03 21:20:16.978, 519 MiB, 45, 11.82 W, 22 MHz, 405 MHz, Not Active, Not Active, Not Active, Not Active, Not Active
2026/09/03 21:20:17.179, 519 MiB, 45, 11.66 W, 22 MHz, 405 MHz, Not Active, Not Active, Not Active, Not Active, Not Active
2026/09/03 21:20:17.379, 519 MiB, 45, 11.66 W, 22 MHz, 405 MHz, Not Active, Not Active, Not Active, Not Active, Not Active
2026/09/03 21:20:17.579, 519 MiB, 45, 11.66 W, 22 MHz, 405 MHz, Not Active, Not Active, Not Active, Not Active, Not Active
2026/09/03 21:20:17.779, 519 MiB, 45, 11.66 W, 22 MHz, 405 MHz, Not Active, Not Active, Not Active, Not Active, Not Active
2026/09/03 21:20:17.980, 519 MiB, 45, 11.66 W, 22 MHz, 405 MHz, Not Active, Not Active, Not Active, Not Active, Not Active
2026/09/03 21:20:18.180, 519 MiB, 45, 11.66 W, 22 MHz, 405 MHz, Not Active, Not Active, Not Active, Not Active, Not Active
2026/09/03 21:20:18.380, 519 MiB, 45, 11.66 W, 22 MHz, 405 MHz, Not Active, Not Active, Not Active, Not Active, Not Active
2026/09/03 21:20:18.580, 519 MiB, 45, 11.66 W, 22 MHz, 405 MHz, Not Active, Not Active, Not Active, Not Active, Not Active
2026/09/03 21:20:18.781, 519 MiB, 45, 11.66 W, 22 MHz, 405 MHz, Not Active, Not Active, Not Active, Not Active, Not Active
2026/09/03 21:20:18.981, 519 MiB, 45, 11.66 W, 22 MHz, 405 MHz, Not Active, Not Active, Not Active, Not Active, Not Active
2026/09/03 21:20:19.181, 519 MiB, 45, 11.62 W, 22 MHz, 405 MHz, Not Active, Not Active, Not Active, Not Active, Not Active
2026/09/03 21:20:19.382, 519 MiB, 45, 11.62 W, 22 MHz, 405 MHz, Not Active, Not Active, Not Active, Not Active, Not Active
2026/09/03 21:20:19.582, 519 MiB, 45, 11.62 W, 22 MHz, 405 MHz, Not Active, Not Active, Not Active, Not Active, Not Active
2026/09/03 21:20:19.782, 519 MiB, 45, 11.62 W, 22 MHz, 405 MHz, Not Active, Not Active, Not Active, Not Active, Not Active
2026/09/03 21:20:19.982, 519 MiB, 45, 11.62 W, 22 MHz, 405 MHz, Not Active, Not Active, Not Active, Not Active, Not Active
2026/09/03 21:20:20.183, 519 MiB, 45, 11.82 W, 22 MHz, 405 MHz, Not Active, Not Active, Not Active, Not Active, Not Active
2026/09/03 21:20:20.383, 519 MiB, 45, 11.82 W, 22 MHz, 405 MHz, Not Active, Not Active, Not Active, Not Active, Not Active
2026/09/03 21:20:20.583, 519 MiB, 45, 11.82 W, 22 MHz, 405 MHz, Not Active, Not Active, Not Active, Not Active, Not Active
2026/09/03 21:20:20.784, 519 MiB, 45, 11.82 W, 22 MHz, 405 MHz, Not Active, Not Active, Not Active, Not Active, Not Active
2026/09/03 21:20:20.984, 519 MiB, 45, 11.82 W, 22 MHz, 405 MHz, Not Active, Not Active, Not Active, Not Active, Not Active
2026/09/03 21:20:21.184, 519 MiB, 45, 11.92 W, 22 MHz, 405 MHz, Not Active, Not Active, Not Active, Not Active, Not Active
2026/09/03 21:20:21.384, 519 MiB, 45, 11.92 W, 22 MHz, 405 MHz, Not Active, Not Active, Not Active, Not Active, Not Active
2026/09/03 21:20:21.585, 519 MiB, 45, 12.36 W, 24 MHz, 405 MHz, Not Active, Not Active, Not Active, Not Active, Not Active
2026/09/03 21:20:21.785, 519 MiB, 45, 12.36 W, 24 MHz, 405 MHz, Not Active, Not Active, Not Active, Not Active, Not Active
2026/09/03 21:20:21.985, 519 MiB, 45, 12.36 W, 24 MHz, 405 MHz, Not Active, Not Active, Not Active, Not Active, Not Active
2026/09/03 21:20:22.185, 519 MiB, 45, 12.78 W, 22 MHz, 405 MHz, Not Active, Not Active, Not Active, Not Active, Not Active
2026/09/03 21:20:22.386, 519 MiB, 45, 12.78 W, 22 MHz, 405 MHz, Not Active, Not Active, Not Active, Not Active, Not Active
2026/09/03 21:20:22.586, 519 MiB, 45, 13.65 W, 22 MHz, 405 MHz, Not Active, Not Active, Not Active, Not Active, Not Active
2026/09/03 21:20:22.786, 519 MiB, 45, 13.65 W, 22 MHz, 405 MHz, Not Active, Not Active, Not Active, Not Active, Not Active
2026/09/03 21:20:22.987, 519 MiB, 45, 13.65 W, 22 MHz, 405 MHz, Not Active, Not Active, Not Active, Not Active, Not Active
2026/09/03 21:20:23.187, 519 MiB, 45, 13.65 W, 22 MHz, 405 MHz, Not Active, Not Active, Not Active, Not Active, Not Active
2026/09/03 21:20:23.387, 519 MiB, 45, 13.65 W, 22 MHz, 405 MHz, Not Active, Not Active, Not Active, Not Active, Not Active
2026/09/03 21:20:23.588, 519 MiB, 45, 11.77 W, 22 MHz, 405 MHz, Not Active, Not Active, Not Active, Not Active, Not Active
2026/09/03 21:20:23.788, 519 MiB, 45, 11.77 W, 22 MHz, 405 MHz, Not Active, Not Active, Not Active, Not Active, Not Active
2026/09/03 21:20:23.988, 519 MiB, 45, 11.77 W, 22 MHz, 405 MHz, Not Active, Not Active, Not Active, Not Active, Not Active
2026/09/03 21:20:24.188, 519 MiB, 45, 11.77 W, 22 MHz, 405 MHz, Not Active, Not Active, Not Active, Not Active, Not Active
2026/09/03 21:20:24.388, 519 MiB, 45, 11.77 W, 22 MHz, 405 MHz, Not Active, Not Active, Not Active, Not Active, Not Active
2026/09/03 21:20:24.589, 519 MiB, 45, 11.76 W, 22 MHz, 405 MHz, Not Active, Not Active, Not Active, Not Active, Not Active
2026/09/03 21:20:24.789, 519 MiB, 45, 11.76 W, 22 MHz, 405 MHz, Not Active, Not Active, Not Active, Not Active, Not Active
2026/09/03 21:20:24.989, 519 MiB, 45, 11.76 W, 22 MHz, 405 MHz, Not Active, Not Active, Not Active, Not Active, Not Active
2026/09/03 21:20:25.190, 519 MiB, 45, 11.76 W, 22 MHz, 405 MHz, Not Active, Not Active, Not Active, Not Active, Not Active
2026/09/03 21:20:25.390, 519 MiB, 45, 11.76 W, 22 MHz, 405 MHz, Not Active, Not Active, Not Active, Not Active, Not Active
2026/09/03 21:20:25.590, 519 MiB, 45, 11.59 W, 22 MHz, 405 MHz, Not Active, Not Active, Not Active, Not Active, Not Active
2026/09/03 21:20:25.790, 519 MiB, 45, 11.59 W, 22 MHz, 405 MHz, Not Active, Not Active, Not Active, Not Active, Not Active
2026/09/03 21:20:25.991, 519 MiB, 45, 11.59 W, 22 MHz, 405 MHz, Not Active, Not Active, Not Active, Not Active, Not Active
2026/09/03 21:20:26.191, 519 MiB, 45, 11.59 W, 22 MHz, 405 MHz, Not Active, Not Active, Not Active, Not Active, Not Active
2026/09/03 21:20:26.391, 519 MiB, 45, 11.59 W, 22 MHz, 405 MHz, Not Active, Not Active, Not Active, Not Active, Not Active
2026/09/03 21:20:26.591, 519 MiB, 45, 11.62 W, 22 MHz, 405 MHz, Not Active, Not Active, Not Active, Not Active, Not Active
2026/09/03 21:20:26.792, 519 MiB, 45, 11.62 W, 22 MHz, 405 MHz, Not Active, Not Active, Not Active, Not Active, Not Active
2026/09/03 21:20:26.992, 519 MiB, 45, 11.62 W, 22 MHz, 405 MHz, Not Active, Not Active, Not Active, Not Active, Not Active
2026/09/03 21:20:27.192, 519 MiB, 45, 11.62 W, 22 MHz, 405 MHz, Not Active, Not Active, Not Active, Not Active, Not Active
2026/09/03 21:20:27.392, 519 MiB, 45, 11.62 W, 22 MHz, 405 MHz, Not Active, Not Active, Not Active, Not Active, Not Active
2026/09/03 21:20:27.593, 519 MiB, 45, 11.65 W, 22 MHz, 405 MHz, Not Active, Not Active, Not Active, Not Active, Not Active
2026/09/03 21:20:27.793, 519 MiB, 45, 11.65 W, 22 MHz, 405 MHz, Not Active, Not Active, Not Active, Not Active, Not Active
2026/09/03 21:20:27.993, 519 MiB, 45, 11.65 W, 22 MHz, 405 MHz, Not Active, Not Active, Not Active, Not Active, Not Active
2026/09/03 21:20:28.194, 519 MiB, 45, 11.65 W, 22 MHz, 405 MHz, Not Active, Not Active, Not Active, Not Active, Not Active
2026/09/03 21:20:28.394, 519 MiB, 45, 11.65 W, 22 MHz, 405 MHz, Not Active, Not Active, Not Active, Not Active, Not Active
2026/09/03 21:20:28.594, 519 MiB, 45, 11.93 W, 22 MHz, 405 MHz, Not Active, Not Active, Not Active, Not Active, Not Active
2026/09/03 21:20:28.794, 519 MiB, 45, 11.93 W, 22 MHz, 405 MHz, Not Active, Not Active, Not Active, Not Active, Not Active
2026/09/03 21:20:28.995, 519 MiB, 45, 11.93 W, 22 MHz, 405 MHz, Not Active, Not Active, Not Active, Not Active, Not Active
2026/09/03 21:20:29.195, 519 MiB, 45, 12.33 W, 22 MHz, 405 MHz, Not Active, Not Active, Not Active, Not Active, Not Active
2026/09/03 21:20:29.395, 519 MiB, 45, 12.33 W, 22 MHz, 405 MHz, Not Active, Not Active, Not Active, Not Active, Not Active
2026/09/03 21:20:29.596, 519 MiB, 45, 13.28 W, 22 MHz, 405 MHz, Not Active, Not Active, Not Active, Not Active, Not Active
2026/09/03 21:20:29.796, 519 MiB, 45, 13.28 W, 22 MHz, 405 MHz, Not Active, Not Active, Not Active, Not Active, Not Active
2026/09/03 21:20:29.996, 519 MiB, 45, 13.28 W, 22 MHz, 405 MHz, Not Active, Not Active, Not Active, Not Active, Not Active
2026/09/03 21:20:30.197, 519 MiB, 45, 13.28 W, 22 MHz, 405 MHz, Not Active, Not Active, Not Active, Not Active, Not Active
2026/09/03 21:20:30.397, 519 MiB, 45, 13.28 W, 22 MHz, 405 MHz, Not Active, Not Active, Not Active, Not Active, Not Active
2026/09/03 21:20:30.597, 519 MiB, 45, 11.69 W, 22 MHz, 405 MHz, Not Active, Not Active, Not Active, Not Active, Not Active
2026/09/03 21:20:30.797, 519 MiB, 45, 11.69 W, 22 MHz, 405 MHz, Not Active, Not Active, Not Active, Not Active, Not Active
2026/09/03 21:20:30.998, 519 MiB, 45, 11.69 W, 22 MHz, 405 MHz, Not Active, Not Active, Not Active, Not Active, Not Active
2026/09/03 21:20:31.198, 519 MiB, 45, 11.69 W, 22 MHz, 405 MHz, Not Active, Not Active, Not Active, Not Active, Not Active
2026/09/03 21:20:31.398, 519 MiB, 45, 11.69 W, 22 MHz, 405 MHz, Not Active, Not Active, Not Active, Not Active, Not Active
2026/09/03 21:20:31.598, 519 MiB, 45, 11.58 W, 22 MHz, 405 MHz, Not Active, Not Active, Not Active, Not Active, Not Active
2026/09/03 21:20:31.799, 519 MiB, 45, 11.58 W, 22 MHz, 405 MHz, Not Active, Not Active, Not Active, Not Active, Not Active
2026/09/03 21:20:31.999, 519 MiB, 45, 11.58 W, 22 MHz, 405 MHz, Not Active, Not Active, Not Active, Not Active, Not Active
2026/09/03 21:20:32.199, 519 MiB, 45, 11.58 W, 22 MHz, 405 MHz, Not Active, Not Active, Not Active, Not Active, Not Active
2026/09/03 21:20:32.400, 519 MiB, 45, 11.58 W, 22 MHz, 405 MHz, Not Active, Not Active, Not Active, Not Active, Not Active
2026/09/03 21:20:32.600, 519 MiB, 45, 11.60 W, 22 MHz, 405 MHz, Not Active, Not Active, Not Active, Not Active, Not Active
2026/09/03 21:20:32.800, 519 MiB, 45, 11.60 W, 22 MHz, 405 MHz, Not Active, Not Active, Not Active, Not Active, Not Active
2026/09/03 21:20:33.001, 521 MiB, 45, 11.60 W, 22 MHz, 405 MHz, Not Active, Not Active, Not Active, Not Active, Not Active
2026/09/03 21:20:33.201, 521 MiB, 45, 13.51 W, 180 MHz, 13801 MHz, Not Active, Not Active, Not Active, Not Active, Not Active
2026/09/03 21:20:33.401, 521 MiB, 45, 13.51 W, 180 MHz, 13801 MHz, Not Active, Not Active, Not Active, Not Active, Not Active
2026/09/03 21:20:33.602, 521 MiB, 46, 34.44 W, 2400 MHz, 13801 MHz, Not Active, Not Active, Not Active, Not Active, Not Active
2026/09/03 21:20:33.802, 521 MiB, 46, 34.44 W, 2400 MHz, 13801 MHz, Not Active, Not Active, Not Active, Not Active, Not Active
2026/09/03 21:20:34.002, 521 MiB, 46, 34.44 W, 2400 MHz, 13801 MHz, Not Active, Not Active, Not Active, Not Active, Not Active
2026/09/03 21:20:34.203, 521 MiB, 46, 55.84 W, 2400 MHz, 13801 MHz, Not Active, Not Active, Not Active, Not Active, Not Active
2026/09/03 21:20:34.403, 521 MiB, 46, 55.84 W, 2400 MHz, 13801 MHz, Not Active, Not Active, Not Active, Not Active, Not Active
2026/09/03 21:20:34.603, 521 MiB, 46, 55.81 W, 2400 MHz, 13801 MHz, Not Active, Not Active, Not Active, Not Active, Not Active
2026/09/03 21:20:34.803, 521 MiB, 46, 55.81 W, 2400 MHz, 13801 MHz, Not Active, Not Active, Not Active, Not Active, Not Active
2026/09/03 21:20:35.004, 521 MiB, 46, 55.77 W, 2400 MHz, 13801 MHz, Not Active, Not Active, Not Active, Not Active, Not Active
2026/09/03 21:20:35.204, 521 MiB, 46, 55.77 W, 2400 MHz, 13801 MHz, Not Active, Not Active, Not Active, Not Active, Not Active
2026/09/03 21:20:35.404, 521 MiB, 46, 55.77 W, 2400 MHz, 13801 MHz, Not Active, Not Active, Not Active, Not Active, Not Active
2026/09/03 21:20:35.604, 521 MiB, 46, 55.72 W, 2400 MHz, 13801 MHz, Not Active, Not Active, Not Active, Not Active, Not Active
2026/09/03 21:20:35.805, 521 MiB, 46, 55.72 W, 2400 MHz, 13801 MHz, Not Active, Not Active, Not Active, Not Active, Not Active
2026/09/03 21:20:36.005, 521 MiB, 46, 55.79 W, 2400 MHz, 13801 MHz, Not Active, Not Active, Not Active, Not Active, Not Active
2026/09/03 21:20:36.205, 521 MiB, 46, 55.79 W, 2400 MHz, 13801 MHz, Not Active, Not Active, Not Active, Not Active, Not Active
2026/09/03 21:20:36.406, 521 MiB, 46, 55.79 W, 2400 MHz, 13801 MHz, Not Active, Not Active, Not Active, Not Active, Not Active
2026/09/03 21:20:36.606, 521 MiB, 46, 55.67 W, 2400 MHz, 13801 MHz, Not Active, Not Active, Not Active, Not Active, Not Active
2026/09/03 21:20:36.806, 521 MiB, 46, 55.67 W, 2400 MHz, 13801 MHz, Not Active, Not Active, Not Active, Not Active, Not Active
2026/09/03 21:20:37.006, 521 MiB, 47, 55.56 W, 2400 MHz, 13801 MHz, Not Active, Not Active, Not Active, Not Active, Not Active
2026/09/03 21:20:37.207, 521 MiB, 47, 55.56 W, 2400 MHz, 13801 MHz, Not Active, Not Active, Not Active, Not Active, Not Active
2026/09/03 21:20:37.407, 521 MiB, 47, 55.56 W, 2400 MHz, 13801 MHz, Not Active, Not Active, Not Active, Not Active, Not Active
2026/09/03 21:20:37.607, 521 MiB, 47, 55.67 W, 2400 MHz, 13801 MHz, Not Active, Not Active, Not Active, Not Active, Not Active
2026/09/03 21:20:37.807, 521 MiB, 47, 55.67 W, 2400 MHz, 13801 MHz, Not Active, Not Active, Not Active, Not Active, Not Active
2026/09/03 21:20:38.008, 521 MiB, 47, 55.81 W, 2400 MHz, 13801 MHz, Not Active, Not Active, Not Active, Not Active, Not Active
2026/09/03 21:20:38.208, 521 MiB, 47, 55.81 W, 2400 MHz, 13801 MHz, Not Active, Not Active, Not Active, Not Active, Not Active
2026/09/03 21:20:38.408, 521 MiB, 47, 55.81 W, 2400 MHz, 13801 MHz, Not Active, Not Active, Not Active, Not Active, Not Active
2026/09/03 21:20:38.608, 521 MiB, 47, 55.89 W, 2400 MHz, 13801 MHz, Not Active, Not Active, Not Active, Not Active, Not Active
2026/09/03 21:20:38.809, 521 MiB, 47, 55.89 W, 2400 MHz, 13801 MHz, Not Active, Not Active, Not Active, Not Active, Not Active
2026/09/03 21:20:39.009, 521 MiB, 47, 55.90 W, 2400 MHz, 13801 MHz, Not Active, Not Active, Not Active, Not Active, Not Active
2026/09/03 21:20:39.209, 521 MiB, 47, 55.90 W, 2400 MHz, 13801 MHz, Not Active, Not Active, Not Active, Not Active, Not Active
2026/09/03 21:20:39.410, 521 MiB, 47, 55.90 W, 2400 MHz, 13801 MHz, Not Active, Not Active, Not Active, Not Active, Not Active
2026/09/03 21:20:39.610, 521 MiB, 47, 55.83 W, 2400 MHz, 13801 MHz, Not Active, Not Active, Not Active, Not Active, Not Active
2026/09/03 21:20:39.810, 521 MiB, 47, 55.83 W, 2400 MHz, 13801 MHz, Not Active, Not Active, Not Active, Not Active, Not Active
2026/09/03 21:20:40.011, 521 MiB, 47, 55.79 W, 2400 MHz, 13801 MHz, Not Active, Not Active, Not Active, Not Active, Not Active
2026/09/03 21:20:40.211, 521 MiB, 47, 55.79 W, 2400 MHz, 13801 MHz, Not Active, Not Active, Not Active, Not Active, Not Active
2026/09/03 21:20:40.411, 521 MiB, 47, 55.79 W, 2400 MHz, 13801 MHz, Not Active, Not Active, Not Active, Not Active, Not Active
2026/09/03 21:20:40.611, 521 MiB, 47, 55.83 W, 2400 MHz, 13801 MHz, Not Active, Not Active, Not Active, Not Active, Not Active
2026/09/03 21:20:40.812, 521 MiB, 47, 55.83 W, 2400 MHz, 13801 MHz, Not Active, Not Active, Not Active, Not Active, Not Active
2026/09/03 21:20:41.012, 521 MiB, 47, 55.73 W, 2400 MHz, 13801 MHz, Not Active, Not Active, Not Active, Not Active, Not Active
2026/09/03 21:20:41.212, 521 MiB, 47, 55.73 W, 2400 MHz, 13801 MHz, Not Active, Not Active, Not Active, Not Active, Not Active
2026/09/03 21:20:41.413, 521 MiB, 47, 55.73 W, 2400 MHz, 13801 MHz, Not Active, Not Active, Not Active, Not Active, Not Active
2026/09/03 21:20:41.613, 521 MiB, 47, 55.67 W, 2400 MHz, 13801 MHz, Not Active, Not Active, Not Active, Not Active, Not Active
2026/09/03 21:20:41.813, 521 MiB, 47, 55.67 W, 2400 MHz, 13801 MHz, Not Active, Not Active, Not Active, Not Active, Not Active
2026/09/03 21:20:42.013, 521 MiB, 47, 55.72 W, 2400 MHz, 13801 MHz, Not Active, Not Active, Not Active, Not Active, Not Active
2026/09/03 21:20:42.214, 521 MiB, 47, 55.72 W, 2400 MHz, 13801 MHz, Not Active, Not Active, Not Active, Not Active, Not Active
2026/09/03 21:20:42.414, 521 MiB, 47, 55.72 W, 2400 MHz, 13801 MHz, Not Active, Not Active, Not Active, Not Active, Not Active
2026/09/03 21:20:42.614, 521 MiB, 47, 55.82 W, 2400 MHz, 13801 MHz, Not Active, Not Active, Not Active, Not Active, Not Active
2026/09/03 21:20:42.815, 521 MiB, 47, 55.82 W, 2400 MHz, 13801 MHz, Not Active, Not Active, Not Active, Not Active, Not Active
2026/09/03 21:20:43.015, 521 MiB, 47, 55.84 W, 2400 MHz, 13801 MHz, Not Active, Not Active, Not Active, Not Active, Not Active
2026/09/03 21:20:43.215, 521 MiB, 47, 55.84 W, 2400 MHz, 13801 MHz, Not Active, Not Active, Not Active, Not Active, Not Active
2026/09/03 21:20:43.415, 521 MiB, 47, 55.84 W, 2400 MHz, 13801 MHz, Not Active, Not Active, Not Active, Not Active, Not Active
2026/09/03 21:20:43.616, 521 MiB, 47, 55.83 W, 2400 MHz, 13801 MHz, Not Active, Not Active, Not Active, Not Active, Not Active
2026/09/03 21:20:43.816, 521 MiB, 47, 55.83 W, 2400 MHz, 13801 MHz, Not Active, Not Active, Not Active, Not Active, Not Active
2026/09/03 21:20:44.016, 521 MiB, 47, 55.80 W, 2400 MHz, 13801 MHz, Not Active, Not Active, Not Active, Not Active, Not Active
2026/09/03 21:20:44.216, 521 MiB, 47, 55.80 W, 2400 MHz, 13801 MHz, Not Active, Not Active, Not Active, Not Active, Not Active
2026/09/03 21:20:44.417, 521 MiB, 47, 55.80 W, 2400 MHz, 13801 MHz, Not Active, Not Active, Not Active, Not Active, Not Active
2026/09/03 21:20:44.617, 521 MiB, 47, 55.90 W, 2400 MHz, 13801 MHz, Not Active, Not Active, Not Active, Not Active, Not Active
2026/09/03 21:20:44.817, 521 MiB, 47, 55.90 W, 2400 MHz, 13801 MHz, Not Active, Not Active, Not Active, Not Active, Not Active
2026/09/03 21:20:45.017, 521 MiB, 47, 56.06 W, 2400 MHz, 13801 MHz, Not Active, Not Active, Not Active, Not Active, Not Active
2026/09/03 21:20:45.218, 521 MiB, 47, 56.06 W, 2400 MHz, 13801 MHz, Not Active, Not Active, Not Active, Not Active, Not Active
2026/09/03 21:20:45.418, 521 MiB, 47, 56.06 W, 2400 MHz, 13801 MHz, Not Active, Not Active, Not Active, Not Active, Not Active
2026/09/03 21:20:45.618, 521 MiB, 47, 56.16 W, 2400 MHz, 13801 MHz, Not Active, Not Active, Not Active, Not Active, Not Active
2026/09/03 21:20:45.819, 521 MiB, 47, 56.16 W, 2400 MHz, 13801 MHz, Not Active, Not Active, Not Active, Not Active, Not Active
2026/09/03 21:20:46.019, 521 MiB, 47, 56.01 W, 2400 MHz, 13801 MHz, Not Active, Not Active, Not Active, Not Active, Not Active
2026/09/03 21:20:46.219, 521 MiB, 47, 56.01 W, 2400 MHz, 13801 MHz, Not Active, Not Active, Not Active, Not Active, Not Active
2026/09/03 21:20:46.419, 521 MiB, 47, 56.01 W, 2400 MHz, 13801 MHz, Not Active, Not Active, Not Active, Not Active, Not Active
2026/09/03 21:20:46.620, 521 MiB, 47, 55.96 W, 2400 MHz, 13801 MHz, Not Active, Not Active, Not Active, Not Active, Not Active
2026/09/03 21:20:46.820, 521 MiB, 47, 55.96 W, 2400 MHz, 13801 MHz, Not Active, Not Active, Not Active, Not Active, Not Active
2026/09/03 21:20:47.020, 521 MiB, 47, 56.01 W, 2400 MHz, 13801 MHz, Not Active, Not Active, Not Active, Not Active, Not Active
2026/09/03 21:20:47.220, 521 MiB, 47, 56.01 W, 2400 MHz, 13801 MHz, Not Active, Not Active, Not Active, Not Active, Not Active
2026/09/03 21:20:47.421, 521 MiB, 47, 56.01 W, 2400 MHz, 13801 MHz, Not Active, Not Active, Not Active, Not Active, Not Active
2026/09/03 21:20:47.621, 521 MiB, 47, 56.02 W, 2400 MHz, 13801 MHz, Not Active, Not Active, Not Active, Not Active, Not Active
2026/09/03 21:20:47.821, 521 MiB, 47, 56.02 W, 2400 MHz, 13801 MHz, Not Active, Not Active, Not Active, Not Active, Not Active
2026/09/03 21:20:48.022, 521 MiB, 47, 56.06 W, 2400 MHz, 13801 MHz, Not Active, Not Active, Not Active, Not Active, Not Active
2026/09/03 21:20:48.222, 521 MiB, 47, 56.06 W, 2400 MHz, 13801 MHz, Not Active, Not Active, Not Active, Not Active, Not Active
2026/09/03 21:20:48.423, 521 MiB, 47, 56.06 W, 2400 MHz, 13801 MHz, Not Active, Not Active, Not Active, Not Active, Not Active
2026/09/03 21:20:48.623, 521 MiB, 47, 56.20 W, 2400 MHz, 13801 MHz, Not Active, Not Active, Not Active, Not Active, Not Active
2026/09/03 21:20:48.823, 521 MiB, 47, 56.20 W, 2400 MHz, 13801 MHz, Not Active, Not Active, Not Active, Not Active, Not Active
2026/09/03 21:20:49.024, 521 MiB, 47, 56.24 W, 2400 MHz, 13801 MHz, Not Active, Not Active, Not Active, Not Active, Not Active
2026/09/03 21:20:49.224, 521 MiB, 47, 56.24 W, 2400 MHz, 13801 MHz, Not Active, Not Active, Not Active, Not Active, Not Active
2026/09/03 21:20:49.424, 521 MiB, 47, 56.24 W, 2400 MHz, 13801 MHz, Not Active, Not Active, Not Active, Not Active, Not Active
2026/09/03 21:20:49.624, 521 MiB, 47, 56.24 W, 2400 MHz, 13801 MHz, Not Active, Not Active, Not Active, Not Active, Not Active
2026/09/03 21:20:49.825, 521 MiB, 47, 56.24 W, 2400 MHz, 13801 MHz, Not Active, Not Active, Not Active, Not Active, Not Active
2026/09/03 21:20:50.025, 521 MiB, 46, 39.78 W, 59 MHz, 810 MHz, Not Active, Not Active, Not Active, Not Active, Not Active
2026/09/03 21:20:50.225, 521 MiB, 46, 39.78 W, 59 MHz, 810 MHz, Not Active, Not Active, Not Active, Not Active, Not Active
2026/09/03 21:20:50.425, 521 MiB, 46, 39.78 W, 59 MHz, 810 MHz, Not Active, Not Active, Not Active, Not Active, Not Active
2026/09/03 21:20:50.626, 521 MiB, 46, 20.21 W, 352 MHz, 810 MHz, Not Active, Not Active, Not Active, Not Active, Not Active
2026/09/03 21:20:50.826, 521 MiB, 46, 20.21 W, 352 MHz, 810 MHz, Not Active, Not Active, Not Active, Not Active, Not Active
2026/09/03 21:20:51.026, 521 MiB, 46, 16.86 W, 33 MHz, 810 MHz, Not Active, Not Active, Not Active, Not Active, Not Active
2026/09/03 21:20:51.227, 521 MiB, 46, 16.86 W, 33 MHz, 810 MHz, Not Active, Not Active, Not Active, Not Active, Not Active
2026/09/03 21:20:51.427, 521 MiB, 46, 16.86 W, 33 MHz, 810 MHz, Not Active, Not Active, Not Active, Not Active, Not Active
2026/09/03 21:20:51.627, 521 MiB, 46, 16.86 W, 33 MHz, 810 MHz, Not Active, Not Active, Not Active, Not Active, Not Active
2026/09/03 21:20:51.827, 521 MiB, 46, 16.86 W, 33 MHz, 810 MHz, Not Active, Not Active, Not Active, Not Active, Not Active
2026/09/03 21:20:52.028, 521 MiB, 46, 12.33 W, 22 MHz, 405 MHz, Not Active, Not Active, Not Active, Not Active, Not Active
2026/09/03 21:20:52.228, 521 MiB, 46, 12.33 W, 22 MHz, 405 MHz, Not Active, Not Active, Not Active, Not Active, Not Active
2026/09/03 21:20:52.428, 521 MiB, 46, 12.33 W, 22 MHz, 405 MHz, Not Active, Not Active, Not Active, Not Active, Not Active
2026/09/03 21:20:52.629, 521 MiB, 46, 12.33 W, 22 MHz, 405 MHz, Not Active, Not Active, Not Active, Not Active, Not Active
2026/09/03 21:20:52.829, 521 MiB, 46, 12.33 W, 22 MHz, 405 MHz, Not Active, Not Active, Not Active, Not Active, Not Active
2026/09/03 21:20:53.030, 521 MiB, 46, 12.07 W, 22 MHz, 405 MHz, Not Active, Not Active, Not Active, Not Active, Not Active
2026/09/03 21:20:53.230, 521 MiB, 46, 12.07 W, 22 MHz, 405 MHz, Not Active, Not Active, Not Active, Not Active, Not Active
2026/09/03 21:20:53.430, 521 MiB, 46, 12.07 W, 22 MHz, 405 MHz, Not Active, Not Active, Not Active, Not Active, Not Active
2026/09/03 21:20:53.630, 521 MiB, 46, 12.07 W, 22 MHz, 405 MHz, Not Active, Not Active, Not Active, Not Active, Not Active
2026/09/03 21:20:53.831, 521 MiB, 46, 12.07 W, 22 MHz, 405 MHz, Not Active, Not Active, Not Active, Not Active, Not Active
2026/09/03 21:20:54.031, 521 MiB, 46, 11.96 W, 22 MHz, 405 MHz, Not Active, Not Active, Not Active, Not Active, Not Active
2026/09/03 21:20:54.231, 521 MiB, 46, 11.96 W, 22 MHz, 405 MHz, Not Active, Not Active, Not Active, Not Active, Not Active
2026/09/03 21:20:54.431, 521 MiB, 46, 11.96 W, 22 MHz, 405 MHz, Not Active, Not Active, Not Active, Not Active, Not Active
2026/09/03 21:20:54.632, 521 MiB, 46, 11.96 W, 22 MHz, 405 MHz, Not Active, Not Active, Not Active, Not Active, Not Active
2026/09/03 21:20:54.832, 521 MiB, 46, 11.96 W, 22 MHz, 405 MHz, Not Active, Not Active, Not Active, Not Active, Not Active
2026/09/03 21:20:55.032, 521 MiB, 46, 12.02 W, 22 MHz, 405 MHz, Not Active, Not Active, Not Active, Not Active, Not Active
2026/09/03 21:20:55.233, 521 MiB, 46, 12.02 W, 22 MHz, 405 MHz, Not Active, Not Active, Not Active, Not Active, Not Active
2026/09/03 21:20:55.433, 521 MiB, 46, 12.02 W, 22 MHz, 405 MHz, Not Active, Not Active, Not Active, Not Active, Not Active
2026/09/03 21:20:55.633, 521 MiB, 46, 12.02 W, 22 MHz, 405 MHz, Not Active, Not Active, Not Active, Not Active, Not Active
2026/09/03 21:20:55.834, 521 MiB, 46, 12.02 W, 22 MHz, 405 MHz, Not Active, Not Active, Not Active, Not Active, Not Active
2026/09/03 21:20:56.034, 521 MiB, 46, 12.00 W, 22 MHz, 405 MHz, Not Active, Not Active, Not Active, Not Active, Not Active
2026/09/03 21:20:56.234, 521 MiB, 46, 12.00 W, 22 MHz, 405 MHz, Not Active, Not Active, Not Active, Not Active, Not Active
2026/09/03 21:20:56.434, 521 MiB, 46, 12.00 W, 22 MHz, 405 MHz, Not Active, Not Active, Not Active, Not Active, Not Active
2026/09/03 21:20:56.635, 521 MiB, 46, 12.00 W, 22 MHz, 405 MHz, Not Active, Not Active, Not Active, Not Active, Not Active
2026/09/03 21:20:56.835, 521 MiB, 46, 12.00 W, 22 MHz, 405 MHz, Not Active, Not Active, Not Active, Not Active, Not Active
2026/09/03 21:20:57.035, 521 MiB, 46, 11.96 W, 22 MHz, 405 MHz, Not Active, Not Active, Not Active, Not Active, Not Active
2026/09/03 21:20:57.235, 521 MiB, 46, 11.96 W, 22 MHz, 405 MHz, Not Active, Not Active, Not Active, Not Active, Not Active
2026/09/03 21:20:57.436, 521 MiB, 46, 11.96 W, 22 MHz, 405 MHz, Not Active, Not Active, Not Active, Not Active, Not Active
2026/09/03 21:20:57.636, 521 MiB, 46, 12.54 W, 22 MHz, 405 MHz, Not Active, Not Active, Not Active, Not Active, Not Active
2026/09/03 21:20:57.836, 521 MiB, 46, 12.54 W, 22 MHz, 405 MHz, Not Active, Not Active, Not Active, Not Active, Not Active
2026/09/03 21:20:58.037, 521 MiB, 46, 13.76 W, 22 MHz, 405 MHz, Not Active, Not Active, Not Active, Not Active, Not Active
2026/09/03 21:20:58.237, 521 MiB, 46, 13.76 W, 22 MHz, 405 MHz, Not Active, Not Active, Not Active, Not Active, Not Active
2026/09/03 21:20:58.437, 521 MiB, 46, 13.76 W, 22 MHz, 405 MHz, Not Active, Not Active, Not Active, Not Active, Not Active
2026/09/03 21:20:58.637, 521 MiB, 46, 13.76 W, 22 MHz, 405 MHz, Not Active, Not Active, Not Active, Not Active, Not Active
2026/09/03 21:20:58.838, 521 MiB, 46, 13.76 W, 22 MHz, 405 MHz, Not Active, Not Active, Not Active, Not Active, Not Active
2026/09/03 21:20:59.038, 521 MiB, 46, 12.30 W, 22 MHz, 405 MHz, Not Active, Not Active, Not Active, Not Active, Not Active
2026/09/03 21:20:59.238, 521 MiB, 46, 12.30 W, 22 MHz, 405 MHz, Not Active, Not Active, Not Active, Not Active, Not Active
2026/09/03 21:20:59.439, 521 MiB, 46, 12.30 W, 22 MHz, 405 MHz, Not Active, Not Active, Not Active, Not Active, Not Active
2026/09/03 21:20:59.639, 521 MiB, 46, 12.30 W, 22 MHz, 405 MHz, Not Active, Not Active, Not Active, Not Active, Not Active
2026/09/03 21:20:59.839, 521 MiB, 46, 12.30 W, 22 MHz, 405 MHz, Not Active, Not Active, Not Active, Not Active, Not Active
2026/09/03 21:21:00.039, 521 MiB, 46, 12.16 W, 22 MHz, 405 MHz, Not Active, Not Active, Not Active, Not Active, Not Active
2026/09/03 21:21:00.239, 521 MiB, 46, 12.16 W, 22 MHz, 405 MHz, Not Active, Not Active, Not Active, Not Active, Not Active
2026/09/03 21:21:00.440, 521 MiB, 46, 12.16 W, 22 MHz, 405 MHz, Not Active, Not Active, Not Active, Not Active, Not Active
2026/09/03 21:21:00.640, 521 MiB, 46, 12.16 W, 22 MHz, 405 MHz, Not Active, Not Active, Not Active, Not Active, Not Active
2026/09/03 21:21:00.840, 521 MiB, 46, 12.16 W, 22 MHz, 405 MHz, Not Active, Not Active, Not Active, Not Active, Not Active
2026/09/03 21:21:01.041, 521 MiB, 46, 12.15 W, 22 MHz, 405 MHz, Not Active, Not Active, Not Active, Not Active, Not Active
2026/09/03 21:21:01.241, 521 MiB, 46, 12.15 W, 22 MHz, 405 MHz, Not Active, Not Active, Not Active, Not Active, Not Active
2026/09/03 21:21:01.441, 521 MiB, 46, 12.15 W, 22 MHz, 405 MHz, Not Active, Not Active, Not Active, Not Active, Not Active
2026/09/03 21:21:01.642, 521 MiB, 46, 12.15 W, 22 MHz, 405 MHz, Not Active, Not Active, Not Active, Not Active, Not Active
2026/09/03 21:21:01.842, 521 MiB, 46, 12.15 W, 22 MHz, 405 MHz, Not Active, Not Active, Not Active, Not Active, Not Active
2026/09/03 21:21:02.042, 521 MiB, 46, 12.08 W, 22 MHz, 405 MHz, Not Active, Not Active, Not Active, Not Active, Not Active
2026/09/03 21:21:02.242, 521 MiB, 46, 12.08 W, 22 MHz, 405 MHz, Not Active, Not Active, Not Active, Not Active, Not Active
2026/09/03 21:21:02.443, 521 MiB, 46, 12.08 W, 22 MHz, 405 MHz, Not Active, Not Active, Not Active, Not Active, Not Active
2026/09/03 21:21:02.643, 591 MiB, 46, 12.08 W, 22 MHz, 405 MHz, Not Active, Not Active, Not Active, Not Active, Not Active
2026/09/03 21:21:02.843, 591 MiB, 46, 12.08 W, 22 MHz, 405 MHz, Not Active, Not Active, Not Active, Not Active, Not Active
2026/09/03 21:21:03.044, 591 MiB, 47, 20.53 W, 2287 MHz, 13801 MHz, Not Active, Not Active, Not Active, Not Active, Not Active
2026/09/03 21:21:03.244, 591 MiB, 47, 20.53 W, 2287 MHz, 13801 MHz, Not Active, Not Active, Not Active, Not Active, Not Active
2026/09/03 21:21:03.444, 591 MiB, 47, 20.53 W, 2287 MHz, 13801 MHz, Not Active, Not Active, Not Active, Not Active, Not Active
2026/09/03 21:21:03.644, 2449 MiB, 47, 38.07 W, 2400 MHz, 13801 MHz, Not Active, Not Active, Not Active, Not Active, Not Active
2026/09/03 21:21:03.845, 2579 MiB, 47, 38.07 W, 2400 MHz, 13801 MHz, Not Active, Not Active, Not Active, Not Active, Not Active
2026/09/03 21:21:04.045, 2579 MiB, 49, 80.62 W, 2700 MHz, 13801 MHz, Not Active, Not Active, Not Active, Not Active, Not Active
2026/09/03 21:21:04.245, 2579 MiB, 49, 80.62 W, 2700 MHz, 13801 MHz, Not Active, Not Active, Not Active, Not Active, Not Active
2026/09/03 21:21:04.445, 4185 MiB, 49, 80.62 W, 2700 MHz, 13801 MHz, Not Active, Not Active, Not Active, Not Active, Not Active
2026/09/03 21:21:04.646, 4187 MiB, 50, 121.60 W, 2880 MHz, 13801 MHz, Not Active, Not Active, Not Active, Not Active, Not Active
2026/09/03 21:21:04.846, 4187 MiB, 50, 121.60 W, 2880 MHz, 13801 MHz, Not Active, Not Active, Not Active, Not Active, Not Active
2026/09/03 21:21:05.046, 4187 MiB, 50, 185.94 W, 2857 MHz, 13801 MHz, Not Active, Not Active, Not Active, Not Active, Not Active
2026/09/03 21:21:05.247, 4187 MiB, 50, 185.94 W, 2857 MHz, 13801 MHz, Not Active, Not Active, Not Active, Not Active, Not Active
2026/09/03 21:21:05.447, 4187 MiB, 50, 185.94 W, 2857 MHz, 13801 MHz, Not Active, Not Active, Not Active, Not Active, Not Active
2026/09/03 21:21:05.647, 4187 MiB, 51, 224.03 W, 2857 MHz, 13801 MHz, Not Active, Not Active, Not Active, Not Active, Not Active
2026/09/03 21:21:05.847, 4187 MiB, 51, 224.03 W, 2857 MHz, 13801 MHz, Not Active, Not Active, Not Active, Not Active, Not Active
2026/09/03 21:21:06.048, 4187 MiB, 52, 217.44 W, 2857 MHz, 13801 MHz, Not Active, Not Active, Not Active, Not Active, Not Active
2026/09/03 21:21:06.248, 4187 MiB, 52, 217.44 W, 2857 MHz, 13801 MHz, Not Active, Not Active, Not Active, Not Active, Not Active
2026/09/03 21:21:06.448, 4187 MiB, 52, 217.44 W, 2857 MHz, 13801 MHz, Not Active, Not Active, Not Active, Not Active, Not Active
2026/09/03 21:21:06.648, 4187 MiB, 49, 180.45 W, 2895 MHz, 13801 MHz, Not Active, Not Active, Not Active, Not Active, Not Active
2026/09/03 21:21:06.849, 4187 MiB, 49, 180.45 W, 2895 MHz, 13801 MHz, Not Active, Not Active, Not Active, Not Active, Not Active
2026/09/03 21:21:07.049, 18 MiB, 48, 111.89 W, 2430 MHz, 14001 MHz, Not Active, Not Active, Not Active, Not Active, Not Active
2026/09/03 21:21:07.249, 18 MiB, 48, 111.89 W, 2430 MHz, 14001 MHz, Not Active, Not Active, Not Active, Not Active, Not Active
