policy,high_param,low_param,high_median_ms,high_bw_gbps,low_median_ms,low_bw_gbps,round
no_policy,50,50,43539.4,4.63942,43542.3,4.63911,1
prefetch_pid_tree,0,0,26509.4,7.61986,26506.5,7.62068,1
prefetch_pid_tree,50,50,47925.2,4.21485,47877.1,4.21909,1
prefetch_pid_tree,20,80,6491.29,31.1183,1477.24,136.74,1
prefetch_pid_tree,0,20,26924.3,7.50244,4710.0,42.887,1
prefetch_pid_tree,0,40,14891.0,13.5651,1480.59,136.43,1
prefetch_pid_tree,40,40,44864.9,4.50236,44849.6,4.50389,1
prefetch_pid_tree,60,60,59935.1,3.37027,59829.7,3.37621,1
prefetch_pid_tree,80,80,97337.9,2.07522,96786.0,2.08706,1
