timestamp, memory.used [MiB], temperature.gpu, power.draw [W], clocks.current.sm [MHz], clocks.current.memory [MHz], clocks_event_reasons.sw_power_cap, clocks_event_reasons.hw_slowdown, clocks_event_reasons.hw_thermal_slowdown, clocks_event_reasons.hw_power_brake_slowdown, clocks_event_reasons.sw_thermal_slowdown
2026/09/03 01:16:44.142, 15 MiB, 46, 12.07 W, 22 MHz, 405 MHz, Not Active, Not Active, Not Active, Not Active, Not Active
2026/09/03 01:16:44.348, 15 MiB, 46, 12.07 W, 22 MHz, 405 MHz, Not Active, Not Active, Not Active, Not Active, Not Active
2026/09/03 01:16:44.548, 15 MiB, 46, 12.45 W, 22 MHz, 405 MHz, Not Active, Not Active, Not Active, Not Active, Not Active
2026/09/03 01:16:44.748, 15 MiB, 46, 12.45 W, 22 MHz, 405 MHz, Not Active, Not Active, Not Active, Not Active, Not Active
2026/09/03 01:16:44.948, 15 MiB, 46, 12.45 W, 22 MHz, 405 MHz, Not Active, Not Active, Not Active, Not Active, Not Active
2026/09/03 01:16:45.149, 15 MiB, 46, 13.33 W, 22 MHz, 405 MHz, Not Active, Not Active, Not Active, Not Active, Not Active
2026/09/03 01:16:45.349, 15 MiB, 46, 13.33 W, 22 MHz, 405 MHz, Not Active, Not Active, Not Active, Not Active, Not Active
2026/09/03 01:16:45.549, 15 MiB, 46, 13.33 W, 22 MHz, 405 MHz, Not Active, Not Active, Not Active, Not Active, Not Active
2026/09/03 01:16:45.749, 15 MiB, 46, 13.33 W, 22 MHz, 405 MHz, Not Active, Not Active, Not Active, Not Active, Not Active
2026/09/03 01:16:45.950, 15 MiB, 46, 13.33 W, 22 MHz, 405 MHz, Not Active, Not Active, Not Active, Not Active, Not Active
2026/09/03 01:16:46.150, 15 MiB, 46, 11.63 W, 22 MHz, 405 MHz, Not Active, Not Active, Not Active, Not Active, Not Active
2026/09/03 01:16:46.350, 15 MiB, 46, 11.63 W, 22 MHz, 405 MHz, Not Active, Not Active, Not Active, Not Active, Not Active
2026/09/03 01:16:46.550, 15 MiB, 46, 11.63 W, 22 MHz, 405 MHz, Not Active, Not Active, Not Active, Not Active, Not Active
2026/09/03 01:16:46.755, 35 MiB, 46, 11.63 W, 22 MHz, 405 MHz, Not Active, Not Active, Not Active, Not Active, Not Active
2026/09/03 01:16:46.955, 707 MiB, 46, 11.63 W, 22 MHz, 405 MHz, Not Active, Not Active, Not Active, Not Active, Not Active
2026/09/03 01:16:47.156, 707 MiB, 46, 20.45 W, 2430 MHz, 13801 MHz, Not Active, Not Active, Not Active, Not Active, Not Active
2026/09/03 01:16:47.356, 707 MiB, 46, 20.45 W, 2430 MHz, 13801 MHz, Not Active, Not Active, Not Active, Not Active, Not Active
2026/09/03 01:16:47.556, 707 MiB, 47, 38.09 W, 2400 MHz, 13801 MHz, Not Active, Not Active, Not Active, Not Active, Not Active
2026/09/03 01:16:47.756, 707 MiB, 47, 38.09 W, 2400 MHz, 13801 MHz, Not Active, Not Active, Not Active, Not Active, Not Active
2026/09/03 01:16:47.956, 707 MiB, 47, 38.09 W, 2400 MHz, 13801 MHz, Not Active, Not Active, Not Active, Not Active, Not Active
2026/09/03 01:16:48.157, 707 MiB, 47, 55.39 W, 2400 MHz, 13801 MHz, Not Active, Not Active, Not Active, Not Active, Not Active
2026/09/03 01:16:48.357, 707 MiB, 47, 55.39 W, 2400 MHz, 13801 MHz, Not Active, Not Active, Not Active, Not Active, Not Active
2026/09/03 01:16:48.557, 707 MiB, 47, 55.37 W, 2400 MHz, 13801 MHz, Not Active, Not Active, Not Active, Not Active, Not Active
2026/09/03 01:16:48.757, 707 MiB, 47, 55.37 W, 2400 MHz, 13801 MHz, Not Active, Not Active, Not Active, Not Active, Not Active
2026/09/03 01:16:48.958, 707 MiB, 47, 55.37 W, 2400 MHz, 13801 MHz, Not Active, Not Active, Not Active, Not Active, Not Active
2026/09/03 01:16:49.158, 707 MiB, 47, 55.46 W, 2400 MHz, 13801 MHz, Not Active, Not Active, Not Active, Not Active, Not Active
2026/09/03 01:16:49.359, 707 MiB, 47, 55.46 W, 2400 MHz, 13801 MHz, Not Active, Not Active, Not Active, Not Active, Not Active
2026/09/03 01:16:49.560, 707 MiB, 47, 55.58 W, 2400 MHz, 13801 MHz, Not Active, Not Active, Not Active, Not Active, Not Active
2026/09/03 01:16:49.760, 707 MiB, 47, 55.58 W, 2400 MHz, 13801 MHz, Not Active, Not Active, Not Active, Not Active, Not Active
2026/09/03 01:16:49.960, 707 MiB, 47, 55.58 W, 2400 MHz, 13801 MHz, Not Active, Not Active, Not Active, Not Active, Not Active
2026/09/03 01:16:50.160, 707 MiB, 47, 55.64 W, 2400 MHz, 13801 MHz, Not Active, Not Active, Not Active, Not Active, Not Active
2026/09/03 01:16:50.361, 707 MiB, 47, 55.64 W, 2400 MHz, 13801 MHz, Not Active, Not Active, Not Active, Not Active, Not Active
2026/09/03 01:16:50.561, 707 MiB, 47, 55.63 W, 2400 MHz, 13801 MHz, Not Active, Not Active, Not Active, Not Active, Not Active
2026/09/03 01:16:50.761, 707 MiB, 47, 55.63 W, 2400 MHz, 13801 MHz, Not Active, Not Active, Not Active, Not Active, Not Active
2026/09/03 01:16:50.961, 707 MiB, 47, 55.63 W, 2400 MHz, 13801 MHz, Not Active, Not Active, Not Active, Not Active, Not Active
2026/09/03 01:16:51.162, 707 MiB, 47, 55.60 W, 2400 MHz, 13801 MHz, Not Active, Not Active, Not Active, Not Active, Not Active
2026/09/03 01:16:51.362, 707 MiB, 47, 55.60 W, 2400 MHz, 13801 MHz, Not Active, Not Active, Not Active, Not Active, Not Active
2026/09/03 01:16:51.562, 707 MiB, 47, 55.58 W, 2400 MHz, 13801 MHz, Not Active, Not Active, Not Active, Not Active, Not Active
2026/09/03 01:16:51.762, 707 MiB, 47, 55.58 W, 2400 MHz, 13801 MHz, Not Active, Not Active, Not Active, Not Active, Not Active
2026/09/03 01:16:51.962, 707 MiB, 47, 55.58 W, 2400 MHz, 13801 MHz, Not Active, Not Active, Not Active, Not Active, Not Active
2026/09/03 01:16:52.163, 707 MiB, 47, 55.59 W, 2400 MHz, 13801 MHz, Not Active, Not Active, Not Active, Not Active, Not Active
2026/09/03 01:16:52.363, 707 MiB, 47, 55.59 W, 2400 MHz, 13801 MHz, Not Active, Not Active, Not Active, Not Active, Not Active
2026/09/03 01:16:52.563, 707 MiB, 47, 55.73 W, 2400 MHz, 13801 MHz, Not Active, Not Active, Not Active, Not Active, Not Active
2026/09/03 01:16:52.763, 707 MiB, 47, 55.73 W, 2400 MHz, 13801 MHz, Not Active, Not Active, Not Active, Not Active, Not Active
2026/09/03 01:16:52.964, 707 MiB, 47, 55.73 W, 2400 MHz, 13801 MHz, Not Active, Not Active, Not Active, Not Active, Not Active
2026/09/03 01:16:53.164, 707 MiB, 47, 55.84 W, 2400 MHz, 13801 MHz, Not Active, Not Active, Not Active, Not Active, Not Active
2026/09/03 01:16:53.364, 707 MiB, 47, 55.84 W, 2400 MHz, 13801 MHz, Not Active, Not Active, Not Active, Not Active, Not Active
2026/09/03 01:16:53.564, 707 MiB, 47, 55.85 W, 2400 MHz, 13801 MHz, Not Active, Not Active, Not Active, Not Active, Not Active
2026/09/03 01:16:53.764, 707 MiB, 47, 55.85 W, 2400 MHz, 13801 MHz, Not Active, Not Active, Not Active, Not Active, Not Active
2026/09/03 01:16:53.965, 707 MiB, 47, 55.85 W, 2400 MHz, 13801 MHz, Not Active, Not Active, Not Active, Not Active, Not Active
2026/09/03 01:16:54.165, 707 MiB, 47, 55.85 W, 2400 MHz, 13801 MHz, Not Active, Not Active, Not Active, Not Active, Not Active
2026/09/03 01:16:54.365, 707 MiB, 47, 55.85 W, 2400 MHz, 13801 MHz, Not Active, Not Active, Not Active, Not Active, Not Active
2026/09/03 01:16:54.565, 707 MiB, 47, 55.84 W, 2400 MHz, 13801 MHz, Not Active, Not Active, Not Active, Not Active, Not Active
2026/09/03 01:16:54.765, 707 MiB, 47, 55.84 W, 2400 MHz, 13801 MHz, Not Active, Not Active, Not Active, Not Active, Not Active
2026/09/03 01:16:54.966, 707 MiB, 47, 55.84 W, 2400 MHz, 13801 MHz, Not Active, Not Active, Not Active, Not Active, Not Active
2026/09/03 01:16:55.166, 707 MiB, 47, 55.82 W, 2400 MHz, 13801 MHz, Not Active, Not Active, Not Active, Not Active, Not Active
2026/09/03 01:16:55.366, 707 MiB, 47, 55.82 W, 2400 MHz, 13801 MHz, Not Active, Not Active, Not Active, Not Active, Not Active
2026/09/03 01:16:55.566, 707 MiB, 47, 55.82 W, 2400 MHz, 13801 MHz, Not Active, Not Active, Not Active, Not Active, Not Active
2026/09/03 01:16:55.766, 707 MiB, 47, 55.82 W, 2400 MHz, 13801 MHz, Not Active, Not Active, Not Active, Not Active, Not Active
2026/09/03 01:16:55.966, 707 MiB, 47, 55.82 W, 2400 MHz, 13801 MHz, Not Active, Not Active, Not Active, Not Active, Not Active
2026/09/03 01:16:56.167, 707 MiB, 47, 55.85 W, 2400 MHz, 13801 MHz, Not Active, Not Active, Not Active, Not Active, Not Active
2026/09/03 01:16:56.367, 707 MiB, 47, 55.85 W, 2400 MHz, 13801 MHz, Not Active, Not Active, Not Active, Not Active, Not Active
2026/09/03 01:16:56.567, 707 MiB, 47, 55.82 W, 2400 MHz, 13801 MHz, Not Active, Not Active, Not Active, Not Active, Not Active
2026/09/03 01:16:56.767, 707 MiB, 47, 55.82 W, 2400 MHz, 13801 MHz, Not Active, Not Active, Not Active, Not Active, Not Active
2026/09/03 01:16:56.968, 707 MiB, 47, 55.82 W, 2400 MHz, 13801 MHz, Not Active, Not Active, Not Active, Not Active, Not Active
2026/09/03 01:16:57.168, 709 MiB, 47, 55.79 W, 2400 MHz, 13801 MHz, Not Active, Not Active, Not Active, Not Active, Not Active
2026/09/03 01:16:57.368, 711 MiB, 47, 55.79 W, 2400 MHz, 13801 MHz, Not Active, Not Active, Not Active, Not Active, Not Active
2026/09/03 01:16:57.568, 711 MiB, 47, 56.43 W, 2437 MHz, 13801 MHz, Not Active, Not Active, Not Active, Not Active, Not Active
2026/09/03 01:16:57.768, 711 MiB, 47, 56.43 W, 2437 MHz, 13801 MHz, Not Active, Not Active, Not Active, Not Active, Not Active
2026/09/03 01:16:57.969, 711 MiB, 47, 56.43 W, 2437 MHz, 13801 MHz, Not Active, Not Active, Not Active, Not Active, Not Active
2026/09/03 01:16:58.169, 711 MiB, 47, 56.28 W, 2400 MHz, 13801 MHz, Not Active, Not Active, Not Active, Not Active, Not Active
2026/09/03 01:16:58.369, 1413 MiB, 47, 56.28 W, 2400 MHz, 13801 MHz, Not Active, Not Active, Not Active, Not Active, Not Active
2026/09/03 01:16:58.569, 1489 MiB, 47, 57.28 W, 2460 MHz, 13801 MHz, Not Active, Not Active, Not Active, Not Active, Not Active
2026/09/03 01:16:58.769, 1649 MiB, 47, 57.28 W, 2460 MHz, 13801 MHz, Not Active, Not Active, Not Active, Not Active, Not Active
2026/09/03 01:16:58.970, 1831 MiB, 47, 57.28 W, 2460 MHz, 13801 MHz, Not Active, Not Active, Not Active, Not Active, Not Active
2026/09/03 01:16:59.170, 2011 MiB, 47, 59.22 W, 2437 MHz, 13801 MHz, Not Active, Not Active, Not Active, Not Active, Not Active
2026/09/03 01:16:59.370, 2213 MiB, 47, 59.22 W, 2437 MHz, 13801 MHz, Not Active, Not Active, Not Active, Not Active, Not Active
2026/09/03 01:16:59.570, 2473 MiB, 47, 60.17 W, 2452 MHz, 13801 MHz, Not Active, Not Active, Not Active, Not Active, Not Active
2026/09/03 01:16:59.771, 2715 MiB, 47, 60.17 W, 2452 MHz, 13801 MHz, Not Active, Not Active, Not Active, Not Active, Not Active
2026/09/03 01:16:59.971, 3075 MiB, 47, 60.17 W, 2452 MHz, 13801 MHz, Not Active, Not Active, Not Active, Not Active, Not Active
2026/09/03 01:17:00.171, 3315 MiB, 48, 60.41 W, 2467 MHz, 13801 MHz, Not Active, Not Active, Not Active, Not Active, Not Active
2026/09/03 01:17:00.371, 3555 MiB, 48, 60.41 W, 2467 MHz, 13801 MHz, Not Active, Not Active, Not Active, Not Active, Not Active
2026/09/03 01:17:00.572, 3857 MiB, 48, 60.85 W, 2452 MHz, 13801 MHz, Not Active, Not Active, Not Active, Not Active, Not Active
2026/09/03 01:17:00.772, 4097 MiB, 48, 60.85 W, 2452 MHz, 13801 MHz, Not Active, Not Active, Not Active, Not Active, Not Active
2026/09/03 01:17:00.972, 4217 MiB, 48, 60.85 W, 2452 MHz, 13801 MHz, Not Active, Not Active, Not Active, Not Active, Not Active
2026/09/03 01:17:01.172, 4497 MiB, 48, 60.48 W, 2430 MHz, 13801 MHz, Not Active, Not Active, Not Active, Not Active, Not Active
2026/09/03 01:17:01.373, 4719 MiB, 48, 60.48 W, 2430 MHz, 13801 MHz, Not Active, Not Active, Not Active, Not Active, Not Active
2026/09/03 01:17:01.573, 4919 MiB, 48, 59.76 W, 2445 MHz, 13801 MHz, Not Active, Not Active, Not Active, Not Active, Not Active
2026/09/03 01:17:01.773, 5119 MiB, 48, 59.76 W, 2445 MHz, 13801 MHz, Not Active, Not Active, Not Active, Not Active, Not Active
2026/09/03 01:17:01.973, 5399 MiB, 48, 59.76 W, 2445 MHz, 13801 MHz, Not Active, Not Active, Not Active, Not Active, Not Active
2026/09/03 01:17:02.173, 5501 MiB, 48, 59.84 W, 2460 MHz, 13801 MHz, Not Active, Not Active, Not Active, Not Active, Not Active
2026/09/03 01:17:02.374, 5801 MiB, 48, 59.84 W, 2460 MHz, 13801 MHz, Not Active, Not Active, Not Active, Not Active, Not Active
2026/09/03 01:17:02.574, 6001 MiB, 48, 59.49 W, 2452 MHz, 13801 MHz, Not Active, Not Active, Not Active, Not Active, Not Active
2026/09/03 01:17:02.774, 6181 MiB, 48, 59.49 W, 2452 MHz, 13801 MHz, Not Active, Not Active, Not Active, Not Active, Not Active
2026/09/03 01:17:02.974, 6401 MiB, 48, 59.49 W, 2452 MHz, 13801 MHz, Not Active, Not Active, Not Active, Not Active, Not Active
2026/09/03 01:17:03.174, 6583 MiB, 48, 59.44 W, 2437 MHz, 13801 MHz, Not Active, Not Active, Not Active, Not Active, Not Active
2026/09/03 01:17:03.375, 6863 MiB, 48, 59.44 W, 2437 MHz, 13801 MHz, Not Active, Not Active, Not Active, Not Active, Not Active
2026/09/03 01:17:03.575, 7043 MiB, 48, 59.50 W, 2437 MHz, 13801 MHz, Not Active, Not Active, Not Active, Not Active, Not Active
2026/09/03 01:17:03.775, 7263 MiB, 48, 59.50 W, 2437 MHz, 13801 MHz, Not Active, Not Active, Not Active, Not Active, Not Active
2026/09/03 01:17:03.975, 7485 MiB, 48, 59.50 W, 2437 MHz, 13801 MHz, Not Active, Not Active, Not Active, Not Active, Not Active
2026/09/03 01:17:04.175, 7545 MiB, 48, 59.72 W, 2452 MHz, 13801 MHz, Not Active, Not Active, Not Active, Not Active, Not Active
2026/09/03 01:17:04.376, 7845 MiB, 48, 59.72 W, 2452 MHz, 13801 MHz, Not Active, Not Active, Not Active, Not Active, Not Active
2026/09/03 01:17:04.576, 8085 MiB, 48, 59.27 W, 2445 MHz, 13801 MHz, Not Active, Not Active, Not Active, Not Active, Not Active
2026/09/03 01:17:04.776, 8225 MiB, 48, 59.27 W, 2445 MHz, 13801 MHz, Not Active, Not Active, Not Active, Not Active, Not Active
2026/09/03 01:17:04.977, 8467 MiB, 48, 59.27 W, 2445 MHz, 13801 MHz, Not Active, Not Active, Not Active, Not Active, Not Active
2026/09/03 01:17:05.177, 8707 MiB, 48, 59.30 W, 2437 MHz, 13801 MHz, Not Active, Not Active, Not Active, Not Active, Not Active
2026/09/03 01:17:05.377, 8947 MiB, 48, 59.30 W, 2437 MHz, 13801 MHz, Not Active, Not Active, Not Active, Not Active, Not Active
2026/09/03 01:17:05.578, 9167 MiB, 48, 59.36 W, 2437 MHz, 13801 MHz, Not Active, Not Active, Not Active, Not Active, Not Active
2026/09/03 01:17:05.778, 9449 MiB, 48, 59.36 W, 2437 MHz, 13801 MHz, Not Active, Not Active, Not Active, Not Active, Not Active
2026/09/03 01:17:05.978, 9629 MiB, 48, 59.36 W, 2437 MHz, 13801 MHz, Not Active, Not Active, Not Active, Not Active, Not Active
2026/09/03 01:17:06.178, 9789 MiB, 48, 59.48 W, 2445 MHz, 13801 MHz, Not Active, Not Active, Not Active, Not Active, Not Active
2026/09/03 01:17:06.379, 10009 MiB, 48, 59.48 W, 2445 MHz, 13801 MHz, Not Active, Not Active, Not Active, Not Active, Not Active
2026/09/03 01:17:06.579, 10229 MiB, 48, 59.46 W, 2452 MHz, 13801 MHz, Not Active, Not Active, Not Active, Not Active, Not Active
2026/09/03 01:17:06.779, 10411 MiB, 48, 59.46 W, 2452 MHz, 13801 MHz, Not Active, Not Active, Not Active, Not Active, Not Active
2026/09/03 01:17:06.979, 10611 MiB, 48, 59.46 W, 2452 MHz, 13801 MHz, Not Active, Not Active, Not Active, Not Active, Not Active
2026/09/03 01:17:07.180, 10851 MiB, 48, 59.02 W, 2452 MHz, 13801 MHz, Not Active, Not Active, Not Active, Not Active, Not Active
2026/09/03 01:17:07.380, 11033 MiB, 48, 59.02 W, 2452 MHz, 13801 MHz, Not Active, Not Active, Not Active, Not Active, Not Active
2026/09/03 01:17:07.580, 11213 MiB, 48, 58.98 W, 2422 MHz, 13801 MHz, Not Active, Not Active, Not Active, Not Active, Not Active
2026/09/03 01:17:07.780, 11495 MiB, 48, 58.98 W, 2422 MHz, 13801 MHz, Not Active, Not Active, Not Active, Not Active, Not Active
2026/09/03 01:17:07.980, 11695 MiB, 48, 58.98 W, 2422 MHz, 13801 MHz, Not Active, Not Active, Not Active, Not Active, Not Active
2026/09/03 01:17:08.181, 11875 MiB, 48, 59.33 W, 2452 MHz, 13801 MHz, Not Active, Not Active, Not Active, Not Active, Not Active
2026/09/03 01:17:08.381, 12055 MiB, 48, 59.33 W, 2452 MHz, 13801 MHz, Not Active, Not Active, Not Active, Not Active, Not Active
2026/09/03 01:17:08.581, 12257 MiB, 48, 59.47 W, 2445 MHz, 13801 MHz, Not Active, Not Active, Not Active, Not Active, Not Active
2026/09/03 01:17:08.781, 12437 MiB, 48, 59.47 W, 2445 MHz, 13801 MHz, Not Active, Not Active, Not Active, Not Active, Not Active
2026/09/03 01:17:08.981, 12657 MiB, 48, 59.47 W, 2445 MHz, 13801 MHz, Not Active, Not Active, Not Active, Not Active, Not Active
2026/09/03 01:17:09.182, 12917 MiB, 48, 59.10 W, 2437 MHz, 13801 MHz, Not Active, Not Active, Not Active, Not Active, Not Active
2026/09/03 01:17:09.382, 13177 MiB, 48, 59.10 W, 2437 MHz, 13801 MHz, Not Active, Not Active, Not Active, Not Active, Not Active
2026/09/03 01:17:09.582, 13459 MiB, 48, 59.65 W, 2430 MHz, 13801 MHz, Not Active, Not Active, Not Active, Not Active, Not Active
2026/09/03 01:17:09.782, 13659 MiB, 48, 59.65 W, 2430 MHz, 13801 MHz, Not Active, Not Active, Not Active, Not Active, Not Active
2026/09/03 01:17:09.982, 13879 MiB, 48, 59.65 W, 2430 MHz, 13801 MHz, Not Active, Not Active, Not Active, Not Active, Not Active
2026/09/03 01:17:10.182, 14099 MiB, 48, 60.10 W, 2452 MHz, 13801 MHz, Not Active, Not Active, Not Active, Not Active, Not Active
2026/09/03 01:17:10.383, 14381 MiB, 48, 60.10 W, 2452 MHz, 13801 MHz, Not Active, Not Active, Not Active, Not Active, Not Active
2026/09/03 01:17:10.583, 14601 MiB, 48, 60.28 W, 2460 MHz, 13801 MHz, Not Active, Not Active, Not Active, Not Active, Not Active
2026/09/03 01:17:10.783, 14781 MiB, 48, 60.28 W, 2460 MHz, 13801 MHz, Not Active, Not Active, Not Active, Not Active, Not Active
2026/09/03 01:17:10.983, 14981 MiB, 48, 60.28 W, 2460 MHz, 13801 MHz, Not Active, Not Active, Not Active, Not Active, Not Active
2026/09/03 01:17:11.183, 15263 MiB, 48, 60.27 W, 2460 MHz, 13801 MHz, Not Active, Not Active, Not Active, Not Active, Not Active
2026/09/03 01:17:11.384, 15383 MiB, 48, 60.27 W, 2460 MHz, 13801 MHz, Not Active, Not Active, Not Active, Not Active, Not Active
2026/09/03 01:17:11.584, 15703 MiB, 48, 59.96 W, 2437 MHz, 13801 MHz, Not Active, Not Active, Not Active, Not Active, Not Active
2026/09/03 01:17:11.784, 16003 MiB, 48, 59.96 W, 2437 MHz, 13801 MHz, Not Active, Not Active, Not Active, Not Active, Not Active
2026/09/03 01:17:11.984, 16105 MiB, 48, 59.96 W, 2437 MHz, 13801 MHz, Not Active, Not Active, Not Active, Not Active, Not Active
2026/09/03 01:17:12.184, 16425 MiB, 48, 59.91 W, 2445 MHz, 13801 MHz, Not Active, Not Active, Not Active, Not Active, Not Active
2026/09/03 01:17:12.385, 16645 MiB, 48, 59.91 W, 2445 MHz, 13801 MHz, Not Active, Not Active, Not Active, Not Active, Not Active
2026/09/03 01:17:12.585, 16825 MiB, 48, 60.14 W, 2445 MHz, 13801 MHz, Not Active, Not Active, Not Active, Not Active, Not Active
2026/09/03 01:17:12.785, 17025 MiB, 48, 60.14 W, 2445 MHz, 13801 MHz, Not Active, Not Active, Not Active, Not Active, Not Active
2026/09/03 01:17:12.985, 17247 MiB, 48, 60.14 W, 2445 MHz, 13801 MHz, Not Active, Not Active, Not Active, Not Active, Not Active
2026/09/03 01:17:13.185, 17247 MiB, 48, 60.34 W, 2475 MHz, 13801 MHz, Not Active, Not Active, Not Active, Not Active, Not Active
2026/09/03 01:17:13.386, 17347 MiB, 48, 60.34 W, 2475 MHz, 13801 MHz, Not Active, Not Active, Not Active, Not Active, Not Active
2026/09/03 01:17:13.586, 17349 MiB, 48, 60.11 W, 2460 MHz, 13801 MHz, Not Active, Not Active, Not Active, Not Active, Not Active
2026/09/03 01:17:13.786, 17349 MiB, 48, 60.11 W, 2460 MHz, 13801 MHz, Not Active, Not Active, Not Active, Not Active, Not Active
2026/09/03 01:17:13.986, 17951 MiB, 48, 60.11 W, 2460 MHz, 13801 MHz, Not Active, Not Active, Not Active, Not Active, Not Active
2026/09/03 01:17:14.186, 17953 MiB, 48, 60.87 W, 2445 MHz, 13801 MHz, Not Active, Not Active, Not Active, Not Active, Not Active
2026/09/03 01:17:14.386, 17953 MiB, 48, 60.87 W, 2445 MHz, 13801 MHz, Not Active, Not Active, Not Active, Not Active, Not Active
2026/09/03 01:17:14.587, 17953 MiB, 48, 65.38 W, 2490 MHz, 13801 MHz, Not Active, Not Active, Not Active, Not Active, Not Active
2026/09/03 01:17:14.787, 17955 MiB, 48, 65.38 W, 2490 MHz, 13801 MHz, Not Active, Not Active, Not Active, Not Active, Not Active
2026/09/03 01:17:14.987, 17955 MiB, 48, 65.38 W, 2490 MHz, 13801 MHz, Not Active, Not Active, Not Active, Not Active, Not Active
2026/09/03 01:17:15.187, 17955 MiB, 49, 70.65 W, 2550 MHz, 13801 MHz, Not Active, Not Active, Not Active, Not Active, Not Active
2026/09/03 01:17:15.388, 17957 MiB, 49, 70.65 W, 2550 MHz, 13801 MHz, Not Active, Not Active, Not Active, Not Active, Not Active
2026/09/03 01:17:15.588, 17959 MiB, 49, 74.87 W, 2625 MHz, 13801 MHz, Not Active, Not Active, Not Active, Not Active, Not Active
2026/09/03 01:17:15.788, 17959 MiB, 49, 74.87 W, 2625 MHz, 13801 MHz, Not Active, Not Active, Not Active, Not Active, Not Active
2026/09/03 01:17:15.989, 17959 MiB, 49, 74.87 W, 2625 MHz, 13801 MHz, Not Active, Not Active, Not Active, Not Active, Not Active
2026/09/03 01:17:16.189, 17959 MiB, 49, 80.37 W, 2662 MHz, 13801 MHz, Not Active, Not Active, Not Active, Not Active, Not Active
2026/09/03 01:17:16.389, 17959 MiB, 49, 80.37 W, 2662 MHz, 13801 MHz, Not Active, Not Active, Not Active, Not Active, Not Active
2026/09/03 01:17:16.589, 17961 MiB, 49, 75.35 W, 2550 MHz, 13801 MHz, Not Active, Not Active, Not Active, Not Active, Not Active
2026/09/03 01:17:16.789, 17961 MiB, 49, 75.35 W, 2550 MHz, 13801 MHz, Not Active, Not Active, Not Active, Not Active, Not Active
2026/09/03 01:17:16.990, 17963 MiB, 49, 75.35 W, 2550 MHz, 13801 MHz, Not Active, Not Active, Not Active, Not Active, Not Active
2026/09/03 01:17:17.190, 17963 MiB, 49, 77.45 W, 2617 MHz, 13801 MHz, Not Active, Not Active, Not Active, Not Active, Not Active
2026/09/03 01:17:17.390, 17963 MiB, 49, 77.45 W, 2617 MHz, 13801 MHz, Not Active, Not Active, Not Active, Not Active, Not Active
2026/09/03 01:17:17.590, 17963 MiB, 49, 77.87 W, 2557 MHz, 13801 MHz, Not Active, Not Active, Not Active, Not Active, Not Active
2026/09/03 01:17:17.790, 17965 MiB, 49, 77.87 W, 2557 MHz, 13801 MHz, Not Active, Not Active, Not Active, Not Active, Not Active
2026/09/03 01:17:17.991, 17965 MiB, 49, 77.87 W, 2557 MHz, 13801 MHz, Not Active, Not Active, Not Active, Not Active, Not Active
2026/09/03 01:17:18.191, 17965 MiB, 49, 79.53 W, 2647 MHz, 13801 MHz, Not Active, Not Active, Not Active, Not Active, Not Active
2026/09/03 01:17:18.391, 17965 MiB, 49, 79.53 W, 2647 MHz, 13801 MHz, Not Active, Not Active, Not Active, Not Active, Not Active
2026/09/03 01:17:18.592, 17965 MiB, 49, 79.71 W, 2550 MHz, 13801 MHz, Not Active, Not Active, Not Active, Not Active, Not Active
2026/09/03 01:17:18.792, 17967 MiB, 49, 79.71 W, 2550 MHz, 13801 MHz, Not Active, Not Active, Not Active, Not Active, Not Active
2026/09/03 01:17:18.992, 17967 MiB, 49, 79.71 W, 2550 MHz, 13801 MHz, Not Active, Not Active, Not Active, Not Active, Not Active
2026/09/03 01:17:19.192, 17967 MiB, 49, 80.62 W, 2722 MHz, 13801 MHz, Not Active, Not Active, Not Active, Not Active, Not Active
2026/09/03 01:17:19.393, 17969 MiB, 49, 80.62 W, 2722 MHz, 13801 MHz, Not Active, Not Active, Not Active, Not Active, Not Active
2026/09/03 01:17:19.593, 17969 MiB, 49, 86.70 W, 2670 MHz, 13801 MHz, Not Active, Not Active, Not Active, Not Active, Not Active
2026/09/03 01:17:19.793, 17969 MiB, 49, 86.70 W, 2670 MHz, 13801 MHz, Not Active, Not Active, Not Active, Not Active, Not Active
2026/09/03 01:17:19.993, 17969 MiB, 49, 86.70 W, 2670 MHz, 13801 MHz, Not Active, Not Active, Not Active, Not Active, Not Active
2026/09/03 01:17:20.194, 17969 MiB, 49, 77.20 W, 2527 MHz, 13801 MHz, Not Active, Not Active, Not Active, Not Active, Not Active
2026/09/03 01:17:20.394, 17971 MiB, 49, 77.20 W, 2527 MHz, 13801 MHz, Not Active, Not Active, Not Active, Not Active, Not Active
2026/09/03 01:17:20.594, 17971 MiB, 49, 68.59 W, 2520 MHz, 13801 MHz, Not Active, Not Active, Not Active, Not Active, Not Active
2026/09/03 01:17:20.794, 17971 MiB, 49, 68.59 W, 2520 MHz, 13801 MHz, Not Active, Not Active, Not Active, Not Active, Not Active
2026/09/03 01:17:20.995, 17971 MiB, 49, 68.59 W, 2520 MHz, 13801 MHz, Not Active, Not Active, Not Active, Not Active, Not Active
2026/09/03 01:17:21.195, 17971 MiB, 49, 67.69 W, 2527 MHz, 13801 MHz, Not Active, Not Active, Not Active, Not Active, Not Active
2026/09/03 01:17:21.395, 17973 MiB, 49, 67.69 W, 2527 MHz, 13801 MHz, Not Active, Not Active, Not Active, Not Active, Not Active
2026/09/03 01:17:21.595, 17973 MiB, 49, 69.24 W, 2557 MHz, 13801 MHz, Not Active, Not Active, Not Active, Not Active, Not Active
2026/09/03 01:17:21.796, 17973 MiB, 49, 69.24 W, 2557 MHz, 13801 MHz, Not Active, Not Active, Not Active, Not Active, Not Active
2026/09/03 01:17:21.996, 17973 MiB, 49, 69.24 W, 2557 MHz, 13801 MHz, Not Active, Not Active, Not Active, Not Active, Not Active
2026/09/03 01:17:22.196, 17975 MiB, 49, 69.34 W, 2512 MHz, 13801 MHz, Not Active, Not Active, Not Active, Not Active, Not Active
2026/09/03 01:17:22.396, 17975 MiB, 49, 69.34 W, 2512 MHz, 13801 MHz, Not Active, Not Active, Not Active, Not Active, Not Active
2026/09/03 01:17:22.597, 17975 MiB, 49, 70.31 W, 2565 MHz, 13801 MHz, Not Active, Not Active, Not Active, Not Active, Not Active
2026/09/03 01:17:22.797, 17977 MiB, 49, 70.31 W, 2565 MHz, 13801 MHz, Not Active, Not Active, Not Active, Not Active, Not Active
2026/09/03 01:17:22.997, 17977 MiB, 49, 70.31 W, 2565 MHz, 13801 MHz, Not Active, Not Active, Not Active, Not Active, Not Active
2026/09/03 01:17:23.197, 17977 MiB, 50, 84.37 W, 2812 MHz, 13801 MHz, Not Active, Not Active, Not Active, Not Active, Not Active
2026/09/03 01:17:23.398, 17977 MiB, 50, 84.37 W, 2812 MHz, 13801 MHz, Not Active, Not Active, Not Active, Not Active, Not Active
2026/09/03 01:17:23.598, 17979 MiB, 50, 97.81 W, 2797 MHz, 13801 MHz, Not Active, Not Active, Not Active, Not Active, Not Active
2026/09/03 01:17:23.798, 17979 MiB, 50, 97.81 W, 2797 MHz, 13801 MHz, Not Active, Not Active, Not Active, Not Active, Not Active
2026/09/03 01:17:23.998, 17979 MiB, 50, 97.81 W, 2797 MHz, 13801 MHz, Not Active, Not Active, Not Active, Not Active, Not Active
2026/09/03 01:17:24.199, 17983 MiB, 50, 97.76 W, 2737 MHz, 13801 MHz, Not Active, Not Active, Not Active, Not Active, Not Active
2026/09/03 01:17:24.399, 17983 MiB, 50, 97.76 W, 2737 MHz, 13801 MHz, Not Active, Not Active, Not Active, Not Active, Not Active
2026/09/03 01:17:24.599, 17983 MiB, 50, 93.93 W, 2775 MHz, 13801 MHz, Not Active, Not Active, Not Active, Not Active, Not Active
2026/09/03 01:17:24.799, 17983 MiB, 50, 93.93 W, 2775 MHz, 13801 MHz, Not Active, Not Active, Not Active, Not Active, Not Active
2026/09/03 01:17:25.000, 17985 MiB, 50, 93.93 W, 2775 MHz, 13801 MHz, Not Active, Not Active, Not Active, Not Active, Not Active
2026/09/03 01:17:25.200, 17985 MiB, 50, 100.35 W, 2797 MHz, 13801 MHz, Not Active, Not Active, Not Active, Not Active, Not Active
2026/09/03 01:17:25.400, 17985 MiB, 50, 100.35 W, 2797 MHz, 13801 MHz, Not Active, Not Active, Not Active, Not Active, Not Active
2026/09/03 01:17:25.600, 17985 MiB, 50, 98.96 W, 2655 MHz, 13801 MHz, Not Active, Not Active, Not Active, Not Active, Not Active
2026/09/03 01:17:25.801, 17985 MiB, 50, 98.96 W, 2655 MHz, 13801 MHz, Not Active, Not Active, Not Active, Not Active, Not Active
2026/09/03 01:17:26.001, 17985 MiB, 50, 98.96 W, 2655 MHz, 13801 MHz, Not Active, Not Active, Not Active, Not Active, Not Active
2026/09/03 01:17:26.201, 17985 MiB, 49, 81.76 W, 2610 MHz, 13801 MHz, Not Active, Not Active, Not Active, Not Active, Not Active
2026/09/03 01:17:26.401, 17987 MiB, 49, 81.76 W, 2610 MHz, 13801 MHz, Not Active, Not Active, Not Active, Not Active, Not Active
2026/09/03 01:17:26.601, 17987 MiB, 50, 77.97 W, 2662 MHz, 13801 MHz, Not Active, Not Active, Not Active, Not Active, Not Active
2026/09/03 01:17:26.802, 17987 MiB, 50, 77.97 W, 2662 MHz, 13801 MHz, Not Active, Not Active, Not Active, Not Active, Not Active
2026/09/03 01:17:27.002, 17987 MiB, 50, 77.97 W, 2662 MHz, 13801 MHz, Not Active, Not Active, Not Active, Not Active, Not Active
2026/09/03 01:17:27.202, 17987 MiB, 50, 86.45 W, 2760 MHz, 13801 MHz, Not Active, Not Active, Not Active, Not Active, Not Active
2026/09/03 01:17:27.403, 17987 MiB, 50, 86.45 W, 2760 MHz, 13801 MHz, Not Active, Not Active, Not Active, Not Active, Not Active
2026/09/03 01:17:27.603, 17989 MiB, 50, 95.40 W, 2910 MHz, 13801 MHz, Not Active, Not Active, Not Active, Not Active, Not Active
2026/09/03 01:17:27.803, 17989 MiB, 50, 95.40 W, 2910 MHz, 13801 MHz, Not Active, Not Active, Not Active, Not Active, Not Active
2026/09/03 01:17:28.003, 17989 MiB, 50, 95.40 W, 2910 MHz, 13801 MHz, Not Active, Not Active, Not Active, Not Active, Not Active
2026/09/03 01:17:28.203, 17991 MiB, 51, 103.96 W, 2910 MHz, 13801 MHz, Not Active, Not Active, Not Active, Not Active, Not Active
2026/09/03 01:17:28.403, 17991 MiB, 51, 103.96 W, 2910 MHz, 13801 MHz, Not Active, Not Active, Not Active, Not Active, Not Active
2026/09/03 01:17:28.604, 17991 MiB, 51, 105.54 W, 2842 MHz, 13801 MHz, Not Active, Not Active, Not Active, Not Active, Not Active
2026/09/03 01:17:28.804, 17993 MiB, 51, 105.54 W, 2842 MHz, 13801 MHz, Not Active, Not Active, Not Active, Not Active, Not Active
2026/09/03 01:17:29.004, 17993 MiB, 51, 105.54 W, 2842 MHz, 13801 MHz, Not Active, Not Active, Not Active, Not Active, Not Active
2026/09/03 01:17:29.204, 17993 MiB, 50, 103.65 W, 2827 MHz, 13801 MHz, Not Active, Not Active, Not Active, Not Active, Not Active
2026/09/03 01:17:29.404, 17993 MiB, 50, 103.65 W, 2827 MHz, 13801 MHz, Not Active, Not Active, Not Active, Not Active, Not Active
2026/09/03 01:17:29.605, 17993 MiB, 50, 101.86 W, 2730 MHz, 13801 MHz, Not Active, Not Active, Not Active, Not Active, Not Active
2026/09/03 01:17:29.805, 17993 MiB, 50, 101.86 W, 2730 MHz, 13801 MHz, Not Active, Not Active, Not Active, Not Active, Not Active
2026/09/03 01:17:30.005, 17993 MiB, 50, 101.86 W, 2730 MHz, 13801 MHz, Not Active, Not Active, Not Active, Not Active, Not Active
2026/09/03 01:17:30.205, 17993 MiB, 50, 97.26 W, 2790 MHz, 13801 MHz, Not Active, Not Active, Not Active, Not Active, Not Active
2026/09/03 01:17:30.405, 17993 MiB, 50, 97.26 W, 2790 MHz, 13801 MHz, Not Active, Not Active, Not Active, Not Active, Not Active
2026/09/03 01:17:30.606, 17995 MiB, 51, 101.64 W, 2910 MHz, 13801 MHz, Not Active, Not Active, Not Active, Not Active, Not Active
2026/09/03 01:17:30.806, 17997 MiB, 51, 101.64 W, 2910 MHz, 13801 MHz, Not Active, Not Active, Not Active, Not Active, Not Active
2026/09/03 01:17:31.006, 17997 MiB, 51, 101.64 W, 2910 MHz, 13801 MHz, Not Active, Not Active, Not Active, Not Active, Not Active
2026/09/03 01:17:31.206, 17997 MiB, 51, 111.10 W, 2910 MHz, 13801 MHz, Not Active, Not Active, Not Active, Not Active, Not Active
2026/09/03 01:17:31.406, 17997 MiB, 51, 111.10 W, 2910 MHz, 13801 MHz, Not Active, Not Active, Not Active, Not Active, Not Active
2026/09/03 01:17:31.606, 18001 MiB, 51, 111.53 W, 2910 MHz, 13801 MHz, Not Active, Not Active, Not Active, Not Active, Not Active
2026/09/03 01:17:31.807, 18001 MiB, 51, 111.53 W, 2910 MHz, 13801 MHz, Not Active, Not Active, Not Active, Not Active, Not Active
2026/09/03 01:17:32.007, 18001 MiB, 51, 111.53 W, 2910 MHz, 13801 MHz, Not Active, Not Active, Not Active, Not Active, Not Active
2026/09/03 01:17:32.207, 18003 MiB, 51, 110.17 W, 2872 MHz, 13801 MHz, Not Active, Not Active, Not Active, Not Active, Not Active
2026/09/03 01:17:32.407, 18003 MiB, 51, 110.17 W, 2872 MHz, 13801 MHz, Not Active, Not Active, Not Active, Not Active, Not Active
2026/09/03 01:17:32.607, 18003 MiB, 51, 108.80 W, 2842 MHz, 13801 MHz, Not Active, Not Active, Not Active, Not Active, Not Active
2026/09/03 01:17:32.808, 18003 MiB, 51, 108.80 W, 2842 MHz, 13801 MHz, Not Active, Not Active, Not Active, Not Active, Not Active
2026/09/03 01:17:33.008, 18003 MiB, 51, 108.80 W, 2842 MHz, 13801 MHz, Not Active, Not Active, Not Active, Not Active, Not Active
2026/09/03 01:17:33.208, 18003 MiB, 51, 107.65 W, 2880 MHz, 13801 MHz, Not Active, Not Active, Not Active, Not Active, Not Active
2026/09/03 01:17:33.408, 18003 MiB, 51, 107.65 W, 2880 MHz, 13801 MHz, Not Active, Not Active, Not Active, Not Active, Not Active
2026/09/03 01:17:33.608, 18003 MiB, 51, 108.77 W, 2910 MHz, 13801 MHz, Not Active, Not Active, Not Active, Not Active, Not Active
2026/09/03 01:17:33.809, 18003 MiB, 51, 108.77 W, 2910 MHz, 13801 MHz, Not Active, Not Active, Not Active, Not Active, Not Active
2026/09/03 01:17:34.009, 18005 MiB, 51, 108.77 W, 2910 MHz, 13801 MHz, Not Active, Not Active, Not Active, Not Active, Not Active
2026/09/03 01:17:34.209, 18005 MiB, 51, 110.73 W, 2910 MHz, 13801 MHz, Not Active, Not Active, Not Active, Not Active, Not Active
2026/09/03 01:17:34.409, 18007 MiB, 51, 110.73 W, 2910 MHz, 13801 MHz, Not Active, Not Active, Not Active, Not Active, Not Active
2026/09/03 01:17:34.609, 18007 MiB, 51, 112.19 W, 2910 MHz, 13801 MHz, Not Active, Not Active, Not Active, Not Active, Not Active
2026/09/03 01:17:34.810, 18009 MiB, 51, 112.19 W, 2910 MHz, 13801 MHz, Not Active, Not Active, Not Active, Not Active, Not Active
2026/09/03 01:17:35.010, 18009 MiB, 51, 112.19 W, 2910 MHz, 13801 MHz, Not Active, Not Active, Not Active, Not Active, Not Active
2026/09/03 01:17:35.210, 18009 MiB, 51, 112.15 W, 2910 MHz, 13801 MHz, Not Active, Not Active, Not Active, Not Active, Not Active
2026/09/03 01:17:35.410, 18009 MiB, 51, 112.15 W, 2910 MHz, 13801 MHz, Not Active, Not Active, Not Active, Not Active, Not Active
2026/09/03 01:17:35.610, 18009 MiB, 51, 110.61 W, 2910 MHz, 13801 MHz, Not Active, Not Active, Not Active, Not Active, Not Active
2026/09/03 01:17:35.811, 18009 MiB, 51, 110.61 W, 2910 MHz, 13801 MHz, Not Active, Not Active, Not Active, Not Active, Not Active
2026/09/03 01:17:36.011, 18009 MiB, 51, 110.61 W, 2910 MHz, 13801 MHz, Not Active, Not Active, Not Active, Not Active, Not Active
2026/09/03 01:17:36.211, 18009 MiB, 51, 109.40 W, 2910 MHz, 13801 MHz, Not Active, Not Active, Not Active, Not Active, Not Active
2026/09/03 01:17:36.411, 18009 MiB, 51, 109.40 W, 2910 MHz, 13801 MHz, Not Active, Not Active, Not Active, Not Active, Not Active
2026/09/03 01:17:36.612, 18011 MiB, 51, 111.28 W, 2910 MHz, 13801 MHz, Not Active, Not Active, Not Active, Not Active, Not Active
2026/09/03 01:17:36.812, 18011 MiB, 51, 111.28 W, 2910 MHz, 13801 MHz, Not Active, Not Active, Not Active, Not Active, Not Active
2026/09/03 01:17:37.012, 18013 MiB, 51, 111.28 W, 2910 MHz, 13801 MHz, Not Active, Not Active, Not Active, Not Active, Not Active
2026/09/03 01:17:37.212, 18013 MiB, 51, 111.91 W, 2910 MHz, 13801 MHz, Not Active, Not Active, Not Active, Not Active, Not Active
2026/09/03 01:17:37.412, 18015 MiB, 51, 111.91 W, 2910 MHz, 13801 MHz, Not Active, Not Active, Not Active, Not Active, Not Active
2026/09/03 01:17:37.613, 18015 MiB, 51, 112.48 W, 2910 MHz, 13801 MHz, Not Active, Not Active, Not Active, Not Active, Not Active
2026/09/03 01:17:37.813, 18015 MiB, 51, 112.48 W, 2910 MHz, 13801 MHz, Not Active, Not Active, Not Active, Not Active, Not Active
2026/09/03 01:17:38.013, 18017 MiB, 51, 112.48 W, 2910 MHz, 13801 MHz, Not Active, Not Active, Not Active, Not Active, Not Active
2026/09/03 01:17:38.213, 18017 MiB, 52, 111.26 W, 2850 MHz, 13801 MHz, Not Active, Not Active, Not Active, Not Active, Not Active
2026/09/03 01:17:38.414, 18017 MiB, 52, 111.26 W, 2850 MHz, 13801 MHz, Not Active, Not Active, Not Active, Not Active, Not Active
2026/09/03 01:17:38.614, 18017 MiB, 51, 110.42 W, 2910 MHz, 13801 MHz, Not Active, Not Active, Not Active, Not Active, Not Active
2026/09/03 01:17:38.814, 18017 MiB, 51, 110.42 W, 2910 MHz, 13801 MHz, Not Active, Not Active, Not Active, Not Active, Not Active
2026/09/03 01:17:39.014, 18017 MiB, 51, 110.42 W, 2910 MHz, 13801 MHz, Not Active, Not Active, Not Active, Not Active, Not Active
2026/09/03 01:17:39.215, 18017 MiB, 52, 110.69 W, 2910 MHz, 13801 MHz, Not Active, Not Active, Not Active, Not Active, Not Active
2026/09/03 01:17:39.415, 18017 MiB, 52, 110.69 W, 2910 MHz, 13801 MHz, Not Active, Not Active, Not Active, Not Active, Not Active
2026/09/03 01:17:39.615, 18019 MiB, 52, 113.57 W, 2910 MHz, 13801 MHz, Not Active, Not Active, Not Active, Not Active, Not Active
2026/09/03 01:17:39.815, 18019 MiB, 52, 113.57 W, 2910 MHz, 13801 MHz, Not Active, Not Active, Not Active, Not Active, Not Active
2026/09/03 01:17:40.015, 18021 MiB, 52, 113.57 W, 2910 MHz, 13801 MHz, Not Active, Not Active, Not Active, Not Active, Not Active
2026/09/03 01:17:40.216, 18021 MiB, 52, 113.64 W, 2910 MHz, 13801 MHz, Not Active, Not Active, Not Active, Not Active, Not Active
2026/09/03 01:17:40.416, 18023 MiB, 52, 113.64 W, 2910 MHz, 13801 MHz, Not Active, Not Active, Not Active, Not Active, Not Active
2026/09/03 01:17:40.616, 18023 MiB, 52, 113.66 W, 2910 MHz, 13801 MHz, Not Active, Not Active, Not Active, Not Active, Not Active
2026/09/03 01:17:40.816, 18023 MiB, 52, 113.66 W, 2910 MHz, 13801 MHz, Not Active, Not Active, Not Active, Not Active, Not Active
2026/09/03 01:17:41.016, 18023 MiB, 52, 113.66 W, 2910 MHz, 13801 MHz, Not Active, Not Active, Not Active, Not Active, Not Active
2026/09/03 01:17:41.217, 18023 MiB, 52, 111.34 W, 2910 MHz, 13801 MHz, Not Active, Not Active, Not Active, Not Active, Not Active
2026/09/03 01:17:41.417, 18023 MiB, 52, 111.34 W, 2910 MHz, 13801 MHz, Not Active, Not Active, Not Active, Not Active, Not Active
2026/09/03 01:17:41.617, 18023 MiB, 52, 111.43 W, 2910 MHz, 13801 MHz, Not Active, Not Active, Not Active, Not Active, Not Active
2026/09/03 01:17:41.818, 18023 MiB, 52, 111.43 W, 2910 MHz, 13801 MHz, Not Active, Not Active, Not Active, Not Active, Not Active
2026/09/03 01:17:42.018, 18025 MiB, 52, 111.43 W, 2910 MHz, 13801 MHz, Not Active, Not Active, Not Active, Not Active, Not Active
2026/09/03 01:17:42.218, 18025 MiB, 52, 113.72 W, 2910 MHz, 13801 MHz, Not Active, Not Active, Not Active, Not Active, Not Active
2026/09/03 01:17:42.418, 18027 MiB, 52, 113.72 W, 2910 MHz, 13801 MHz, Not Active, Not Active, Not Active, Not Active, Not Active
2026/09/03 01:17:42.619, 18027 MiB, 52, 113.63 W, 2910 MHz, 13801 MHz, Not Active, Not Active, Not Active, Not Active, Not Active
2026/09/03 01:17:42.819, 18029 MiB, 52, 113.63 W, 2910 MHz, 13801 MHz, Not Active, Not Active, Not Active, Not Active, Not Active
2026/09/03 01:17:43.019, 18029 MiB, 52, 113.63 W, 2910 MHz, 13801 MHz, Not Active, Not Active, Not Active, Not Active, Not Active
2026/09/03 01:17:43.219, 18029 MiB, 52, 113.52 W, 2910 MHz, 13801 MHz, Not Active, Not Active, Not Active, Not Active, Not Active
2026/09/03 01:17:43.420, 18031 MiB, 52, 113.52 W, 2910 MHz, 13801 MHz, Not Active, Not Active, Not Active, Not Active, Not Active
2026/09/03 01:17:43.620, 18031 MiB, 52, 112.22 W, 2842 MHz, 13801 MHz, Not Active, Not Active, Not Active, Not Active, Not Active
2026/09/03 01:17:43.820, 18031 MiB, 52, 112.22 W, 2842 MHz, 13801 MHz, Not Active, Not Active, Not Active, Not Active, Not Active
2026/09/03 01:17:44.020, 18031 MiB, 52, 112.22 W, 2842 MHz, 13801 MHz, Not Active, Not Active, Not Active, Not Active, Not Active
2026/09/03 01:17:44.220, 18031 MiB, 52, 111.46 W, 2910 MHz, 13801 MHz, Not Active, Not Active, Not Active, Not Active, Not Active
2026/09/03 01:17:44.421, 18031 MiB, 52, 111.46 W, 2910 MHz, 13801 MHz, Not Active, Not Active, Not Active, Not Active, Not Active
2026/09/03 01:17:44.621, 18031 MiB, 52, 113.00 W, 2910 MHz, 13801 MHz, Not Active, Not Active, Not Active, Not Active, Not Active
2026/09/03 01:17:44.821, 18033 MiB, 52, 113.00 W, 2910 MHz, 13801 MHz, Not Active, Not Active, Not Active, Not Active, Not Active
2026/09/03 01:17:45.021, 18035 MiB, 52, 113.00 W, 2910 MHz, 13801 MHz, Not Active, Not Active, Not Active, Not Active, Not Active
2026/09/03 01:17:45.222, 18035 MiB, 52, 113.90 W, 2910 MHz, 13801 MHz, Not Active, Not Active, Not Active, Not Active, Not Active
2026/09/03 01:17:45.422, 18035 MiB, 52, 113.90 W, 2910 MHz, 13801 MHz, Not Active, Not Active, Not Active, Not Active, Not Active
2026/09/03 01:17:45.622, 18035 MiB, 52, 114.28 W, 2910 MHz, 13801 MHz, Not Active, Not Active, Not Active, Not Active, Not Active
2026/09/03 01:17:45.822, 18037 MiB, 52, 114.28 W, 2910 MHz, 13801 MHz, Not Active, Not Active, Not Active, Not Active, Not Active
2026/09/03 01:17:46.023, 18037 MiB, 52, 114.28 W, 2910 MHz, 13801 MHz, Not Active, Not Active, Not Active, Not Active, Not Active
2026/09/03 01:17:46.223, 18037 MiB, 52, 112.46 W, 2872 MHz, 13801 MHz, Not Active, Not Active, Not Active, Not Active, Not Active
2026/09/03 01:17:46.423, 18037 MiB, 52, 112.46 W, 2872 MHz, 13801 MHz, Not Active, Not Active, Not Active, Not Active, Not Active
2026/09/03 01:17:46.623, 18037 MiB, 52, 111.69 W, 2910 MHz, 13801 MHz, Not Active, Not Active, Not Active, Not Active, Not Active
2026/09/03 01:17:46.824, 18037 MiB, 52, 111.69 W, 2910 MHz, 13801 MHz, Not Active, Not Active, Not Active, Not Active, Not Active
2026/09/03 01:17:47.024, 18039 MiB, 52, 111.69 W, 2910 MHz, 13801 MHz, Not Active, Not Active, Not Active, Not Active, Not Active
2026/09/03 01:17:47.224, 18039 MiB, 52, 112.00 W, 2910 MHz, 13801 MHz, Not Active, Not Active, Not Active, Not Active, Not Active
2026/09/03 01:17:47.424, 18039 MiB, 52, 112.00 W, 2910 MHz, 13801 MHz, Not Active, Not Active, Not Active, Not Active, Not Active
2026/09/03 01:17:47.624, 18039 MiB, 52, 114.31 W, 2910 MHz, 13801 MHz, Not Active, Not Active, Not Active, Not Active, Not Active
2026/09/03 01:17:47.825, 18041 MiB, 52, 114.31 W, 2910 MHz, 13801 MHz, Not Active, Not Active, Not Active, Not Active, Not Active
2026/09/03 01:17:48.025, 18041 MiB, 52, 114.31 W, 2910 MHz, 13801 MHz, Not Active, Not Active, Not Active, Not Active, Not Active
2026/09/03 01:17:48.225, 18043 MiB, 52, 113.96 W, 2910 MHz, 13801 MHz, Not Active, Not Active, Not Active, Not Active, Not Active
2026/09/03 01:17:48.425, 18043 MiB, 52, 113.96 W, 2910 MHz, 13801 MHz, Not Active, Not Active, Not Active, Not Active, Not Active
2026/09/03 01:17:48.626, 18045 MiB, 52, 114.08 W, 2910 MHz, 13801 MHz, Not Active, Not Active, Not Active, Not Active, Not Active
2026/09/03 01:17:48.826, 18045 MiB, 52, 114.08 W, 2910 MHz, 13801 MHz, Not Active, Not Active, Not Active, Not Active, Not Active
2026/09/03 01:17:49.026, 18045 MiB, 52, 114.08 W, 2910 MHz, 13801 MHz, Not Active, Not Active, Not Active, Not Active, Not Active
2026/09/03 01:17:49.227, 18045 MiB, 52, 111.54 W, 2910 MHz, 13801 MHz, Not Active, Not Active, Not Active, Not Active, Not Active
2026/09/03 01:17:49.427, 18045 MiB, 52, 111.54 W, 2910 MHz, 13801 MHz, Not Active, Not Active, Not Active, Not Active, Not Active
2026/09/03 01:17:49.627, 18045 MiB, 52, 110.67 W, 2910 MHz, 13801 MHz, Not Active, Not Active, Not Active, Not Active, Not Active
2026/09/03 01:17:49.828, 18045 MiB, 52, 110.67 W, 2910 MHz, 13801 MHz, Not Active, Not Active, Not Active, Not Active, Not Active
2026/09/03 01:17:50.028, 18045 MiB, 52, 110.67 W, 2910 MHz, 13801 MHz, Not Active, Not Active, Not Active, Not Active, Not Active
2026/09/03 01:17:50.228, 18047 MiB, 52, 113.49 W, 2910 MHz, 13801 MHz, Not Active, Not Active, Not Active, Not Active, Not Active
2026/09/03 01:17:50.428, 18049 MiB, 52, 113.49 W, 2910 MHz, 13801 MHz, Not Active, Not Active, Not Active, Not Active, Not Active
2026/09/03 01:17:50.629, 18049 MiB, 52, 114.15 W, 2910 MHz, 13801 MHz, Not Active, Not Active, Not Active, Not Active, Not Active
2026/09/03 01:17:50.829, 18049 MiB, 52, 114.15 W, 2910 MHz, 13801 MHz, Not Active, Not Active, Not Active, Not Active, Not Active
2026/09/03 01:17:51.029, 18049 MiB, 52, 114.15 W, 2910 MHz, 13801 MHz, Not Active, Not Active, Not Active, Not Active, Not Active
2026/09/03 01:17:51.229, 18051 MiB, 52, 113.84 W, 2910 MHz, 13801 MHz, Not Active, Not Active, Not Active, Not Active, Not Active
2026/09/03 01:17:51.430, 18051 MiB, 52, 113.84 W, 2910 MHz, 13801 MHz, Not Active, Not Active, Not Active, Not Active, Not Active
2026/09/03 01:17:51.630, 18051 MiB, 52, 111.77 W, 2842 MHz, 13801 MHz, Not Active, Not Active, Not Active, Not Active, Not Active
2026/09/03 01:17:51.830, 18051 MiB, 52, 111.77 W, 2842 MHz, 13801 MHz, Not Active, Not Active, Not Active, Not Active, Not Active
2026/09/03 01:17:52.030, 18051 MiB, 52, 111.77 W, 2842 MHz, 13801 MHz, Not Active, Not Active, Not Active, Not Active, Not Active
2026/09/03 01:17:52.231, 18051 MiB, 52, 111.09 W, 2910 MHz, 13801 MHz, Not Active, Not Active, Not Active, Not Active, Not Active
2026/09/03 01:17:52.431, 18051 MiB, 52, 111.09 W, 2910 MHz, 13801 MHz, Not Active, Not Active, Not Active, Not Active, Not Active
2026/09/03 01:17:52.631, 18051 MiB, 52, 112.75 W, 2910 MHz, 13801 MHz, Not Active, Not Active, Not Active, Not Active, Not Active
2026/09/03 01:17:52.831, 18051 MiB, 52, 112.75 W, 2910 MHz, 13801 MHz, Not Active, Not Active, Not Active, Not Active, Not Active
2026/09/03 01:17:53.032, 18051 MiB, 52, 112.75 W, 2910 MHz, 13801 MHz, Not Active, Not Active, Not Active, Not Active, Not Active
2026/09/03 01:17:53.232, 18053 MiB, 52, 114.01 W, 2910 MHz, 13801 MHz, Not Active, Not Active, Not Active, Not Active, Not Active
2026/09/03 01:17:53.432, 18053 MiB, 52, 114.01 W, 2910 MHz, 13801 MHz, Not Active, Not Active, Not Active, Not Active, Not Active
2026/09/03 01:17:53.632, 18055 MiB, 52, 113.73 W, 2910 MHz, 13801 MHz, Not Active, Not Active, Not Active, Not Active, Not Active
2026/09/03 01:17:53.833, 18055 MiB, 52, 113.73 W, 2910 MHz, 13801 MHz, Not Active, Not Active, Not Active, Not Active, Not Active
2026/09/03 01:17:54.033, 18055 MiB, 52, 113.73 W, 2910 MHz, 13801 MHz, Not Active, Not Active, Not Active, Not Active, Not Active
2026/09/03 01:17:54.233, 18055 MiB, 51, 111.78 W, 2850 MHz, 13801 MHz, Not Active, Not Active, Not Active, Not Active, Not Active
2026/09/03 01:17:54.433, 18055 MiB, 51, 111.78 W, 2850 MHz, 13801 MHz, Not Active, Not Active, Not Active, Not Active, Not Active
2026/09/03 01:17:54.634, 18055 MiB, 51, 110.89 W, 2910 MHz, 13801 MHz, Not Active, Not Active, Not Active, Not Active, Not Active
2026/09/03 01:17:54.834, 18055 MiB, 51, 110.89 W, 2910 MHz, 13801 MHz, Not Active, Not Active, Not Active, Not Active, Not Active
2026/09/03 01:17:55.034, 18057 MiB, 51, 110.89 W, 2910 MHz, 13801 MHz, Not Active, Not Active, Not Active, Not Active, Not Active
2026/09/03 01:17:55.234, 18057 MiB, 51, 111.35 W, 2910 MHz, 13801 MHz, Not Active, Not Active, Not Active, Not Active, Not Active
2026/09/03 01:17:55.435, 18059 MiB, 51, 111.35 W, 2910 MHz, 13801 MHz, Not Active, Not Active, Not Active, Not Active, Not Active
2026/09/03 01:17:55.635, 18059 MiB, 51, 114.10 W, 2910 MHz, 13801 MHz, Not Active, Not Active, Not Active, Not Active, Not Active
2026/09/03 01:17:55.835, 18061 MiB, 51, 114.10 W, 2910 MHz, 13801 MHz, Not Active, Not Active, Not Active, Not Active, Not Active
2026/09/03 01:17:56.035, 18061 MiB, 51, 114.10 W, 2910 MHz, 13801 MHz, Not Active, Not Active, Not Active, Not Active, Not Active
2026/09/03 01:17:56.235, 18061 MiB, 51, 113.65 W, 2910 MHz, 13801 MHz, Not Active, Not Active, Not Active, Not Active, Not Active
2026/09/03 01:17:56.436, 18063 MiB, 51, 113.65 W, 2910 MHz, 13801 MHz, Not Active, Not Active, Not Active, Not Active, Not Active
2026/09/03 01:17:56.636, 18063 MiB, 51, 113.30 W, 2910 MHz, 13801 MHz, Not Active, Not Active, Not Active, Not Active, Not Active
2026/09/03 01:17:56.836, 18063 MiB, 51, 113.30 W, 2910 MHz, 13801 MHz, Not Active, Not Active, Not Active, Not Active, Not Active
2026/09/03 01:17:57.036, 18063 MiB, 51, 113.30 W, 2910 MHz, 13801 MHz, Not Active, Not Active, Not Active, Not Active, Not Active
2026/09/03 01:17:57.237, 18063 MiB, 51, 110.27 W, 2910 MHz, 13801 MHz, Not Active, Not Active, Not Active, Not Active, Not Active
2026/09/03 01:17:57.437, 18063 MiB, 51, 110.27 W, 2910 MHz, 13801 MHz, Not Active, Not Active, Not Active, Not Active, Not Active
2026/09/03 01:17:57.637, 18063 MiB, 51, 110.04 W, 2910 MHz, 13801 MHz, Not Active, Not Active, Not Active, Not Active, Not Active
2026/09/03 01:17:57.838, 18063 MiB, 51, 110.04 W, 2910 MHz, 13801 MHz, Not Active, Not Active, Not Active, Not Active, Not Active
2026/09/03 01:17:58.038, 18065 MiB, 51, 110.04 W, 2910 MHz, 13801 MHz, Not Active, Not Active, Not Active, Not Active, Not Active
2026/09/03 01:17:58.238, 18065 MiB, 51, 112.15 W, 2910 MHz, 13801 MHz, Not Active, Not Active, Not Active, Not Active, Not Active
2026/09/03 01:17:58.438, 18067 MiB, 51, 112.15 W, 2910 MHz, 13801 MHz, Not Active, Not Active, Not Active, Not Active, Not Active
2026/09/03 01:17:58.639, 18067 MiB, 51, 112.57 W, 2910 MHz, 13801 MHz, Not Active, Not Active, Not Active, Not Active, Not Active
2026/09/03 01:17:58.839, 18069 MiB, 51, 112.57 W, 2910 MHz, 13801 MHz, Not Active, Not Active, Not Active, Not Active, Not Active
2026/09/03 01:17:59.039, 18069 MiB, 51, 112.57 W, 2910 MHz, 13801 MHz, Not Active, Not Active, Not Active, Not Active, Not Active
2026/09/03 01:17:59.239, 18069 MiB, 51, 112.75 W, 2910 MHz, 13801 MHz, Not Active, Not Active, Not Active, Not Active, Not Active
2026/09/03 01:17:59.441, 18071 MiB, 51, 112.75 W, 2910 MHz, 13801 MHz, Not Active, Not Active, Not Active, Not Active, Not Active
2026/09/03 01:17:59.641, 18071 MiB, 50, 111.16 W, 2842 MHz, 13801 MHz, Not Active, Not Active, Not Active, Not Active, Not Active
2026/09/03 01:17:59.841, 18071 MiB, 50, 111.16 W, 2842 MHz, 13801 MHz, Not Active, Not Active, Not Active, Not Active, Not Active
2026/09/03 01:18:00.042, 18071 MiB, 50, 111.16 W, 2842 MHz, 13801 MHz, Not Active, Not Active, Not Active, Not Active, Not Active
2026/09/03 01:18:00.242, 18071 MiB, 50, 110.28 W, 2910 MHz, 13801 MHz, Not Active, Not Active, Not Active, Not Active, Not Active
2026/09/03 01:18:00.442, 18071 MiB, 50, 110.28 W, 2910 MHz, 13801 MHz, Not Active, Not Active, Not Active, Not Active, Not Active
2026/09/03 01:18:00.642, 18071 MiB, 50, 112.21 W, 2910 MHz, 13801 MHz, Not Active, Not Active, Not Active, Not Active, Not Active
2026/09/03 01:18:00.842, 18073 MiB, 50, 112.21 W, 2910 MHz, 13801 MHz, Not Active, Not Active, Not Active, Not Active, Not Active
2026/09/03 01:18:01.042, 18073 MiB, 50, 112.21 W, 2910 MHz, 13801 MHz, Not Active, Not Active, Not Active, Not Active, Not Active
2026/09/03 01:18:01.243, 18075 MiB, 50, 112.85 W, 2910 MHz, 13801 MHz, Not Active, Not Active, Not Active, Not Active, Not Active
2026/09/03 01:18:01.443, 18075 MiB, 50, 112.85 W, 2910 MHz, 13801 MHz, Not Active, Not Active, Not Active, Not Active, Not Active
2026/09/03 01:18:01.643, 18075 MiB, 50, 112.61 W, 2910 MHz, 13801 MHz, Not Active, Not Active, Not Active, Not Active, Not Active
2026/09/03 01:18:01.843, 18077 MiB, 50, 112.61 W, 2910 MHz, 13801 MHz, Not Active, Not Active, Not Active, Not Active, Not Active
2026/09/03 01:18:02.044, 18077 MiB, 50, 112.61 W, 2910 MHz, 13801 MHz, Not Active, Not Active, Not Active, Not Active, Not Active
2026/09/03 01:18:02.244, 18077 MiB, 50, 111.78 W, 2910 MHz, 13801 MHz, Not Active, Not Active, Not Active, Not Active, Not Active
2026/09/03 01:18:02.444, 18077 MiB, 50, 111.78 W, 2910 MHz, 13801 MHz, Not Active, Not Active, Not Active, Not Active, Not Active
2026/09/03 01:18:02.644, 18077 MiB, 50, 109.88 W, 2910 MHz, 13801 MHz, Not Active, Not Active, Not Active, Not Active, Not Active
2026/09/03 01:18:02.845, 18077 MiB, 50, 109.88 W, 2910 MHz, 13801 MHz, Not Active, Not Active, Not Active, Not Active, Not Active
2026/09/03 01:18:03.045, 18077 MiB, 50, 109.88 W, 2910 MHz, 13801 MHz, Not Active, Not Active, Not Active, Not Active, Not Active
2026/09/03 01:18:03.245, 18077 MiB, 50, 110.05 W, 2910 MHz, 13801 MHz, Not Active, Not Active, Not Active, Not Active, Not Active
2026/09/03 01:18:03.445, 18077 MiB, 50, 110.05 W, 2910 MHz, 13801 MHz, Not Active, Not Active, Not Active, Not Active, Not Active
2026/09/03 01:18:03.646, 18077 MiB, 50, 112.54 W, 2910 MHz, 13801 MHz, Not Active, Not Active, Not Active, Not Active, Not Active
2026/09/03 01:18:03.846, 18079 MiB, 50, 112.54 W, 2910 MHz, 13801 MHz, Not Active, Not Active, Not Active, Not Active, Not Active
2026/09/03 01:18:04.046, 18081 MiB, 50, 112.54 W, 2910 MHz, 13801 MHz, Not Active, Not Active, Not Active, Not Active, Not Active
2026/09/03 01:18:04.247, 18081 MiB, 50, 112.12 W, 2910 MHz, 13801 MHz, Not Active, Not Active, Not Active, Not Active, Not Active
2026/09/03 01:18:04.447, 18081 MiB, 50, 112.12 W, 2910 MHz, 13801 MHz, Not Active, Not Active, Not Active, Not Active, Not Active
2026/09/03 01:18:04.647, 18083 MiB, 50, 111.86 W, 2910 MHz, 13801 MHz, Not Active, Not Active, Not Active, Not Active, Not Active
2026/09/03 01:18:04.847, 18083 MiB, 50, 111.86 W, 2910 MHz, 13801 MHz, Not Active, Not Active, Not Active, Not Active, Not Active
2026/09/03 01:18:05.048, 18083 MiB, 50, 111.86 W, 2910 MHz, 13801 MHz, Not Active, Not Active, Not Active, Not Active, Not Active
2026/09/03 01:18:05.248, 18083 MiB, 49, 109.72 W, 2910 MHz, 13801 MHz, Not Active, Not Active, Not Active, Not Active, Not Active
2026/09/03 01:18:05.448, 18083 MiB, 49, 109.72 W, 2910 MHz, 13801 MHz, Not Active, Not Active, Not Active, Not Active, Not Active
2026/09/03 01:18:05.648, 18083 MiB, 50, 108.69 W, 2910 MHz, 13801 MHz, Not Active, Not Active, Not Active, Not Active, Not Active
2026/09/03 01:18:05.848, 18083 MiB, 50, 108.69 W, 2910 MHz, 13801 MHz, Not Active, Not Active, Not Active, Not Active, Not Active
2026/09/03 01:18:06.049, 18083 MiB, 50, 108.69 W, 2910 MHz, 13801 MHz, Not Active, Not Active, Not Active, Not Active, Not Active
2026/09/03 01:18:06.249, 18085 MiB, 49, 110.49 W, 2910 MHz, 13801 MHz, Not Active, Not Active, Not Active, Not Active, Not Active
2026/09/03 01:18:06.449, 18087 MiB, 49, 110.49 W, 2910 MHz, 13801 MHz, Not Active, Not Active, Not Active, Not Active, Not Active
2026/09/03 01:18:06.649, 18087 MiB, 49, 111.51 W, 2910 MHz, 13801 MHz, Not Active, Not Active, Not Active, Not Active, Not Active
2026/09/03 01:18:06.850, 18089 MiB, 49, 111.51 W, 2910 MHz, 13801 MHz, Not Active, Not Active, Not Active, Not Active, Not Active
2026/09/03 01:18:07.050, 18089 MiB, 49, 111.51 W, 2910 MHz, 13801 MHz, Not Active, Not Active, Not Active, Not Active, Not Active
2026/09/03 01:18:07.250, 18089 MiB, 49, 111.86 W, 2910 MHz, 13801 MHz, Not Active, Not Active, Not Active, Not Active, Not Active
2026/09/03 01:18:07.450, 18089 MiB, 49, 111.86 W, 2910 MHz, 13801 MHz, Not Active, Not Active, Not Active, Not Active, Not Active
2026/09/03 01:18:07.651, 18089 MiB, 49, 110.60 W, 2857 MHz, 13801 MHz, Not Active, Not Active, Not Active, Not Active, Not Active
2026/09/03 01:18:07.851, 18089 MiB, 49, 110.60 W, 2857 MHz, 13801 MHz, Not Active, Not Active, Not Active, Not Active, Not Active
2026/09/03 01:18:08.051, 18089 MiB, 49, 110.60 W, 2857 MHz, 13801 MHz, Not Active, Not Active, Not Active, Not Active, Not Active
2026/09/03 01:18:08.251, 18089 MiB, 49, 109.70 W, 2910 MHz, 13801 MHz, Not Active, Not Active, Not Active, Not Active, Not Active
2026/09/03 01:18:08.452, 18091 MiB, 49, 109.70 W, 2910 MHz, 13801 MHz, Not Active, Not Active, Not Active, Not Active, Not Active
2026/09/03 01:18:08.652, 18091 MiB, 49, 110.89 W, 2910 MHz, 13801 MHz, Not Active, Not Active, Not Active, Not Active, Not Active
2026/09/03 01:18:08.852, 18091 MiB, 49, 110.89 W, 2910 MHz, 13801 MHz, Not Active, Not Active, Not Active, Not Active, Not Active
2026/09/03 01:18:09.052, 18093 MiB, 49, 110.89 W, 2910 MHz, 13801 MHz, Not Active, Not Active, Not Active, Not Active, Not Active
2026/09/03 01:18:09.252, 18093 MiB, 49, 111.83 W, 2910 MHz, 13801 MHz, Not Active, Not Active, Not Active, Not Active, Not Active
2026/09/03 01:18:09.453, 18095 MiB, 49, 111.83 W, 2910 MHz, 13801 MHz, Not Active, Not Active, Not Active, Not Active, Not Active
2026/09/03 01:18:09.653, 18095 MiB, 49, 111.79 W, 2910 MHz, 13801 MHz, Not Active, Not Active, Not Active, Not Active, Not Active
2026/09/03 01:18:09.853, 18097 MiB, 49, 111.79 W, 2910 MHz, 13801 MHz, Not Active, Not Active, Not Active, Not Active, Not Active
2026/09/03 01:18:10.053, 18097 MiB, 49, 111.79 W, 2910 MHz, 13801 MHz, Not Active, Not Active, Not Active, Not Active, Not Active
2026/09/03 01:18:10.254, 18097 MiB, 49, 111.88 W, 2910 MHz, 13801 MHz, Not Active, Not Active, Not Active, Not Active, Not Active
2026/09/03 01:18:10.454, 18097 MiB, 49, 111.88 W, 2910 MHz, 13801 MHz, Not Active, Not Active, Not Active, Not Active, Not Active
2026/09/03 01:18:10.654, 18097 MiB, 49, 109.09 W, 2910 MHz, 13801 MHz, Not Active, Not Active, Not Active, Not Active, Not Active
2026/09/03 01:18:10.854, 18097 MiB, 49, 109.09 W, 2910 MHz, 13801 MHz, Not Active, Not Active, Not Active, Not Active, Not Active
2026/09/03 01:18:11.054, 18097 MiB, 49, 109.09 W, 2910 MHz, 13801 MHz, Not Active, Not Active, Not Active, Not Active, Not Active
2026/09/03 01:18:11.255, 18097 MiB, 49, 109.25 W, 2910 MHz, 13801 MHz, Not Active, Not Active, Not Active, Not Active, Not Active
2026/09/03 01:18:11.455, 18097 MiB, 49, 109.25 W, 2910 MHz, 13801 MHz, Not Active, Not Active, Not Active, Not Active, Not Active
2026/09/03 01:18:11.655, 18099 MiB, 49, 111.29 W, 2910 MHz, 13801 MHz, Not Active, Not Active, Not Active, Not Active, Not Active
2026/09/03 01:18:11.855, 18099 MiB, 49, 111.29 W, 2910 MHz, 13801 MHz, Not Active, Not Active, Not Active, Not Active, Not Active
2026/09/03 01:18:12.056, 18101 MiB, 49, 111.29 W, 2910 MHz, 13801 MHz, Not Active, Not Active, Not Active, Not Active, Not Active
2026/09/03 01:18:12.256, 18101 MiB, 49, 111.15 W, 2910 MHz, 13801 MHz, Not Active, Not Active, Not Active, Not Active, Not Active
2026/09/03 01:18:12.456, 18103 MiB, 49, 111.15 W, 2910 MHz, 13801 MHz, Not Active, Not Active, Not Active, Not Active, Not Active
2026/09/03 01:18:12.656, 18103 MiB, 49, 111.04 W, 2910 MHz, 13801 MHz, Not Active, Not Active, Not Active, Not Active, Not Active
2026/09/03 01:18:12.857, 18103 MiB, 49, 111.04 W, 2910 MHz, 13801 MHz, Not Active, Not Active, Not Active, Not Active, Not Active
2026/09/03 01:18:13.057, 18103 MiB, 49, 111.04 W, 2910 MHz, 13801 MHz, Not Active, Not Active, Not Active, Not Active, Not Active
2026/09/03 01:18:13.257, 18103 MiB, 48, 108.86 W, 2895 MHz, 13801 MHz, Not Active, Not Active, Not Active, Not Active, Not Active
2026/09/03 01:18:13.457, 18103 MiB, 48, 108.86 W, 2895 MHz, 13801 MHz, Not Active, Not Active, Not Active, Not Active, Not Active
2026/09/03 01:18:13.658, 18103 MiB, 48, 108.75 W, 2910 MHz, 13801 MHz, Not Active, Not Active, Not Active, Not Active, Not Active
2026/09/03 01:18:13.858, 18103 MiB, 48, 108.75 W, 2910 MHz, 13801 MHz, Not Active, Not Active, Not Active, Not Active, Not Active
2026/09/03 01:18:14.058, 18105 MiB, 48, 110.22 W, 2910 MHz, 13801 MHz, Not Active, Not Active, Not Active, Not Active, Not Active
2026/09/03 01:18:14.259, 18105 MiB, 48, 110.22 W, 2910 MHz, 13801 MHz, Not Active, Not Active, Not Active, Not Active, Not Active
2026/09/03 01:18:14.459, 18107 MiB, 48, 110.22 W, 2910 MHz, 13801 MHz, Not Active, Not Active, Not Active, Not Active, Not Active
2026/09/03 01:18:14.659, 18107 MiB, 48, 110.71 W, 2910 MHz, 13801 MHz, Not Active, Not Active, Not Active, Not Active, Not Active
2026/09/03 01:18:14.859, 18107 MiB, 48, 110.71 W, 2910 MHz, 13801 MHz, Not Active, Not Active, Not Active, Not Active, Not Active
2026/09/03 01:18:15.059, 18109 MiB, 48, 110.69 W, 2910 MHz, 13801 MHz, Not Active, Not Active, Not Active, Not Active, Not Active
2026/09/03 01:18:15.260, 18109 MiB, 48, 110.69 W, 2910 MHz, 13801 MHz, Not Active, Not Active, Not Active, Not Active, Not Active
2026/09/03 01:18:15.460, 18109 MiB, 48, 110.69 W, 2910 MHz, 13801 MHz, Not Active, Not Active, Not Active, Not Active, Not Active
2026/09/03 01:18:15.660, 18109 MiB, 48, 109.15 W, 2842 MHz, 13801 MHz, Not Active, Not Active, Not Active, Not Active, Not Active
2026/09/03 01:18:15.860, 18109 MiB, 48, 109.15 W, 2842 MHz, 13801 MHz, Not Active, Not Active, Not Active, Not Active, Not Active
2026/09/03 01:18:16.061, 18109 MiB, 48, 106.72 W, 2910 MHz, 13801 MHz, Not Active, Not Active, Not Active, Not Active, Not Active
2026/09/03 01:18:16.261, 18109 MiB, 48, 106.72 W, 2910 MHz, 13801 MHz, Not Active, Not Active, Not Active, Not Active, Not Active
2026/09/03 01:18:16.461, 18109 MiB, 48, 106.72 W, 2910 MHz, 13801 MHz, Not Active, Not Active, Not Active, Not Active, Not Active
2026/09/03 01:18:16.661, 18111 MiB, 48, 107.34 W, 2910 MHz, 13801 MHz, Not Active, Not Active, Not Active, Not Active, Not Active
2026/09/03 01:18:16.862, 18111 MiB, 48, 107.34 W, 2910 MHz, 13801 MHz, Not Active, Not Active, Not Active, Not Active, Not Active
2026/09/03 01:18:17.062, 18113 MiB, 48, 111.11 W, 2910 MHz, 13801 MHz, Not Active, Not Active, Not Active, Not Active, Not Active
2026/09/03 01:18:17.262, 18113 MiB, 48, 111.11 W, 2910 MHz, 13801 MHz, Not Active, Not Active, Not Active, Not Active, Not Active
2026/09/03 01:18:17.462, 18115 MiB, 48, 111.11 W, 2910 MHz, 13801 MHz, Not Active, Not Active, Not Active, Not Active, Not Active
2026/09/03 01:18:17.662, 18115 MiB, 48, 110.66 W, 2910 MHz, 13801 MHz, Not Active, Not Active, Not Active, Not Active, Not Active
2026/09/03 01:18:17.863, 18115 MiB, 48, 110.66 W, 2910 MHz, 13801 MHz, Not Active, Not Active, Not Active, Not Active, Not Active
2026/09/03 01:18:18.063, 18115 MiB, 48, 109.97 W, 2895 MHz, 13801 MHz, Not Active, Not Active, Not Active, Not Active, Not Active
2026/09/03 01:18:18.263, 18117 MiB, 48, 109.97 W, 2895 MHz, 13801 MHz, Not Active, Not Active, Not Active, Not Active, Not Active
2026/09/03 01:18:18.464, 18117 MiB, 48, 109.97 W, 2895 MHz, 13801 MHz, Not Active, Not Active, Not Active, Not Active, Not Active
2026/09/03 01:18:18.664, 18117 MiB, 48, 107.52 W, 2910 MHz, 13801 MHz, Not Active, Not Active, Not Active, Not Active, Not Active
2026/09/03 01:18:18.864, 18117 MiB, 48, 107.52 W, 2910 MHz, 13801 MHz, Not Active, Not Active, Not Active, Not Active, Not Active
2026/09/03 01:18:19.064, 18117 MiB, 48, 108.11 W, 2910 MHz, 13801 MHz, Not Active, Not Active, Not Active, Not Active, Not Active
2026/09/03 01:18:19.264, 18117 MiB, 48, 108.11 W, 2910 MHz, 13801 MHz, Not Active, Not Active, Not Active, Not Active, Not Active
2026/09/03 01:18:19.465, 18117 MiB, 48, 108.11 W, 2910 MHz, 13801 MHz, Not Active, Not Active, Not Active, Not Active, Not Active
2026/09/03 01:18:19.665, 18119 MiB, 48, 109.93 W, 2910 MHz, 13801 MHz, Not Active, Not Active, Not Active, Not Active, Not Active
2026/09/03 01:18:19.865, 18119 MiB, 48, 109.93 W, 2910 MHz, 13801 MHz, Not Active, Not Active, Not Active, Not Active, Not Active
2026/09/03 01:18:20.065, 18121 MiB, 48, 110.28 W, 2910 MHz, 13801 MHz, Not Active, Not Active, Not Active, Not Active, Not Active
2026/09/03 01:18:20.266, 18121 MiB, 48, 110.28 W, 2910 MHz, 13801 MHz, Not Active, Not Active, Not Active, Not Active, Not Active
2026/09/03 01:18:20.466, 18123 MiB, 48, 110.28 W, 2910 MHz, 13801 MHz, Not Active, Not Active, Not Active, Not Active, Not Active
2026/09/03 01:18:20.666, 18123 MiB, 48, 110.06 W, 2910 MHz, 13801 MHz, Not Active, Not Active, Not Active, Not Active, Not Active
2026/09/03 01:18:20.866, 18123 MiB, 48, 110.06 W, 2910 MHz, 13801 MHz, Not Active, Not Active, Not Active, Not Active, Not Active
2026/09/03 01:18:21.066, 18123 MiB, 47, 108.57 W, 2842 MHz, 13801 MHz, Not Active, Not Active, Not Active, Not Active, Not Active
2026/09/03 01:18:21.267, 18123 MiB, 47, 108.57 W, 2842 MHz, 13801 MHz, Not Active, Not Active, Not Active, Not Active, Not Active
2026/09/03 01:18:21.467, 18123 MiB, 47, 108.57 W, 2842 MHz, 13801 MHz, Not Active, Not Active, Not Active, Not Active, Not Active
2026/09/03 01:18:21.667, 18123 MiB, 47, 107.67 W, 2910 MHz, 13801 MHz, Not Active, Not Active, Not Active, Not Active, Not Active
2026/09/03 01:18:21.867, 18123 MiB, 47, 107.67 W, 2910 MHz, 13801 MHz, Not Active, Not Active, Not Active, Not Active, Not Active
2026/09/03 01:18:22.068, 18123 MiB, 47, 109.54 W, 2910 MHz, 13801 MHz, Not Active, Not Active, Not Active, Not Active, Not Active
2026/09/03 01:18:22.268, 18123 MiB, 47, 109.54 W, 2910 MHz, 13801 MHz, Not Active, Not Active, Not Active, Not Active, Not Active
2026/09/03 01:18:22.468, 18125 MiB, 47, 109.54 W, 2910 MHz, 13801 MHz, Not Active, Not Active, Not Active, Not Active, Not Active
2026/09/03 01:18:22.668, 18127 MiB, 47, 110.03 W, 2910 MHz, 13801 MHz, Not Active, Not Active, Not Active, Not Active, Not Active
2026/09/03 01:18:22.869, 18127 MiB, 47, 110.03 W, 2910 MHz, 13801 MHz, Not Active, Not Active, Not Active, Not Active, Not Active
2026/09/03 01:18:23.069, 18129 MiB, 47, 110.14 W, 2910 MHz, 13801 MHz, Not Active, Not Active, Not Active, Not Active, Not Active
2026/09/03 01:18:23.269, 18129 MiB, 47, 110.14 W, 2910 MHz, 13801 MHz, Not Active, Not Active, Not Active, Not Active, Not Active
2026/09/03 01:18:23.469, 18129 MiB, 47, 110.14 W, 2910 MHz, 13801 MHz, Not Active, Not Active, Not Active, Not Active, Not Active
2026/09/03 01:18:23.669, 18129 MiB, 47, 110.22 W, 2910 MHz, 13801 MHz, Not Active, Not Active, Not Active, Not Active, Not Active
2026/09/03 01:18:23.870, 18129 MiB, 47, 110.22 W, 2910 MHz, 13801 MHz, Not Active, Not Active, Not Active, Not Active, Not Active
2026/09/03 01:18:24.070, 18129 MiB, 47, 107.15 W, 2910 MHz, 13801 MHz, Not Active, Not Active, Not Active, Not Active, Not Active
2026/09/03 01:18:24.270, 18129 MiB, 47, 107.15 W, 2910 MHz, 13801 MHz, Not Active, Not Active, Not Active, Not Active, Not Active
2026/09/03 01:18:24.470, 18129 MiB, 47, 107.15 W, 2910 MHz, 13801 MHz, Not Active, Not Active, Not Active, Not Active, Not Active
2026/09/03 01:18:24.670, 18131 MiB, 47, 107.40 W, 2910 MHz, 13801 MHz, Not Active, Not Active, Not Active, Not Active, Not Active
2026/09/03 01:18:24.871, 18131 MiB, 47, 107.40 W, 2910 MHz, 13801 MHz, Not Active, Not Active, Not Active, Not Active, Not Active
2026/09/03 01:18:25.071, 18131 MiB, 47, 110.07 W, 2910 MHz, 13801 MHz, Not Active, Not Active, Not Active, Not Active, Not Active
2026/09/03 01:18:25.271, 18133 MiB, 47, 110.07 W, 2910 MHz, 13801 MHz, Not Active, Not Active, Not Active, Not Active, Not Active
2026/09/03 01:18:25.471, 18133 MiB, 47, 110.07 W, 2910 MHz, 13801 MHz, Not Active, Not Active, Not Active, Not Active, Not Active
2026/09/03 01:18:25.671, 18133 MiB, 47, 109.89 W, 2910 MHz, 13801 MHz, Not Active, Not Active, Not Active, Not Active, Not Active
2026/09/03 01:18:25.872, 18135 MiB, 47, 109.89 W, 2910 MHz, 13801 MHz, Not Active, Not Active, Not Active, Not Active, Not Active
2026/09/03 01:18:26.072, 18135 MiB, 47, 110.20 W, 2910 MHz, 13801 MHz, Not Active, Not Active, Not Active, Not Active, Not Active
2026/09/03 01:18:26.272, 18137 MiB, 47, 110.20 W, 2910 MHz, 13801 MHz, Not Active, Not Active, Not Active, Not Active, Not Active
2026/09/03 01:18:26.472, 18137 MiB, 47, 110.20 W, 2910 MHz, 13801 MHz, Not Active, Not Active, Not Active, Not Active, Not Active
2026/09/03 01:18:26.673, 18137 MiB, 47, 108.15 W, 2887 MHz, 13801 MHz, Not Active, Not Active, Not Active, Not Active, Not Active
2026/09/03 01:18:26.873, 18137 MiB, 47, 108.15 W, 2887 MHz, 13801 MHz, Not Active, Not Active, Not Active, Not Active, Not Active
2026/09/03 01:18:27.073, 18137 MiB, 47, 107.83 W, 2910 MHz, 13801 MHz, Not Active, Not Active, Not Active, Not Active, Not Active
2026/09/03 01:18:27.273, 18137 MiB, 47, 107.83 W, 2910 MHz, 13801 MHz, Not Active, Not Active, Not Active, Not Active, Not Active
2026/09/03 01:18:27.473, 18137 MiB, 47, 107.83 W, 2910 MHz, 13801 MHz, Not Active, Not Active, Not Active, Not Active, Not Active
2026/09/03 01:18:27.674, 18137 MiB, 47, 109.41 W, 2910 MHz, 13801 MHz, Not Active, Not Active, Not Active, Not Active, Not Active
2026/09/03 01:18:27.874, 18139 MiB, 47, 109.41 W, 2910 MHz, 13801 MHz, Not Active, Not Active, Not Active, Not Active, Not Active
2026/09/03 01:18:28.074, 18141 MiB, 47, 109.57 W, 2910 MHz, 13801 MHz, Not Active, Not Active, Not Active, Not Active, Not Active
2026/09/03 01:18:28.274, 18141 MiB, 47, 109.57 W, 2910 MHz, 13801 MHz, Not Active, Not Active, Not Active, Not Active, Not Active
2026/09/03 01:18:28.474, 18141 MiB, 47, 109.57 W, 2910 MHz, 13801 MHz, Not Active, Not Active, Not Active, Not Active, Not Active
2026/09/03 01:18:28.675, 18143 MiB, 47, 109.69 W, 2910 MHz, 13801 MHz, Not Active, Not Active, Not Active, Not Active, Not Active
2026/09/03 01:18:28.875, 18143 MiB, 47, 109.69 W, 2910 MHz, 13801 MHz, Not Active, Not Active, Not Active, Not Active, Not Active
2026/09/03 01:18:29.075, 18143 MiB, 46, 108.43 W, 2842 MHz, 13801 MHz, Not Active, Not Active, Not Active, Not Active, Not Active
2026/09/03 01:18:29.276, 18143 MiB, 46, 108.43 W, 2842 MHz, 13801 MHz, Not Active, Not Active, Not Active, Not Active, Not Active
2026/09/03 01:18:29.476, 18143 MiB, 46, 108.43 W, 2842 MHz, 13801 MHz, Not Active, Not Active, Not Active, Not Active, Not Active
2026/09/03 01:18:29.676, 18143 MiB, 46, 107.70 W, 2910 MHz, 13801 MHz, Not Active, Not Active, Not Active, Not Active, Not Active
2026/09/03 01:18:29.876, 18143 MiB, 46, 107.70 W, 2910 MHz, 13801 MHz, Not Active, Not Active, Not Active, Not Active, Not Active
2026/09/03 01:18:30.076, 18143 MiB, 47, 109.37 W, 2910 MHz, 13801 MHz, Not Active, Not Active, Not Active, Not Active, Not Active
2026/09/03 01:18:30.277, 18145 MiB, 47, 109.37 W, 2910 MHz, 13801 MHz, Not Active, Not Active, Not Active, Not Active, Not Active
2026/09/03 01:18:30.477, 18145 MiB, 47, 109.37 W, 2910 MHz, 13801 MHz, Not Active, Not Active, Not Active, Not Active, Not Active
2026/09/03 01:18:30.677, 18145 MiB, 46, 110.60 W, 2910 MHz, 13801 MHz, Not Active, Not Active, Not Active, Not Active, Not Active
2026/09/03 01:18:30.877, 18147 MiB, 46, 110.60 W, 2910 MHz, 13801 MHz, Not Active, Not Active, Not Active, Not Active, Not Active
2026/09/03 01:18:31.078, 18147 MiB, 46, 110.05 W, 2910 MHz, 13801 MHz, Not Active, Not Active, Not Active, Not Active, Not Active
2026/09/03 01:18:31.278, 18149 MiB, 46, 110.05 W, 2910 MHz, 13801 MHz, Not Active, Not Active, Not Active, Not Active, Not Active
2026/09/03 01:18:31.478, 18149 MiB, 46, 110.05 W, 2910 MHz, 13801 MHz, Not Active, Not Active, Not Active, Not Active, Not Active
2026/09/03 01:18:31.678, 18149 MiB, 46, 109.78 W, 2910 MHz, 13801 MHz, Not Active, Not Active, Not Active, Not Active, Not Active
2026/09/03 01:18:31.878, 18149 MiB, 46, 109.78 W, 2910 MHz, 13801 MHz, Not Active, Not Active, Not Active, Not Active, Not Active
2026/09/03 01:18:32.079, 18149 MiB, 46, 107.36 W, 2910 MHz, 13801 MHz, Not Active, Not Active, Not Active, Not Active, Not Active
2026/09/03 01:18:32.279, 18149 MiB, 46, 107.36 W, 2910 MHz, 13801 MHz, Not Active, Not Active, Not Active, Not Active, Not Active
2026/09/03 01:18:32.479, 18149 MiB, 46, 107.36 W, 2910 MHz, 13801 MHz, Not Active, Not Active, Not Active, Not Active, Not Active
2026/09/03 01:18:32.679, 18151 MiB, 46, 107.46 W, 2910 MHz, 13801 MHz, Not Active, Not Active, Not Active, Not Active, Not Active
2026/09/03 01:18:32.880, 18151 MiB, 46, 107.46 W, 2910 MHz, 13801 MHz, Not Active, Not Active, Not Active, Not Active, Not Active
2026/09/03 01:18:33.080, 18151 MiB, 46, 109.66 W, 2910 MHz, 13801 MHz, Not Active, Not Active, Not Active, Not Active, Not Active
2026/09/03 01:18:33.280, 18153 MiB, 46, 109.66 W, 2910 MHz, 13801 MHz, Not Active, Not Active, Not Active, Not Active, Not Active
2026/09/03 01:18:33.480, 18153 MiB, 46, 109.66 W, 2910 MHz, 13801 MHz, Not Active, Not Active, Not Active, Not Active, Not Active
2026/09/03 01:18:33.681, 18155 MiB, 46, 110.10 W, 2910 MHz, 13801 MHz, Not Active, Not Active, Not Active, Not Active, Not Active
2026/09/03 01:18:33.881, 18155 MiB, 46, 110.10 W, 2910 MHz, 13801 MHz, Not Active, Not Active, Not Active, Not Active, Not Active
2026/09/03 01:18:34.081, 18155 MiB, 46, 109.58 W, 2902 MHz, 13801 MHz, Not Active, Not Active, Not Active, Not Active, Not Active
2026/09/03 01:18:34.281, 18157 MiB, 46, 109.58 W, 2902 MHz, 13801 MHz, Not Active, Not Active, Not Active, Not Active, Not Active
2026/09/03 01:18:34.481, 18157 MiB, 46, 109.58 W, 2902 MHz, 13801 MHz, Not Active, Not Active, Not Active, Not Active, Not Active
2026/09/03 01:18:34.682, 18157 MiB, 46, 107.79 W, 2842 MHz, 13801 MHz, Not Active, Not Active, Not Active, Not Active, Not Active
2026/09/03 01:18:34.882, 18157 MiB, 46, 107.79 W, 2842 MHz, 13801 MHz, Not Active, Not Active, Not Active, Not Active, Not Active
2026/09/03 01:18:35.082, 18157 MiB, 46, 107.06 W, 2910 MHz, 13801 MHz, Not Active, Not Active, Not Active, Not Active, Not Active
2026/09/03 01:18:35.283, 18157 MiB, 46, 107.06 W, 2910 MHz, 13801 MHz, Not Active, Not Active, Not Active, Not Active, Not Active
2026/09/03 01:18:35.483, 18157 MiB, 46, 107.06 W, 2910 MHz, 13801 MHz, Not Active, Not Active, Not Active, Not Active, Not Active
2026/09/03 01:18:35.683, 18159 MiB, 46, 109.01 W, 2910 MHz, 13801 MHz, Not Active, Not Active, Not Active, Not Active, Not Active
2026/09/03 01:18:35.883, 18159 MiB, 46, 109.01 W, 2910 MHz, 13801 MHz, Not Active, Not Active, Not Active, Not Active, Not Active
2026/09/03 01:18:36.083, 18161 MiB, 46, 109.89 W, 2910 MHz, 13801 MHz, Not Active, Not Active, Not Active, Not Active, Not Active
2026/09/03 01:18:36.284, 18161 MiB, 46, 109.89 W, 2910 MHz, 13801 MHz, Not Active, Not Active, Not Active, Not Active, Not Active
2026/09/03 01:18:36.484, 18163 MiB, 46, 109.89 W, 2910 MHz, 13801 MHz, Not Active, Not Active, Not Active, Not Active, Not Active
2026/09/03 01:18:36.684, 18163 MiB, 46, 109.82 W, 2910 MHz, 13801 MHz, Not Active, Not Active, Not Active, Not Active, Not Active
2026/09/03 01:18:36.884, 18163 MiB, 46, 109.82 W, 2910 MHz, 13801 MHz, Not Active, Not Active, Not Active, Not Active, Not Active
2026/09/03 01:18:37.085, 18163 MiB, 46, 108.67 W, 2910 MHz, 13801 MHz, Not Active, Not Active, Not Active, Not Active, Not Active
2026/09/03 01:18:37.285, 18163 MiB, 46, 108.67 W, 2910 MHz, 13801 MHz, Not Active, Not Active, Not Active, Not Active, Not Active
2026/09/03 01:18:37.485, 18163 MiB, 46, 108.67 W, 2910 MHz, 13801 MHz, Not Active, Not Active, Not Active, Not Active, Not Active
2026/09/03 01:18:37.685, 18163 MiB, 46, 107.11 W, 2910 MHz, 13801 MHz, Not Active, Not Active, Not Active, Not Active, Not Active
2026/09/03 01:18:37.885, 18163 MiB, 46, 107.11 W, 2910 MHz, 13801 MHz, Not Active, Not Active, Not Active, Not Active, Not Active
2026/09/03 01:18:38.086, 18163 MiB, 46, 107.45 W, 2910 MHz, 13801 MHz, Not Active, Not Active, Not Active, Not Active, Not Active
2026/09/03 01:18:38.286, 18163 MiB, 46, 107.45 W, 2910 MHz, 13801 MHz, Not Active, Not Active, Not Active, Not Active, Not Active
2026/09/03 01:18:38.486, 18165 MiB, 46, 107.45 W, 2910 MHz, 13801 MHz, Not Active, Not Active, Not Active, Not Active, Not Active
2026/09/03 01:18:38.686, 18165 MiB, 46, 109.84 W, 2910 MHz, 13801 MHz, Not Active, Not Active, Not Active, Not Active, Not Active
2026/09/03 01:18:38.887, 18167 MiB, 46, 109.84 W, 2910 MHz, 13801 MHz, Not Active, Not Active, Not Active, Not Active, Not Active
2026/09/03 01:18:39.087, 18167 MiB, 46, 109.64 W, 2910 MHz, 13801 MHz, Not Active, Not Active, Not Active, Not Active, Not Active
2026/09/03 01:18:39.287, 18167 MiB, 46, 109.64 W, 2910 MHz, 13801 MHz, Not Active, Not Active, Not Active, Not Active, Not Active
2026/09/03 01:18:39.487, 18169 MiB, 46, 109.64 W, 2910 MHz, 13801 MHz, Not Active, Not Active, Not Active, Not Active, Not Active
2026/09/03 01:18:39.688, 18169 MiB, 46, 109.59 W, 2910 MHz, 13801 MHz, Not Active, Not Active, Not Active, Not Active, Not Active
2026/09/03 01:18:39.888, 18169 MiB, 46, 109.59 W, 2910 MHz, 13801 MHz, Not Active, Not Active, Not Active, Not Active, Not Active
2026/09/03 01:18:40.088, 18169 MiB, 46, 107.37 W, 2910 MHz, 13801 MHz, Not Active, Not Active, Not Active, Not Active, Not Active
2026/09/03 01:18:40.288, 18169 MiB, 46, 107.37 W, 2910 MHz, 13801 MHz, Not Active, Not Active, Not Active, Not Active, Not Active
2026/09/03 01:18:40.489, 18169 MiB, 46, 107.37 W, 2910 MHz, 13801 MHz, Not Active, Not Active, Not Active, Not Active, Not Active
2026/09/03 01:18:40.689, 18169 MiB, 46, 106.74 W, 2910 MHz, 13801 MHz, Not Active, Not Active, Not Active, Not Active, Not Active
2026/09/03 01:18:40.889, 18169 MiB, 46, 106.74 W, 2910 MHz, 13801 MHz, Not Active, Not Active, Not Active, Not Active, Not Active
2026/09/03 01:18:41.089, 18169 MiB, 46, 109.30 W, 2910 MHz, 13801 MHz, Not Active, Not Active, Not Active, Not Active, Not Active
2026/09/03 01:18:41.290, 18173 MiB, 46, 109.30 W, 2910 MHz, 13801 MHz, Not Active, Not Active, Not Active, Not Active, Not Active
2026/09/03 01:18:41.490, 18173 MiB, 46, 109.30 W, 2910 MHz, 13801 MHz, Not Active, Not Active, Not Active, Not Active, Not Active
2026/09/03 01:18:41.690, 18173 MiB, 45, 109.89 W, 2910 MHz, 13801 MHz, Not Active, Not Active, Not Active, Not Active, Not Active
2026/09/03 01:18:41.890, 18175 MiB, 45, 109.89 W, 2910 MHz, 13801 MHz, Not Active, Not Active, Not Active, Not Active, Not Active
2026/09/03 01:18:42.091, 18175 MiB, 46, 109.62 W, 2910 MHz, 13801 MHz, Not Active, Not Active, Not Active, Not Active, Not Active
2026/09/03 01:18:42.291, 18175 MiB, 46, 109.62 W, 2910 MHz, 13801 MHz, Not Active, Not Active, Not Active, Not Active, Not Active
2026/09/03 01:18:42.491, 18175 MiB, 46, 109.62 W, 2910 MHz, 13801 MHz, Not Active, Not Active, Not Active, Not Active, Not Active
2026/09/03 01:18:42.691, 18175 MiB, 45, 107.97 W, 2842 MHz, 13801 MHz, Not Active, Not Active, Not Active, Not Active, Not Active
2026/09/03 01:18:42.892, 18175 MiB, 45, 107.97 W, 2842 MHz, 13801 MHz, Not Active, Not Active, Not Active, Not Active, Not Active
2026/09/03 01:18:43.092, 18175 MiB, 45, 106.76 W, 2910 MHz, 13801 MHz, Not Active, Not Active, Not Active, Not Active, Not Active
2026/09/03 01:18:43.292, 18175 MiB, 45, 106.76 W, 2910 MHz, 13801 MHz, Not Active, Not Active, Not Active, Not Active, Not Active
2026/09/03 01:18:43.492, 18175 MiB, 45, 106.76 W, 2910 MHz, 13801 MHz, Not Active, Not Active, Not Active, Not Active, Not Active
2026/09/03 01:18:43.692, 18175 MiB, 45, 107.88 W, 2910 MHz, 13801 MHz, Not Active, Not Active, Not Active, Not Active, Not Active
2026/09/03 01:18:43.893, 18179 MiB, 45, 107.88 W, 2910 MHz, 13801 MHz, Not Active, Not Active, Not Active, Not Active, Not Active
2026/09/03 01:18:44.093, 18179 MiB, 45, 109.54 W, 2910 MHz, 13801 MHz, Not Active, Not Active, Not Active, Not Active, Not Active
2026/09/03 01:18:44.293, 18179 MiB, 45, 109.54 W, 2910 MHz, 13801 MHz, Not Active, Not Active, Not Active, Not Active, Not Active
2026/09/03 01:18:44.493, 18179 MiB, 45, 109.54 W, 2910 MHz, 13801 MHz, Not Active, Not Active, Not Active, Not Active, Not Active
2026/09/03 01:18:44.694, 18181 MiB, 45, 108.98 W, 2910 MHz, 13801 MHz, Not Active, Not Active, Not Active, Not Active, Not Active
2026/09/03 01:18:44.894, 18181 MiB, 45, 108.98 W, 2910 MHz, 13801 MHz, Not Active, Not Active, Not Active, Not Active, Not Active
2026/09/03 01:18:45.094, 18183 MiB, 45, 109.06 W, 2910 MHz, 13801 MHz, Not Active, Not Active, Not Active, Not Active, Not Active
2026/09/03 01:18:45.294, 18183 MiB, 45, 109.06 W, 2910 MHz, 13801 MHz, Not Active, Not Active, Not Active, Not Active, Not Active
2026/09/03 01:18:45.494, 18183 MiB, 45, 109.06 W, 2910 MHz, 13801 MHz, Not Active, Not Active, Not Active, Not Active, Not Active
2026/09/03 01:18:45.695, 18183 MiB, 45, 106.49 W, 2910 MHz, 13801 MHz, Not Active, Not Active, Not Active, Not Active, Not Active
2026/09/03 01:18:45.895, 18183 MiB, 45, 106.49 W, 2910 MHz, 13801 MHz, Not Active, Not Active, Not Active, Not Active, Not Active
2026/09/03 01:18:46.095, 18183 MiB, 45, 106.95 W, 2910 MHz, 13801 MHz, Not Active, Not Active, Not Active, Not Active, Not Active
2026/09/03 01:18:46.295, 18183 MiB, 45, 106.95 W, 2910 MHz, 13801 MHz, Not Active, Not Active, Not Active, Not Active, Not Active
2026/09/03 01:18:46.496, 18185 MiB, 45, 106.95 W, 2910 MHz, 13801 MHz, Not Active, Not Active, Not Active, Not Active, Not Active
2026/09/03 01:18:46.696, 18187 MiB, 45, 109.89 W, 2910 MHz, 13801 MHz, Not Active, Not Active, Not Active, Not Active, Not Active
2026/09/03 01:18:46.896, 18187 MiB, 45, 109.89 W, 2910 MHz, 13801 MHz, Not Active, Not Active, Not Active, Not Active, Not Active
2026/09/03 01:18:47.096, 18187 MiB, 45, 109.42 W, 2910 MHz, 13801 MHz, Not Active, Not Active, Not Active, Not Active, Not Active
2026/09/03 01:18:47.297, 18187 MiB, 45, 109.42 W, 2910 MHz, 13801 MHz, Not Active, Not Active, Not Active, Not Active, Not Active
2026/09/03 01:18:47.497, 18189 MiB, 45, 109.42 W, 2910 MHz, 13801 MHz, Not Active, Not Active, Not Active, Not Active, Not Active
2026/09/03 01:18:47.697, 18189 MiB, 45, 108.97 W, 2910 MHz, 13801 MHz, Not Active, Not Active, Not Active, Not Active, Not Active
2026/09/03 01:18:47.897, 18189 MiB, 45, 108.97 W, 2910 MHz, 13801 MHz, Not Active, Not Active, Not Active, Not Active, Not Active
2026/09/03 01:18:48.098, 18189 MiB, 45, 107.26 W, 2842 MHz, 13801 MHz, Not Active, Not Active, Not Active, Not Active, Not Active
2026/09/03 01:18:48.298, 18189 MiB, 45, 107.26 W, 2842 MHz, 13801 MHz, Not Active, Not Active, Not Active, Not Active, Not Active
2026/09/03 01:18:48.498, 18189 MiB, 45, 107.26 W, 2842 MHz, 13801 MHz, Not Active, Not Active, Not Active, Not Active, Not Active
2026/09/03 01:18:48.698, 18189 MiB, 45, 106.93 W, 2910 MHz, 13801 MHz, Not Active, Not Active, Not Active, Not Active, Not Active
2026/09/03 01:18:48.899, 18191 MiB, 45, 106.93 W, 2910 MHz, 13801 MHz, Not Active, Not Active, Not Active, Not Active, Not Active
2026/09/03 01:18:49.099, 18191 MiB, 45, 108.14 W, 2910 MHz, 13801 MHz, Not Active, Not Active, Not Active, Not Active, Not Active
2026/09/03 01:18:49.299, 18193 MiB, 45, 108.14 W, 2910 MHz, 13801 MHz, Not Active, Not Active, Not Active, Not Active, Not Active
2026/09/03 01:18:49.499, 18193 MiB, 45, 108.14 W, 2910 MHz, 13801 MHz, Not Active, Not Active, Not Active, Not Active, Not Active
2026/09/03 01:18:49.699, 18193 MiB, 45, 109.12 W, 2910 MHz, 13801 MHz, Not Active, Not Active, Not Active, Not Active, Not Active
2026/09/03 01:18:49.900, 18195 MiB, 45, 109.12 W, 2910 MHz, 13801 MHz, Not Active, Not Active, Not Active, Not Active, Not Active
2026/09/03 01:18:50.100, 18195 MiB, 45, 109.18 W, 2910 MHz, 13801 MHz, Not Active, Not Active, Not Active, Not Active, Not Active
2026/09/03 01:18:50.300, 18195 MiB, 45, 109.18 W, 2910 MHz, 13801 MHz, Not Active, Not Active, Not Active, Not Active, Not Active
2026/09/03 01:18:50.500, 18195 MiB, 45, 109.18 W, 2910 MHz, 13801 MHz, Not Active, Not Active, Not Active, Not Active, Not Active
2026/09/03 01:18:50.700, 18195 MiB, 45, 107.58 W, 2872 MHz, 13801 MHz, Not Active, Not Active, Not Active, Not Active, Not Active
2026/09/03 01:18:50.901, 18195 MiB, 45, 107.58 W, 2872 MHz, 13801 MHz, Not Active, Not Active, Not Active, Not Active, Not Active
2026/09/03 01:18:51.101, 18195 MiB, 45, 106.72 W, 2910 MHz, 13801 MHz, Not Active, Not Active, Not Active, Not Active, Not Active
2026/09/03 01:18:51.301, 18195 MiB, 45, 106.72 W, 2910 MHz, 13801 MHz, Not Active, Not Active, Not Active, Not Active, Not Active
2026/09/03 01:18:51.501, 18195 MiB, 45, 106.72 W, 2910 MHz, 13801 MHz, Not Active, Not Active, Not Active, Not Active, Not Active
2026/09/03 01:18:51.701, 18195 MiB, 45, 108.47 W, 2910 MHz, 13801 MHz, Not Active, Not Active, Not Active, Not Active, Not Active
2026/09/03 01:18:51.902, 18197 MiB, 45, 108.47 W, 2910 MHz, 13801 MHz, Not Active, Not Active, Not Active, Not Active, Not Active
2026/09/03 01:18:52.102, 18199 MiB, 45, 108.79 W, 2910 MHz, 13801 MHz, Not Active, Not Active, Not Active, Not Active, Not Active
2026/09/03 01:18:52.302, 18199 MiB, 45, 108.79 W, 2910 MHz, 13801 MHz, Not Active, Not Active, Not Active, Not Active, Not Active
2026/09/03 01:18:52.503, 18201 MiB, 45, 108.79 W, 2910 MHz, 13801 MHz, Not Active, Not Active, Not Active, Not Active, Not Active
2026/09/03 01:18:52.703, 18201 MiB, 45, 108.79 W, 2910 MHz, 13801 MHz, Not Active, Not Active, Not Active, Not Active, Not Active
2026/09/03 01:18:52.903, 18201 MiB, 45, 108.79 W, 2910 MHz, 13801 MHz, Not Active, Not Active, Not Active, Not Active, Not Active
2026/09/03 01:18:53.103, 18201 MiB, 45, 108.97 W, 2910 MHz, 13801 MHz, Not Active, Not Active, Not Active, Not Active, Not Active
2026/09/03 01:18:53.303, 18201 MiB, 45, 108.97 W, 2910 MHz, 13801 MHz, Not Active, Not Active, Not Active, Not Active, Not Active
2026/09/03 01:18:53.504, 18201 MiB, 45, 108.97 W, 2910 MHz, 13801 MHz, Not Active, Not Active, Not Active, Not Active, Not Active
2026/09/03 01:18:53.704, 18201 MiB, 44, 106.87 W, 2910 MHz, 13801 MHz, Not Active, Not Active, Not Active, Not Active, Not Active
2026/09/03 01:18:53.904, 18203 MiB, 44, 106.87 W, 2910 MHz, 13801 MHz, Not Active, Not Active, Not Active, Not Active, Not Active
2026/09/03 01:18:54.104, 18203 MiB, 45, 106.71 W, 2910 MHz, 13801 MHz, Not Active, Not Active, Not Active, Not Active, Not Active
2026/09/03 01:18:54.304, 18203 MiB, 45, 106.71 W, 2910 MHz, 13801 MHz, Not Active, Not Active, Not Active, Not Active, Not Active
2026/09/03 01:18:54.505, 18205 MiB, 45, 106.71 W, 2910 MHz, 13801 MHz, Not Active, Not Active, Not Active, Not Active, Not Active
2026/09/03 01:18:54.705, 18205 MiB, 45, 109.00 W, 2910 MHz, 13801 MHz, Not Active, Not Active, Not Active, Not Active, Not Active
2026/09/03 01:18:54.905, 18205 MiB, 45, 109.00 W, 2910 MHz, 13801 MHz, Not Active, Not Active, Not Active, Not Active, Not Active
2026/09/03 01:18:55.105, 18207 MiB, 45, 108.71 W, 2910 MHz, 13801 MHz, Not Active, Not Active, Not Active, Not Active, Not Active
2026/09/03 01:18:55.305, 18207 MiB, 45, 108.71 W, 2910 MHz, 13801 MHz, Not Active, Not Active, Not Active, Not Active, Not Active
2026/09/03 01:18:55.506, 18207 MiB, 45, 108.71 W, 2910 MHz, 13801 MHz, Not Active, Not Active, Not Active, Not Active, Not Active
2026/09/03 01:18:55.706, 18207 MiB, 45, 108.65 W, 2910 MHz, 13801 MHz, Not Active, Not Active, Not Active, Not Active, Not Active
2026/09/03 01:18:55.906, 18209 MiB, 45, 108.65 W, 2910 MHz, 13801 MHz, Not Active, Not Active, Not Active, Not Active, Not Active
2026/09/03 01:18:56.106, 18209 MiB, 44, 107.42 W, 2842 MHz, 13801 MHz, Not Active, Not Active, Not Active, Not Active, Not Active
2026/09/03 01:18:56.307, 18209 MiB, 44, 107.42 W, 2842 MHz, 13801 MHz, Not Active, Not Active, Not Active, Not Active, Not Active
2026/09/03 01:18:56.507, 18209 MiB, 44, 107.42 W, 2842 MHz, 13801 MHz, Not Active, Not Active, Not Active, Not Active, Not Active
2026/09/03 01:18:56.707, 18209 MiB, 44, 106.76 W, 2910 MHz, 13801 MHz, Not Active, Not Active, Not Active, Not Active, Not Active
2026/09/03 01:18:56.907, 18209 MiB, 44, 106.76 W, 2910 MHz, 13801 MHz, Not Active, Not Active, Not Active, Not Active, Not Active
2026/09/03 01:18:57.107, 18209 MiB, 44, 108.65 W, 2910 MHz, 13801 MHz, Not Active, Not Active, Not Active, Not Active, Not Active
2026/09/03 01:18:57.308, 18209 MiB, 44, 108.65 W, 2910 MHz, 13801 MHz, Not Active, Not Active, Not Active, Not Active, Not Active
2026/09/03 01:18:57.508, 18209 MiB, 44, 108.65 W, 2910 MHz, 13801 MHz, Not Active, Not Active, Not Active, Not Active, Not Active
2026/09/03 01:18:57.708, 18211 MiB, 44, 108.70 W, 2910 MHz, 13801 MHz, Not Active, Not Active, Not Active, Not Active, Not Active
2026/09/03 01:18:57.908, 18211 MiB, 44, 108.70 W, 2910 MHz, 13801 MHz, Not Active, Not Active, Not Active, Not Active, Not Active
2026/09/03 01:18:58.109, 18213 MiB, 44, 108.76 W, 2910 MHz, 13801 MHz, Not Active, Not Active, Not Active, Not Active, Not Active
2026/09/03 01:18:58.309, 18213 MiB, 44, 108.76 W, 2910 MHz, 13801 MHz, Not Active, Not Active, Not Active, Not Active, Not Active
2026/09/03 01:18:58.509, 18215 MiB, 44, 108.76 W, 2910 MHz, 13801 MHz, Not Active, Not Active, Not Active, Not Active, Not Active
2026/09/03 01:18:58.709, 18215 MiB, 44, 108.86 W, 2910 MHz, 13801 MHz, Not Active, Not Active, Not Active, Not Active, Not Active
2026/09/03 01:18:58.909, 18215 MiB, 44, 108.86 W, 2910 MHz, 13801 MHz, Not Active, Not Active, Not Active, Not Active, Not Active
2026/09/03 01:18:59.109, 18215 MiB, 44, 105.70 W, 2910 MHz, 13801 MHz, Not Active, Not Active, Not Active, Not Active, Not Active
2026/09/03 01:18:59.310, 18215 MiB, 44, 105.70 W, 2910 MHz, 13801 MHz, Not Active, Not Active, Not Active, Not Active, Not Active
2026/09/03 01:18:59.510, 18215 MiB, 44, 105.70 W, 2910 MHz, 13801 MHz, Not Active, Not Active, Not Active, Not Active, Not Active
2026/09/03 01:18:59.710, 18217 MiB, 44, 105.78 W, 2910 MHz, 13801 MHz, Not Active, Not Active, Not Active, Not Active, Not Active
2026/09/03 01:18:59.910, 18217 MiB, 44, 105.78 W, 2910 MHz, 13801 MHz, Not Active, Not Active, Not Active, Not Active, Not Active
2026/09/03 01:19:00.111, 18219 MiB, 44, 109.26 W, 2910 MHz, 13801 MHz, Not Active, Not Active, Not Active, Not Active, Not Active
2026/09/03 01:19:00.311, 18219 MiB, 44, 109.26 W, 2910 MHz, 13801 MHz, Not Active, Not Active, Not Active, Not Active, Not Active
2026/09/03 01:19:00.511, 18219 MiB, 44, 109.26 W, 2910 MHz, 13801 MHz, Not Active, Not Active, Not Active, Not Active, Not Active
2026/09/03 01:19:00.711, 18219 MiB, 44, 108.65 W, 2910 MHz, 13801 MHz, Not Active, Not Active, Not Active, Not Active, Not Active
2026/09/03 01:19:00.911, 18221 MiB, 44, 108.65 W, 2910 MHz, 13801 MHz, Not Active, Not Active, Not Active, Not Active, Not Active
2026/09/03 01:19:01.112, 18221 MiB, 44, 108.77 W, 2910 MHz, 13801 MHz, Not Active, Not Active, Not Active, Not Active, Not Active
2026/09/03 01:19:01.312, 18221 MiB, 44, 108.77 W, 2910 MHz, 13801 MHz, Not Active, Not Active, Not Active, Not Active, Not Active
2026/09/03 01:19:01.512, 18221 MiB, 44, 108.77 W, 2910 MHz, 13801 MHz, Not Active, Not Active, Not Active, Not Active, Not Active
2026/09/03 01:19:01.712, 18221 MiB, 44, 106.93 W, 2842 MHz, 13801 MHz, Not Active, Not Active, Not Active, Not Active, Not Active
2026/09/03 01:19:01.913, 18221 MiB, 44, 106.93 W, 2842 MHz, 13801 MHz, Not Active, Not Active, Not Active, Not Active, Not Active
2026/09/03 01:19:02.113, 18221 MiB, 44, 105.91 W, 2910 MHz, 13801 MHz, Not Active, Not Active, Not Active, Not Active, Not Active
2026/09/03 01:19:02.313, 18223 MiB, 44, 105.91 W, 2910 MHz, 13801 MHz, Not Active, Not Active, Not Active, Not Active, Not Active
2026/09/03 01:19:02.513, 18223 MiB, 44, 105.91 W, 2910 MHz, 13801 MHz, Not Active, Not Active, Not Active, Not Active, Not Active
2026/09/03 01:19:02.714, 18223 MiB, 44, 107.30 W, 2910 MHz, 13801 MHz, Not Active, Not Active, Not Active, Not Active, Not Active
2026/09/03 01:19:02.914, 18225 MiB, 44, 107.30 W, 2910 MHz, 13801 MHz, Not Active, Not Active, Not Active, Not Active, Not Active
2026/09/03 01:19:03.114, 18227 MiB, 44, 108.42 W, 2910 MHz, 13801 MHz, Not Active, Not Active, Not Active, Not Active, Not Active
2026/09/03 01:19:03.314, 18227 MiB, 44, 108.42 W, 2910 MHz, 13801 MHz, Not Active, Not Active, Not Active, Not Active, Not Active
2026/09/03 01:19:03.515, 18227 MiB, 44, 108.42 W, 2910 MHz, 13801 MHz, Not Active, Not Active, Not Active, Not Active, Not Active
2026/09/03 01:19:03.715, 18227 MiB, 44, 108.49 W, 2910 MHz, 13801 MHz, Not Active, Not Active, Not Active, Not Active, Not Active
2026/09/03 01:19:03.915, 18227 MiB, 44, 108.49 W, 2910 MHz, 13801 MHz, Not Active, Not Active, Not Active, Not Active, Not Active
2026/09/03 01:19:04.115, 18227 MiB, 44, 107.08 W, 2887 MHz, 13801 MHz, Not Active, Not Active, Not Active, Not Active, Not Active
2026/09/03 01:19:04.316, 18227 MiB, 44, 107.08 W, 2887 MHz, 13801 MHz, Not Active, Not Active, Not Active, Not Active, Not Active
2026/09/03 01:19:04.516, 18227 MiB, 44, 107.08 W, 2887 MHz, 13801 MHz, Not Active, Not Active, Not Active, Not Active, Not Active
2026/09/03 01:19:04.716, 18229 MiB, 44, 104.99 W, 2910 MHz, 13801 MHz, Not Active, Not Active, Not Active, Not Active, Not Active
2026/09/03 01:19:04.917, 18229 MiB, 44, 104.99 W, 2910 MHz, 13801 MHz, Not Active, Not Active, Not Active, Not Active, Not Active
2026/09/03 01:19:05.117, 18229 MiB, 44, 107.09 W, 2910 MHz, 13801 MHz, Not Active, Not Active, Not Active, Not Active, Not Active
2026/09/03 01:19:05.317, 18229 MiB, 44, 107.09 W, 2910 MHz, 13801 MHz, Not Active, Not Active, Not Active, Not Active, Not Active
2026/09/03 01:19:05.517, 18231 MiB, 44, 107.09 W, 2910 MHz, 13801 MHz, Not Active, Not Active, Not Active, Not Active, Not Active
2026/09/03 01:19:05.718, 18231 MiB, 44, 109.00 W, 2910 MHz, 13801 MHz, Not Active, Not Active, Not Active, Not Active, Not Active
2026/09/03 01:19:05.918, 18233 MiB, 44, 109.00 W, 2910 MHz, 13801 MHz, Not Active, Not Active, Not Active, Not Active, Not Active
2026/09/03 01:19:06.118, 18233 MiB, 44, 108.21 W, 2910 MHz, 13801 MHz, Not Active, Not Active, Not Active, Not Active, Not Active
2026/09/03 01:19:06.318, 18233 MiB, 44, 108.21 W, 2910 MHz, 13801 MHz, Not Active, Not Active, Not Active, Not Active, Not Active
2026/09/03 01:19:06.518, 18233 MiB, 44, 108.21 W, 2910 MHz, 13801 MHz, Not Active, Not Active, Not Active, Not Active, Not Active
2026/09/03 01:19:06.719, 18235 MiB, 44, 108.77 W, 2910 MHz, 13801 MHz, Not Active, Not Active, Not Active, Not Active, Not Active
2026/09/03 01:19:06.919, 18235 MiB, 44, 108.77 W, 2910 MHz, 13801 MHz, Not Active, Not Active, Not Active, Not Active, Not Active
2026/09/03 01:19:07.119, 18235 MiB, 44, 106.72 W, 2872 MHz, 13801 MHz, Not Active, Not Active, Not Active, Not Active, Not Active
2026/09/03 01:19:07.319, 18235 MiB, 44, 106.72 W, 2872 MHz, 13801 MHz, Not Active, Not Active, Not Active, Not Active, Not Active
2026/09/03 01:19:07.520, 18235 MiB, 44, 106.72 W, 2872 MHz, 13801 MHz, Not Active, Not Active, Not Active, Not Active, Not Active
2026/09/03 01:19:07.720, 18235 MiB, 44, 106.19 W, 2910 MHz, 13801 MHz, Not Active, Not Active, Not Active, Not Active, Not Active
2026/09/03 01:19:07.920, 18237 MiB, 44, 106.19 W, 2910 MHz, 13801 MHz, Not Active, Not Active, Not Active, Not Active, Not Active
2026/09/03 01:19:08.120, 18237 MiB, 44, 107.47 W, 2910 MHz, 13801 MHz, Not Active, Not Active, Not Active, Not Active, Not Active
2026/09/03 01:19:08.320, 18237 MiB, 44, 107.47 W, 2910 MHz, 13801 MHz, Not Active, Not Active, Not Active, Not Active, Not Active
2026/09/03 01:19:08.521, 18239 MiB, 44, 107.47 W, 2910 MHz, 13801 MHz, Not Active, Not Active, Not Active, Not Active, Not Active
2026/09/03 01:19:08.721, 18239 MiB, 44, 109.22 W, 2910 MHz, 13801 MHz, Not Active, Not Active, Not Active, Not Active, Not Active
2026/09/03 01:19:08.921, 18239 MiB, 44, 109.22 W, 2910 MHz, 13801 MHz, Not Active, Not Active, Not Active, Not Active, Not Active
2026/09/03 01:19:09.121, 18241 MiB, 44, 109.16 W, 2910 MHz, 13801 MHz, Not Active, Not Active, Not Active, Not Active, Not Active
2026/09/03 01:19:09.322, 18241 MiB, 44, 109.16 W, 2910 MHz, 13801 MHz, Not Active, Not Active, Not Active, Not Active, Not Active
2026/09/03 01:19:09.522, 18241 MiB, 44, 109.16 W, 2910 MHz, 13801 MHz, Not Active, Not Active, Not Active, Not Active, Not Active
2026/09/03 01:19:09.722, 18241 MiB, 43, 107.29 W, 2842 MHz, 13801 MHz, Not Active, Not Active, Not Active, Not Active, Not Active
2026/09/03 01:19:09.922, 18241 MiB, 43, 107.29 W, 2842 MHz, 13801 MHz, Not Active, Not Active, Not Active, Not Active, Not Active
2026/09/03 01:19:10.122, 18241 MiB, 44, 106.39 W, 2910 MHz, 13801 MHz, Not Active, Not Active, Not Active, Not Active, Not Active
2026/09/03 01:19:10.323, 18241 MiB, 44, 106.39 W, 2910 MHz, 13801 MHz, Not Active, Not Active, Not Active, Not Active, Not Active
2026/09/03 01:19:10.523, 18243 MiB, 44, 106.39 W, 2910 MHz, 13801 MHz, Not Active, Not Active, Not Active, Not Active, Not Active
2026/09/03 01:19:10.723, 18243 MiB, 44, 106.62 W, 2910 MHz, 13801 MHz, Not Active, Not Active, Not Active, Not Active, Not Active
2026/09/03 01:19:10.923, 18243 MiB, 44, 106.62 W, 2910 MHz, 13801 MHz, Not Active, Not Active, Not Active, Not Active, Not Active
2026/09/03 01:19:11.123, 18245 MiB, 44, 109.43 W, 2910 MHz, 13801 MHz, Not Active, Not Active, Not Active, Not Active, Not Active
2026/09/03 01:19:11.323, 18245 MiB, 44, 109.43 W, 2910 MHz, 13801 MHz, Not Active, Not Active, Not Active, Not Active, Not Active
2026/09/03 01:19:11.524, 18245 MiB, 44, 109.43 W, 2910 MHz, 13801 MHz, Not Active, Not Active, Not Active, Not Active, Not Active
2026/09/03 01:19:11.724, 18247 MiB, 44, 108.72 W, 2910 MHz, 13801 MHz, Not Active, Not Active, Not Active, Not Active, Not Active
2026/09/03 01:19:11.924, 18247 MiB, 44, 108.72 W, 2910 MHz, 13801 MHz, Not Active, Not Active, Not Active, Not Active, Not Active
2026/09/03 01:19:12.124, 18247 MiB, 44, 108.61 W, 2910 MHz, 13801 MHz, Not Active, Not Active, Not Active, Not Active, Not Active
2026/09/03 01:19:12.325, 18247 MiB, 44, 108.61 W, 2910 MHz, 13801 MHz, Not Active, Not Active, Not Active, Not Active, Not Active
2026/09/03 01:19:12.525, 18247 MiB, 44, 108.61 W, 2910 MHz, 13801 MHz, Not Active, Not Active, Not Active, Not Active, Not Active
2026/09/03 01:19:12.725, 18247 MiB, 43, 106.22 W, 2910 MHz, 13801 MHz, Not Active, Not Active, Not Active, Not Active, Not Active
2026/09/03 01:19:12.925, 18249 MiB, 43, 106.22 W, 2910 MHz, 13801 MHz, Not Active, Not Active, Not Active, Not Active, Not Active
2026/09/03 01:19:13.125, 18249 MiB, 44, 105.89 W, 2910 MHz, 13801 MHz, Not Active, Not Active, Not Active, Not Active, Not Active
2026/09/03 01:19:13.326, 18249 MiB, 44, 105.89 W, 2910 MHz, 13801 MHz, Not Active, Not Active, Not Active, Not Active, Not Active
2026/09/03 01:19:13.526, 18249 MiB, 44, 105.89 W, 2910 MHz, 13801 MHz, Not Active, Not Active, Not Active, Not Active, Not Active
2026/09/03 01:19:13.726, 18251 MiB, 44, 107.91 W, 2910 MHz, 13801 MHz, Not Active, Not Active, Not Active, Not Active, Not Active
2026/09/03 01:19:13.926, 18251 MiB, 44, 107.91 W, 2910 MHz, 13801 MHz, Not Active, Not Active, Not Active, Not Active, Not Active
2026/09/03 01:19:14.127, 18253 MiB, 43, 108.18 W, 2910 MHz, 13801 MHz, Not Active, Not Active, Not Active, Not Active, Not Active
2026/09/03 01:19:14.327, 18253 MiB, 43, 108.18 W, 2910 MHz, 13801 MHz, Not Active, Not Active, Not Active, Not Active, Not Active
2026/09/03 01:19:14.527, 18253 MiB, 43, 108.18 W, 2910 MHz, 13801 MHz, Not Active, Not Active, Not Active, Not Active, Not Active
2026/09/03 01:19:14.728, 18253 MiB, 43, 108.02 W, 2910 MHz, 13801 MHz, Not Active, Not Active, Not Active, Not Active, Not Active
2026/09/03 01:19:14.928, 18255 MiB, 43, 108.02 W, 2910 MHz, 13801 MHz, Not Active, Not Active, Not Active, Not Active, Not Active
2026/09/03 01:19:15.128, 18255 MiB, 43, 106.86 W, 2850 MHz, 13801 MHz, Not Active, Not Active, Not Active, Not Active, Not Active
2026/09/03 01:19:15.328, 18255 MiB, 43, 106.86 W, 2850 MHz, 13801 MHz, Not Active, Not Active, Not Active, Not Active, Not Active
2026/09/03 01:19:15.529, 18255 MiB, 43, 106.86 W, 2850 MHz, 13801 MHz, Not Active, Not Active, Not Active, Not Active, Not Active
2026/09/03 01:19:15.729, 18255 MiB, 44, 106.08 W, 2910 MHz, 13801 MHz, Not Active, Not Active, Not Active, Not Active, Not Active
2026/09/03 01:19:15.929, 18257 MiB, 44, 106.08 W, 2910 MHz, 13801 MHz, Not Active, Not Active, Not Active, Not Active, Not Active
2026/09/03 01:19:16.129, 18257 MiB, 43, 107.15 W, 2910 MHz, 13801 MHz, Not Active, Not Active, Not Active, Not Active, Not Active
2026/09/03 01:19:16.330, 18257 MiB, 43, 107.15 W, 2910 MHz, 13801 MHz, Not Active, Not Active, Not Active, Not Active, Not Active
2026/09/03 01:19:16.530, 18257 MiB, 43, 107.15 W, 2910 MHz, 13801 MHz, Not Active, Not Active, Not Active, Not Active, Not Active
2026/09/03 01:19:16.730, 18259 MiB, 43, 107.94 W, 2910 MHz, 13801 MHz, Not Active, Not Active, Not Active, Not Active, Not Active
2026/09/03 01:19:16.930, 18259 MiB, 43, 107.94 W, 2910 MHz, 13801 MHz, Not Active, Not Active, Not Active, Not Active, Not Active
2026/09/03 01:19:17.130, 18259 MiB, 43, 108.00 W, 2910 MHz, 13801 MHz, Not Active, Not Active, Not Active, Not Active, Not Active
2026/09/03 01:19:17.331, 18261 MiB, 43, 108.00 W, 2910 MHz, 13801 MHz, Not Active, Not Active, Not Active, Not Active, Not Active
2026/09/03 01:19:17.531, 18261 MiB, 43, 108.00 W, 2910 MHz, 13801 MHz, Not Active, Not Active, Not Active, Not Active, Not Active
2026/09/03 01:19:17.731, 18261 MiB, 43, 108.27 W, 2910 MHz, 13801 MHz, Not Active, Not Active, Not Active, Not Active, Not Active
2026/09/03 01:19:17.931, 18261 MiB, 43, 108.27 W, 2910 MHz, 13801 MHz, Not Active, Not Active, Not Active, Not Active, Not Active
2026/09/03 01:19:18.132, 18261 MiB, 43, 105.51 W, 2910 MHz, 13801 MHz, Not Active, Not Active, Not Active, Not Active, Not Active
2026/09/03 01:19:18.332, 18261 MiB, 43, 105.51 W, 2910 MHz, 13801 MHz, Not Active, Not Active, Not Active, Not Active, Not Active
2026/09/03 01:19:18.532, 18261 MiB, 43, 105.51 W, 2910 MHz, 13801 MHz, Not Active, Not Active, Not Active, Not Active, Not Active
2026/09/03 01:19:18.733, 18263 MiB, 43, 106.00 W, 2910 MHz, 13801 MHz, Not Active, Not Active, Not Active, Not Active, Not Active
2026/09/03 01:19:18.933, 18263 MiB, 43, 106.00 W, 2910 MHz, 13801 MHz, Not Active, Not Active, Not Active, Not Active, Not Active
2026/09/03 01:19:19.133, 18263 MiB, 43, 108.12 W, 2910 MHz, 13801 MHz, Not Active, Not Active, Not Active, Not Active, Not Active
2026/09/03 01:19:19.333, 18265 MiB, 43, 108.12 W, 2910 MHz, 13801 MHz, Not Active, Not Active, Not Active, Not Active, Not Active
2026/09/03 01:19:19.534, 18265 MiB, 43, 108.12 W, 2910 MHz, 13801 MHz, Not Active, Not Active, Not Active, Not Active, Not Active
2026/09/03 01:19:19.734, 18265 MiB, 43, 108.18 W, 2910 MHz, 13801 MHz, Not Active, Not Active, Not Active, Not Active, Not Active
2026/09/03 01:19:19.934, 18267 MiB, 43, 108.18 W, 2910 MHz, 13801 MHz, Not Active, Not Active, Not Active, Not Active, Not Active
2026/09/03 01:19:20.134, 18267 MiB, 43, 108.13 W, 2910 MHz, 13801 MHz, Not Active, Not Active, Not Active, Not Active, Not Active
2026/09/03 01:19:20.334, 18267 MiB, 43, 108.13 W, 2910 MHz, 13801 MHz, Not Active, Not Active, Not Active, Not Active, Not Active
2026/09/03 01:19:20.534, 18267 MiB, 43, 108.13 W, 2910 MHz, 13801 MHz, Not Active, Not Active, Not Active, Not Active, Not Active
2026/09/03 01:19:20.735, 18267 MiB, 43, 106.81 W, 2850 MHz, 13801 MHz, Not Active, Not Active, Not Active, Not Active, Not Active
2026/09/03 01:19:20.935, 18267 MiB, 43, 106.81 W, 2850 MHz, 13801 MHz, Not Active, Not Active, Not Active, Not Active, Not Active
2026/09/03 01:19:21.135, 18267 MiB, 43, 105.91 W, 2925 MHz, 13801 MHz, Not Active, Not Active, Not Active, Not Active, Not Active
2026/09/03 01:19:21.335, 18269 MiB, 43, 105.91 W, 2925 MHz, 13801 MHz, Not Active, Not Active, Not Active, Not Active, Not Active
2026/09/03 01:19:21.536, 18269 MiB, 43, 105.91 W, 2925 MHz, 13801 MHz, Not Active, Not Active, Not Active, Not Active, Not Active
2026/09/03 01:19:21.736, 18269 MiB, 43, 107.13 W, 2925 MHz, 13801 MHz, Not Active, Not Active, Not Active, Not Active, Not Active
2026/09/03 01:19:21.936, 18271 MiB, 43, 107.13 W, 2925 MHz, 13801 MHz, Not Active, Not Active, Not Active, Not Active, Not Active
2026/09/03 01:19:22.136, 18271 MiB, 43, 107.94 W, 2925 MHz, 13801 MHz, Not Active, Not Active, Not Active, Not Active, Not Active
2026/09/03 01:19:22.336, 18273 MiB, 43, 107.94 W, 2925 MHz, 13801 MHz, Not Active, Not Active, Not Active, Not Active, Not Active
2026/09/03 01:19:22.537, 18273 MiB, 43, 107.94 W, 2925 MHz, 13801 MHz, Not Active, Not Active, Not Active, Not Active, Not Active
2026/09/03 01:19:22.737, 18273 MiB, 43, 108.22 W, 2925 MHz, 13801 MHz, Not Active, Not Active, Not Active, Not Active, Not Active
2026/09/03 01:19:22.937, 18273 MiB, 43, 108.22 W, 2925 MHz, 13801 MHz, Not Active, Not Active, Not Active, Not Active, Not Active
2026/09/03 01:19:23.137, 18273 MiB, 43, 107.84 W, 2925 MHz, 13801 MHz, Not Active, Not Active, Not Active, Not Active, Not Active
2026/09/03 01:19:23.337, 18273 MiB, 43, 107.84 W, 2925 MHz, 13801 MHz, Not Active, Not Active, Not Active, Not Active, Not Active
2026/09/03 01:19:23.538, 18273 MiB, 43, 107.84 W, 2925 MHz, 13801 MHz, Not Active, Not Active, Not Active, Not Active, Not Active
2026/09/03 01:19:23.738, 18275 MiB, 43, 105.21 W, 2925 MHz, 13801 MHz, Not Active, Not Active, Not Active, Not Active, Not Active
2026/09/03 01:19:23.938, 18275 MiB, 43, 105.21 W, 2925 MHz, 13801 MHz, Not Active, Not Active, Not Active, Not Active, Not Active
2026/09/03 01:19:24.138, 18275 MiB, 43, 105.56 W, 2925 MHz, 13801 MHz, Not Active, Not Active, Not Active, Not Active, Not Active
2026/09/03 01:19:24.339, 18275 MiB, 43, 105.56 W, 2925 MHz, 13801 MHz, Not Active, Not Active, Not Active, Not Active, Not Active
2026/09/03 01:19:24.539, 18277 MiB, 43, 105.56 W, 2925 MHz, 13801 MHz, Not Active, Not Active, Not Active, Not Active, Not Active
2026/09/03 01:19:24.739, 18277 MiB, 43, 107.75 W, 2925 MHz, 13801 MHz, Not Active, Not Active, Not Active, Not Active, Not Active
2026/09/03 01:19:24.939, 18279 MiB, 43, 107.75 W, 2925 MHz, 13801 MHz, Not Active, Not Active, Not Active, Not Active, Not Active
2026/09/03 01:19:25.140, 18279 MiB, 43, 107.58 W, 2925 MHz, 13801 MHz, Not Active, Not Active, Not Active, Not Active, Not Active
2026/09/03 01:19:25.340, 18279 MiB, 43, 107.58 W, 2925 MHz, 13801 MHz, Not Active, Not Active, Not Active, Not Active, Not Active
2026/09/03 01:19:25.540, 18279 MiB, 43, 107.58 W, 2925 MHz, 13801 MHz, Not Active, Not Active, Not Active, Not Active, Not Active
2026/09/03 01:19:25.740, 18281 MiB, 43, 107.97 W, 2925 MHz, 13801 MHz, Not Active, Not Active, Not Active, Not Active, Not Active
2026/09/03 01:19:25.940, 18281 MiB, 43, 107.97 W, 2925 MHz, 13801 MHz, Not Active, Not Active, Not Active, Not Active, Not Active
2026/09/03 01:19:26.141, 18281 MiB, 43, 106.07 W, 2857 MHz, 13801 MHz, Not Active, Not Active, Not Active, Not Active, Not Active
2026/09/03 01:19:26.341, 18281 MiB, 43, 106.07 W, 2857 MHz, 13801 MHz, Not Active, Not Active, Not Active, Not Active, Not Active
2026/09/03 01:19:26.541, 18281 MiB, 43, 106.07 W, 2857 MHz, 13801 MHz, Not Active, Not Active, Not Active, Not Active, Not Active
2026/09/03 01:19:26.741, 18281 MiB, 43, 105.89 W, 2925 MHz, 13801 MHz, Not Active, Not Active, Not Active, Not Active, Not Active
2026/09/03 01:19:26.942, 18281 MiB, 43, 105.89 W, 2925 MHz, 13801 MHz, Not Active, Not Active, Not Active, Not Active, Not Active
2026/09/03 01:19:27.142, 18283 MiB, 43, 107.21 W, 2925 MHz, 13801 MHz, Not Active, Not Active, Not Active, Not Active, Not Active
2026/09/03 01:19:27.342, 18283 MiB, 43, 107.21 W, 2925 MHz, 13801 MHz, Not Active, Not Active, Not Active, Not Active, Not Active
2026/09/03 01:19:27.542, 18285 MiB, 43, 107.21 W, 2925 MHz, 13801 MHz, Not Active, Not Active, Not Active, Not Active, Not Active
2026/09/03 01:19:27.742, 18285 MiB, 43, 107.96 W, 2925 MHz, 13801 MHz, Not Active, Not Active, Not Active, Not Active, Not Active
2026/09/03 01:19:27.943, 18287 MiB, 43, 107.96 W, 2925 MHz, 13801 MHz, Not Active, Not Active, Not Active, Not Active, Not Active
2026/09/03 01:19:28.143, 18287 MiB, 43, 108.01 W, 2925 MHz, 13801 MHz, Not Active, Not Active, Not Active, Not Active, Not Active
2026/09/03 01:19:28.343, 18287 MiB, 43, 108.01 W, 2925 MHz, 13801 MHz, Not Active, Not Active, Not Active, Not Active, Not Active
2026/09/03 01:19:28.543, 18287 MiB, 43, 108.01 W, 2925 MHz, 13801 MHz, Not Active, Not Active, Not Active, Not Active, Not Active
2026/09/03 01:19:28.744, 18287 MiB, 43, 106.05 W, 2880 MHz, 13801 MHz, Not Active, Not Active, Not Active, Not Active, Not Active
2026/09/03 01:19:28.944, 18287 MiB, 43, 106.05 W, 2880 MHz, 13801 MHz, Not Active, Not Active, Not Active, Not Active, Not Active
2026/09/03 01:19:29.144, 18287 MiB, 43, 104.37 W, 2925 MHz, 13801 MHz, Not Active, Not Active, Not Active, Not Active, Not Active
2026/09/03 01:19:29.344, 18287 MiB, 43, 104.37 W, 2925 MHz, 13801 MHz, Not Active, Not Active, Not Active, Not Active, Not Active
2026/09/03 01:19:29.545, 18289 MiB, 43, 104.37 W, 2925 MHz, 13801 MHz, Not Active, Not Active, Not Active, Not Active, Not Active
2026/09/03 01:19:29.745, 18289 MiB, 43, 105.39 W, 2925 MHz, 13801 MHz, Not Active, Not Active, Not Active, Not Active, Not Active
2026/09/03 01:19:29.945, 18289 MiB, 43, 105.39 W, 2925 MHz, 13801 MHz, Not Active, Not Active, Not Active, Not Active, Not Active
2026/09/03 01:19:30.145, 18291 MiB, 43, 108.53 W, 2925 MHz, 13801 MHz, Not Active, Not Active, Not Active, Not Active, Not Active
2026/09/03 01:19:30.346, 18291 MiB, 43, 108.53 W, 2925 MHz, 13801 MHz, Not Active, Not Active, Not Active, Not Active, Not Active
2026/09/03 01:19:30.546, 18291 MiB, 43, 108.53 W, 2925 MHz, 13801 MHz, Not Active, Not Active, Not Active, Not Active, Not Active
2026/09/03 01:19:30.746, 18293 MiB, 43, 107.87 W, 2925 MHz, 13801 MHz, Not Active, Not Active, Not Active, Not Active, Not Active
2026/09/03 01:19:30.946, 18293 MiB, 43, 107.87 W, 2925 MHz, 13801 MHz, Not Active, Not Active, Not Active, Not Active, Not Active
2026/09/03 01:19:31.147, 18293 MiB, 43, 107.77 W, 2925 MHz, 13801 MHz, Not Active, Not Active, Not Active, Not Active, Not Active
2026/09/03 01:19:31.347, 18293 MiB, 43, 107.77 W, 2925 MHz, 13801 MHz, Not Active, Not Active, Not Active, Not Active, Not Active
2026/09/03 01:19:31.547, 18293 MiB, 43, 107.77 W, 2925 MHz, 13801 MHz, Not Active, Not Active, Not Active, Not Active, Not Active
2026/09/03 01:19:31.747, 18293 MiB, 43, 106.02 W, 2925 MHz, 13801 MHz, Not Active, Not Active, Not Active, Not Active, Not Active
2026/09/03 01:19:31.948, 18295 MiB, 43, 106.02 W, 2925 MHz, 13801 MHz, Not Active, Not Active, Not Active, Not Active, Not Active
2026/09/03 01:19:32.148, 18295 MiB, 43, 105.57 W, 2925 MHz, 13801 MHz, Not Active, Not Active, Not Active, Not Active, Not Active
2026/09/03 01:19:32.348, 18295 MiB, 43, 105.57 W, 2925 MHz, 13801 MHz, Not Active, Not Active, Not Active, Not Active, Not Active
2026/09/03 01:19:32.548, 18295 MiB, 43, 105.57 W, 2925 MHz, 13801 MHz, Not Active, Not Active, Not Active, Not Active, Not Active
2026/09/03 01:19:32.749, 18297 MiB, 43, 107.74 W, 2925 MHz, 13801 MHz, Not Active, Not Active, Not Active, Not Active, Not Active
2026/09/03 01:19:32.949, 18297 MiB, 43, 107.74 W, 2925 MHz, 13801 MHz, Not Active, Not Active, Not Active, Not Active, Not Active
2026/09/03 01:19:33.149, 18299 MiB, 43, 107.90 W, 2925 MHz, 13801 MHz, Not Active, Not Active, Not Active, Not Active, Not Active
2026/09/03 01:19:33.349, 18299 MiB, 43, 107.90 W, 2925 MHz, 13801 MHz, Not Active, Not Active, Not Active, Not Active, Not Active
2026/09/03 01:19:33.550, 18301 MiB, 43, 107.90 W, 2925 MHz, 13801 MHz, Not Active, Not Active, Not Active, Not Active, Not Active
2026/09/03 01:19:33.750, 18301 MiB, 43, 107.79 W, 2925 MHz, 13801 MHz, Not Active, Not Active, Not Active, Not Active, Not Active
2026/09/03 01:19:33.950, 18301 MiB, 43, 107.79 W, 2925 MHz, 13801 MHz, Not Active, Not Active, Not Active, Not Active, Not Active
2026/09/03 01:19:34.150, 18301 MiB, 42, 106.46 W, 2850 MHz, 13801 MHz, Not Active, Not Active, Not Active, Not Active, Not Active
2026/09/03 01:19:34.351, 18301 MiB, 42, 106.46 W, 2850 MHz, 13801 MHz, Not Active, Not Active, Not Active, Not Active, Not Active
2026/09/03 01:19:34.551, 18301 MiB, 42, 106.46 W, 2850 MHz, 13801 MHz, Not Active, Not Active, Not Active, Not Active, Not Active
2026/09/03 01:19:34.751, 18301 MiB, 43, 105.40 W, 2925 MHz, 13801 MHz, Not Active, Not Active, Not Active, Not Active, Not Active
2026/09/03 01:19:34.951, 18301 MiB, 43, 105.40 W, 2925 MHz, 13801 MHz, Not Active, Not Active, Not Active, Not Active, Not Active
2026/09/03 01:19:35.152, 18301 MiB, 43, 106.80 W, 2925 MHz, 13801 MHz, Not Active, Not Active, Not Active, Not Active, Not Active
2026/09/03 01:19:35.352, 18303 MiB, 43, 106.80 W, 2925 MHz, 13801 MHz, Not Active, Not Active, Not Active, Not Active, Not Active
2026/09/03 01:19:35.552, 18303 MiB, 43, 106.80 W, 2925 MHz, 13801 MHz, Not Active, Not Active, Not Active, Not Active, Not Active
2026/09/03 01:19:35.752, 18305 MiB, 43, 108.26 W, 2925 MHz, 13801 MHz, Not Active, Not Active, Not Active, Not Active, Not Active
2026/09/03 01:19:35.953, 18305 MiB, 43, 108.26 W, 2925 MHz, 13801 MHz, Not Active, Not Active, Not Active, Not Active, Not Active
2026/09/03 01:19:36.153, 18305 MiB, 43, 107.71 W, 2925 MHz, 13801 MHz, Not Active, Not Active, Not Active, Not Active, Not Active
2026/09/03 01:19:36.353, 18307 MiB, 43, 107.71 W, 2925 MHz, 13801 MHz, Not Active, Not Active, Not Active, Not Active, Not Active
2026/09/03 01:19:36.554, 18307 MiB, 43, 107.71 W, 2925 MHz, 13801 MHz, Not Active, Not Active, Not Active, Not Active, Not Active
2026/09/03 01:19:36.754, 18307 MiB, 42, 107.94 W, 2925 MHz, 13801 MHz, Not Active, Not Active, Not Active, Not Active, Not Active
2026/09/03 01:19:36.954, 18307 MiB, 42, 107.94 W, 2925 MHz, 13801 MHz, Not Active, Not Active, Not Active, Not Active, Not Active
2026/09/03 01:19:37.154, 18307 MiB, 42, 105.52 W, 2925 MHz, 13801 MHz, Not Active, Not Active, Not Active, Not Active, Not Active
2026/09/03 01:19:37.354, 18307 MiB, 42, 105.52 W, 2925 MHz, 13801 MHz, Not Active, Not Active, Not Active, Not Active, Not Active
2026/09/03 01:19:37.555, 18307 MiB, 42, 105.52 W, 2925 MHz, 13801 MHz, Not Active, Not Active, Not Active, Not Active, Not Active
2026/09/03 01:19:37.755, 18307 MiB, 43, 105.41 W, 2925 MHz, 13801 MHz, Not Active, Not Active, Not Active, Not Active, Not Active
2026/09/03 01:19:37.955, 18309 MiB, 43, 105.41 W, 2925 MHz, 13801 MHz, Not Active, Not Active, Not Active, Not Active, Not Active
2026/09/03 01:19:38.155, 18309 MiB, 42, 107.33 W, 2925 MHz, 13801 MHz, Not Active, Not Active, Not Active, Not Active, Not Active
2026/09/03 01:19:38.356, 18311 MiB, 42, 107.33 W, 2925 MHz, 13801 MHz, Not Active, Not Active, Not Active, Not Active, Not Active
2026/09/03 01:19:38.556, 18311 MiB, 42, 107.33 W, 2925 MHz, 13801 MHz, Not Active, Not Active, Not Active, Not Active, Not Active
2026/09/03 01:19:38.756, 18311 MiB, 43, 107.64 W, 2925 MHz, 13801 MHz, Not Active, Not Active, Not Active, Not Active, Not Active
2026/09/03 01:19:38.957, 18313 MiB, 43, 107.64 W, 2925 MHz, 13801 MHz, Not Active, Not Active, Not Active, Not Active, Not Active
2026/09/03 01:19:39.157, 18315 MiB, 42, 107.52 W, 2925 MHz, 13801 MHz, Not Active, Not Active, Not Active, Not Active, Not Active
2026/09/03 01:19:39.357, 18315 MiB, 42, 107.52 W, 2925 MHz, 13801 MHz, Not Active, Not Active, Not Active, Not Active, Not Active
2026/09/03 01:19:39.557, 18315 MiB, 42, 107.52 W, 2925 MHz, 13801 MHz, Not Active, Not Active, Not Active, Not Active, Not Active
2026/09/03 01:19:39.757, 18315 MiB, 42, 105.06 W, 2820 MHz, 13801 MHz, Not Active, Not Active, Not Active, Not Active, Not Active
2026/09/03 01:19:39.958, 18315 MiB, 42, 105.06 W, 2820 MHz, 13801 MHz, Not Active, Not Active, Not Active, Not Active, Not Active
2026/09/03 01:19:40.158, 18315 MiB, 42, 104.26 W, 2925 MHz, 13801 MHz, Not Active, Not Active, Not Active, Not Active, Not Active
2026/09/03 01:19:40.358, 18315 MiB, 42, 104.26 W, 2925 MHz, 13801 MHz, Not Active, Not Active, Not Active, Not Active, Not Active
2026/09/03 01:19:40.558, 18315 MiB, 42, 104.26 W, 2925 MHz, 13801 MHz, Not Active, Not Active, Not Active, Not Active, Not Active
2026/09/03 01:19:40.759, 18315 MiB, 42, 106.74 W, 2925 MHz, 13801 MHz, Not Active, Not Active, Not Active, Not Active, Not Active
2026/09/03 01:19:40.959, 18317 MiB, 42, 106.74 W, 2925 MHz, 13801 MHz, Not Active, Not Active, Not Active, Not Active, Not Active
2026/09/03 01:19:41.159, 18317 MiB, 42, 107.81 W, 2925 MHz, 13801 MHz, Not Active, Not Active, Not Active, Not Active, Not Active
2026/09/03 01:19:41.359, 18317 MiB, 42, 107.81 W, 2925 MHz, 13801 MHz, Not Active, Not Active, Not Active, Not Active, Not Active
2026/09/03 01:19:41.560, 18319 MiB, 42, 107.81 W, 2925 MHz, 13801 MHz, Not Active, Not Active, Not Active, Not Active, Not Active
2026/09/03 01:19:41.760, 18319 MiB, 42, 107.41 W, 2925 MHz, 13801 MHz, Not Active, Not Active, Not Active, Not Active, Not Active
2026/09/03 01:19:41.960, 18321 MiB, 42, 107.41 W, 2925 MHz, 13801 MHz, Not Active, Not Active, Not Active, Not Active, Not Active
2026/09/03 01:19:42.160, 18321 MiB, 42, 107.26 W, 2925 MHz, 13801 MHz, Not Active, Not Active, Not Active, Not Active, Not Active
2026/09/03 01:19:42.361, 18321 MiB, 42, 107.26 W, 2925 MHz, 13801 MHz, Not Active, Not Active, Not Active, Not Active, Not Active
2026/09/03 01:19:42.561, 18321 MiB, 42, 107.26 W, 2925 MHz, 13801 MHz, Not Active, Not Active, Not Active, Not Active, Not Active
2026/09/03 01:19:42.761, 18321 MiB, 42, 104.74 W, 2925 MHz, 13801 MHz, Not Active, Not Active, Not Active, Not Active, Not Active
2026/09/03 01:19:42.961, 18321 MiB, 42, 104.74 W, 2925 MHz, 13801 MHz, Not Active, Not Active, Not Active, Not Active, Not Active
2026/09/03 01:19:43.161, 18321 MiB, 42, 105.13 W, 2925 MHz, 13801 MHz, Not Active, Not Active, Not Active, Not Active, Not Active
2026/09/03 01:19:43.362, 18321 MiB, 42, 105.13 W, 2925 MHz, 13801 MHz, Not Active, Not Active, Not Active, Not Active, Not Active
2026/09/03 01:19:43.562, 18323 MiB, 42, 107.58 W, 2925 MHz, 13801 MHz, Not Active, Not Active, Not Active, Not Active, Not Active
2026/09/03 01:19:43.762, 18323 MiB, 42, 107.58 W, 2925 MHz, 13801 MHz, Not Active, Not Active, Not Active, Not Active, Not Active
2026/09/03 01:19:43.962, 18325 MiB, 42, 107.58 W, 2925 MHz, 13801 MHz, Not Active, Not Active, Not Active, Not Active, Not Active
2026/09/03 01:19:44.163, 18325 MiB, 42, 107.16 W, 2925 MHz, 13801 MHz, Not Active, Not Active, Not Active, Not Active, Not Active
2026/09/03 01:19:44.363, 18325 MiB, 42, 107.16 W, 2925 MHz, 13801 MHz, Not Active, Not Active, Not Active, Not Active, Not Active
2026/09/03 01:19:44.563, 18327 MiB, 42, 107.28 W, 2925 MHz, 13801 MHz, Not Active, Not Active, Not Active, Not Active, Not Active
2026/09/03 01:19:44.763, 18327 MiB, 42, 107.28 W, 2925 MHz, 13801 MHz, Not Active, Not Active, Not Active, Not Active, Not Active
2026/09/03 01:19:44.963, 18327 MiB, 42, 107.28 W, 2925 MHz, 13801 MHz, Not Active, Not Active, Not Active, Not Active, Not Active
2026/09/03 01:19:45.163, 18327 MiB, 42, 106.10 W, 2857 MHz, 13801 MHz, Not Active, Not Active, Not Active, Not Active, Not Active
2026/09/03 01:19:45.364, 18327 MiB, 42, 106.10 W, 2857 MHz, 13801 MHz, Not Active, Not Active, Not Active, Not Active, Not Active
2026/09/03 01:19:45.564, 18327 MiB, 42, 105.17 W, 2925 MHz, 13801 MHz, Not Active, Not Active, Not Active, Not Active, Not Active
2026/09/03 01:19:45.764, 18327 MiB, 42, 105.17 W, 2925 MHz, 13801 MHz, Not Active, Not Active, Not Active, Not Active, Not Active
2026/09/03 01:19:45.964, 18329 MiB, 42, 105.17 W, 2925 MHz, 13801 MHz, Not Active, Not Active, Not Active, Not Active, Not Active
2026/09/03 01:19:46.165, 18329 MiB, 42, 106.82 W, 2925 MHz, 13801 MHz, Not Active, Not Active, Not Active, Not Active, Not Active
2026/09/03 01:19:46.365, 18331 MiB, 42, 106.82 W, 2925 MHz, 13801 MHz, Not Active, Not Active, Not Active, Not Active, Not Active
2026/09/03 01:19:46.565, 18331 MiB, 42, 107.35 W, 2925 MHz, 13801 MHz, Not Active, Not Active, Not Active, Not Active, Not Active
2026/09/03 01:19:46.765, 18331 MiB, 42, 107.35 W, 2925 MHz, 13801 MHz, Not Active, Not Active, Not Active, Not Active, Not Active
2026/09/03 01:19:46.966, 18331 MiB, 42, 107.35 W, 2925 MHz, 13801 MHz, Not Active, Not Active, Not Active, Not Active, Not Active
2026/09/03 01:19:47.166, 18333 MiB, 42, 107.35 W, 2925 MHz, 13801 MHz, Not Active, Not Active, Not Active, Not Active, Not Active
2026/09/03 01:19:47.366, 18335 MiB, 42, 107.35 W, 2925 MHz, 13801 MHz, Not Active, Not Active, Not Active, Not Active, Not Active
2026/09/03 01:19:47.566, 18335 MiB, 42, 107.32 W, 2925 MHz, 13801 MHz, Not Active, Not Active, Not Active, Not Active, Not Active
2026/09/03 01:19:47.767, 18335 MiB, 42, 107.32 W, 2925 MHz, 13801 MHz, Not Active, Not Active, Not Active, Not Active, Not Active
2026/09/03 01:19:47.967, 18335 MiB, 42, 107.32 W, 2925 MHz, 13801 MHz, Not Active, Not Active, Not Active, Not Active, Not Active
2026/09/03 01:19:48.167, 18335 MiB, 42, 104.63 W, 2925 MHz, 13801 MHz, Not Active, Not Active, Not Active, Not Active, Not Active
2026/09/03 01:19:48.367, 18335 MiB, 42, 104.63 W, 2925 MHz, 13801 MHz, Not Active, Not Active, Not Active, Not Active, Not Active
2026/09/03 01:19:48.568, 18335 MiB, 42, 104.53 W, 2925 MHz, 13801 MHz, Not Active, Not Active, Not Active, Not Active, Not Active
2026/09/03 01:19:48.768, 18335 MiB, 42, 104.53 W, 2925 MHz, 13801 MHz, Not Active, Not Active, Not Active, Not Active, Not Active
2026/09/03 01:19:48.968, 18335 MiB, 42, 104.53 W, 2925 MHz, 13801 MHz, Not Active, Not Active, Not Active, Not Active, Not Active
2026/09/03 01:19:49.168, 18337 MiB, 42, 107.78 W, 2925 MHz, 13801 MHz, Not Active, Not Active, Not Active, Not Active, Not Active
2026/09/03 01:19:49.368, 18337 MiB, 42, 107.78 W, 2925 MHz, 13801 MHz, Not Active, Not Active, Not Active, Not Active, Not Active
2026/09/03 01:19:49.569, 18339 MiB, 42, 107.46 W, 2925 MHz, 13801 MHz, Not Active, Not Active, Not Active, Not Active, Not Active
2026/09/03 01:19:49.769, 18339 MiB, 42, 107.46 W, 2925 MHz, 13801 MHz, Not Active, Not Active, Not Active, Not Active, Not Active
2026/09/03 01:19:49.969, 18339 MiB, 42, 107.46 W, 2925 MHz, 13801 MHz, Not Active, Not Active, Not Active, Not Active, Not Active
2026/09/03 01:19:50.169, 18339 MiB, 42, 107.77 W, 2925 MHz, 13801 MHz, Not Active, Not Active, Not Active, Not Active, Not Active
2026/09/03 01:19:50.369, 18339 MiB, 42, 107.77 W, 2925 MHz, 13801 MHz, Not Active, Not Active, Not Active, Not Active, Not Active
2026/09/03 01:19:50.570, 18339 MiB, 42, 105.70 W, 2865 MHz, 13801 MHz, Not Active, Not Active, Not Active, Not Active, Not Active
2026/09/03 01:19:50.770, 18339 MiB, 42, 105.70 W, 2865 MHz, 13801 MHz, Not Active, Not Active, Not Active, Not Active, Not Active
2026/09/03 01:19:50.970, 18341 MiB, 42, 105.70 W, 2865 MHz, 13801 MHz, Not Active, Not Active, Not Active, Not Active, Not Active
2026/09/03 01:19:51.170, 18341 MiB, 42, 103.13 W, 2925 MHz, 13801 MHz, Not Active, Not Active, Not Active, Not Active, Not Active
2026/09/03 01:19:51.371, 18341 MiB, 42, 103.13 W, 2925 MHz, 13801 MHz, Not Active, Not Active, Not Active, Not Active, Not Active
2026/09/03 01:19:51.571, 18341 MiB, 42, 105.13 W, 2925 MHz, 13801 MHz, Not Active, Not Active, Not Active, Not Active, Not Active
2026/09/03 01:19:51.771, 18341 MiB, 42, 105.13 W, 2925 MHz, 13801 MHz, Not Active, Not Active, Not Active, Not Active, Not Active
2026/09/03 01:19:51.971, 18343 MiB, 42, 105.13 W, 2925 MHz, 13801 MHz, Not Active, Not Active, Not Active, Not Active, Not Active
2026/09/03 01:19:52.172, 18343 MiB, 42, 106.96 W, 2925 MHz, 13801 MHz, Not Active, Not Active, Not Active, Not Active, Not Active
2026/09/03 01:19:52.372, 18345 MiB, 42, 106.96 W, 2925 MHz, 13801 MHz, Not Active, Not Active, Not Active, Not Active, Not Active
2026/09/03 01:19:52.572, 18345 MiB, 42, 107.36 W, 2925 MHz, 13801 MHz, Not Active, Not Active, Not Active, Not Active, Not Active
2026/09/03 01:19:52.773, 18347 MiB, 42, 107.36 W, 2925 MHz, 13801 MHz, Not Active, Not Active, Not Active, Not Active, Not Active
2026/09/03 01:19:52.973, 18347 MiB, 42, 107.36 W, 2925 MHz, 13801 MHz, Not Active, Not Active, Not Active, Not Active, Not Active
2026/09/03 01:19:53.173, 18347 MiB, 42, 107.23 W, 2925 MHz, 13801 MHz, Not Active, Not Active, Not Active, Not Active, Not Active
2026/09/03 01:19:53.373, 18347 MiB, 42, 107.23 W, 2925 MHz, 13801 MHz, Not Active, Not Active, Not Active, Not Active, Not Active
2026/09/03 01:19:53.574, 18347 MiB, 42, 105.04 W, 2925 MHz, 13801 MHz, Not Active, Not Active, Not Active, Not Active, Not Active
2026/09/03 01:19:53.774, 18347 MiB, 42, 105.04 W, 2925 MHz, 13801 MHz, Not Active, Not Active, Not Active, Not Active, Not Active
2026/09/03 01:19:53.974, 18347 MiB, 42, 105.04 W, 2925 MHz, 13801 MHz, Not Active, Not Active, Not Active, Not Active, Not Active
2026/09/03 01:19:54.174, 18347 MiB, 42, 105.50 W, 2925 MHz, 13801 MHz, Not Active, Not Active, Not Active, Not Active, Not Active
2026/09/03 01:19:54.374, 18349 MiB, 42, 105.50 W, 2925 MHz, 13801 MHz, Not Active, Not Active, Not Active, Not Active, Not Active
2026/09/03 01:19:54.575, 18349 MiB, 42, 107.87 W, 2925 MHz, 13801 MHz, Not Active, Not Active, Not Active, Not Active, Not Active
2026/09/03 01:19:54.775, 18351 MiB, 42, 107.87 W, 2925 MHz, 13801 MHz, Not Active, Not Active, Not Active, Not Active, Not Active
2026/09/03 01:19:54.975, 18351 MiB, 42, 107.87 W, 2925 MHz, 13801 MHz, Not Active, Not Active, Not Active, Not Active, Not Active
2026/09/03 01:19:55.175, 18351 MiB, 42, 107.66 W, 2925 MHz, 13801 MHz, Not Active, Not Active, Not Active, Not Active, Not Active
2026/09/03 01:19:55.375, 18353 MiB, 42, 107.66 W, 2925 MHz, 13801 MHz, Not Active, Not Active, Not Active, Not Active, Not Active
2026/09/03 01:19:55.576, 18353 MiB, 42, 107.88 W, 2925 MHz, 13801 MHz, Not Active, Not Active, Not Active, Not Active, Not Active
2026/09/03 01:19:55.776, 18353 MiB, 42, 107.88 W, 2925 MHz, 13801 MHz, Not Active, Not Active, Not Active, Not Active, Not Active
2026/09/03 01:19:55.976, 18353 MiB, 42, 107.88 W, 2925 MHz, 13801 MHz, Not Active, Not Active, Not Active, Not Active, Not Active
2026/09/03 01:19:56.176, 18353 MiB, 42, 105.91 W, 2865 MHz, 13801 MHz, Not Active, Not Active, Not Active, Not Active, Not Active
2026/09/03 01:19:56.376, 18353 MiB, 42, 105.91 W, 2865 MHz, 13801 MHz, Not Active, Not Active, Not Active, Not Active, Not Active
2026/09/03 01:19:56.577, 18353 MiB, 42, 105.51 W, 2925 MHz, 13801 MHz, Not Active, Not Active, Not Active, Not Active, Not Active
2026/09/03 01:19:56.777, 18355 MiB, 42, 105.51 W, 2925 MHz, 13801 MHz, Not Active, Not Active, Not Active, Not Active, Not Active
2026/09/03 01:19:56.977, 18355 MiB, 42, 105.51 W, 2925 MHz, 13801 MHz, Not Active, Not Active, Not Active, Not Active, Not Active
2026/09/03 01:19:57.177, 18355 MiB, 42, 107.10 W, 2925 MHz, 13801 MHz, Not Active, Not Active, Not Active, Not Active, Not Active
2026/09/03 01:19:57.377, 18357 MiB, 42, 107.10 W, 2925 MHz, 13801 MHz, Not Active, Not Active, Not Active, Not Active, Not Active
2026/09/03 01:19:57.578, 18357 MiB, 42, 107.45 W, 2925 MHz, 13801 MHz, Not Active, Not Active, Not Active, Not Active, Not Active
2026/09/03 01:19:57.778, 18357 MiB, 42, 107.45 W, 2925 MHz, 13801 MHz, Not Active, Not Active, Not Active, Not Active, Not Active
2026/09/03 01:19:57.978, 18359 MiB, 42, 107.45 W, 2925 MHz, 13801 MHz, Not Active, Not Active, Not Active, Not Active, Not Active
2026/09/03 01:19:58.178, 18359 MiB, 42, 107.33 W, 2925 MHz, 13801 MHz, Not Active, Not Active, Not Active, Not Active, Not Active
2026/09/03 01:19:58.379, 18359 MiB, 42, 107.33 W, 2925 MHz, 13801 MHz, Not Active, Not Active, Not Active, Not Active, Not Active
2026/09/03 01:19:58.579, 18359 MiB, 41, 105.73 W, 2857 MHz, 13801 MHz, Not Active, Not Active, Not Active, Not Active, Not Active
2026/09/03 01:19:58.779, 18359 MiB, 41, 105.73 W, 2857 MHz, 13801 MHz, Not Active, Not Active, Not Active, Not Active, Not Active
2026/09/03 01:19:58.979, 18359 MiB, 41, 105.73 W, 2857 MHz, 13801 MHz, Not Active, Not Active, Not Active, Not Active, Not Active
2026/09/03 01:19:59.179, 18359 MiB, 42, 104.39 W, 2925 MHz, 13801 MHz, Not Active, Not Active, Not Active, Not Active, Not Active
2026/09/03 01:19:59.379, 18359 MiB, 42, 104.39 W, 2925 MHz, 13801 MHz, Not Active, Not Active, Not Active, Not Active, Not Active
2026/09/03 01:19:59.580, 18361 MiB, 42, 105.13 W, 2925 MHz, 13801 MHz, Not Active, Not Active, Not Active, Not Active, Not Active
2026/09/03 01:19:59.780, 18363 MiB, 42, 105.13 W, 2925 MHz, 13801 MHz, Not Active, Not Active, Not Active, Not Active, Not Active
2026/09/03 01:19:59.980, 18363 MiB, 42, 105.13 W, 2925 MHz, 13801 MHz, Not Active, Not Active, Not Active, Not Active, Not Active
2026/09/03 01:20:00.180, 18363 MiB, 42, 107.26 W, 2925 MHz, 13801 MHz, Not Active, Not Active, Not Active, Not Active, Not Active
2026/09/03 01:20:00.380, 18363 MiB, 42, 107.26 W, 2925 MHz, 13801 MHz, Not Active, Not Active, Not Active, Not Active, Not Active
2026/09/03 01:20:00.580, 18365 MiB, 42, 107.25 W, 2925 MHz, 13801 MHz, Not Active, Not Active, Not Active, Not Active, Not Active
2026/09/03 01:20:00.781, 18365 MiB, 42, 107.25 W, 2925 MHz, 13801 MHz, Not Active, Not Active, Not Active, Not Active, Not Active
2026/09/03 01:20:00.981, 18365 MiB, 42, 107.25 W, 2925 MHz, 13801 MHz, Not Active, Not Active, Not Active, Not Active, Not Active
2026/09/03 01:20:01.181, 18367 MiB, 42, 107.60 W, 2925 MHz, 13801 MHz, Not Active, Not Active, Not Active, Not Active, Not Active
2026/09/03 01:20:01.381, 18367 MiB, 42, 107.60 W, 2925 MHz, 13801 MHz, Not Active, Not Active, Not Active, Not Active, Not Active
2026/09/03 01:20:01.582, 18367 MiB, 41, 105.39 W, 2925 MHz, 13801 MHz, Not Active, Not Active, Not Active, Not Active, Not Active
2026/09/03 01:20:01.782, 18367 MiB, 41, 105.39 W, 2925 MHz, 13801 MHz, Not Active, Not Active, Not Active, Not Active, Not Active
2026/09/03 01:20:01.982, 18367 MiB, 41, 105.39 W, 2925 MHz, 13801 MHz, Not Active, Not Active, Not Active, Not Active, Not Active
2026/09/03 01:20:02.182, 18367 MiB, 42, 105.77 W, 2925 MHz, 13801 MHz, Not Active, Not Active, Not Active, Not Active, Not Active
2026/09/03 01:20:02.383, 18367 MiB, 42, 105.77 W, 2925 MHz, 13801 MHz, Not Active, Not Active, Not Active, Not Active, Not Active
2026/09/03 01:20:02.583, 18369 MiB, 42, 107.16 W, 2925 MHz, 13801 MHz, Not Active, Not Active, Not Active, Not Active, Not Active
2026/09/03 01:20:02.783, 18369 MiB, 42, 107.16 W, 2925 MHz, 13801 MHz, Not Active, Not Active, Not Active, Not Active, Not Active
2026/09/03 01:20:02.983, 18369 MiB, 42, 107.16 W, 2925 MHz, 13801 MHz, Not Active, Not Active, Not Active, Not Active, Not Active
2026/09/03 01:20:03.184, 18371 MiB, 42, 107.34 W, 2925 MHz, 13801 MHz, Not Active, Not Active, Not Active, Not Active, Not Active
2026/09/03 01:20:03.384, 18371 MiB, 42, 107.34 W, 2925 MHz, 13801 MHz, Not Active, Not Active, Not Active, Not Active, Not Active
2026/09/03 01:20:03.584, 18373 MiB, 42, 107.33 W, 2925 MHz, 13801 MHz, Not Active, Not Active, Not Active, Not Active, Not Active
2026/09/03 01:20:03.784, 18373 MiB, 42, 107.33 W, 2925 MHz, 13801 MHz, Not Active, Not Active, Not Active, Not Active, Not Active
2026/09/03 01:20:03.984, 18373 MiB, 42, 107.33 W, 2925 MHz, 13801 MHz, Not Active, Not Active, Not Active, Not Active, Not Active
2026/09/03 01:20:04.185, 18373 MiB, 41, 105.83 W, 2857 MHz, 13801 MHz, Not Active, Not Active, Not Active, Not Active, Not Active
2026/09/03 01:20:04.385, 18373 MiB, 41, 105.83 W, 2857 MHz, 13801 MHz, Not Active, Not Active, Not Active, Not Active, Not Active
2026/09/03 01:20:04.585, 18373 MiB, 42, 104.81 W, 2925 MHz, 13801 MHz, Not Active, Not Active, Not Active, Not Active, Not Active
2026/09/03 01:20:04.785, 18373 MiB, 42, 104.81 W, 2925 MHz, 13801 MHz, Not Active, Not Active, Not Active, Not Active, Not Active
2026/09/03 01:20:04.986, 18373 MiB, 42, 104.81 W, 2925 MHz, 13801 MHz, Not Active, Not Active, Not Active, Not Active, Not Active
2026/09/03 01:20:05.186, 18375 MiB, 42, 106.36 W, 2925 MHz, 13801 MHz, Not Active, Not Active, Not Active, Not Active, Not Active
2026/09/03 01:20:05.386, 18377 MiB, 42, 106.36 W, 2925 MHz, 13801 MHz, Not Active, Not Active, Not Active, Not Active, Not Active
2026/09/03 01:20:05.586, 18377 MiB, 41, 106.85 W, 2925 MHz, 13801 MHz, Not Active, Not Active, Not Active, Not Active, Not Active
2026/09/03 01:20:05.786, 18377 MiB, 41, 106.85 W, 2925 MHz, 13801 MHz, Not Active, Not Active, Not Active, Not Active, Not Active
2026/09/03 01:20:05.987, 18379 MiB, 41, 106.85 W, 2925 MHz, 13801 MHz, Not Active, Not Active, Not Active, Not Active, Not Active
2026/09/03 01:20:06.187, 18379 MiB, 42, 107.21 W, 2925 MHz, 13801 MHz, Not Active, Not Active, Not Active, Not Active, Not Active
2026/09/03 01:20:06.387, 18379 MiB, 42, 107.21 W, 2925 MHz, 13801 MHz, Not Active, Not Active, Not Active, Not Active, Not Active
2026/09/03 01:20:06.587, 18379 MiB, 41, 106.42 W, 2902 MHz, 13801 MHz, Not Active, Not Active, Not Active, Not Active, Not Active
2026/09/03 01:20:06.788, 18379 MiB, 41, 106.42 W, 2902 MHz, 13801 MHz, Not Active, Not Active, Not Active, Not Active, Not Active
2026/09/03 01:20:06.988, 18379 MiB, 41, 106.42 W, 2902 MHz, 13801 MHz, Not Active, Not Active, Not Active, Not Active, Not Active
2026/09/03 01:20:07.188, 18379 MiB, 41, 103.32 W, 2925 MHz, 13801 MHz, Not Active, Not Active, Not Active, Not Active, Not Active
2026/09/03 01:20:07.388, 18379 MiB, 41, 103.32 W, 2925 MHz, 13801 MHz, Not Active, Not Active, Not Active, Not Active, Not Active
2026/09/03 01:20:07.588, 18379 MiB, 41, 104.62 W, 2925 MHz, 13801 MHz, Not Active, Not Active, Not Active, Not Active, Not Active
2026/09/03 01:20:07.789, 18379 MiB, 41, 104.62 W, 2925 MHz, 13801 MHz, Not Active, Not Active, Not Active, Not Active, Not Active
2026/09/03 01:20:07.989, 18381 MiB, 41, 104.62 W, 2925 MHz, 13801 MHz, Not Active, Not Active, Not Active, Not Active, Not Active
2026/09/03 01:20:08.189, 18383 MiB, 42, 107.07 W, 2925 MHz, 13801 MHz, Not Active, Not Active, Not Active, Not Active, Not Active
2026/09/03 01:20:08.389, 18383 MiB, 42, 107.07 W, 2925 MHz, 13801 MHz, Not Active, Not Active, Not Active, Not Active, Not Active
2026/09/03 01:20:08.589, 18385 MiB, 41, 107.26 W, 2925 MHz, 13801 MHz, Not Active, Not Active, Not Active, Not Active, Not Active
2026/09/03 01:20:08.790, 18385 MiB, 41, 107.26 W, 2925 MHz, 13801 MHz, Not Active, Not Active, Not Active, Not Active, Not Active
2026/09/03 01:20:08.990, 18385 MiB, 41, 107.26 W, 2925 MHz, 13801 MHz, Not Active, Not Active, Not Active, Not Active, Not Active
2026/09/03 01:20:09.190, 18385 MiB, 41, 107.36 W, 2925 MHz, 13801 MHz, Not Active, Not Active, Not Active, Not Active, Not Active
2026/09/03 01:20:09.390, 18385 MiB, 41, 107.36 W, 2925 MHz, 13801 MHz, Not Active, Not Active, Not Active, Not Active, Not Active
2026/09/03 01:20:09.590, 18385 MiB, 41, 105.59 W, 2857 MHz, 13801 MHz, Not Active, Not Active, Not Active, Not Active, Not Active
2026/09/03 01:20:09.791, 18385 MiB, 41, 105.59 W, 2857 MHz, 13801 MHz, Not Active, Not Active, Not Active, Not Active, Not Active
2026/09/03 01:20:09.991, 18385 MiB, 41, 105.59 W, 2857 MHz, 13801 MHz, Not Active, Not Active, Not Active, Not Active, Not Active
2026/09/03 01:20:10.191, 18385 MiB, 41, 105.14 W, 2925 MHz, 13801 MHz, Not Active, Not Active, Not Active, Not Active, Not Active
2026/09/03 01:20:10.391, 18387 MiB, 41, 105.14 W, 2925 MHz, 13801 MHz, Not Active, Not Active, Not Active, Not Active, Not Active
2026/09/03 01:20:10.592, 18389 MiB, 41, 106.41 W, 2925 MHz, 13801 MHz, Not Active, Not Active, Not Active, Not Active, Not Active
2026/09/03 01:20:10.792, 18389 MiB, 41, 106.41 W, 2925 MHz, 13801 MHz, Not Active, Not Active, Not Active, Not Active, Not Active
2026/09/03 01:20:10.992, 18389 MiB, 41, 106.41 W, 2925 MHz, 13801 MHz, Not Active, Not Active, Not Active, Not Active, Not Active
2026/09/03 01:20:11.192, 18391 MiB, 41, 107.09 W, 2925 MHz, 13801 MHz, Not Active, Not Active, Not Active, Not Active, Not Active
2026/09/03 01:20:11.392, 18391 MiB, 41, 107.09 W, 2925 MHz, 13801 MHz, Not Active, Not Active, Not Active, Not Active, Not Active
2026/09/03 01:20:11.593, 18393 MiB, 41, 107.08 W, 2925 MHz, 13801 MHz, Not Active, Not Active, Not Active, Not Active, Not Active
2026/09/03 01:20:11.793, 18393 MiB, 41, 107.08 W, 2925 MHz, 13801 MHz, Not Active, Not Active, Not Active, Not Active, Not Active
2026/09/03 01:20:11.993, 18393 MiB, 41, 107.08 W, 2925 MHz, 13801 MHz, Not Active, Not Active, Not Active, Not Active, Not Active
2026/09/03 01:20:12.193, 18393 MiB, 41, 105.49 W, 2917 MHz, 13801 MHz, Not Active, Not Active, Not Active, Not Active, Not Active
2026/09/03 01:20:12.394, 18393 MiB, 41, 105.49 W, 2917 MHz, 13801 MHz, Not Active, Not Active, Not Active, Not Active, Not Active
2026/09/03 01:20:12.594, 18393 MiB, 41, 104.25 W, 2925 MHz, 13801 MHz, Not Active, Not Active, Not Active, Not Active, Not Active
2026/09/03 01:20:12.794, 18393 MiB, 41, 104.25 W, 2925 MHz, 13801 MHz, Not Active, Not Active, Not Active, Not Active, Not Active
2026/09/03 01:20:12.994, 18393 MiB, 41, 104.25 W, 2925 MHz, 13801 MHz, Not Active, Not Active, Not Active, Not Active, Not Active
2026/09/03 01:20:13.195, 18393 MiB, 41, 105.02 W, 2925 MHz, 13801 MHz, Not Active, Not Active, Not Active, Not Active, Not Active
2026/09/03 01:20:13.395, 18395 MiB, 41, 105.02 W, 2925 MHz, 13801 MHz, Not Active, Not Active, Not Active, Not Active, Not Active
2026/09/03 01:20:13.595, 18397 MiB, 41, 106.86 W, 2925 MHz, 13801 MHz, Not Active, Not Active, Not Active, Not Active, Not Active
2026/09/03 01:20:13.795, 18397 MiB, 41, 106.86 W, 2925 MHz, 13801 MHz, Not Active, Not Active, Not Active, Not Active, Not Active
2026/09/03 01:20:13.996, 18397 MiB, 41, 106.86 W, 2925 MHz, 13801 MHz, Not Active, Not Active, Not Active, Not Active, Not Active
2026/09/03 01:20:14.196, 18399 MiB, 41, 106.67 W, 2925 MHz, 13801 MHz, Not Active, Not Active, Not Active, Not Active, Not Active
2026/09/03 01:20:14.396, 18399 MiB, 41, 106.67 W, 2925 MHz, 13801 MHz, Not Active, Not Active, Not Active, Not Active, Not Active
2026/09/03 01:20:14.596, 18399 MiB, 41, 106.75 W, 2925 MHz, 13801 MHz, Not Active, Not Active, Not Active, Not Active, Not Active
2026/09/03 01:20:14.796, 18399 MiB, 41, 106.75 W, 2925 MHz, 13801 MHz, Not Active, Not Active, Not Active, Not Active, Not Active
2026/09/03 01:20:14.997, 18399 MiB, 41, 106.75 W, 2925 MHz, 13801 MHz, Not Active, Not Active, Not Active, Not Active, Not Active
2026/09/03 01:20:15.197, 18399 MiB, 40, 91.14 W, 2415 MHz, 13801 MHz, Not Active, Not Active, Not Active, Not Active, Not Active
2026/09/03 01:20:15.397, 18399 MiB, 40, 91.14 W, 2415 MHz, 13801 MHz, Not Active, Not Active, Not Active, Not Active, Not Active
2026/09/03 01:20:15.598, 18399 MiB, 40, 63.51 W, 2400 MHz, 13801 MHz, Not Active, Not Active, Not Active, Not Active, Not Active
2026/09/03 01:20:15.798, 18399 MiB, 40, 63.51 W, 2400 MHz, 13801 MHz, Not Active, Not Active, Not Active, Not Active, Not Active
2026/09/03 01:20:15.998, 18399 MiB, 40, 63.51 W, 2400 MHz, 13801 MHz, Not Active, Not Active, Not Active, Not Active, Not Active
2026/09/03 01:20:16.198, 18339 MiB, 40, 55.39 W, 2400 MHz, 13801 MHz, Not Active, Not Active, Not Active, Not Active, Not Active
2026/09/03 01:20:16.398, 18339 MiB, 40, 55.39 W, 2400 MHz, 13801 MHz, Not Active, Not Active, Not Active, Not Active, Not Active
2026/09/03 01:20:16.599, 18339 MiB, 40, 56.04 W, 2400 MHz, 13801 MHz, Not Active, Not Active, Not Active, Not Active, Not Active
2026/09/03 01:20:16.799, 18339 MiB, 40, 56.04 W, 2400 MHz, 13801 MHz, Not Active, Not Active, Not Active, Not Active, Not Active
2026/09/03 01:20:16.999, 15 MiB, 40, 57.46 W, 2400 MHz, 13801 MHz, Not Active, Not Active, Not Active, Not Active, Not Active
