timestamp, memory.used [MiB], temperature.gpu, power.draw [W], clocks.current.sm [MHz], clocks.current.memory [MHz], clocks_event_reasons.sw_power_cap, clocks_event_reasons.hw_slowdown, clocks_event_reasons.hw_thermal_slowdown, clocks_event_reasons.hw_power_brake_slowdown, clocks_event_reasons.sw_thermal_slowdown
2026/09/03 04:11:33.285, 2 MiB, 52, 95.08 W, 2902 MHz, 14001 MHz, Not Active, Not Active, Not Active, Not Active, Not Active
2026/09/03 04:11:33.489, 2 MiB, 52, 95.08 W, 2902 MHz, 14001 MHz, Not Active, Not Active, Not Active, Not Active, Not Active
2026/09/03 04:11:33.689, 4 MiB, 52, 95.08 W, 2902 MHz, 14001 MHz, Not Active, Not Active, Not Active, Not Active, Not Active
2026/09/03 04:11:33.890, 22 MiB, 50, 38.84 W, 675 MHz, 14001 MHz, Not Active, Not Active, Not Active, Not Active, Not Active
2026/09/03 04:11:34.091, 506 MiB, 50, 38.84 W, 675 MHz, 14001 MHz, Not Active, Not Active, Not Active, Not Active, Not Active
2026/09/03 04:11:34.291, 506 MiB, 50, 38.84 W, 675 MHz, 14001 MHz, Not Active, Not Active, Not Active, Not Active, Not Active
2026/09/03 04:11:34.492, 506 MiB, 50, 44.93 W, 2430 MHz, 13801 MHz, Not Active, Not Active, Not Active, Not Active, Not Active
2026/09/03 04:11:34.692, 506 MiB, 50, 44.93 W, 2430 MHz, 13801 MHz, Not Active, Not Active, Not Active, Not Active, Not Active
2026/09/03 04:11:34.892, 506 MiB, 50, 56.49 W, 2400 MHz, 13801 MHz, Not Active, Not Active, Not Active, Not Active, Not Active
2026/09/03 04:11:35.092, 506 MiB, 50, 56.49 W, 2400 MHz, 13801 MHz, Not Active, Not Active, Not Active, Not Active, Not Active
2026/09/03 04:11:35.292, 506 MiB, 50, 56.49 W, 2400 MHz, 13801 MHz, Not Active, Not Active, Not Active, Not Active, Not Active
2026/09/03 04:11:35.493, 506 MiB, 50, 57.39 W, 2400 MHz, 13801 MHz, Not Active, Not Active, Not Active, Not Active, Not Active
2026/09/03 04:11:35.693, 506 MiB, 50, 57.39 W, 2400 MHz, 13801 MHz, Not Active, Not Active, Not Active, Not Active, Not Active
2026/09/03 04:11:35.893, 506 MiB, 50, 57.46 W, 2400 MHz, 13801 MHz, Not Active, Not Active, Not Active, Not Active, Not Active
2026/09/03 04:11:36.093, 506 MiB, 50, 57.46 W, 2400 MHz, 13801 MHz, Not Active, Not Active, Not Active, Not Active, Not Active
2026/09/03 04:11:36.294, 506 MiB, 50, 57.46 W, 2400 MHz, 13801 MHz, Not Active, Not Active, Not Active, Not Active, Not Active
2026/09/03 04:11:36.494, 506 MiB, 49, 57.43 W, 2400 MHz, 13801 MHz, Not Active, Not Active, Not Active, Not Active, Not Active
2026/09/03 04:11:36.694, 506 MiB, 49, 57.43 W, 2400 MHz, 13801 MHz, Not Active, Not Active, Not Active, Not Active, Not Active
2026/09/03 04:11:36.894, 506 MiB, 49, 57.22 W, 2400 MHz, 13801 MHz, Not Active, Not Active, Not Active, Not Active, Not Active
2026/09/03 04:11:37.095, 506 MiB, 49, 57.22 W, 2400 MHz, 13801 MHz, Not Active, Not Active, Not Active, Not Active, Not Active
2026/09/03 04:11:37.295, 506 MiB, 49, 57.22 W, 2400 MHz, 13801 MHz, Not Active, Not Active, Not Active, Not Active, Not Active
2026/09/03 04:11:37.495, 506 MiB, 49, 57.14 W, 2400 MHz, 13801 MHz, Not Active, Not Active, Not Active, Not Active, Not Active
2026/09/03 04:11:37.695, 506 MiB, 49, 57.14 W, 2400 MHz, 13801 MHz, Not Active, Not Active, Not Active, Not Active, Not Active
2026/09/03 04:11:37.895, 506 MiB, 49, 57.18 W, 2400 MHz, 13801 MHz, Not Active, Not Active, Not Active, Not Active, Not Active
2026/09/03 04:11:38.096, 506 MiB, 49, 57.18 W, 2400 MHz, 13801 MHz, Not Active, Not Active, Not Active, Not Active, Not Active
2026/09/03 04:11:38.296, 506 MiB, 49, 57.18 W, 2400 MHz, 13801 MHz, Not Active, Not Active, Not Active, Not Active, Not Active
2026/09/03 04:11:38.496, 506 MiB, 49, 57.17 W, 2400 MHz, 13801 MHz, Not Active, Not Active, Not Active, Not Active, Not Active
2026/09/03 04:11:38.696, 506 MiB, 49, 57.17 W, 2400 MHz, 13801 MHz, Not Active, Not Active, Not Active, Not Active, Not Active
2026/09/03 04:11:38.896, 506 MiB, 49, 57.32 W, 2400 MHz, 13801 MHz, Not Active, Not Active, Not Active, Not Active, Not Active
2026/09/03 04:11:39.097, 506 MiB, 49, 57.32 W, 2400 MHz, 13801 MHz, Not Active, Not Active, Not Active, Not Active, Not Active
2026/09/03 04:11:39.297, 506 MiB, 49, 57.32 W, 2400 MHz, 13801 MHz, Not Active, Not Active, Not Active, Not Active, Not Active
2026/09/03 04:11:39.497, 506 MiB, 49, 57.25 W, 2400 MHz, 13801 MHz, Not Active, Not Active, Not Active, Not Active, Not Active
2026/09/03 04:11:39.697, 506 MiB, 49, 57.25 W, 2400 MHz, 13801 MHz, Not Active, Not Active, Not Active, Not Active, Not Active
2026/09/03 04:11:39.898, 506 MiB, 49, 57.04 W, 2400 MHz, 13801 MHz, Not Active, Not Active, Not Active, Not Active, Not Active
2026/09/03 04:11:40.098, 506 MiB, 49, 57.04 W, 2400 MHz, 13801 MHz, Not Active, Not Active, Not Active, Not Active, Not Active
2026/09/03 04:11:40.298, 506 MiB, 49, 57.04 W, 2400 MHz, 13801 MHz, Not Active, Not Active, Not Active, Not Active, Not Active
2026/09/03 04:11:40.498, 506 MiB, 49, 56.97 W, 2400 MHz, 13801 MHz, Not Active, Not Active, Not Active, Not Active, Not Active
2026/09/03 04:11:40.698, 506 MiB, 49, 56.97 W, 2400 MHz, 13801 MHz, Not Active, Not Active, Not Active, Not Active, Not Active
2026/09/03 04:11:40.899, 506 MiB, 48, 56.86 W, 2400 MHz, 13801 MHz, Not Active, Not Active, Not Active, Not Active, Not Active
2026/09/03 04:11:41.099, 506 MiB, 48, 56.86 W, 2400 MHz, 13801 MHz, Not Active, Not Active, Not Active, Not Active, Not Active
2026/09/03 04:11:41.299, 506 MiB, 48, 56.86 W, 2400 MHz, 13801 MHz, Not Active, Not Active, Not Active, Not Active, Not Active
2026/09/03 04:11:41.499, 506 MiB, 48, 56.80 W, 2400 MHz, 13801 MHz, Not Active, Not Active, Not Active, Not Active, Not Active
2026/09/03 04:11:41.699, 506 MiB, 48, 56.80 W, 2400 MHz, 13801 MHz, Not Active, Not Active, Not Active, Not Active, Not Active
2026/09/03 04:11:41.900, 506 MiB, 48, 56.84 W, 2400 MHz, 13801 MHz, Not Active, Not Active, Not Active, Not Active, Not Active
2026/09/03 04:11:42.100, 506 MiB, 48, 56.84 W, 2400 MHz, 13801 MHz, Not Active, Not Active, Not Active, Not Active, Not Active
2026/09/03 04:11:42.300, 506 MiB, 48, 56.84 W, 2400 MHz, 13801 MHz, Not Active, Not Active, Not Active, Not Active, Not Active
2026/09/03 04:11:42.500, 506 MiB, 48, 56.89 W, 2400 MHz, 13801 MHz, Not Active, Not Active, Not Active, Not Active, Not Active
2026/09/03 04:11:42.701, 506 MiB, 48, 56.89 W, 2400 MHz, 13801 MHz, Not Active, Not Active, Not Active, Not Active, Not Active
2026/09/03 04:11:42.901, 506 MiB, 48, 56.80 W, 2400 MHz, 13801 MHz, Not Active, Not Active, Not Active, Not Active, Not Active
2026/09/03 04:11:43.101, 506 MiB, 48, 56.80 W, 2400 MHz, 13801 MHz, Not Active, Not Active, Not Active, Not Active, Not Active
2026/09/03 04:11:43.301, 506 MiB, 48, 56.80 W, 2400 MHz, 13801 MHz, Not Active, Not Active, Not Active, Not Active, Not Active
2026/09/03 04:11:43.501, 506 MiB, 48, 56.79 W, 2400 MHz, 13801 MHz, Not Active, Not Active, Not Active, Not Active, Not Active
2026/09/03 04:11:43.702, 506 MiB, 48, 56.79 W, 2400 MHz, 13801 MHz, Not Active, Not Active, Not Active, Not Active, Not Active
2026/09/03 04:11:43.902, 506 MiB, 48, 56.90 W, 2400 MHz, 13801 MHz, Not Active, Not Active, Not Active, Not Active, Not Active
2026/09/03 04:11:44.102, 506 MiB, 48, 56.90 W, 2400 MHz, 13801 MHz, Not Active, Not Active, Not Active, Not Active, Not Active
2026/09/03 04:11:44.302, 506 MiB, 48, 56.90 W, 2400 MHz, 13801 MHz, Not Active, Not Active, Not Active, Not Active, Not Active
2026/09/03 04:11:44.502, 506 MiB, 48, 56.71 W, 2400 MHz, 13801 MHz, Not Active, Not Active, Not Active, Not Active, Not Active
2026/09/03 04:11:44.703, 506 MiB, 48, 56.71 W, 2400 MHz, 13801 MHz, Not Active, Not Active, Not Active, Not Active, Not Active
2026/09/03 04:11:44.903, 506 MiB, 48, 56.61 W, 2400 MHz, 13801 MHz, Not Active, Not Active, Not Active, Not Active, Not Active
2026/09/03 04:11:45.103, 506 MiB, 48, 56.61 W, 2400 MHz, 13801 MHz, Not Active, Not Active, Not Active, Not Active, Not Active
2026/09/03 04:11:45.304, 506 MiB, 48, 56.61 W, 2400 MHz, 13801 MHz, Not Active, Not Active, Not Active, Not Active, Not Active
2026/09/03 04:11:45.504, 506 MiB, 47, 56.68 W, 2400 MHz, 13801 MHz, Not Active, Not Active, Not Active, Not Active, Not Active
2026/09/03 04:11:45.704, 506 MiB, 47, 56.68 W, 2400 MHz, 13801 MHz, Not Active, Not Active, Not Active, Not Active, Not Active
2026/09/03 04:11:45.904, 506 MiB, 47, 56.48 W, 2400 MHz, 13801 MHz, Not Active, Not Active, Not Active, Not Active, Not Active
2026/09/03 04:11:46.104, 506 MiB, 47, 56.48 W, 2400 MHz, 13801 MHz, Not Active, Not Active, Not Active, Not Active, Not Active
2026/09/03 04:11:46.305, 506 MiB, 47, 56.48 W, 2400 MHz, 13801 MHz, Not Active, Not Active, Not Active, Not Active, Not Active
2026/09/03 04:11:46.505, 506 MiB, 47, 56.35 W, 2400 MHz, 13801 MHz, Not Active, Not Active, Not Active, Not Active, Not Active
2026/09/03 04:11:46.705, 506 MiB, 47, 56.35 W, 2400 MHz, 13801 MHz, Not Active, Not Active, Not Active, Not Active, Not Active
2026/09/03 04:11:46.905, 506 MiB, 47, 56.40 W, 2400 MHz, 13801 MHz, Not Active, Not Active, Not Active, Not Active, Not Active
2026/09/03 04:11:47.106, 506 MiB, 47, 56.40 W, 2400 MHz, 13801 MHz, Not Active, Not Active, Not Active, Not Active, Not Active
2026/09/03 04:11:47.306, 506 MiB, 47, 56.40 W, 2400 MHz, 13801 MHz, Not Active, Not Active, Not Active, Not Active, Not Active
2026/09/03 04:11:47.506, 506 MiB, 47, 56.29 W, 2400 MHz, 13801 MHz, Not Active, Not Active, Not Active, Not Active, Not Active
2026/09/03 04:11:47.706, 506 MiB, 47, 56.29 W, 2400 MHz, 13801 MHz, Not Active, Not Active, Not Active, Not Active, Not Active
2026/09/03 04:11:47.906, 506 MiB, 47, 56.37 W, 2400 MHz, 13801 MHz, Not Active, Not Active, Not Active, Not Active, Not Active
2026/09/03 04:11:48.107, 506 MiB, 47, 56.37 W, 2400 MHz, 13801 MHz, Not Active, Not Active, Not Active, Not Active, Not Active
2026/09/03 04:11:48.307, 506 MiB, 47, 56.37 W, 2400 MHz, 13801 MHz, Not Active, Not Active, Not Active, Not Active, Not Active
2026/09/03 04:11:48.507, 506 MiB, 47, 56.39 W, 2400 MHz, 13801 MHz, Not Active, Not Active, Not Active, Not Active, Not Active
2026/09/03 04:11:48.707, 506 MiB, 47, 56.39 W, 2400 MHz, 13801 MHz, Not Active, Not Active, Not Active, Not Active, Not Active
2026/09/03 04:11:48.908, 506 MiB, 47, 56.33 W, 2400 MHz, 13801 MHz, Not Active, Not Active, Not Active, Not Active, Not Active
2026/09/03 04:11:49.108, 506 MiB, 47, 56.33 W, 2400 MHz, 13801 MHz, Not Active, Not Active, Not Active, Not Active, Not Active
2026/09/03 04:11:49.308, 506 MiB, 47, 56.33 W, 2400 MHz, 13801 MHz, Not Active, Not Active, Not Active, Not Active, Not Active
2026/09/03 04:11:49.509, 506 MiB, 47, 56.25 W, 2400 MHz, 13801 MHz, Not Active, Not Active, Not Active, Not Active, Not Active
2026/09/03 04:11:49.709, 506 MiB, 47, 56.25 W, 2400 MHz, 13801 MHz, Not Active, Not Active, Not Active, Not Active, Not Active
2026/09/03 04:11:49.909, 506 MiB, 47, 56.23 W, 2400 MHz, 13801 MHz, Not Active, Not Active, Not Active, Not Active, Not Active
2026/09/03 04:11:50.109, 506 MiB, 47, 56.23 W, 2400 MHz, 13801 MHz, Not Active, Not Active, Not Active, Not Active, Not Active
2026/09/03 04:11:50.310, 506 MiB, 47, 56.23 W, 2400 MHz, 13801 MHz, Not Active, Not Active, Not Active, Not Active, Not Active
2026/09/03 04:11:50.510, 506 MiB, 47, 56.22 W, 2400 MHz, 13801 MHz, Not Active, Not Active, Not Active, Not Active, Not Active
2026/09/03 04:11:50.710, 506 MiB, 47, 56.22 W, 2400 MHz, 13801 MHz, Not Active, Not Active, Not Active, Not Active, Not Active
2026/09/03 04:11:50.910, 506 MiB, 46, 52.27 W, 300 MHz, 810 MHz, Not Active, Not Active, Not Active, Not Active, Not Active
2026/09/03 04:11:51.111, 506 MiB, 46, 52.27 W, 300 MHz, 810 MHz, Not Active, Not Active, Not Active, Not Active, Not Active
2026/09/03 04:11:51.311, 506 MiB, 46, 52.27 W, 300 MHz, 810 MHz, Not Active, Not Active, Not Active, Not Active, Not Active
2026/09/03 04:11:51.511, 506 MiB, 46, 33.71 W, 435 MHz, 810 MHz, Not Active, Not Active, Not Active, Not Active, Not Active
2026/09/03 04:11:51.711, 506 MiB, 46, 33.71 W, 435 MHz, 810 MHz, Not Active, Not Active, Not Active, Not Active, Not Active
2026/09/03 04:11:51.912, 506 MiB, 46, 22.46 W, 42 MHz, 810 MHz, Not Active, Not Active, Not Active, Not Active, Not Active
2026/09/03 04:11:52.112, 506 MiB, 46, 22.46 W, 42 MHz, 810 MHz, Not Active, Not Active, Not Active, Not Active, Not Active
2026/09/03 04:11:52.312, 506 MiB, 46, 22.46 W, 42 MHz, 810 MHz, Not Active, Not Active, Not Active, Not Active, Not Active
2026/09/03 04:11:52.512, 506 MiB, 46, 22.46 W, 42 MHz, 810 MHz, Not Active, Not Active, Not Active, Not Active, Not Active
2026/09/03 04:11:52.713, 506 MiB, 46, 22.46 W, 42 MHz, 810 MHz, Not Active, Not Active, Not Active, Not Active, Not Active
2026/09/03 04:11:52.913, 506 MiB, 45, 13.32 W, 23 MHz, 405 MHz, Not Active, Not Active, Not Active, Not Active, Not Active
2026/09/03 04:11:53.113, 506 MiB, 45, 13.32 W, 23 MHz, 405 MHz, Not Active, Not Active, Not Active, Not Active, Not Active
2026/09/03 04:11:53.313, 506 MiB, 45, 13.32 W, 23 MHz, 405 MHz, Not Active, Not Active, Not Active, Not Active, Not Active
2026/09/03 04:11:53.514, 506 MiB, 45, 13.32 W, 23 MHz, 405 MHz, Not Active, Not Active, Not Active, Not Active, Not Active
2026/09/03 04:11:53.714, 506 MiB, 45, 13.32 W, 23 MHz, 405 MHz, Not Active, Not Active, Not Active, Not Active, Not Active
2026/09/03 04:11:53.914, 506 MiB, 45, 12.02 W, 22 MHz, 405 MHz, Not Active, Not Active, Not Active, Not Active, Not Active
2026/09/03 04:11:54.114, 506 MiB, 45, 12.02 W, 22 MHz, 405 MHz, Not Active, Not Active, Not Active, Not Active, Not Active
2026/09/03 04:11:54.315, 506 MiB, 45, 12.02 W, 22 MHz, 405 MHz, Not Active, Not Active, Not Active, Not Active, Not Active
2026/09/03 04:11:54.515, 506 MiB, 45, 12.02 W, 22 MHz, 405 MHz, Not Active, Not Active, Not Active, Not Active, Not Active
2026/09/03 04:11:54.715, 506 MiB, 45, 12.02 W, 22 MHz, 405 MHz, Not Active, Not Active, Not Active, Not Active, Not Active
2026/09/03 04:11:54.915, 506 MiB, 45, 12.12 W, 22 MHz, 405 MHz, Not Active, Not Active, Not Active, Not Active, Not Active
2026/09/03 04:11:55.116, 506 MiB, 45, 12.12 W, 22 MHz, 405 MHz, Not Active, Not Active, Not Active, Not Active, Not Active
2026/09/03 04:11:55.316, 506 MiB, 45, 12.12 W, 22 MHz, 405 MHz, Not Active, Not Active, Not Active, Not Active, Not Active
2026/09/03 04:11:55.516, 506 MiB, 45, 12.12 W, 22 MHz, 405 MHz, Not Active, Not Active, Not Active, Not Active, Not Active
2026/09/03 04:11:55.716, 506 MiB, 45, 12.12 W, 22 MHz, 405 MHz, Not Active, Not Active, Not Active, Not Active, Not Active
2026/09/03 04:11:55.916, 506 MiB, 45, 12.06 W, 22 MHz, 405 MHz, Not Active, Not Active, Not Active, Not Active, Not Active
2026/09/03 04:11:56.117, 506 MiB, 45, 12.06 W, 22 MHz, 405 MHz, Not Active, Not Active, Not Active, Not Active, Not Active
2026/09/03 04:11:56.317, 506 MiB, 45, 12.06 W, 22 MHz, 405 MHz, Not Active, Not Active, Not Active, Not Active, Not Active
2026/09/03 04:11:56.517, 506 MiB, 45, 12.06 W, 22 MHz, 405 MHz, Not Active, Not Active, Not Active, Not Active, Not Active
2026/09/03 04:11:56.717, 506 MiB, 45, 12.06 W, 22 MHz, 405 MHz, Not Active, Not Active, Not Active, Not Active, Not Active
2026/09/03 04:11:56.918, 506 MiB, 44, 12.00 W, 22 MHz, 405 MHz, Not Active, Not Active, Not Active, Not Active, Not Active
2026/09/03 04:11:57.118, 506 MiB, 44, 12.00 W, 22 MHz, 405 MHz, Not Active, Not Active, Not Active, Not Active, Not Active
2026/09/03 04:11:57.318, 506 MiB, 44, 12.00 W, 22 MHz, 405 MHz, Not Active, Not Active, Not Active, Not Active, Not Active
2026/09/03 04:11:57.518, 506 MiB, 44, 12.00 W, 22 MHz, 405 MHz, Not Active, Not Active, Not Active, Not Active, Not Active
2026/09/03 04:11:57.718, 506 MiB, 44, 12.00 W, 22 MHz, 405 MHz, Not Active, Not Active, Not Active, Not Active, Not Active
2026/09/03 04:11:57.919, 506 MiB, 44, 12.05 W, 22 MHz, 405 MHz, Not Active, Not Active, Not Active, Not Active, Not Active
2026/09/03 04:11:58.119, 506 MiB, 44, 12.05 W, 22 MHz, 405 MHz, Not Active, Not Active, Not Active, Not Active, Not Active
2026/09/03 04:11:58.319, 506 MiB, 44, 12.05 W, 22 MHz, 405 MHz, Not Active, Not Active, Not Active, Not Active, Not Active
2026/09/03 04:11:58.519, 506 MiB, 44, 12.05 W, 22 MHz, 405 MHz, Not Active, Not Active, Not Active, Not Active, Not Active
2026/09/03 04:11:58.719, 506 MiB, 44, 12.05 W, 22 MHz, 405 MHz, Not Active, Not Active, Not Active, Not Active, Not Active
2026/09/03 04:11:58.920, 506 MiB, 44, 12.19 W, 22 MHz, 405 MHz, Not Active, Not Active, Not Active, Not Active, Not Active
2026/09/03 04:11:59.120, 506 MiB, 44, 12.19 W, 22 MHz, 405 MHz, Not Active, Not Active, Not Active, Not Active, Not Active
2026/09/03 04:11:59.320, 506 MiB, 44, 12.19 W, 22 MHz, 405 MHz, Not Active, Not Active, Not Active, Not Active, Not Active
2026/09/03 04:11:59.520, 506 MiB, 44, 12.19 W, 22 MHz, 405 MHz, Not Active, Not Active, Not Active, Not Active, Not Active
2026/09/03 04:11:59.721, 506 MiB, 44, 12.19 W, 22 MHz, 405 MHz, Not Active, Not Active, Not Active, Not Active, Not Active
2026/09/03 04:11:59.921, 506 MiB, 44, 12.13 W, 22 MHz, 405 MHz, Not Active, Not Active, Not Active, Not Active, Not Active
2026/09/03 04:12:00.121, 506 MiB, 44, 12.13 W, 22 MHz, 405 MHz, Not Active, Not Active, Not Active, Not Active, Not Active
2026/09/03 04:12:00.321, 506 MiB, 44, 12.13 W, 22 MHz, 405 MHz, Not Active, Not Active, Not Active, Not Active, Not Active
2026/09/03 04:12:00.522, 506 MiB, 44, 12.13 W, 22 MHz, 405 MHz, Not Active, Not Active, Not Active, Not Active, Not Active
2026/09/03 04:12:00.722, 506 MiB, 44, 12.13 W, 22 MHz, 405 MHz, Not Active, Not Active, Not Active, Not Active, Not Active
2026/09/03 04:12:00.922, 506 MiB, 44, 11.88 W, 22 MHz, 405 MHz, Not Active, Not Active, Not Active, Not Active, Not Active
2026/09/03 04:12:01.122, 506 MiB, 44, 11.88 W, 22 MHz, 405 MHz, Not Active, Not Active, Not Active, Not Active, Not Active
2026/09/03 04:12:01.322, 506 MiB, 44, 11.88 W, 22 MHz, 405 MHz, Not Active, Not Active, Not Active, Not Active, Not Active
2026/09/03 04:12:01.522, 506 MiB, 44, 11.88 W, 22 MHz, 405 MHz, Not Active, Not Active, Not Active, Not Active, Not Active
2026/09/03 04:12:01.723, 506 MiB, 44, 11.88 W, 22 MHz, 405 MHz, Not Active, Not Active, Not Active, Not Active, Not Active
2026/09/03 04:12:01.923, 506 MiB, 43, 11.89 W, 22 MHz, 405 MHz, Not Active, Not Active, Not Active, Not Active, Not Active
2026/09/03 04:12:02.123, 506 MiB, 43, 11.89 W, 22 MHz, 405 MHz, Not Active, Not Active, Not Active, Not Active, Not Active
2026/09/03 04:12:02.323, 506 MiB, 43, 11.89 W, 22 MHz, 405 MHz, Not Active, Not Active, Not Active, Not Active, Not Active
2026/09/03 04:12:02.524, 506 MiB, 43, 11.89 W, 22 MHz, 405 MHz, Not Active, Not Active, Not Active, Not Active, Not Active
2026/09/03 04:12:02.724, 506 MiB, 43, 11.89 W, 22 MHz, 405 MHz, Not Active, Not Active, Not Active, Not Active, Not Active
2026/09/03 04:12:02.924, 506 MiB, 43, 11.98 W, 22 MHz, 405 MHz, Not Active, Not Active, Not Active, Not Active, Not Active
2026/09/03 04:12:03.124, 506 MiB, 43, 11.98 W, 22 MHz, 405 MHz, Not Active, Not Active, Not Active, Not Active, Not Active
2026/09/03 04:12:03.324, 506 MiB, 43, 11.98 W, 22 MHz, 405 MHz, Not Active, Not Active, Not Active, Not Active, Not Active
2026/09/03 04:12:03.525, 506 MiB, 43, 11.98 W, 22 MHz, 405 MHz, Not Active, Not Active, Not Active, Not Active, Not Active
2026/09/03 04:12:03.725, 506 MiB, 43, 11.98 W, 22 MHz, 405 MHz, Not Active, Not Active, Not Active, Not Active, Not Active
2026/09/03 04:12:03.925, 506 MiB, 43, 11.86 W, 22 MHz, 405 MHz, Not Active, Not Active, Not Active, Not Active, Not Active
2026/09/03 04:12:04.125, 506 MiB, 43, 11.86 W, 22 MHz, 405 MHz, Not Active, Not Active, Not Active, Not Active, Not Active
2026/09/03 04:12:04.326, 506 MiB, 43, 11.86 W, 22 MHz, 405 MHz, Not Active, Not Active, Not Active, Not Active, Not Active
2026/09/03 04:12:04.526, 506 MiB, 43, 11.86 W, 22 MHz, 405 MHz, Not Active, Not Active, Not Active, Not Active, Not Active
2026/09/03 04:12:04.726, 506 MiB, 43, 11.86 W, 22 MHz, 405 MHz, Not Active, Not Active, Not Active, Not Active, Not Active
2026/09/03 04:12:04.926, 506 MiB, 43, 12.14 W, 22 MHz, 405 MHz, Not Active, Not Active, Not Active, Not Active, Not Active
2026/09/03 04:12:05.126, 506 MiB, 43, 12.14 W, 22 MHz, 405 MHz, Not Active, Not Active, Not Active, Not Active, Not Active
2026/09/03 04:12:05.327, 506 MiB, 43, 12.14 W, 22 MHz, 405 MHz, Not Active, Not Active, Not Active, Not Active, Not Active
2026/09/03 04:12:05.527, 506 MiB, 43, 12.14 W, 22 MHz, 405 MHz, Not Active, Not Active, Not Active, Not Active, Not Active
2026/09/03 04:12:05.727, 506 MiB, 43, 12.14 W, 22 MHz, 405 MHz, Not Active, Not Active, Not Active, Not Active, Not Active
2026/09/03 04:12:05.927, 506 MiB, 43, 12.02 W, 22 MHz, 405 MHz, Not Active, Not Active, Not Active, Not Active, Not Active
2026/09/03 04:12:06.128, 506 MiB, 43, 12.02 W, 22 MHz, 405 MHz, Not Active, Not Active, Not Active, Not Active, Not Active
2026/09/03 04:12:06.328, 506 MiB, 43, 12.02 W, 22 MHz, 405 MHz, Not Active, Not Active, Not Active, Not Active, Not Active
2026/09/03 04:12:06.528, 506 MiB, 43, 12.02 W, 22 MHz, 405 MHz, Not Active, Not Active, Not Active, Not Active, Not Active
2026/09/03 04:12:06.728, 506 MiB, 43, 12.02 W, 22 MHz, 405 MHz, Not Active, Not Active, Not Active, Not Active, Not Active
2026/09/03 04:12:06.928, 506 MiB, 43, 11.84 W, 22 MHz, 405 MHz, Not Active, Not Active, Not Active, Not Active, Not Active
2026/09/03 04:12:07.129, 506 MiB, 43, 11.84 W, 22 MHz, 405 MHz, Not Active, Not Active, Not Active, Not Active, Not Active
2026/09/03 04:12:07.329, 506 MiB, 43, 11.84 W, 22 MHz, 405 MHz, Not Active, Not Active, Not Active, Not Active, Not Active
2026/09/03 04:12:07.529, 506 MiB, 43, 11.84 W, 22 MHz, 405 MHz, Not Active, Not Active, Not Active, Not Active, Not Active
2026/09/03 04:12:07.729, 506 MiB, 43, 11.84 W, 22 MHz, 405 MHz, Not Active, Not Active, Not Active, Not Active, Not Active
2026/09/03 04:12:07.930, 506 MiB, 42, 11.67 W, 22 MHz, 405 MHz, Not Active, Not Active, Not Active, Not Active, Not Active
2026/09/03 04:12:08.130, 506 MiB, 42, 11.67 W, 22 MHz, 405 MHz, Not Active, Not Active, Not Active, Not Active, Not Active
2026/09/03 04:12:08.330, 506 MiB, 42, 11.67 W, 22 MHz, 405 MHz, Not Active, Not Active, Not Active, Not Active, Not Active
2026/09/03 04:12:08.530, 506 MiB, 42, 11.67 W, 22 MHz, 405 MHz, Not Active, Not Active, Not Active, Not Active, Not Active
2026/09/03 04:12:08.731, 506 MiB, 42, 11.67 W, 22 MHz, 405 MHz, Not Active, Not Active, Not Active, Not Active, Not Active
2026/09/03 04:12:08.931, 506 MiB, 42, 11.79 W, 22 MHz, 405 MHz, Not Active, Not Active, Not Active, Not Active, Not Active
2026/09/03 04:12:09.131, 506 MiB, 42, 11.79 W, 22 MHz, 405 MHz, Not Active, Not Active, Not Active, Not Active, Not Active
2026/09/03 04:12:09.331, 506 MiB, 42, 11.79 W, 22 MHz, 405 MHz, Not Active, Not Active, Not Active, Not Active, Not Active
2026/09/03 04:12:09.531, 506 MiB, 42, 11.79 W, 22 MHz, 405 MHz, Not Active, Not Active, Not Active, Not Active, Not Active
2026/09/03 04:12:09.732, 506 MiB, 42, 11.79 W, 22 MHz, 405 MHz, Not Active, Not Active, Not Active, Not Active, Not Active
2026/09/03 04:12:09.932, 506 MiB, 42, 11.84 W, 22 MHz, 405 MHz, Not Active, Not Active, Not Active, Not Active, Not Active
2026/09/03 04:12:10.132, 506 MiB, 42, 11.84 W, 22 MHz, 405 MHz, Not Active, Not Active, Not Active, Not Active, Not Active
2026/09/03 04:12:10.332, 506 MiB, 42, 11.84 W, 22 MHz, 405 MHz, Not Active, Not Active, Not Active, Not Active, Not Active
2026/09/03 04:12:10.533, 506 MiB, 42, 11.84 W, 22 MHz, 405 MHz, Not Active, Not Active, Not Active, Not Active, Not Active
2026/09/03 04:12:10.733, 506 MiB, 42, 11.84 W, 22 MHz, 405 MHz, Not Active, Not Active, Not Active, Not Active, Not Active
2026/09/03 04:12:10.933, 506 MiB, 42, 11.69 W, 22 MHz, 405 MHz, Not Active, Not Active, Not Active, Not Active, Not Active
2026/09/03 04:12:11.133, 506 MiB, 42, 11.69 W, 22 MHz, 405 MHz, Not Active, Not Active, Not Active, Not Active, Not Active
2026/09/03 04:12:11.334, 506 MiB, 42, 11.69 W, 22 MHz, 405 MHz, Not Active, Not Active, Not Active, Not Active, Not Active
2026/09/03 04:12:11.534, 506 MiB, 42, 11.69 W, 22 MHz, 405 MHz, Not Active, Not Active, Not Active, Not Active, Not Active
2026/09/03 04:12:11.734, 506 MiB, 42, 11.69 W, 22 MHz, 405 MHz, Not Active, Not Active, Not Active, Not Active, Not Active
2026/09/03 04:12:11.935, 506 MiB, 42, 11.66 W, 22 MHz, 405 MHz, Not Active, Not Active, Not Active, Not Active, Not Active
2026/09/03 04:12:12.135, 506 MiB, 42, 11.66 W, 22 MHz, 405 MHz, Not Active, Not Active, Not Active, Not Active, Not Active
2026/09/03 04:12:12.335, 506 MiB, 42, 11.66 W, 22 MHz, 405 MHz, Not Active, Not Active, Not Active, Not Active, Not Active
2026/09/03 04:12:12.535, 506 MiB, 42, 11.66 W, 22 MHz, 405 MHz, Not Active, Not Active, Not Active, Not Active, Not Active
2026/09/03 04:12:12.736, 506 MiB, 42, 11.66 W, 22 MHz, 405 MHz, Not Active, Not Active, Not Active, Not Active, Not Active
2026/09/03 04:12:12.936, 506 MiB, 42, 11.41 W, 22 MHz, 405 MHz, Not Active, Not Active, Not Active, Not Active, Not Active
2026/09/03 04:12:13.136, 506 MiB, 42, 11.41 W, 22 MHz, 405 MHz, Not Active, Not Active, Not Active, Not Active, Not Active
2026/09/03 04:12:13.336, 506 MiB, 42, 11.41 W, 22 MHz, 405 MHz, Not Active, Not Active, Not Active, Not Active, Not Active
2026/09/03 04:12:13.536, 506 MiB, 42, 11.41 W, 22 MHz, 405 MHz, Not Active, Not Active, Not Active, Not Active, Not Active
2026/09/03 04:12:13.737, 506 MiB, 42, 11.41 W, 22 MHz, 405 MHz, Not Active, Not Active, Not Active, Not Active, Not Active
2026/09/03 04:12:13.937, 506 MiB, 41, 11.50 W, 22 MHz, 405 MHz, Not Active, Not Active, Not Active, Not Active, Not Active
2026/09/03 04:12:14.137, 506 MiB, 41, 11.50 W, 22 MHz, 405 MHz, Not Active, Not Active, Not Active, Not Active, Not Active
2026/09/03 04:12:14.338, 506 MiB, 41, 11.50 W, 22 MHz, 405 MHz, Not Active, Not Active, Not Active, Not Active, Not Active
2026/09/03 04:12:14.538, 506 MiB, 41, 11.50 W, 22 MHz, 405 MHz, Not Active, Not Active, Not Active, Not Active, Not Active
2026/09/03 04:12:14.738, 506 MiB, 41, 11.50 W, 22 MHz, 405 MHz, Not Active, Not Active, Not Active, Not Active, Not Active
2026/09/03 04:12:14.938, 506 MiB, 41, 11.62 W, 22 MHz, 405 MHz, Not Active, Not Active, Not Active, Not Active, Not Active
2026/09/03 04:12:15.138, 506 MiB, 41, 11.62 W, 22 MHz, 405 MHz, Not Active, Not Active, Not Active, Not Active, Not Active
2026/09/03 04:12:15.338, 506 MiB, 41, 11.62 W, 22 MHz, 405 MHz, Not Active, Not Active, Not Active, Not Active, Not Active
2026/09/03 04:12:15.539, 506 MiB, 41, 11.62 W, 22 MHz, 405 MHz, Not Active, Not Active, Not Active, Not Active, Not Active
2026/09/03 04:12:15.739, 506 MiB, 41, 11.62 W, 22 MHz, 405 MHz, Not Active, Not Active, Not Active, Not Active, Not Active
2026/09/03 04:12:15.939, 506 MiB, 41, 11.59 W, 22 MHz, 405 MHz, Not Active, Not Active, Not Active, Not Active, Not Active
2026/09/03 04:12:16.139, 506 MiB, 41, 11.59 W, 22 MHz, 405 MHz, Not Active, Not Active, Not Active, Not Active, Not Active
2026/09/03 04:12:16.340, 506 MiB, 41, 11.59 W, 22 MHz, 405 MHz, Not Active, Not Active, Not Active, Not Active, Not Active
2026/09/03 04:12:16.540, 506 MiB, 41, 11.59 W, 22 MHz, 405 MHz, Not Active, Not Active, Not Active, Not Active, Not Active
2026/09/03 04:12:16.740, 506 MiB, 41, 11.59 W, 22 MHz, 405 MHz, Not Active, Not Active, Not Active, Not Active, Not Active
2026/09/03 04:12:16.941, 506 MiB, 41, 11.56 W, 22 MHz, 405 MHz, Not Active, Not Active, Not Active, Not Active, Not Active
2026/09/03 04:12:17.141, 506 MiB, 41, 11.56 W, 22 MHz, 405 MHz, Not Active, Not Active, Not Active, Not Active, Not Active
2026/09/03 04:12:17.341, 506 MiB, 41, 11.56 W, 22 MHz, 405 MHz, Not Active, Not Active, Not Active, Not Active, Not Active
2026/09/03 04:12:17.541, 506 MiB, 41, 11.56 W, 22 MHz, 405 MHz, Not Active, Not Active, Not Active, Not Active, Not Active
2026/09/03 04:12:17.741, 506 MiB, 41, 11.56 W, 22 MHz, 405 MHz, Not Active, Not Active, Not Active, Not Active, Not Active
2026/09/03 04:12:17.942, 506 MiB, 41, 11.42 W, 22 MHz, 405 MHz, Not Active, Not Active, Not Active, Not Active, Not Active
2026/09/03 04:12:18.142, 506 MiB, 41, 11.42 W, 22 MHz, 405 MHz, Not Active, Not Active, Not Active, Not Active, Not Active
2026/09/03 04:12:18.342, 506 MiB, 41, 11.42 W, 22 MHz, 405 MHz, Not Active, Not Active, Not Active, Not Active, Not Active
2026/09/03 04:12:18.542, 506 MiB, 41, 11.42 W, 22 MHz, 405 MHz, Not Active, Not Active, Not Active, Not Active, Not Active
2026/09/03 04:12:18.743, 506 MiB, 41, 11.42 W, 22 MHz, 405 MHz, Not Active, Not Active, Not Active, Not Active, Not Active
2026/09/03 04:12:18.943, 506 MiB, 41, 11.49 W, 22 MHz, 405 MHz, Not Active, Not Active, Not Active, Not Active, Not Active
2026/09/03 04:12:19.143, 506 MiB, 41, 11.49 W, 22 MHz, 405 MHz, Not Active, Not Active, Not Active, Not Active, Not Active
2026/09/03 04:12:19.344, 506 MiB, 41, 11.49 W, 22 MHz, 405 MHz, Not Active, Not Active, Not Active, Not Active, Not Active
2026/09/03 04:12:19.544, 506 MiB, 41, 11.49 W, 22 MHz, 405 MHz, Not Active, Not Active, Not Active, Not Active, Not Active
2026/09/03 04:12:19.744, 506 MiB, 41, 11.49 W, 22 MHz, 405 MHz, Not Active, Not Active, Not Active, Not Active, Not Active
2026/09/03 04:12:19.944, 506 MiB, 41, 11.41 W, 22 MHz, 405 MHz, Not Active, Not Active, Not Active, Not Active, Not Active
2026/09/03 04:12:20.145, 506 MiB, 41, 11.41 W, 22 MHz, 405 MHz, Not Active, Not Active, Not Active, Not Active, Not Active
2026/09/03 04:12:20.345, 506 MiB, 41, 11.41 W, 22 MHz, 405 MHz, Not Active, Not Active, Not Active, Not Active, Not Active
2026/09/03 04:12:20.545, 506 MiB, 41, 11.41 W, 22 MHz, 405 MHz, Not Active, Not Active, Not Active, Not Active, Not Active
2026/09/03 04:12:20.745, 506 MiB, 41, 11.41 W, 22 MHz, 405 MHz, Not Active, Not Active, Not Active, Not Active, Not Active
2026/09/03 04:12:20.946, 506 MiB, 40, 11.41 W, 22 MHz, 405 MHz, Not Active, Not Active, Not Active, Not Active, Not Active
2026/09/03 04:12:21.146, 506 MiB, 40, 11.41 W, 22 MHz, 405 MHz, Not Active, Not Active, Not Active, Not Active, Not Active
2026/09/03 04:12:21.346, 506 MiB, 40, 11.41 W, 22 MHz, 405 MHz, Not Active, Not Active, Not Active, Not Active, Not Active
2026/09/03 04:12:21.546, 506 MiB, 40, 11.41 W, 22 MHz, 405 MHz, Not Active, Not Active, Not Active, Not Active, Not Active
2026/09/03 04:12:21.747, 506 MiB, 40, 11.41 W, 22 MHz, 405 MHz, Not Active, Not Active, Not Active, Not Active, Not Active
2026/09/03 04:12:21.947, 506 MiB, 40, 11.28 W, 22 MHz, 405 MHz, Not Active, Not Active, Not Active, Not Active, Not Active
2026/09/03 04:12:22.147, 506 MiB, 40, 11.28 W, 22 MHz, 405 MHz, Not Active, Not Active, Not Active, Not Active, Not Active
2026/09/03 04:12:22.347, 506 MiB, 40, 11.28 W, 22 MHz, 405 MHz, Not Active, Not Active, Not Active, Not Active, Not Active
2026/09/03 04:12:22.547, 506 MiB, 40, 11.28 W, 22 MHz, 405 MHz, Not Active, Not Active, Not Active, Not Active, Not Active
2026/09/03 04:12:22.748, 506 MiB, 40, 11.28 W, 22 MHz, 405 MHz, Not Active, Not Active, Not Active, Not Active, Not Active
2026/09/03 04:12:22.948, 506 MiB, 40, 11.28 W, 22 MHz, 405 MHz, Not Active, Not Active, Not Active, Not Active, Not Active
2026/09/03 04:12:23.148, 506 MiB, 40, 11.28 W, 22 MHz, 405 MHz, Not Active, Not Active, Not Active, Not Active, Not Active
2026/09/03 04:12:23.349, 506 MiB, 40, 11.28 W, 22 MHz, 405 MHz, Not Active, Not Active, Not Active, Not Active, Not Active
2026/09/03 04:12:23.549, 506 MiB, 40, 11.28 W, 22 MHz, 405 MHz, Not Active, Not Active, Not Active, Not Active, Not Active
2026/09/03 04:12:23.749, 506 MiB, 40, 11.28 W, 22 MHz, 405 MHz, Not Active, Not Active, Not Active, Not Active, Not Active
2026/09/03 04:12:23.949, 506 MiB, 40, 11.36 W, 22 MHz, 405 MHz, Not Active, Not Active, Not Active, Not Active, Not Active
2026/09/03 04:12:24.150, 506 MiB, 40, 11.36 W, 22 MHz, 405 MHz, Not Active, Not Active, Not Active, Not Active, Not Active
2026/09/03 04:12:24.350, 506 MiB, 40, 11.36 W, 22 MHz, 405 MHz, Not Active, Not Active, Not Active, Not Active, Not Active
2026/09/03 04:12:24.550, 506 MiB, 40, 11.36 W, 22 MHz, 405 MHz, Not Active, Not Active, Not Active, Not Active, Not Active
2026/09/03 04:12:24.750, 506 MiB, 40, 11.36 W, 22 MHz, 405 MHz, Not Active, Not Active, Not Active, Not Active, Not Active
2026/09/03 04:12:24.951, 506 MiB, 40, 11.34 W, 22 MHz, 405 MHz, Not Active, Not Active, Not Active, Not Active, Not Active
2026/09/03 04:12:25.151, 506 MiB, 40, 11.34 W, 22 MHz, 405 MHz, Not Active, Not Active, Not Active, Not Active, Not Active
2026/09/03 04:12:25.351, 506 MiB, 40, 11.34 W, 22 MHz, 405 MHz, Not Active, Not Active, Not Active, Not Active, Not Active
2026/09/03 04:12:25.551, 506 MiB, 40, 11.34 W, 22 MHz, 405 MHz, Not Active, Not Active, Not Active, Not Active, Not Active
2026/09/03 04:12:25.751, 506 MiB, 40, 11.34 W, 22 MHz, 405 MHz, Not Active, Not Active, Not Active, Not Active, Not Active
2026/09/03 04:12:25.952, 506 MiB, 40, 10.87 W, 22 MHz, 405 MHz, Not Active, Not Active, Not Active, Not Active, Not Active
2026/09/03 04:12:26.152, 506 MiB, 40, 10.87 W, 22 MHz, 405 MHz, Not Active, Not Active, Not Active, Not Active, Not Active
2026/09/03 04:12:26.352, 506 MiB, 40, 10.87 W, 22 MHz, 405 MHz, Not Active, Not Active, Not Active, Not Active, Not Active
2026/09/03 04:12:26.552, 506 MiB, 40, 10.87 W, 22 MHz, 405 MHz, Not Active, Not Active, Not Active, Not Active, Not Active
2026/09/03 04:12:26.752, 506 MiB, 40, 10.87 W, 22 MHz, 405 MHz, Not Active, Not Active, Not Active, Not Active, Not Active
2026/09/03 04:12:26.953, 506 MiB, 40, 10.76 W, 22 MHz, 405 MHz, Not Active, Not Active, Not Active, Not Active, Not Active
2026/09/03 04:12:27.153, 506 MiB, 40, 10.76 W, 22 MHz, 405 MHz, Not Active, Not Active, Not Active, Not Active, Not Active
2026/09/03 04:12:27.353, 506 MiB, 40, 10.76 W, 22 MHz, 405 MHz, Not Active, Not Active, Not Active, Not Active, Not Active
2026/09/03 04:12:27.553, 506 MiB, 40, 10.76 W, 22 MHz, 405 MHz, Not Active, Not Active, Not Active, Not Active, Not Active
2026/09/03 04:12:27.753, 506 MiB, 40, 10.76 W, 22 MHz, 405 MHz, Not Active, Not Active, Not Active, Not Active, Not Active
2026/09/03 04:12:27.953, 506 MiB, 40, 10.59 W, 22 MHz, 405 MHz, Not Active, Not Active, Not Active, Not Active, Not Active
2026/09/03 04:12:28.154, 506 MiB, 40, 10.59 W, 22 MHz, 405 MHz, Not Active, Not Active, Not Active, Not Active, Not Active
2026/09/03 04:12:28.354, 506 MiB, 40, 10.59 W, 22 MHz, 405 MHz, Not Active, Not Active, Not Active, Not Active, Not Active
2026/09/03 04:12:28.554, 506 MiB, 40, 10.59 W, 22 MHz, 405 MHz, Not Active, Not Active, Not Active, Not Active, Not Active
2026/09/03 04:12:28.754, 506 MiB, 40, 10.59 W, 22 MHz, 405 MHz, Not Active, Not Active, Not Active, Not Active, Not Active
2026/09/03 04:12:28.954, 506 MiB, 40, 10.56 W, 22 MHz, 405 MHz, Not Active, Not Active, Not Active, Not Active, Not Active
2026/09/03 04:12:29.155, 506 MiB, 40, 10.56 W, 22 MHz, 405 MHz, Not Active, Not Active, Not Active, Not Active, Not Active
2026/09/03 04:12:29.355, 506 MiB, 40, 10.56 W, 22 MHz, 405 MHz, Not Active, Not Active, Not Active, Not Active, Not Active
2026/09/03 04:12:29.555, 506 MiB, 40, 10.56 W, 22 MHz, 405 MHz, Not Active, Not Active, Not Active, Not Active, Not Active
2026/09/03 04:12:29.755, 506 MiB, 40, 10.56 W, 22 MHz, 405 MHz, Not Active, Not Active, Not Active, Not Active, Not Active
2026/09/03 04:12:29.956, 506 MiB, 40, 10.63 W, 22 MHz, 405 MHz, Not Active, Not Active, Not Active, Not Active, Not Active
2026/09/03 04:12:30.156, 506 MiB, 40, 10.63 W, 22 MHz, 405 MHz, Not Active, Not Active, Not Active, Not Active, Not Active
2026/09/03 04:12:30.356, 506 MiB, 40, 10.63 W, 22 MHz, 405 MHz, Not Active, Not Active, Not Active, Not Active, Not Active
2026/09/03 04:12:30.556, 506 MiB, 40, 10.63 W, 22 MHz, 405 MHz, Not Active, Not Active, Not Active, Not Active, Not Active
2026/09/03 04:12:30.756, 506 MiB, 40, 10.63 W, 22 MHz, 405 MHz, Not Active, Not Active, Not Active, Not Active, Not Active
2026/09/03 04:12:30.957, 506 MiB, 40, 10.69 W, 22 MHz, 405 MHz, Not Active, Not Active, Not Active, Not Active, Not Active
2026/09/03 04:12:31.157, 506 MiB, 40, 10.69 W, 22 MHz, 405 MHz, Not Active, Not Active, Not Active, Not Active, Not Active
2026/09/03 04:12:31.357, 506 MiB, 40, 10.69 W, 22 MHz, 405 MHz, Not Active, Not Active, Not Active, Not Active, Not Active
2026/09/03 04:12:31.557, 506 MiB, 40, 10.69 W, 22 MHz, 405 MHz, Not Active, Not Active, Not Active, Not Active, Not Active
2026/09/03 04:12:31.758, 506 MiB, 40, 10.69 W, 22 MHz, 405 MHz, Not Active, Not Active, Not Active, Not Active, Not Active
2026/09/03 04:12:31.958, 506 MiB, 40, 10.70 W, 22 MHz, 405 MHz, Not Active, Not Active, Not Active, Not Active, Not Active
2026/09/03 04:12:32.158, 506 MiB, 40, 10.70 W, 22 MHz, 405 MHz, Not Active, Not Active, Not Active, Not Active, Not Active
2026/09/03 04:12:32.358, 506 MiB, 40, 10.70 W, 22 MHz, 405 MHz, Not Active, Not Active, Not Active, Not Active, Not Active
2026/09/03 04:12:32.559, 506 MiB, 40, 10.70 W, 22 MHz, 405 MHz, Not Active, Not Active, Not Active, Not Active, Not Active
2026/09/03 04:12:32.759, 506 MiB, 40, 10.70 W, 22 MHz, 405 MHz, Not Active, Not Active, Not Active, Not Active, Not Active
2026/09/03 04:12:32.959, 506 MiB, 40, 10.71 W, 22 MHz, 405 MHz, Not Active, Not Active, Not Active, Not Active, Not Active
2026/09/03 04:12:33.159, 506 MiB, 40, 10.71 W, 22 MHz, 405 MHz, Not Active, Not Active, Not Active, Not Active, Not Active
2026/09/03 04:12:33.360, 506 MiB, 40, 10.71 W, 22 MHz, 405 MHz, Not Active, Not Active, Not Active, Not Active, Not Active
2026/09/03 04:12:33.560, 506 MiB, 40, 10.71 W, 22 MHz, 405 MHz, Not Active, Not Active, Not Active, Not Active, Not Active
2026/09/03 04:12:33.760, 506 MiB, 40, 10.71 W, 22 MHz, 405 MHz, Not Active, Not Active, Not Active, Not Active, Not Active
2026/09/03 04:12:33.960, 506 MiB, 40, 10.64 W, 22 MHz, 405 MHz, Not Active, Not Active, Not Active, Not Active, Not Active
2026/09/03 04:12:34.160, 506 MiB, 40, 10.64 W, 22 MHz, 405 MHz, Not Active, Not Active, Not Active, Not Active, Not Active
2026/09/03 04:12:34.361, 506 MiB, 40, 10.64 W, 22 MHz, 405 MHz, Not Active, Not Active, Not Active, Not Active, Not Active
2026/09/03 04:12:34.561, 506 MiB, 40, 10.64 W, 22 MHz, 405 MHz, Not Active, Not Active, Not Active, Not Active, Not Active
2026/09/03 04:12:34.761, 506 MiB, 40, 10.64 W, 22 MHz, 405 MHz, Not Active, Not Active, Not Active, Not Active, Not Active
2026/09/03 04:12:34.961, 506 MiB, 40, 10.76 W, 22 MHz, 405 MHz, Not Active, Not Active, Not Active, Not Active, Not Active
2026/09/03 04:12:35.162, 506 MiB, 40, 10.76 W, 22 MHz, 405 MHz, Not Active, Not Active, Not Active, Not Active, Not Active
2026/09/03 04:12:35.362, 506 MiB, 40, 10.76 W, 22 MHz, 405 MHz, Not Active, Not Active, Not Active, Not Active, Not Active
2026/09/03 04:12:35.562, 506 MiB, 40, 10.76 W, 22 MHz, 405 MHz, Not Active, Not Active, Not Active, Not Active, Not Active
2026/09/03 04:12:35.762, 506 MiB, 40, 10.76 W, 22 MHz, 405 MHz, Not Active, Not Active, Not Active, Not Active, Not Active
2026/09/03 04:12:35.962, 506 MiB, 40, 10.75 W, 22 MHz, 405 MHz, Not Active, Not Active, Not Active, Not Active, Not Active
2026/09/03 04:12:36.163, 506 MiB, 40, 10.75 W, 22 MHz, 405 MHz, Not Active, Not Active, Not Active, Not Active, Not Active
2026/09/03 04:12:36.363, 506 MiB, 40, 10.75 W, 22 MHz, 405 MHz, Not Active, Not Active, Not Active, Not Active, Not Active
2026/09/03 04:12:36.563, 506 MiB, 40, 10.75 W, 22 MHz, 405 MHz, Not Active, Not Active, Not Active, Not Active, Not Active
2026/09/03 04:12:36.763, 506 MiB, 40, 10.75 W, 22 MHz, 405 MHz, Not Active, Not Active, Not Active, Not Active, Not Active
2026/09/03 04:12:36.964, 506 MiB, 40, 10.66 W, 22 MHz, 405 MHz, Not Active, Not Active, Not Active, Not Active, Not Active
2026/09/03 04:12:37.164, 506 MiB, 40, 10.66 W, 22 MHz, 405 MHz, Not Active, Not Active, Not Active, Not Active, Not Active
2026/09/03 04:12:37.364, 506 MiB, 40, 10.66 W, 22 MHz, 405 MHz, Not Active, Not Active, Not Active, Not Active, Not Active
2026/09/03 04:12:37.564, 506 MiB, 40, 10.66 W, 22 MHz, 405 MHz, Not Active, Not Active, Not Active, Not Active, Not Active
2026/09/03 04:12:37.765, 506 MiB, 40, 10.66 W, 22 MHz, 405 MHz, Not Active, Not Active, Not Active, Not Active, Not Active
2026/09/03 04:12:37.965, 506 MiB, 40, 10.68 W, 22 MHz, 405 MHz, Not Active, Not Active, Not Active, Not Active, Not Active
2026/09/03 04:12:38.165, 506 MiB, 40, 10.68 W, 22 MHz, 405 MHz, Not Active, Not Active, Not Active, Not Active, Not Active
2026/09/03 04:12:38.366, 506 MiB, 40, 10.68 W, 22 MHz, 405 MHz, Not Active, Not Active, Not Active, Not Active, Not Active
2026/09/03 04:12:38.566, 506 MiB, 40, 10.68 W, 22 MHz, 405 MHz, Not Active, Not Active, Not Active, Not Active, Not Active
2026/09/03 04:12:38.766, 506 MiB, 40, 10.68 W, 22 MHz, 405 MHz, Not Active, Not Active, Not Active, Not Active, Not Active
2026/09/03 04:12:38.966, 506 MiB, 40, 10.91 W, 22 MHz, 405 MHz, Not Active, Not Active, Not Active, Not Active, Not Active
2026/09/03 04:12:39.167, 506 MiB, 40, 10.91 W, 22 MHz, 405 MHz, Not Active, Not Active, Not Active, Not Active, Not Active
2026/09/03 04:12:39.367, 506 MiB, 40, 10.91 W, 22 MHz, 405 MHz, Not Active, Not Active, Not Active, Not Active, Not Active
2026/09/03 04:12:39.567, 506 MiB, 40, 10.91 W, 22 MHz, 405 MHz, Not Active, Not Active, Not Active, Not Active, Not Active
2026/09/03 04:12:39.767, 506 MiB, 40, 10.91 W, 22 MHz, 405 MHz, Not Active, Not Active, Not Active, Not Active, Not Active
2026/09/03 04:12:39.968, 506 MiB, 40, 10.99 W, 22 MHz, 405 MHz, Not Active, Not Active, Not Active, Not Active, Not Active
2026/09/03 04:12:40.168, 506 MiB, 40, 10.99 W, 22 MHz, 405 MHz, Not Active, Not Active, Not Active, Not Active, Not Active
2026/09/03 04:12:40.368, 506 MiB, 40, 10.99 W, 22 MHz, 405 MHz, Not Active, Not Active, Not Active, Not Active, Not Active
2026/09/03 04:12:40.568, 506 MiB, 40, 10.99 W, 22 MHz, 405 MHz, Not Active, Not Active, Not Active, Not Active, Not Active
2026/09/03 04:12:40.768, 506 MiB, 40, 10.99 W, 22 MHz, 405 MHz, Not Active, Not Active, Not Active, Not Active, Not Active
2026/09/03 04:12:40.968, 506 MiB, 40, 10.93 W, 22 MHz, 405 MHz, Not Active, Not Active, Not Active, Not Active, Not Active
2026/09/03 04:12:41.169, 506 MiB, 40, 10.93 W, 22 MHz, 405 MHz, Not Active, Not Active, Not Active, Not Active, Not Active
2026/09/03 04:12:41.369, 506 MiB, 40, 10.93 W, 22 MHz, 405 MHz, Not Active, Not Active, Not Active, Not Active, Not Active
2026/09/03 04:12:41.569, 506 MiB, 40, 10.93 W, 22 MHz, 405 MHz, Not Active, Not Active, Not Active, Not Active, Not Active
2026/09/03 04:12:41.769, 506 MiB, 40, 10.93 W, 22 MHz, 405 MHz, Not Active, Not Active, Not Active, Not Active, Not Active
2026/09/03 04:12:41.970, 506 MiB, 40, 10.98 W, 22 MHz, 405 MHz, Not Active, Not Active, Not Active, Not Active, Not Active
2026/09/03 04:12:42.170, 506 MiB, 40, 10.98 W, 22 MHz, 405 MHz, Not Active, Not Active, Not Active, Not Active, Not Active
2026/09/03 04:12:42.370, 506 MiB, 40, 10.98 W, 22 MHz, 405 MHz, Not Active, Not Active, Not Active, Not Active, Not Active
2026/09/03 04:12:42.571, 506 MiB, 40, 10.98 W, 22 MHz, 405 MHz, Not Active, Not Active, Not Active, Not Active, Not Active
2026/09/03 04:12:42.771, 506 MiB, 40, 10.98 W, 22 MHz, 405 MHz, Not Active, Not Active, Not Active, Not Active, Not Active
2026/09/03 04:12:42.971, 506 MiB, 40, 11.06 W, 22 MHz, 405 MHz, Not Active, Not Active, Not Active, Not Active, Not Active
2026/09/03 04:12:43.171, 506 MiB, 40, 11.06 W, 22 MHz, 405 MHz, Not Active, Not Active, Not Active, Not Active, Not Active
2026/09/03 04:12:43.371, 506 MiB, 40, 11.06 W, 22 MHz, 405 MHz, Not Active, Not Active, Not Active, Not Active, Not Active
2026/09/03 04:12:43.572, 506 MiB, 40, 11.06 W, 22 MHz, 405 MHz, Not Active, Not Active, Not Active, Not Active, Not Active
2026/09/03 04:12:43.772, 506 MiB, 40, 11.06 W, 22 MHz, 405 MHz, Not Active, Not Active, Not Active, Not Active, Not Active
2026/09/03 04:12:43.972, 506 MiB, 40, 11.02 W, 22 MHz, 405 MHz, Not Active, Not Active, Not Active, Not Active, Not Active
2026/09/03 04:12:44.173, 506 MiB, 40, 11.02 W, 22 MHz, 405 MHz, Not Active, Not Active, Not Active, Not Active, Not Active
2026/09/03 04:12:44.373, 506 MiB, 40, 11.02 W, 22 MHz, 405 MHz, Not Active, Not Active, Not Active, Not Active, Not Active
2026/09/03 04:12:44.573, 506 MiB, 40, 11.02 W, 22 MHz, 405 MHz, Not Active, Not Active, Not Active, Not Active, Not Active
2026/09/03 04:12:44.773, 506 MiB, 40, 11.02 W, 22 MHz, 405 MHz, Not Active, Not Active, Not Active, Not Active, Not Active
2026/09/03 04:12:44.974, 506 MiB, 40, 10.89 W, 22 MHz, 405 MHz, Not Active, Not Active, Not Active, Not Active, Not Active
2026/09/03 04:12:45.174, 506 MiB, 40, 10.89 W, 22 MHz, 405 MHz, Not Active, Not Active, Not Active, Not Active, Not Active
2026/09/03 04:12:45.374, 506 MiB, 40, 10.89 W, 22 MHz, 405 MHz, Not Active, Not Active, Not Active, Not Active, Not Active
2026/09/03 04:12:45.574, 506 MiB, 40, 10.89 W, 22 MHz, 405 MHz, Not Active, Not Active, Not Active, Not Active, Not Active
2026/09/03 04:12:45.775, 506 MiB, 40, 10.89 W, 22 MHz, 405 MHz, Not Active, Not Active, Not Active, Not Active, Not Active
2026/09/03 04:12:45.975, 506 MiB, 40, 10.69 W, 22 MHz, 405 MHz, Not Active, Not Active, Not Active, Not Active, Not Active
2026/09/03 04:12:46.175, 506 MiB, 40, 10.69 W, 22 MHz, 405 MHz, Not Active, Not Active, Not Active, Not Active, Not Active
2026/09/03 04:12:46.375, 506 MiB, 40, 10.69 W, 22 MHz, 405 MHz, Not Active, Not Active, Not Active, Not Active, Not Active
2026/09/03 04:12:46.576, 506 MiB, 40, 10.69 W, 22 MHz, 405 MHz, Not Active, Not Active, Not Active, Not Active, Not Active
2026/09/03 04:12:46.776, 506 MiB, 40, 10.69 W, 22 MHz, 405 MHz, Not Active, Not Active, Not Active, Not Active, Not Active
2026/09/03 04:12:46.976, 506 MiB, 40, 10.80 W, 22 MHz, 405 MHz, Not Active, Not Active, Not Active, Not Active, Not Active
2026/09/03 04:12:47.176, 506 MiB, 40, 10.80 W, 22 MHz, 405 MHz, Not Active, Not Active, Not Active, Not Active, Not Active
2026/09/03 04:12:47.377, 506 MiB, 40, 10.80 W, 22 MHz, 405 MHz, Not Active, Not Active, Not Active, Not Active, Not Active
2026/09/03 04:12:47.577, 506 MiB, 40, 10.80 W, 22 MHz, 405 MHz, Not Active, Not Active, Not Active, Not Active, Not Active
2026/09/03 04:12:47.777, 506 MiB, 40, 10.80 W, 22 MHz, 405 MHz, Not Active, Not Active, Not Active, Not Active, Not Active
2026/09/03 04:12:47.977, 506 MiB, 40, 10.96 W, 22 MHz, 405 MHz, Not Active, Not Active, Not Active, Not Active, Not Active
2026/09/03 04:12:48.177, 506 MiB, 40, 10.96 W, 22 MHz, 405 MHz, Not Active, Not Active, Not Active, Not Active, Not Active
2026/09/03 04:12:48.378, 506 MiB, 40, 10.96 W, 22 MHz, 405 MHz, Not Active, Not Active, Not Active, Not Active, Not Active
2026/09/03 04:12:48.578, 506 MiB, 40, 10.96 W, 22 MHz, 405 MHz, Not Active, Not Active, Not Active, Not Active, Not Active
2026/09/03 04:12:48.778, 506 MiB, 40, 10.96 W, 22 MHz, 405 MHz, Not Active, Not Active, Not Active, Not Active, Not Active
2026/09/03 04:12:48.978, 506 MiB, 40, 10.96 W, 22 MHz, 405 MHz, Not Active, Not Active, Not Active, Not Active, Not Active
2026/09/03 04:12:49.178, 506 MiB, 40, 10.96 W, 22 MHz, 405 MHz, Not Active, Not Active, Not Active, Not Active, Not Active
2026/09/03 04:12:49.379, 506 MiB, 40, 10.96 W, 22 MHz, 405 MHz, Not Active, Not Active, Not Active, Not Active, Not Active
2026/09/03 04:12:49.579, 506 MiB, 40, 10.96 W, 22 MHz, 405 MHz, Not Active, Not Active, Not Active, Not Active, Not Active
2026/09/03 04:12:49.779, 506 MiB, 40, 10.96 W, 22 MHz, 405 MHz, Not Active, Not Active, Not Active, Not Active, Not Active
2026/09/03 04:12:49.979, 506 MiB, 40, 11.12 W, 22 MHz, 405 MHz, Not Active, Not Active, Not Active, Not Active, Not Active
2026/09/03 04:12:50.180, 506 MiB, 40, 11.12 W, 22 MHz, 405 MHz, Not Active, Not Active, Not Active, Not Active, Not Active
2026/09/03 04:12:50.380, 506 MiB, 40, 11.12 W, 22 MHz, 405 MHz, Not Active, Not Active, Not Active, Not Active, Not Active
2026/09/03 04:12:50.580, 506 MiB, 40, 11.12 W, 22 MHz, 405 MHz, Not Active, Not Active, Not Active, Not Active, Not Active
2026/09/03 04:12:50.780, 506 MiB, 40, 11.12 W, 22 MHz, 405 MHz, Not Active, Not Active, Not Active, Not Active, Not Active
2026/09/03 04:12:50.981, 506 MiB, 40, 11.01 W, 22 MHz, 405 MHz, Not Active, Not Active, Not Active, Not Active, Not Active
2026/09/03 04:12:51.181, 506 MiB, 40, 11.01 W, 22 MHz, 405 MHz, Not Active, Not Active, Not Active, Not Active, Not Active
2026/09/03 04:12:51.381, 506 MiB, 40, 11.01 W, 22 MHz, 405 MHz, Not Active, Not Active, Not Active, Not Active, Not Active
2026/09/03 04:12:51.581, 506 MiB, 40, 11.01 W, 22 MHz, 405 MHz, Not Active, Not Active, Not Active, Not Active, Not Active
2026/09/03 04:12:51.782, 506 MiB, 40, 11.01 W, 22 MHz, 405 MHz, Not Active, Not Active, Not Active, Not Active, Not Active
2026/09/03 04:12:51.982, 506 MiB, 40, 10.84 W, 22 MHz, 405 MHz, Not Active, Not Active, Not Active, Not Active, Not Active
2026/09/03 04:12:52.182, 506 MiB, 40, 10.84 W, 22 MHz, 405 MHz, Not Active, Not Active, Not Active, Not Active, Not Active
2026/09/03 04:12:52.382, 506 MiB, 40, 10.84 W, 22 MHz, 405 MHz, Not Active, Not Active, Not Active, Not Active, Not Active
2026/09/03 04:12:52.583, 506 MiB, 40, 10.84 W, 22 MHz, 405 MHz, Not Active, Not Active, Not Active, Not Active, Not Active
2026/09/03 04:12:52.783, 506 MiB, 40, 10.84 W, 22 MHz, 405 MHz, Not Active, Not Active, Not Active, Not Active, Not Active
2026/09/03 04:12:52.983, 506 MiB, 40, 10.79 W, 22 MHz, 405 MHz, Not Active, Not Active, Not Active, Not Active, Not Active
2026/09/03 04:12:53.183, 506 MiB, 40, 10.79 W, 22 MHz, 405 MHz, Not Active, Not Active, Not Active, Not Active, Not Active
2026/09/03 04:12:53.384, 506 MiB, 40, 10.79 W, 22 MHz, 405 MHz, Not Active, Not Active, Not Active, Not Active, Not Active
2026/09/03 04:12:53.584, 506 MiB, 40, 10.79 W, 22 MHz, 405 MHz, Not Active, Not Active, Not Active, Not Active, Not Active
2026/09/03 04:12:53.784, 506 MiB, 40, 10.79 W, 22 MHz, 405 MHz, Not Active, Not Active, Not Active, Not Active, Not Active
2026/09/03 04:12:53.984, 506 MiB, 40, 10.79 W, 22 MHz, 405 MHz, Not Active, Not Active, Not Active, Not Active, Not Active
2026/09/03 04:12:54.184, 506 MiB, 40, 10.79 W, 22 MHz, 405 MHz, Not Active, Not Active, Not Active, Not Active, Not Active
2026/09/03 04:12:54.384, 506 MiB, 40, 10.79 W, 22 MHz, 405 MHz, Not Active, Not Active, Not Active, Not Active, Not Active
2026/09/03 04:12:54.585, 506 MiB, 40, 10.79 W, 22 MHz, 405 MHz, Not Active, Not Active, Not Active, Not Active, Not Active
2026/09/03 04:12:54.785, 506 MiB, 40, 10.79 W, 22 MHz, 405 MHz, Not Active, Not Active, Not Active, Not Active, Not Active
2026/09/03 04:12:54.985, 506 MiB, 40, 10.74 W, 22 MHz, 405 MHz, Not Active, Not Active, Not Active, Not Active, Not Active
2026/09/03 04:12:55.185, 506 MiB, 40, 10.74 W, 22 MHz, 405 MHz, Not Active, Not Active, Not Active, Not Active, Not Active
2026/09/03 04:12:55.386, 506 MiB, 40, 10.74 W, 22 MHz, 405 MHz, Not Active, Not Active, Not Active, Not Active, Not Active
2026/09/03 04:12:55.586, 506 MiB, 40, 10.74 W, 22 MHz, 405 MHz, Not Active, Not Active, Not Active, Not Active, Not Active
2026/09/03 04:12:55.786, 506 MiB, 40, 10.74 W, 22 MHz, 405 MHz, Not Active, Not Active, Not Active, Not Active, Not Active
2026/09/03 04:12:55.986, 506 MiB, 40, 10.79 W, 22 MHz, 405 MHz, Not Active, Not Active, Not Active, Not Active, Not Active
2026/09/03 04:12:56.187, 506 MiB, 40, 10.79 W, 22 MHz, 405 MHz, Not Active, Not Active, Not Active, Not Active, Not Active
2026/09/03 04:12:56.387, 506 MiB, 40, 10.79 W, 22 MHz, 405 MHz, Not Active, Not Active, Not Active, Not Active, Not Active
2026/09/03 04:12:56.587, 506 MiB, 40, 10.79 W, 22 MHz, 405 MHz, Not Active, Not Active, Not Active, Not Active, Not Active
2026/09/03 04:12:56.787, 506 MiB, 40, 10.79 W, 22 MHz, 405 MHz, Not Active, Not Active, Not Active, Not Active, Not Active
2026/09/03 04:12:56.988, 506 MiB, 40, 10.90 W, 22 MHz, 405 MHz, Not Active, Not Active, Not Active, Not Active, Not Active
2026/09/03 04:12:57.188, 506 MiB, 40, 10.90 W, 22 MHz, 405 MHz, Not Active, Not Active, Not Active, Not Active, Not Active
2026/09/03 04:12:57.388, 506 MiB, 40, 10.90 W, 22 MHz, 405 MHz, Not Active, Not Active, Not Active, Not Active, Not Active
2026/09/03 04:12:57.588, 506 MiB, 40, 10.90 W, 22 MHz, 405 MHz, Not Active, Not Active, Not Active, Not Active, Not Active
2026/09/03 04:12:57.788, 506 MiB, 40, 10.90 W, 22 MHz, 405 MHz, Not Active, Not Active, Not Active, Not Active, Not Active
2026/09/03 04:12:57.989, 506 MiB, 40, 10.51 W, 22 MHz, 405 MHz, Not Active, Not Active, Not Active, Not Active, Not Active
2026/09/03 04:12:58.189, 506 MiB, 40, 10.51 W, 22 MHz, 405 MHz, Not Active, Not Active, Not Active, Not Active, Not Active
2026/09/03 04:12:58.389, 506 MiB, 40, 10.51 W, 22 MHz, 405 MHz, Not Active, Not Active, Not Active, Not Active, Not Active
2026/09/03 04:12:58.589, 506 MiB, 40, 10.51 W, 22 MHz, 405 MHz, Not Active, Not Active, Not Active, Not Active, Not Active
2026/09/03 04:12:58.790, 506 MiB, 40, 10.51 W, 22 MHz, 405 MHz, Not Active, Not Active, Not Active, Not Active, Not Active
2026/09/03 04:12:58.990, 506 MiB, 40, 10.57 W, 22 MHz, 405 MHz, Not Active, Not Active, Not Active, Not Active, Not Active
2026/09/03 04:12:59.190, 506 MiB, 40, 10.57 W, 22 MHz, 405 MHz, Not Active, Not Active, Not Active, Not Active, Not Active
2026/09/03 04:12:59.391, 506 MiB, 40, 10.57 W, 22 MHz, 405 MHz, Not Active, Not Active, Not Active, Not Active, Not Active
2026/09/03 04:12:59.591, 506 MiB, 40, 10.57 W, 22 MHz, 405 MHz, Not Active, Not Active, Not Active, Not Active, Not Active
2026/09/03 04:12:59.791, 506 MiB, 40, 10.57 W, 22 MHz, 405 MHz, Not Active, Not Active, Not Active, Not Active, Not Active
2026/09/03 04:12:59.991, 506 MiB, 40, 10.69 W, 22 MHz, 405 MHz, Not Active, Not Active, Not Active, Not Active, Not Active
2026/09/03 04:13:00.191, 506 MiB, 40, 10.69 W, 22 MHz, 405 MHz, Not Active, Not Active, Not Active, Not Active, Not Active
2026/09/03 04:13:00.392, 506 MiB, 40, 10.69 W, 22 MHz, 405 MHz, Not Active, Not Active, Not Active, Not Active, Not Active
2026/09/03 04:13:00.592, 506 MiB, 40, 10.69 W, 22 MHz, 405 MHz, Not Active, Not Active, Not Active, Not Active, Not Active
2026/09/03 04:13:00.792, 506 MiB, 40, 10.69 W, 22 MHz, 405 MHz, Not Active, Not Active, Not Active, Not Active, Not Active
2026/09/03 04:13:00.992, 506 MiB, 40, 10.71 W, 22 MHz, 405 MHz, Not Active, Not Active, Not Active, Not Active, Not Active
2026/09/03 04:13:01.193, 506 MiB, 40, 10.71 W, 22 MHz, 405 MHz, Not Active, Not Active, Not Active, Not Active, Not Active
2026/09/03 04:13:01.393, 506 MiB, 40, 10.71 W, 22 MHz, 405 MHz, Not Active, Not Active, Not Active, Not Active, Not Active
2026/09/03 04:13:01.593, 506 MiB, 40, 10.71 W, 22 MHz, 405 MHz, Not Active, Not Active, Not Active, Not Active, Not Active
2026/09/03 04:13:01.793, 506 MiB, 40, 10.71 W, 22 MHz, 405 MHz, Not Active, Not Active, Not Active, Not Active, Not Active
2026/09/03 04:13:01.994, 506 MiB, 40, 10.44 W, 22 MHz, 405 MHz, Not Active, Not Active, Not Active, Not Active, Not Active
2026/09/03 04:13:02.194, 506 MiB, 40, 10.44 W, 22 MHz, 405 MHz, Not Active, Not Active, Not Active, Not Active, Not Active
2026/09/03 04:13:02.394, 506 MiB, 40, 10.44 W, 22 MHz, 405 MHz, Not Active, Not Active, Not Active, Not Active, Not Active
2026/09/03 04:13:02.594, 506 MiB, 40, 10.44 W, 22 MHz, 405 MHz, Not Active, Not Active, Not Active, Not Active, Not Active
2026/09/03 04:13:02.795, 506 MiB, 40, 10.44 W, 22 MHz, 405 MHz, Not Active, Not Active, Not Active, Not Active, Not Active
2026/09/03 04:13:02.995, 506 MiB, 40, 10.61 W, 22 MHz, 405 MHz, Not Active, Not Active, Not Active, Not Active, Not Active
2026/09/03 04:13:03.195, 506 MiB, 40, 10.61 W, 22 MHz, 405 MHz, Not Active, Not Active, Not Active, Not Active, Not Active
2026/09/03 04:13:03.396, 506 MiB, 40, 10.61 W, 22 MHz, 405 MHz, Not Active, Not Active, Not Active, Not Active, Not Active
2026/09/03 04:13:03.596, 506 MiB, 40, 10.61 W, 22 MHz, 405 MHz, Not Active, Not Active, Not Active, Not Active, Not Active
2026/09/03 04:13:03.796, 506 MiB, 40, 10.61 W, 22 MHz, 405 MHz, Not Active, Not Active, Not Active, Not Active, Not Active
2026/09/03 04:13:03.996, 506 MiB, 40, 10.61 W, 22 MHz, 405 MHz, Not Active, Not Active, Not Active, Not Active, Not Active
2026/09/03 04:13:04.196, 506 MiB, 40, 10.61 W, 22 MHz, 405 MHz, Not Active, Not Active, Not Active, Not Active, Not Active
2026/09/03 04:13:04.397, 506 MiB, 40, 10.61 W, 22 MHz, 405 MHz, Not Active, Not Active, Not Active, Not Active, Not Active
2026/09/03 04:13:04.597, 506 MiB, 40, 10.61 W, 22 MHz, 405 MHz, Not Active, Not Active, Not Active, Not Active, Not Active
2026/09/03 04:13:04.797, 506 MiB, 40, 10.61 W, 22 MHz, 405 MHz, Not Active, Not Active, Not Active, Not Active, Not Active
2026/09/03 04:13:04.997, 506 MiB, 40, 10.63 W, 22 MHz, 405 MHz, Not Active, Not Active, Not Active, Not Active, Not Active
2026/09/03 04:13:05.198, 506 MiB, 40, 10.63 W, 22 MHz, 405 MHz, Not Active, Not Active, Not Active, Not Active, Not Active
2026/09/03 04:13:05.398, 506 MiB, 40, 10.63 W, 22 MHz, 405 MHz, Not Active, Not Active, Not Active, Not Active, Not Active
2026/09/03 04:13:05.598, 506 MiB, 40, 10.63 W, 22 MHz, 405 MHz, Not Active, Not Active, Not Active, Not Active, Not Active
2026/09/03 04:13:05.798, 506 MiB, 40, 10.63 W, 22 MHz, 405 MHz, Not Active, Not Active, Not Active, Not Active, Not Active
2026/09/03 04:13:05.999, 506 MiB, 40, 10.73 W, 22 MHz, 405 MHz, Not Active, Not Active, Not Active, Not Active, Not Active
2026/09/03 04:13:06.199, 506 MiB, 40, 10.73 W, 22 MHz, 405 MHz, Not Active, Not Active, Not Active, Not Active, Not Active
2026/09/03 04:13:06.399, 506 MiB, 40, 10.73 W, 22 MHz, 405 MHz, Not Active, Not Active, Not Active, Not Active, Not Active
2026/09/03 04:13:06.599, 506 MiB, 40, 10.73 W, 22 MHz, 405 MHz, Not Active, Not Active, Not Active, Not Active, Not Active
2026/09/03 04:13:06.800, 506 MiB, 40, 10.73 W, 22 MHz, 405 MHz, Not Active, Not Active, Not Active, Not Active, Not Active
2026/09/03 04:13:07.000, 506 MiB, 40, 10.96 W, 22 MHz, 405 MHz, Not Active, Not Active, Not Active, Not Active, Not Active
2026/09/03 04:13:07.200, 506 MiB, 40, 10.96 W, 22 MHz, 405 MHz, Not Active, Not Active, Not Active, Not Active, Not Active
2026/09/03 04:13:07.400, 506 MiB, 40, 10.96 W, 22 MHz, 405 MHz, Not Active, Not Active, Not Active, Not Active, Not Active
2026/09/03 04:13:07.600, 506 MiB, 40, 10.96 W, 22 MHz, 405 MHz, Not Active, Not Active, Not Active, Not Active, Not Active
2026/09/03 04:13:07.801, 506 MiB, 40, 10.96 W, 22 MHz, 405 MHz, Not Active, Not Active, Not Active, Not Active, Not Active
2026/09/03 04:13:08.001, 506 MiB, 40, 10.85 W, 22 MHz, 405 MHz, Not Active, Not Active, Not Active, Not Active, Not Active
2026/09/03 04:13:08.201, 506 MiB, 40, 10.85 W, 22 MHz, 405 MHz, Not Active, Not Active, Not Active, Not Active, Not Active
2026/09/03 04:13:08.402, 506 MiB, 40, 10.85 W, 22 MHz, 405 MHz, Not Active, Not Active, Not Active, Not Active, Not Active
2026/09/03 04:13:08.602, 506 MiB, 40, 10.85 W, 22 MHz, 405 MHz, Not Active, Not Active, Not Active, Not Active, Not Active
2026/09/03 04:13:08.802, 506 MiB, 40, 10.85 W, 22 MHz, 405 MHz, Not Active, Not Active, Not Active, Not Active, Not Active
2026/09/03 04:13:09.002, 506 MiB, 40, 10.64 W, 21 MHz, 405 MHz, Not Active, Not Active, Not Active, Not Active, Not Active
2026/09/03 04:13:09.203, 506 MiB, 40, 10.64 W, 21 MHz, 405 MHz, Not Active, Not Active, Not Active, Not Active, Not Active
2026/09/03 04:13:09.403, 506 MiB, 40, 10.64 W, 21 MHz, 405 MHz, Not Active, Not Active, Not Active, Not Active, Not Active
2026/09/03 04:13:09.603, 506 MiB, 40, 10.64 W, 21 MHz, 405 MHz, Not Active, Not Active, Not Active, Not Active, Not Active
2026/09/03 04:13:09.804, 506 MiB, 40, 10.64 W, 21 MHz, 405 MHz, Not Active, Not Active, Not Active, Not Active, Not Active
2026/09/03 04:13:10.004, 506 MiB, 40, 10.75 W, 22 MHz, 405 MHz, Not Active, Not Active, Not Active, Not Active, Not Active
2026/09/03 04:13:10.204, 506 MiB, 40, 10.75 W, 22 MHz, 405 MHz, Not Active, Not Active, Not Active, Not Active, Not Active
2026/09/03 04:13:10.404, 506 MiB, 40, 10.75 W, 22 MHz, 405 MHz, Not Active, Not Active, Not Active, Not Active, Not Active
2026/09/03 04:13:10.604, 506 MiB, 40, 10.75 W, 22 MHz, 405 MHz, Not Active, Not Active, Not Active, Not Active, Not Active
2026/09/03 04:13:10.805, 506 MiB, 40, 10.75 W, 22 MHz, 405 MHz, Not Active, Not Active, Not Active, Not Active, Not Active
2026/09/03 04:13:11.005, 506 MiB, 41, 10.82 W, 22 MHz, 405 MHz, Not Active, Not Active, Not Active, Not Active, Not Active
2026/09/03 04:13:11.205, 506 MiB, 41, 10.82 W, 22 MHz, 405 MHz, Not Active, Not Active, Not Active, Not Active, Not Active
2026/09/03 04:13:11.405, 506 MiB, 41, 10.82 W, 22 MHz, 405 MHz, Not Active, Not Active, Not Active, Not Active, Not Active
2026/09/03 04:13:11.606, 506 MiB, 41, 10.82 W, 22 MHz, 405 MHz, Not Active, Not Active, Not Active, Not Active, Not Active
2026/09/03 04:13:11.806, 506 MiB, 41, 10.82 W, 22 MHz, 405 MHz, Not Active, Not Active, Not Active, Not Active, Not Active
2026/09/03 04:13:12.006, 506 MiB, 41, 10.86 W, 22 MHz, 405 MHz, Not Active, Not Active, Not Active, Not Active, Not Active
2026/09/03 04:13:12.206, 506 MiB, 41, 10.86 W, 22 MHz, 405 MHz, Not Active, Not Active, Not Active, Not Active, Not Active
2026/09/03 04:13:12.407, 506 MiB, 41, 10.86 W, 22 MHz, 405 MHz, Not Active, Not Active, Not Active, Not Active, Not Active
2026/09/03 04:13:12.607, 506 MiB, 41, 10.86 W, 22 MHz, 405 MHz, Not Active, Not Active, Not Active, Not Active, Not Active
2026/09/03 04:13:12.807, 506 MiB, 41, 10.86 W, 22 MHz, 405 MHz, Not Active, Not Active, Not Active, Not Active, Not Active
2026/09/03 04:13:13.007, 506 MiB, 41, 10.93 W, 22 MHz, 405 MHz, Not Active, Not Active, Not Active, Not Active, Not Active
2026/09/03 04:13:13.208, 506 MiB, 41, 10.93 W, 22 MHz, 405 MHz, Not Active, Not Active, Not Active, Not Active, Not Active
2026/09/03 04:13:13.408, 506 MiB, 41, 10.93 W, 22 MHz, 405 MHz, Not Active, Not Active, Not Active, Not Active, Not Active
2026/09/03 04:13:13.608, 506 MiB, 41, 10.93 W, 22 MHz, 405 MHz, Not Active, Not Active, Not Active, Not Active, Not Active
2026/09/03 04:13:13.808, 506 MiB, 41, 10.93 W, 22 MHz, 405 MHz, Not Active, Not Active, Not Active, Not Active, Not Active
2026/09/03 04:13:14.009, 506 MiB, 41, 10.81 W, 22 MHz, 405 MHz, Not Active, Not Active, Not Active, Not Active, Not Active
2026/09/03 04:13:14.209, 506 MiB, 41, 10.81 W, 22 MHz, 405 MHz, Not Active, Not Active, Not Active, Not Active, Not Active
2026/09/03 04:13:14.409, 506 MiB, 41, 10.81 W, 22 MHz, 405 MHz, Not Active, Not Active, Not Active, Not Active, Not Active
2026/09/03 04:13:14.610, 506 MiB, 41, 10.81 W, 22 MHz, 405 MHz, Not Active, Not Active, Not Active, Not Active, Not Active
2026/09/03 04:13:14.810, 506 MiB, 41, 10.81 W, 22 MHz, 405 MHz, Not Active, Not Active, Not Active, Not Active, Not Active
2026/09/03 04:13:15.010, 506 MiB, 41, 10.52 W, 22 MHz, 405 MHz, Not Active, Not Active, Not Active, Not Active, Not Active
2026/09/03 04:13:15.210, 506 MiB, 41, 10.52 W, 22 MHz, 405 MHz, Not Active, Not Active, Not Active, Not Active, Not Active
2026/09/03 04:13:15.410, 506 MiB, 41, 10.52 W, 22 MHz, 405 MHz, Not Active, Not Active, Not Active, Not Active, Not Active
2026/09/03 04:13:15.611, 506 MiB, 41, 10.52 W, 22 MHz, 405 MHz, Not Active, Not Active, Not Active, Not Active, Not Active
2026/09/03 04:13:15.811, 506 MiB, 41, 10.52 W, 22 MHz, 405 MHz, Not Active, Not Active, Not Active, Not Active, Not Active
2026/09/03 04:13:16.011, 506 MiB, 41, 10.60 W, 21 MHz, 405 MHz, Not Active, Not Active, Not Active, Not Active, Not Active
2026/09/03 04:13:16.211, 506 MiB, 41, 10.60 W, 21 MHz, 405 MHz, Not Active, Not Active, Not Active, Not Active, Not Active
2026/09/03 04:13:16.411, 506 MiB, 41, 10.60 W, 21 MHz, 405 MHz, Not Active, Not Active, Not Active, Not Active, Not Active
2026/09/03 04:13:16.612, 506 MiB, 41, 10.60 W, 21 MHz, 405 MHz, Not Active, Not Active, Not Active, Not Active, Not Active
2026/09/03 04:13:16.812, 506 MiB, 41, 10.60 W, 21 MHz, 405 MHz, Not Active, Not Active, Not Active, Not Active, Not Active
2026/09/03 04:13:17.012, 506 MiB, 41, 10.70 W, 22 MHz, 405 MHz, Not Active, Not Active, Not Active, Not Active, Not Active
2026/09/03 04:13:17.213, 506 MiB, 41, 10.70 W, 22 MHz, 405 MHz, Not Active, Not Active, Not Active, Not Active, Not Active
2026/09/03 04:13:17.413, 506 MiB, 41, 10.70 W, 22 MHz, 405 MHz, Not Active, Not Active, Not Active, Not Active, Not Active
2026/09/03 04:13:17.613, 506 MiB, 41, 10.70 W, 22 MHz, 405 MHz, Not Active, Not Active, Not Active, Not Active, Not Active
2026/09/03 04:13:17.813, 506 MiB, 41, 10.70 W, 22 MHz, 405 MHz, Not Active, Not Active, Not Active, Not Active, Not Active
2026/09/03 04:13:18.014, 506 MiB, 41, 10.78 W, 22 MHz, 405 MHz, Not Active, Not Active, Not Active, Not Active, Not Active
2026/09/03 04:13:18.214, 506 MiB, 41, 10.78 W, 22 MHz, 405 MHz, Not Active, Not Active, Not Active, Not Active, Not Active
2026/09/03 04:13:18.414, 506 MiB, 41, 10.78 W, 22 MHz, 405 MHz, Not Active, Not Active, Not Active, Not Active, Not Active
2026/09/03 04:13:18.614, 506 MiB, 41, 10.78 W, 22 MHz, 405 MHz, Not Active, Not Active, Not Active, Not Active, Not Active
2026/09/03 04:13:18.815, 506 MiB, 41, 10.78 W, 22 MHz, 405 MHz, Not Active, Not Active, Not Active, Not Active, Not Active
2026/09/03 04:13:19.015, 506 MiB, 41, 10.77 W, 22 MHz, 405 MHz, Not Active, Not Active, Not Active, Not Active, Not Active
2026/09/03 04:13:19.215, 506 MiB, 41, 10.77 W, 22 MHz, 405 MHz, Not Active, Not Active, Not Active, Not Active, Not Active
2026/09/03 04:13:19.415, 506 MiB, 41, 10.77 W, 22 MHz, 405 MHz, Not Active, Not Active, Not Active, Not Active, Not Active
2026/09/03 04:13:19.616, 506 MiB, 41, 10.77 W, 22 MHz, 405 MHz, Not Active, Not Active, Not Active, Not Active, Not Active
2026/09/03 04:13:19.816, 506 MiB, 41, 10.77 W, 22 MHz, 405 MHz, Not Active, Not Active, Not Active, Not Active, Not Active
2026/09/03 04:13:20.016, 506 MiB, 41, 10.66 W, 22 MHz, 405 MHz, Not Active, Not Active, Not Active, Not Active, Not Active
2026/09/03 04:13:20.216, 506 MiB, 41, 10.66 W, 22 MHz, 405 MHz, Not Active, Not Active, Not Active, Not Active, Not Active
2026/09/03 04:13:20.417, 506 MiB, 41, 10.66 W, 22 MHz, 405 MHz, Not Active, Not Active, Not Active, Not Active, Not Active
2026/09/03 04:13:20.617, 506 MiB, 41, 10.66 W, 22 MHz, 405 MHz, Not Active, Not Active, Not Active, Not Active, Not Active
2026/09/03 04:13:20.817, 506 MiB, 41, 10.66 W, 22 MHz, 405 MHz, Not Active, Not Active, Not Active, Not Active, Not Active
2026/09/03 04:13:21.018, 506 MiB, 41, 10.68 W, 22 MHz, 405 MHz, Not Active, Not Active, Not Active, Not Active, Not Active
2026/09/03 04:13:21.218, 506 MiB, 41, 10.68 W, 22 MHz, 405 MHz, Not Active, Not Active, Not Active, Not Active, Not Active
2026/09/03 04:13:21.418, 506 MiB, 41, 10.68 W, 22 MHz, 405 MHz, Not Active, Not Active, Not Active, Not Active, Not Active
2026/09/03 04:13:21.618, 506 MiB, 41, 10.68 W, 22 MHz, 405 MHz, Not Active, Not Active, Not Active, Not Active, Not Active
2026/09/03 04:13:21.819, 506 MiB, 41, 10.68 W, 22 MHz, 405 MHz, Not Active, Not Active, Not Active, Not Active, Not Active
2026/09/03 04:13:22.019, 506 MiB, 41, 11.00 W, 22 MHz, 405 MHz, Not Active, Not Active, Not Active, Not Active, Not Active
2026/09/03 04:13:22.219, 506 MiB, 41, 11.00 W, 22 MHz, 405 MHz, Not Active, Not Active, Not Active, Not Active, Not Active
2026/09/03 04:13:22.419, 506 MiB, 41, 11.00 W, 22 MHz, 405 MHz, Not Active, Not Active, Not Active, Not Active, Not Active
2026/09/03 04:13:22.620, 506 MiB, 41, 11.00 W, 22 MHz, 405 MHz, Not Active, Not Active, Not Active, Not Active, Not Active
2026/09/03 04:13:22.820, 506 MiB, 41, 11.00 W, 22 MHz, 405 MHz, Not Active, Not Active, Not Active, Not Active, Not Active
2026/09/03 04:13:23.020, 506 MiB, 41, 10.80 W, 21 MHz, 405 MHz, Not Active, Not Active, Not Active, Not Active, Not Active
2026/09/03 04:13:23.220, 506 MiB, 41, 10.80 W, 21 MHz, 405 MHz, Not Active, Not Active, Not Active, Not Active, Not Active
2026/09/03 04:13:23.421, 506 MiB, 41, 10.80 W, 21 MHz, 405 MHz, Not Active, Not Active, Not Active, Not Active, Not Active
2026/09/03 04:13:23.621, 506 MiB, 41, 10.80 W, 21 MHz, 405 MHz, Not Active, Not Active, Not Active, Not Active, Not Active
2026/09/03 04:13:23.821, 506 MiB, 41, 10.80 W, 21 MHz, 405 MHz, Not Active, Not Active, Not Active, Not Active, Not Active
2026/09/03 04:13:24.022, 506 MiB, 41, 10.73 W, 22 MHz, 405 MHz, Not Active, Not Active, Not Active, Not Active, Not Active
2026/09/03 04:13:24.222, 506 MiB, 41, 10.73 W, 22 MHz, 405 MHz, Not Active, Not Active, Not Active, Not Active, Not Active
2026/09/03 04:13:24.422, 506 MiB, 41, 10.73 W, 22 MHz, 405 MHz, Not Active, Not Active, Not Active, Not Active, Not Active
2026/09/03 04:13:24.622, 506 MiB, 41, 10.73 W, 22 MHz, 405 MHz, Not Active, Not Active, Not Active, Not Active, Not Active
2026/09/03 04:13:24.823, 506 MiB, 41, 10.73 W, 22 MHz, 405 MHz, Not Active, Not Active, Not Active, Not Active, Not Active
2026/09/03 04:13:25.023, 506 MiB, 41, 10.78 W, 22 MHz, 405 MHz, Not Active, Not Active, Not Active, Not Active, Not Active
2026/09/03 04:13:25.223, 506 MiB, 41, 10.78 W, 22 MHz, 405 MHz, Not Active, Not Active, Not Active, Not Active, Not Active
2026/09/03 04:13:25.423, 506 MiB, 41, 10.78 W, 22 MHz, 405 MHz, Not Active, Not Active, Not Active, Not Active, Not Active
2026/09/03 04:13:25.623, 506 MiB, 41, 10.78 W, 22 MHz, 405 MHz, Not Active, Not Active, Not Active, Not Active, Not Active
2026/09/03 04:13:25.824, 506 MiB, 41, 10.78 W, 22 MHz, 405 MHz, Not Active, Not Active, Not Active, Not Active, Not Active
2026/09/03 04:13:26.024, 506 MiB, 41, 10.82 W, 22 MHz, 405 MHz, Not Active, Not Active, Not Active, Not Active, Not Active
2026/09/03 04:13:26.224, 506 MiB, 41, 10.82 W, 22 MHz, 405 MHz, Not Active, Not Active, Not Active, Not Active, Not Active
2026/09/03 04:13:26.425, 506 MiB, 41, 10.82 W, 22 MHz, 405 MHz, Not Active, Not Active, Not Active, Not Active, Not Active
2026/09/03 04:13:26.625, 506 MiB, 41, 10.82 W, 22 MHz, 405 MHz, Not Active, Not Active, Not Active, Not Active, Not Active
2026/09/03 04:13:26.825, 506 MiB, 41, 10.82 W, 22 MHz, 405 MHz, Not Active, Not Active, Not Active, Not Active, Not Active
2026/09/03 04:13:27.025, 506 MiB, 41, 10.69 W, 22 MHz, 405 MHz, Not Active, Not Active, Not Active, Not Active, Not Active
2026/09/03 04:13:27.226, 506 MiB, 41, 10.69 W, 22 MHz, 405 MHz, Not Active, Not Active, Not Active, Not Active, Not Active
2026/09/03 04:13:27.426, 506 MiB, 41, 10.69 W, 22 MHz, 405 MHz, Not Active, Not Active, Not Active, Not Active, Not Active
2026/09/03 04:13:27.626, 506 MiB, 41, 10.69 W, 22 MHz, 405 MHz, Not Active, Not Active, Not Active, Not Active, Not Active
2026/09/03 04:13:27.826, 506 MiB, 41, 10.69 W, 22 MHz, 405 MHz, Not Active, Not Active, Not Active, Not Active, Not Active
2026/09/03 04:13:28.026, 506 MiB, 41, 10.70 W, 22 MHz, 405 MHz, Not Active, Not Active, Not Active, Not Active, Not Active
2026/09/03 04:13:28.227, 506 MiB, 41, 10.70 W, 22 MHz, 405 MHz, Not Active, Not Active, Not Active, Not Active, Not Active
2026/09/03 04:13:28.427, 506 MiB, 41, 10.70 W, 22 MHz, 405 MHz, Not Active, Not Active, Not Active, Not Active, Not Active
2026/09/03 04:13:28.627, 506 MiB, 41, 10.70 W, 22 MHz, 405 MHz, Not Active, Not Active, Not Active, Not Active, Not Active
2026/09/03 04:13:28.828, 506 MiB, 41, 10.70 W, 22 MHz, 405 MHz, Not Active, Not Active, Not Active, Not Active, Not Active
2026/09/03 04:13:29.028, 506 MiB, 41, 10.69 W, 22 MHz, 405 MHz, Not Active, Not Active, Not Active, Not Active, Not Active
2026/09/03 04:13:29.229, 506 MiB, 41, 10.69 W, 22 MHz, 405 MHz, Not Active, Not Active, Not Active, Not Active, Not Active
2026/09/03 04:13:29.429, 506 MiB, 41, 10.69 W, 22 MHz, 405 MHz, Not Active, Not Active, Not Active, Not Active, Not Active
2026/09/03 04:13:29.629, 506 MiB, 41, 10.69 W, 22 MHz, 405 MHz, Not Active, Not Active, Not Active, Not Active, Not Active
2026/09/03 04:13:29.829, 506 MiB, 41, 10.69 W, 22 MHz, 405 MHz, Not Active, Not Active, Not Active, Not Active, Not Active
2026/09/03 04:13:30.030, 506 MiB, 41, 10.80 W, 22 MHz, 405 MHz, Not Active, Not Active, Not Active, Not Active, Not Active
2026/09/03 04:13:30.230, 506 MiB, 41, 10.80 W, 22 MHz, 405 MHz, Not Active, Not Active, Not Active, Not Active, Not Active
2026/09/03 04:13:30.430, 506 MiB, 41, 10.80 W, 22 MHz, 405 MHz, Not Active, Not Active, Not Active, Not Active, Not Active
2026/09/03 04:13:30.630, 506 MiB, 41, 10.80 W, 22 MHz, 405 MHz, Not Active, Not Active, Not Active, Not Active, Not Active
2026/09/03 04:13:30.830, 506 MiB, 41, 10.80 W, 22 MHz, 405 MHz, Not Active, Not Active, Not Active, Not Active, Not Active
2026/09/03 04:13:31.031, 506 MiB, 41, 10.69 W, 22 MHz, 405 MHz, Not Active, Not Active, Not Active, Not Active, Not Active
2026/09/03 04:13:31.231, 506 MiB, 41, 10.69 W, 22 MHz, 405 MHz, Not Active, Not Active, Not Active, Not Active, Not Active
2026/09/03 04:13:31.431, 506 MiB, 41, 10.69 W, 22 MHz, 405 MHz, Not Active, Not Active, Not Active, Not Active, Not Active
2026/09/03 04:13:31.632, 506 MiB, 41, 10.69 W, 22 MHz, 405 MHz, Not Active, Not Active, Not Active, Not Active, Not Active
2026/09/03 04:13:31.832, 506 MiB, 41, 10.69 W, 22 MHz, 405 MHz, Not Active, Not Active, Not Active, Not Active, Not Active
2026/09/03 04:13:32.032, 506 MiB, 41, 10.62 W, 22 MHz, 405 MHz, Not Active, Not Active, Not Active, Not Active, Not Active
2026/09/03 04:13:32.232, 506 MiB, 41, 10.62 W, 22 MHz, 405 MHz, Not Active, Not Active, Not Active, Not Active, Not Active
2026/09/03 04:13:32.433, 506 MiB, 41, 10.62 W, 22 MHz, 405 MHz, Not Active, Not Active, Not Active, Not Active, Not Active
2026/09/03 04:13:32.633, 506 MiB, 41, 10.62 W, 22 MHz, 405 MHz, Not Active, Not Active, Not Active, Not Active, Not Active
2026/09/03 04:13:32.833, 506 MiB, 41, 10.62 W, 22 MHz, 405 MHz, Not Active, Not Active, Not Active, Not Active, Not Active
2026/09/03 04:13:33.033, 506 MiB, 41, 10.61 W, 22 MHz, 405 MHz, Not Active, Not Active, Not Active, Not Active, Not Active
2026/09/03 04:13:33.234, 506 MiB, 41, 10.61 W, 22 MHz, 405 MHz, Not Active, Not Active, Not Active, Not Active, Not Active
2026/09/03 04:13:33.434, 506 MiB, 41, 10.61 W, 22 MHz, 405 MHz, Not Active, Not Active, Not Active, Not Active, Not Active
2026/09/03 04:13:33.634, 506 MiB, 41, 10.61 W, 22 MHz, 405 MHz, Not Active, Not Active, Not Active, Not Active, Not Active
2026/09/03 04:13:33.834, 506 MiB, 41, 10.61 W, 22 MHz, 405 MHz, Not Active, Not Active, Not Active, Not Active, Not Active
2026/09/03 04:13:34.034, 506 MiB, 41, 10.64 W, 22 MHz, 405 MHz, Not Active, Not Active, Not Active, Not Active, Not Active
2026/09/03 04:13:34.235, 506 MiB, 41, 10.64 W, 22 MHz, 405 MHz, Not Active, Not Active, Not Active, Not Active, Not Active
2026/09/03 04:13:34.435, 506 MiB, 41, 10.64 W, 22 MHz, 405 MHz, Not Active, Not Active, Not Active, Not Active, Not Active
2026/09/03 04:13:34.635, 506 MiB, 41, 10.64 W, 22 MHz, 405 MHz, Not Active, Not Active, Not Active, Not Active, Not Active
2026/09/03 04:13:34.835, 506 MiB, 41, 10.64 W, 22 MHz, 405 MHz, Not Active, Not Active, Not Active, Not Active, Not Active
2026/09/03 04:13:35.036, 506 MiB, 41, 10.62 W, 22 MHz, 405 MHz, Not Active, Not Active, Not Active, Not Active, Not Active
2026/09/03 04:13:35.236, 506 MiB, 41, 10.62 W, 22 MHz, 405 MHz, Not Active, Not Active, Not Active, Not Active, Not Active
2026/09/03 04:13:35.436, 506 MiB, 41, 10.62 W, 22 MHz, 405 MHz, Not Active, Not Active, Not Active, Not Active, Not Active
2026/09/03 04:13:35.637, 506 MiB, 41, 10.62 W, 22 MHz, 405 MHz, Not Active, Not Active, Not Active, Not Active, Not Active
2026/09/03 04:13:35.837, 506 MiB, 41, 10.62 W, 22 MHz, 405 MHz, Not Active, Not Active, Not Active, Not Active, Not Active
2026/09/03 04:13:36.037, 506 MiB, 41, 10.64 W, 22 MHz, 405 MHz, Not Active, Not Active, Not Active, Not Active, Not Active
2026/09/03 04:13:36.237, 506 MiB, 41, 10.64 W, 22 MHz, 405 MHz, Not Active, Not Active, Not Active, Not Active, Not Active
2026/09/03 04:13:36.438, 506 MiB, 41, 10.64 W, 22 MHz, 405 MHz, Not Active, Not Active, Not Active, Not Active, Not Active
2026/09/03 04:13:36.638, 506 MiB, 41, 10.64 W, 22 MHz, 405 MHz, Not Active, Not Active, Not Active, Not Active, Not Active
2026/09/03 04:13:36.838, 506 MiB, 41, 10.64 W, 22 MHz, 405 MHz, Not Active, Not Active, Not Active, Not Active, Not Active
2026/09/03 04:13:37.038, 506 MiB, 41, 10.71 W, 22 MHz, 405 MHz, Not Active, Not Active, Not Active, Not Active, Not Active
2026/09/03 04:13:37.239, 506 MiB, 41, 10.71 W, 22 MHz, 405 MHz, Not Active, Not Active, Not Active, Not Active, Not Active
2026/09/03 04:13:37.439, 506 MiB, 41, 10.71 W, 22 MHz, 405 MHz, Not Active, Not Active, Not Active, Not Active, Not Active
2026/09/03 04:13:37.639, 506 MiB, 41, 10.71 W, 22 MHz, 405 MHz, Not Active, Not Active, Not Active, Not Active, Not Active
2026/09/03 04:13:37.839, 506 MiB, 41, 10.71 W, 22 MHz, 405 MHz, Not Active, Not Active, Not Active, Not Active, Not Active
2026/09/03 04:13:38.040, 506 MiB, 41, 10.77 W, 22 MHz, 405 MHz, Not Active, Not Active, Not Active, Not Active, Not Active
2026/09/03 04:13:38.240, 506 MiB, 41, 10.77 W, 22 MHz, 405 MHz, Not Active, Not Active, Not Active, Not Active, Not Active
2026/09/03 04:13:38.440, 506 MiB, 41, 10.77 W, 22 MHz, 405 MHz, Not Active, Not Active, Not Active, Not Active, Not Active
2026/09/03 04:13:38.641, 506 MiB, 41, 10.77 W, 22 MHz, 405 MHz, Not Active, Not Active, Not Active, Not Active, Not Active
2026/09/03 04:13:38.841, 506 MiB, 41, 10.77 W, 22 MHz, 405 MHz, Not Active, Not Active, Not Active, Not Active, Not Active
2026/09/03 04:13:39.042, 506 MiB, 41, 10.70 W, 22 MHz, 405 MHz, Not Active, Not Active, Not Active, Not Active, Not Active
2026/09/03 04:13:39.242, 506 MiB, 41, 10.70 W, 22 MHz, 405 MHz, Not Active, Not Active, Not Active, Not Active, Not Active
2026/09/03 04:13:39.442, 506 MiB, 41, 10.70 W, 22 MHz, 405 MHz, Not Active, Not Active, Not Active, Not Active, Not Active
2026/09/03 04:13:39.642, 506 MiB, 41, 10.70 W, 22 MHz, 405 MHz, Not Active, Not Active, Not Active, Not Active, Not Active
2026/09/03 04:13:39.842, 506 MiB, 41, 10.70 W, 22 MHz, 405 MHz, Not Active, Not Active, Not Active, Not Active, Not Active
2026/09/03 04:13:40.043, 506 MiB, 41, 10.73 W, 22 MHz, 405 MHz, Not Active, Not Active, Not Active, Not Active, Not Active
2026/09/03 04:13:40.243, 506 MiB, 41, 10.73 W, 22 MHz, 405 MHz, Not Active, Not Active, Not Active, Not Active, Not Active
2026/09/03 04:13:40.443, 506 MiB, 41, 10.73 W, 22 MHz, 405 MHz, Not Active, Not Active, Not Active, Not Active, Not Active
2026/09/03 04:13:40.644, 506 MiB, 41, 10.73 W, 22 MHz, 405 MHz, Not Active, Not Active, Not Active, Not Active, Not Active
2026/09/03 04:13:40.844, 506 MiB, 41, 10.73 W, 22 MHz, 405 MHz, Not Active, Not Active, Not Active, Not Active, Not Active
2026/09/03 04:13:41.044, 506 MiB, 41, 10.69 W, 22 MHz, 405 MHz, Not Active, Not Active, Not Active, Not Active, Not Active
2026/09/03 04:13:41.244, 506 MiB, 41, 10.69 W, 22 MHz, 405 MHz, Not Active, Not Active, Not Active, Not Active, Not Active
2026/09/03 04:13:41.445, 506 MiB, 41, 10.69 W, 22 MHz, 405 MHz, Not Active, Not Active, Not Active, Not Active, Not Active
2026/09/03 04:13:41.645, 506 MiB, 41, 10.69 W, 22 MHz, 405 MHz, Not Active, Not Active, Not Active, Not Active, Not Active
2026/09/03 04:13:41.845, 506 MiB, 41, 10.69 W, 22 MHz, 405 MHz, Not Active, Not Active, Not Active, Not Active, Not Active
2026/09/03 04:13:42.046, 506 MiB, 41, 10.68 W, 22 MHz, 405 MHz, Not Active, Not Active, Not Active, Not Active, Not Active
2026/09/03 04:13:42.246, 506 MiB, 41, 10.68 W, 22 MHz, 405 MHz, Not Active, Not Active, Not Active, Not Active, Not Active
2026/09/03 04:13:42.446, 506 MiB, 41, 10.68 W, 22 MHz, 405 MHz, Not Active, Not Active, Not Active, Not Active, Not Active
2026/09/03 04:13:42.646, 506 MiB, 41, 10.68 W, 22 MHz, 405 MHz, Not Active, Not Active, Not Active, Not Active, Not Active
2026/09/03 04:13:42.847, 506 MiB, 41, 10.68 W, 22 MHz, 405 MHz, Not Active, Not Active, Not Active, Not Active, Not Active
2026/09/03 04:13:43.047, 506 MiB, 41, 10.68 W, 22 MHz, 405 MHz, Not Active, Not Active, Not Active, Not Active, Not Active
2026/09/03 04:13:43.247, 506 MiB, 41, 10.68 W, 22 MHz, 405 MHz, Not Active, Not Active, Not Active, Not Active, Not Active
2026/09/03 04:13:43.447, 506 MiB, 41, 10.68 W, 22 MHz, 405 MHz, Not Active, Not Active, Not Active, Not Active, Not Active
2026/09/03 04:13:43.648, 506 MiB, 41, 10.68 W, 22 MHz, 405 MHz, Not Active, Not Active, Not Active, Not Active, Not Active
2026/09/03 04:13:43.848, 506 MiB, 41, 10.68 W, 22 MHz, 405 MHz, Not Active, Not Active, Not Active, Not Active, Not Active
2026/09/03 04:13:44.048, 506 MiB, 41, 10.83 W, 22 MHz, 405 MHz, Not Active, Not Active, Not Active, Not Active, Not Active
2026/09/03 04:13:44.248, 506 MiB, 41, 10.83 W, 22 MHz, 405 MHz, Not Active, Not Active, Not Active, Not Active, Not Active
2026/09/03 04:13:44.449, 506 MiB, 41, 10.83 W, 22 MHz, 405 MHz, Not Active, Not Active, Not Active, Not Active, Not Active
2026/09/03 04:13:44.649, 506 MiB, 41, 10.83 W, 22 MHz, 405 MHz, Not Active, Not Active, Not Active, Not Active, Not Active
2026/09/03 04:13:44.849, 506 MiB, 41, 10.83 W, 22 MHz, 405 MHz, Not Active, Not Active, Not Active, Not Active, Not Active
2026/09/03 04:13:45.049, 506 MiB, 41, 10.84 W, 22 MHz, 405 MHz, Not Active, Not Active, Not Active, Not Active, Not Active
2026/09/03 04:13:45.250, 506 MiB, 41, 10.84 W, 22 MHz, 405 MHz, Not Active, Not Active, Not Active, Not Active, Not Active
2026/09/03 04:13:45.450, 506 MiB, 41, 10.84 W, 22 MHz, 405 MHz, Not Active, Not Active, Not Active, Not Active, Not Active
2026/09/03 04:13:45.650, 506 MiB, 41, 10.84 W, 22 MHz, 405 MHz, Not Active, Not Active, Not Active, Not Active, Not Active
2026/09/03 04:13:45.851, 506 MiB, 41, 10.84 W, 22 MHz, 405 MHz, Not Active, Not Active, Not Active, Not Active, Not Active
2026/09/03 04:13:46.051, 506 MiB, 41, 10.82 W, 22 MHz, 405 MHz, Not Active, Not Active, Not Active, Not Active, Not Active
2026/09/03 04:13:46.251, 506 MiB, 41, 10.82 W, 22 MHz, 405 MHz, Not Active, Not Active, Not Active, Not Active, Not Active
2026/09/03 04:13:46.451, 506 MiB, 41, 10.82 W, 22 MHz, 405 MHz, Not Active, Not Active, Not Active, Not Active, Not Active
2026/09/03 04:13:46.652, 506 MiB, 41, 10.82 W, 22 MHz, 405 MHz, Not Active, Not Active, Not Active, Not Active, Not Active
2026/09/03 04:13:46.852, 506 MiB, 41, 10.82 W, 22 MHz, 405 MHz, Not Active, Not Active, Not Active, Not Active, Not Active
2026/09/03 04:13:47.052, 506 MiB, 41, 10.70 W, 22 MHz, 405 MHz, Not Active, Not Active, Not Active, Not Active, Not Active
2026/09/03 04:13:47.252, 506 MiB, 41, 10.70 W, 22 MHz, 405 MHz, Not Active, Not Active, Not Active, Not Active, Not Active
2026/09/03 04:13:47.453, 506 MiB, 41, 10.70 W, 22 MHz, 405 MHz, Not Active, Not Active, Not Active, Not Active, Not Active
2026/09/03 04:13:47.653, 506 MiB, 41, 10.70 W, 22 MHz, 405 MHz, Not Active, Not Active, Not Active, Not Active, Not Active
2026/09/03 04:13:47.853, 506 MiB, 41, 10.70 W, 22 MHz, 405 MHz, Not Active, Not Active, Not Active, Not Active, Not Active
2026/09/03 04:13:48.054, 506 MiB, 41, 10.75 W, 22 MHz, 405 MHz, Not Active, Not Active, Not Active, Not Active, Not Active
2026/09/03 04:13:48.254, 506 MiB, 41, 10.75 W, 22 MHz, 405 MHz, Not Active, Not Active, Not Active, Not Active, Not Active
2026/09/03 04:13:48.454, 506 MiB, 41, 10.75 W, 22 MHz, 405 MHz, Not Active, Not Active, Not Active, Not Active, Not Active
2026/09/03 04:13:48.654, 506 MiB, 41, 10.75 W, 22 MHz, 405 MHz, Not Active, Not Active, Not Active, Not Active, Not Active
2026/09/03 04:13:48.855, 506 MiB, 41, 10.75 W, 22 MHz, 405 MHz, Not Active, Not Active, Not Active, Not Active, Not Active
2026/09/03 04:13:49.055, 506 MiB, 41, 10.74 W, 22 MHz, 405 MHz, Not Active, Not Active, Not Active, Not Active, Not Active
2026/09/03 04:13:49.255, 506 MiB, 41, 10.74 W, 22 MHz, 405 MHz, Not Active, Not Active, Not Active, Not Active, Not Active
2026/09/03 04:13:49.455, 506 MiB, 41, 10.74 W, 22 MHz, 405 MHz, Not Active, Not Active, Not Active, Not Active, Not Active
2026/09/03 04:13:49.656, 506 MiB, 41, 10.74 W, 22 MHz, 405 MHz, Not Active, Not Active, Not Active, Not Active, Not Active
2026/09/03 04:13:49.856, 506 MiB, 41, 10.74 W, 22 MHz, 405 MHz, Not Active, Not Active, Not Active, Not Active, Not Active
2026/09/03 04:13:50.056, 506 MiB, 41, 10.93 W, 22 MHz, 405 MHz, Not Active, Not Active, Not Active, Not Active, Not Active
2026/09/03 04:13:50.256, 506 MiB, 41, 10.93 W, 22 MHz, 405 MHz, Not Active, Not Active, Not Active, Not Active, Not Active
2026/09/03 04:13:50.456, 506 MiB, 41, 10.93 W, 22 MHz, 405 MHz, Not Active, Not Active, Not Active, Not Active, Not Active
2026/09/03 04:13:50.657, 506 MiB, 41, 10.93 W, 22 MHz, 405 MHz, Not Active, Not Active, Not Active, Not Active, Not Active
2026/09/03 04:13:50.857, 506 MiB, 41, 10.93 W, 22 MHz, 405 MHz, Not Active, Not Active, Not Active, Not Active, Not Active
2026/09/03 04:13:51.057, 506 MiB, 41, 10.90 W, 22 MHz, 405 MHz, Not Active, Not Active, Not Active, Not Active, Not Active
2026/09/03 04:13:51.258, 506 MiB, 41, 10.90 W, 22 MHz, 405 MHz, Not Active, Not Active, Not Active, Not Active, Not Active
2026/09/03 04:13:51.458, 506 MiB, 41, 10.90 W, 22 MHz, 405 MHz, Not Active, Not Active, Not Active, Not Active, Not Active
2026/09/03 04:13:51.658, 506 MiB, 41, 10.90 W, 22 MHz, 405 MHz, Not Active, Not Active, Not Active, Not Active, Not Active
2026/09/03 04:13:51.858, 506 MiB, 41, 10.90 W, 22 MHz, 405 MHz, Not Active, Not Active, Not Active, Not Active, Not Active
2026/09/03 04:13:52.059, 506 MiB, 41, 10.84 W, 22 MHz, 405 MHz, Not Active, Not Active, Not Active, Not Active, Not Active
2026/09/03 04:13:52.259, 506 MiB, 41, 10.84 W, 22 MHz, 405 MHz, Not Active, Not Active, Not Active, Not Active, Not Active
2026/09/03 04:13:52.459, 506 MiB, 41, 10.84 W, 22 MHz, 405 MHz, Not Active, Not Active, Not Active, Not Active, Not Active
2026/09/03 04:13:52.659, 506 MiB, 41, 10.84 W, 22 MHz, 405 MHz, Not Active, Not Active, Not Active, Not Active, Not Active
2026/09/03 04:13:52.860, 506 MiB, 41, 10.84 W, 22 MHz, 405 MHz, Not Active, Not Active, Not Active, Not Active, Not Active
2026/09/03 04:13:53.060, 506 MiB, 41, 10.50 W, 22 MHz, 405 MHz, Not Active, Not Active, Not Active, Not Active, Not Active
2026/09/03 04:13:53.260, 506 MiB, 41, 10.50 W, 22 MHz, 405 MHz, Not Active, Not Active, Not Active, Not Active, Not Active
2026/09/03 04:13:53.460, 506 MiB, 41, 10.50 W, 22 MHz, 405 MHz, Not Active, Not Active, Not Active, Not Active, Not Active
2026/09/03 04:13:53.661, 506 MiB, 41, 10.50 W, 22 MHz, 405 MHz, Not Active, Not Active, Not Active, Not Active, Not Active
2026/09/03 04:13:53.861, 506 MiB, 41, 10.50 W, 22 MHz, 405 MHz, Not Active, Not Active, Not Active, Not Active, Not Active
2026/09/03 04:13:54.061, 506 MiB, 41, 10.72 W, 22 MHz, 405 MHz, Not Active, Not Active, Not Active, Not Active, Not Active
2026/09/03 04:13:54.261, 506 MiB, 41, 10.72 W, 22 MHz, 405 MHz, Not Active, Not Active, Not Active, Not Active, Not Active
2026/09/03 04:13:54.461, 506 MiB, 41, 10.72 W, 22 MHz, 405 MHz, Not Active, Not Active, Not Active, Not Active, Not Active
2026/09/03 04:13:54.662, 506 MiB, 41, 10.72 W, 22 MHz, 405 MHz, Not Active, Not Active, Not Active, Not Active, Not Active
2026/09/03 04:13:54.862, 506 MiB, 41, 10.72 W, 22 MHz, 405 MHz, Not Active, Not Active, Not Active, Not Active, Not Active
2026/09/03 04:13:55.062, 506 MiB, 41, 10.85 W, 22 MHz, 405 MHz, Not Active, Not Active, Not Active, Not Active, Not Active
2026/09/03 04:13:55.262, 506 MiB, 41, 10.85 W, 22 MHz, 405 MHz, Not Active, Not Active, Not Active, Not Active, Not Active
2026/09/03 04:13:55.463, 506 MiB, 41, 10.85 W, 22 MHz, 405 MHz, Not Active, Not Active, Not Active, Not Active, Not Active
2026/09/03 04:13:55.663, 506 MiB, 41, 10.85 W, 22 MHz, 405 MHz, Not Active, Not Active, Not Active, Not Active, Not Active
2026/09/03 04:13:55.863, 506 MiB, 41, 10.85 W, 22 MHz, 405 MHz, Not Active, Not Active, Not Active, Not Active, Not Active
2026/09/03 04:13:56.063, 506 MiB, 41, 10.85 W, 22 MHz, 405 MHz, Not Active, Not Active, Not Active, Not Active, Not Active
2026/09/03 04:13:56.264, 506 MiB, 41, 10.85 W, 22 MHz, 405 MHz, Not Active, Not Active, Not Active, Not Active, Not Active
2026/09/03 04:13:56.464, 506 MiB, 41, 10.85 W, 22 MHz, 405 MHz, Not Active, Not Active, Not Active, Not Active, Not Active
2026/09/03 04:13:56.664, 506 MiB, 41, 10.85 W, 22 MHz, 405 MHz, Not Active, Not Active, Not Active, Not Active, Not Active
2026/09/03 04:13:56.864, 506 MiB, 41, 10.85 W, 22 MHz, 405 MHz, Not Active, Not Active, Not Active, Not Active, Not Active
2026/09/03 04:13:57.065, 506 MiB, 41, 10.87 W, 22 MHz, 405 MHz, Not Active, Not Active, Not Active, Not Active, Not Active
2026/09/03 04:13:57.265, 506 MiB, 41, 10.87 W, 22 MHz, 405 MHz, Not Active, Not Active, Not Active, Not Active, Not Active
2026/09/03 04:13:57.465, 506 MiB, 41, 10.87 W, 22 MHz, 405 MHz, Not Active, Not Active, Not Active, Not Active, Not Active
2026/09/03 04:13:57.665, 506 MiB, 41, 10.87 W, 22 MHz, 405 MHz, Not Active, Not Active, Not Active, Not Active, Not Active
2026/09/03 04:13:57.866, 506 MiB, 41, 10.87 W, 22 MHz, 405 MHz, Not Active, Not Active, Not Active, Not Active, Not Active
2026/09/03 04:13:58.066, 506 MiB, 41, 10.85 W, 22 MHz, 405 MHz, Not Active, Not Active, Not Active, Not Active, Not Active
2026/09/03 04:13:58.266, 506 MiB, 41, 10.85 W, 22 MHz, 405 MHz, Not Active, Not Active, Not Active, Not Active, Not Active
2026/09/03 04:13:58.466, 506 MiB, 41, 10.85 W, 22 MHz, 405 MHz, Not Active, Not Active, Not Active, Not Active, Not Active
2026/09/03 04:13:58.667, 506 MiB, 41, 10.85 W, 22 MHz, 405 MHz, Not Active, Not Active, Not Active, Not Active, Not Active
2026/09/03 04:13:58.867, 506 MiB, 41, 10.85 W, 22 MHz, 405 MHz, Not Active, Not Active, Not Active, Not Active, Not Active
2026/09/03 04:13:59.067, 506 MiB, 41, 11.23 W, 22 MHz, 405 MHz, Not Active, Not Active, Not Active, Not Active, Not Active
2026/09/03 04:13:59.268, 506 MiB, 41, 11.23 W, 22 MHz, 405 MHz, Not Active, Not Active, Not Active, Not Active, Not Active
2026/09/03 04:13:59.468, 506 MiB, 41, 11.23 W, 22 MHz, 405 MHz, Not Active, Not Active, Not Active, Not Active, Not Active
2026/09/03 04:13:59.668, 506 MiB, 41, 11.23 W, 22 MHz, 405 MHz, Not Active, Not Active, Not Active, Not Active, Not Active
2026/09/03 04:13:59.868, 506 MiB, 41, 11.23 W, 22 MHz, 405 MHz, Not Active, Not Active, Not Active, Not Active, Not Active
2026/09/03 04:14:00.068, 506 MiB, 41, 10.97 W, 22 MHz, 405 MHz, Not Active, Not Active, Not Active, Not Active, Not Active
2026/09/03 04:14:00.269, 506 MiB, 41, 10.97 W, 22 MHz, 405 MHz, Not Active, Not Active, Not Active, Not Active, Not Active
2026/09/03 04:14:00.469, 506 MiB, 41, 10.97 W, 22 MHz, 405 MHz, Not Active, Not Active, Not Active, Not Active, Not Active
2026/09/03 04:14:00.669, 506 MiB, 41, 10.97 W, 22 MHz, 405 MHz, Not Active, Not Active, Not Active, Not Active, Not Active
2026/09/03 04:14:00.870, 506 MiB, 41, 10.97 W, 22 MHz, 405 MHz, Not Active, Not Active, Not Active, Not Active, Not Active
2026/09/03 04:14:01.070, 506 MiB, 41, 10.93 W, 22 MHz, 405 MHz, Not Active, Not Active, Not Active, Not Active, Not Active
2026/09/03 04:14:01.270, 506 MiB, 41, 10.93 W, 22 MHz, 405 MHz, Not Active, Not Active, Not Active, Not Active, Not Active
2026/09/03 04:14:01.470, 506 MiB, 41, 10.93 W, 22 MHz, 405 MHz, Not Active, Not Active, Not Active, Not Active, Not Active
2026/09/03 04:14:01.671, 506 MiB, 41, 10.93 W, 22 MHz, 405 MHz, Not Active, Not Active, Not Active, Not Active, Not Active
2026/09/03 04:14:01.871, 506 MiB, 41, 10.93 W, 22 MHz, 405 MHz, Not Active, Not Active, Not Active, Not Active, Not Active
2026/09/03 04:14:02.071, 506 MiB, 41, 10.86 W, 22 MHz, 405 MHz, Not Active, Not Active, Not Active, Not Active, Not Active
2026/09/03 04:14:02.271, 506 MiB, 41, 10.86 W, 22 MHz, 405 MHz, Not Active, Not Active, Not Active, Not Active, Not Active
2026/09/03 04:14:02.472, 506 MiB, 41, 10.86 W, 22 MHz, 405 MHz, Not Active, Not Active, Not Active, Not Active, Not Active
2026/09/03 04:14:02.672, 506 MiB, 41, 10.86 W, 22 MHz, 405 MHz, Not Active, Not Active, Not Active, Not Active, Not Active
2026/09/03 04:14:02.873, 506 MiB, 41, 10.86 W, 22 MHz, 405 MHz, Not Active, Not Active, Not Active, Not Active, Not Active
2026/09/03 04:14:03.073, 506 MiB, 41, 10.99 W, 22 MHz, 405 MHz, Not Active, Not Active, Not Active, Not Active, Not Active
2026/09/03 04:14:03.273, 506 MiB, 41, 10.99 W, 22 MHz, 405 MHz, Not Active, Not Active, Not Active, Not Active, Not Active
2026/09/03 04:14:03.474, 506 MiB, 41, 10.99 W, 22 MHz, 405 MHz, Not Active, Not Active, Not Active, Not Active, Not Active
2026/09/03 04:14:03.674, 506 MiB, 41, 10.99 W, 22 MHz, 405 MHz, Not Active, Not Active, Not Active, Not Active, Not Active
2026/09/03 04:14:03.874, 506 MiB, 41, 10.99 W, 22 MHz, 405 MHz, Not Active, Not Active, Not Active, Not Active, Not Active
2026/09/03 04:14:04.074, 506 MiB, 41, 10.91 W, 22 MHz, 405 MHz, Not Active, Not Active, Not Active, Not Active, Not Active
2026/09/03 04:14:04.275, 506 MiB, 41, 10.91 W, 22 MHz, 405 MHz, Not Active, Not Active, Not Active, Not Active, Not Active
2026/09/03 04:14:04.475, 506 MiB, 41, 10.91 W, 22 MHz, 405 MHz, Not Active, Not Active, Not Active, Not Active, Not Active
2026/09/03 04:14:04.675, 506 MiB, 41, 10.91 W, 22 MHz, 405 MHz, Not Active, Not Active, Not Active, Not Active, Not Active
2026/09/03 04:14:04.876, 506 MiB, 41, 10.91 W, 22 MHz, 405 MHz, Not Active, Not Active, Not Active, Not Active, Not Active
2026/09/03 04:14:05.076, 506 MiB, 41, 10.90 W, 22 MHz, 405 MHz, Not Active, Not Active, Not Active, Not Active, Not Active
2026/09/03 04:14:05.276, 506 MiB, 41, 10.90 W, 22 MHz, 405 MHz, Not Active, Not Active, Not Active, Not Active, Not Active
2026/09/03 04:14:05.476, 506 MiB, 41, 10.90 W, 22 MHz, 405 MHz, Not Active, Not Active, Not Active, Not Active, Not Active
2026/09/03 04:14:05.677, 506 MiB, 41, 10.90 W, 22 MHz, 405 MHz, Not Active, Not Active, Not Active, Not Active, Not Active
2026/09/03 04:14:05.877, 506 MiB, 41, 10.90 W, 22 MHz, 405 MHz, Not Active, Not Active, Not Active, Not Active, Not Active
2026/09/03 04:14:06.077, 506 MiB, 41, 11.00 W, 22 MHz, 405 MHz, Not Active, Not Active, Not Active, Not Active, Not Active
2026/09/03 04:14:06.277, 506 MiB, 41, 11.00 W, 22 MHz, 405 MHz, Not Active, Not Active, Not Active, Not Active, Not Active
2026/09/03 04:14:06.478, 506 MiB, 41, 11.00 W, 22 MHz, 405 MHz, Not Active, Not Active, Not Active, Not Active, Not Active
2026/09/03 04:14:06.678, 506 MiB, 41, 11.00 W, 22 MHz, 405 MHz, Not Active, Not Active, Not Active, Not Active, Not Active
2026/09/03 04:14:06.878, 506 MiB, 41, 11.00 W, 22 MHz, 405 MHz, Not Active, Not Active, Not Active, Not Active, Not Active
2026/09/03 04:14:07.079, 506 MiB, 41, 11.10 W, 22 MHz, 405 MHz, Not Active, Not Active, Not Active, Not Active, Not Active
2026/09/03 04:14:07.279, 506 MiB, 41, 11.10 W, 22 MHz, 405 MHz, Not Active, Not Active, Not Active, Not Active, Not Active
2026/09/03 04:14:07.479, 506 MiB, 41, 11.10 W, 22 MHz, 405 MHz, Not Active, Not Active, Not Active, Not Active, Not Active
2026/09/03 04:14:07.679, 506 MiB, 41, 11.10 W, 22 MHz, 405 MHz, Not Active, Not Active, Not Active, Not Active, Not Active
2026/09/03 04:14:07.880, 506 MiB, 41, 11.10 W, 22 MHz, 405 MHz, Not Active, Not Active, Not Active, Not Active, Not Active
2026/09/03 04:14:08.080, 506 MiB, 41, 10.99 W, 22 MHz, 405 MHz, Not Active, Not Active, Not Active, Not Active, Not Active
2026/09/03 04:14:08.280, 506 MiB, 41, 10.99 W, 22 MHz, 405 MHz, Not Active, Not Active, Not Active, Not Active, Not Active
2026/09/03 04:14:08.480, 506 MiB, 41, 10.99 W, 22 MHz, 405 MHz, Not Active, Not Active, Not Active, Not Active, Not Active
2026/09/03 04:14:08.681, 506 MiB, 41, 10.99 W, 22 MHz, 405 MHz, Not Active, Not Active, Not Active, Not Active, Not Active
2026/09/03 04:14:08.881, 506 MiB, 41, 10.99 W, 22 MHz, 405 MHz, Not Active, Not Active, Not Active, Not Active, Not Active
2026/09/03 04:14:09.081, 506 MiB, 41, 11.33 W, 22 MHz, 405 MHz, Not Active, Not Active, Not Active, Not Active, Not Active
2026/09/03 04:14:09.281, 506 MiB, 41, 11.33 W, 22 MHz, 405 MHz, Not Active, Not Active, Not Active, Not Active, Not Active
2026/09/03 04:14:09.482, 506 MiB, 41, 11.33 W, 22 MHz, 405 MHz, Not Active, Not Active, Not Active, Not Active, Not Active
2026/09/03 04:14:09.682, 506 MiB, 41, 11.33 W, 22 MHz, 405 MHz, Not Active, Not Active, Not Active, Not Active, Not Active
2026/09/03 04:14:09.882, 506 MiB, 41, 11.33 W, 22 MHz, 405 MHz, Not Active, Not Active, Not Active, Not Active, Not Active
2026/09/03 04:14:10.083, 506 MiB, 41, 11.28 W, 22 MHz, 405 MHz, Not Active, Not Active, Not Active, Not Active, Not Active
2026/09/03 04:14:10.283, 506 MiB, 41, 11.28 W, 22 MHz, 405 MHz, Not Active, Not Active, Not Active, Not Active, Not Active
2026/09/03 04:14:10.483, 506 MiB, 41, 11.28 W, 22 MHz, 405 MHz, Not Active, Not Active, Not Active, Not Active, Not Active
2026/09/03 04:14:10.683, 506 MiB, 41, 11.28 W, 22 MHz, 405 MHz, Not Active, Not Active, Not Active, Not Active, Not Active
2026/09/03 04:14:10.884, 506 MiB, 41, 11.28 W, 22 MHz, 405 MHz, Not Active, Not Active, Not Active, Not Active, Not Active
2026/09/03 04:14:11.084, 506 MiB, 41, 11.12 W, 22 MHz, 405 MHz, Not Active, Not Active, Not Active, Not Active, Not Active
2026/09/03 04:14:11.284, 506 MiB, 41, 11.12 W, 22 MHz, 405 MHz, Not Active, Not Active, Not Active, Not Active, Not Active
2026/09/03 04:14:11.484, 506 MiB, 41, 11.12 W, 22 MHz, 405 MHz, Not Active, Not Active, Not Active, Not Active, Not Active
2026/09/03 04:14:11.685, 506 MiB, 41, 11.12 W, 22 MHz, 405 MHz, Not Active, Not Active, Not Active, Not Active, Not Active
2026/09/03 04:14:11.885, 506 MiB, 41, 11.12 W, 22 MHz, 405 MHz, Not Active, Not Active, Not Active, Not Active, Not Active
2026/09/03 04:14:12.085, 506 MiB, 41, 11.09 W, 22 MHz, 405 MHz, Not Active, Not Active, Not Active, Not Active, Not Active
2026/09/03 04:14:12.285, 506 MiB, 41, 11.09 W, 22 MHz, 405 MHz, Not Active, Not Active, Not Active, Not Active, Not Active
2026/09/03 04:14:12.486, 506 MiB, 41, 11.09 W, 22 MHz, 405 MHz, Not Active, Not Active, Not Active, Not Active, Not Active
2026/09/03 04:14:12.686, 506 MiB, 41, 11.09 W, 22 MHz, 405 MHz, Not Active, Not Active, Not Active, Not Active, Not Active
2026/09/03 04:14:12.886, 506 MiB, 41, 11.09 W, 22 MHz, 405 MHz, Not Active, Not Active, Not Active, Not Active, Not Active
2026/09/03 04:14:13.086, 506 MiB, 41, 11.06 W, 22 MHz, 405 MHz, Not Active, Not Active, Not Active, Not Active, Not Active
2026/09/03 04:14:13.287, 506 MiB, 41, 11.06 W, 22 MHz, 405 MHz, Not Active, Not Active, Not Active, Not Active, Not Active
2026/09/03 04:14:13.487, 506 MiB, 41, 11.06 W, 22 MHz, 405 MHz, Not Active, Not Active, Not Active, Not Active, Not Active
2026/09/03 04:14:13.687, 506 MiB, 41, 11.06 W, 22 MHz, 405 MHz, Not Active, Not Active, Not Active, Not Active, Not Active
2026/09/03 04:14:13.887, 506 MiB, 41, 11.06 W, 22 MHz, 405 MHz, Not Active, Not Active, Not Active, Not Active, Not Active
2026/09/03 04:14:14.088, 506 MiB, 41, 11.04 W, 22 MHz, 405 MHz, Not Active, Not Active, Not Active, Not Active, Not Active
2026/09/03 04:14:14.288, 506 MiB, 41, 11.04 W, 22 MHz, 405 MHz, Not Active, Not Active, Not Active, Not Active, Not Active
2026/09/03 04:14:14.488, 506 MiB, 41, 11.04 W, 22 MHz, 405 MHz, Not Active, Not Active, Not Active, Not Active, Not Active
2026/09/03 04:14:14.689, 506 MiB, 41, 11.04 W, 22 MHz, 405 MHz, Not Active, Not Active, Not Active, Not Active, Not Active
2026/09/03 04:14:14.889, 506 MiB, 41, 11.04 W, 22 MHz, 405 MHz, Not Active, Not Active, Not Active, Not Active, Not Active
2026/09/03 04:14:15.089, 506 MiB, 41, 10.97 W, 22 MHz, 405 MHz, Not Active, Not Active, Not Active, Not Active, Not Active
2026/09/03 04:14:15.289, 506 MiB, 41, 10.97 W, 22 MHz, 405 MHz, Not Active, Not Active, Not Active, Not Active, Not Active
2026/09/03 04:14:15.489, 506 MiB, 41, 10.97 W, 22 MHz, 405 MHz, Not Active, Not Active, Not Active, Not Active, Not Active
2026/09/03 04:14:15.690, 506 MiB, 41, 10.97 W, 22 MHz, 405 MHz, Not Active, Not Active, Not Active, Not Active, Not Active
2026/09/03 04:14:15.890, 506 MiB, 41, 10.97 W, 22 MHz, 405 MHz, Not Active, Not Active, Not Active, Not Active, Not Active
2026/09/03 04:14:16.090, 506 MiB, 41, 10.94 W, 22 MHz, 405 MHz, Not Active, Not Active, Not Active, Not Active, Not Active
2026/09/03 04:14:16.290, 506 MiB, 41, 10.94 W, 22 MHz, 405 MHz, Not Active, Not Active, Not Active, Not Active, Not Active
2026/09/03 04:14:16.491, 506 MiB, 41, 10.94 W, 22 MHz, 405 MHz, Not Active, Not Active, Not Active, Not Active, Not Active
2026/09/03 04:14:16.691, 506 MiB, 41, 10.94 W, 22 MHz, 405 MHz, Not Active, Not Active, Not Active, Not Active, Not Active
2026/09/03 04:14:16.891, 506 MiB, 41, 10.94 W, 22 MHz, 405 MHz, Not Active, Not Active, Not Active, Not Active, Not Active
2026/09/03 04:14:17.091, 506 MiB, 41, 11.05 W, 22 MHz, 405 MHz, Not Active, Not Active, Not Active, Not Active, Not Active
2026/09/03 04:14:17.291, 506 MiB, 41, 11.05 W, 22 MHz, 405 MHz, Not Active, Not Active, Not Active, Not Active, Not Active
2026/09/03 04:14:17.492, 506 MiB, 41, 11.05 W, 22 MHz, 405 MHz, Not Active, Not Active, Not Active, Not Active, Not Active
2026/09/03 04:14:17.692, 506 MiB, 41, 11.05 W, 22 MHz, 405 MHz, Not Active, Not Active, Not Active, Not Active, Not Active
2026/09/03 04:14:17.892, 506 MiB, 41, 11.05 W, 22 MHz, 405 MHz, Not Active, Not Active, Not Active, Not Active, Not Active
2026/09/03 04:14:18.092, 506 MiB, 41, 11.04 W, 22 MHz, 405 MHz, Not Active, Not Active, Not Active, Not Active, Not Active
2026/09/03 04:14:18.293, 506 MiB, 41, 11.04 W, 22 MHz, 405 MHz, Not Active, Not Active, Not Active, Not Active, Not Active
2026/09/03 04:14:18.493, 506 MiB, 41, 11.04 W, 22 MHz, 405 MHz, Not Active, Not Active, Not Active, Not Active, Not Active
2026/09/03 04:14:18.693, 506 MiB, 41, 11.04 W, 22 MHz, 405 MHz, Not Active, Not Active, Not Active, Not Active, Not Active
2026/09/03 04:14:18.893, 506 MiB, 41, 11.04 W, 22 MHz, 405 MHz, Not Active, Not Active, Not Active, Not Active, Not Active
2026/09/03 04:14:19.094, 506 MiB, 41, 11.06 W, 22 MHz, 405 MHz, Not Active, Not Active, Not Active, Not Active, Not Active
2026/09/03 04:14:19.294, 506 MiB, 41, 11.06 W, 22 MHz, 405 MHz, Not Active, Not Active, Not Active, Not Active, Not Active
2026/09/03 04:14:19.494, 506 MiB, 41, 11.06 W, 22 MHz, 405 MHz, Not Active, Not Active, Not Active, Not Active, Not Active
2026/09/03 04:14:19.694, 506 MiB, 41, 11.06 W, 22 MHz, 405 MHz, Not Active, Not Active, Not Active, Not Active, Not Active
2026/09/03 04:14:19.894, 506 MiB, 41, 11.06 W, 22 MHz, 405 MHz, Not Active, Not Active, Not Active, Not Active, Not Active
2026/09/03 04:14:20.095, 506 MiB, 41, 10.99 W, 22 MHz, 405 MHz, Not Active, Not Active, Not Active, Not Active, Not Active
2026/09/03 04:14:20.295, 506 MiB, 41, 10.99 W, 22 MHz, 405 MHz, Not Active, Not Active, Not Active, Not Active, Not Active
2026/09/03 04:14:20.495, 506 MiB, 41, 10.99 W, 22 MHz, 405 MHz, Not Active, Not Active, Not Active, Not Active, Not Active
2026/09/03 04:14:20.695, 506 MiB, 41, 10.99 W, 22 MHz, 405 MHz, Not Active, Not Active, Not Active, Not Active, Not Active
2026/09/03 04:14:20.896, 506 MiB, 41, 10.99 W, 22 MHz, 405 MHz, Not Active, Not Active, Not Active, Not Active, Not Active
2026/09/03 04:14:21.096, 506 MiB, 41, 10.94 W, 22 MHz, 405 MHz, Not Active, Not Active, Not Active, Not Active, Not Active
2026/09/03 04:14:21.296, 506 MiB, 41, 10.94 W, 22 MHz, 405 MHz, Not Active, Not Active, Not Active, Not Active, Not Active
2026/09/03 04:14:21.496, 506 MiB, 41, 10.94 W, 22 MHz, 405 MHz, Not Active, Not Active, Not Active, Not Active, Not Active
2026/09/03 04:14:21.697, 506 MiB, 41, 10.94 W, 22 MHz, 405 MHz, Not Active, Not Active, Not Active, Not Active, Not Active
2026/09/03 04:14:21.897, 506 MiB, 41, 10.94 W, 22 MHz, 405 MHz, Not Active, Not Active, Not Active, Not Active, Not Active
2026/09/03 04:14:22.097, 506 MiB, 41, 10.97 W, 22 MHz, 405 MHz, Not Active, Not Active, Not Active, Not Active, Not Active
2026/09/03 04:14:22.297, 506 MiB, 41, 10.97 W, 22 MHz, 405 MHz, Not Active, Not Active, Not Active, Not Active, Not Active
2026/09/03 04:14:22.498, 506 MiB, 41, 10.97 W, 22 MHz, 405 MHz, Not Active, Not Active, Not Active, Not Active, Not Active
2026/09/03 04:14:22.698, 506 MiB, 41, 10.97 W, 22 MHz, 405 MHz, Not Active, Not Active, Not Active, Not Active, Not Active
2026/09/03 04:14:22.898, 506 MiB, 41, 10.97 W, 22 MHz, 405 MHz, Not Active, Not Active, Not Active, Not Active, Not Active
2026/09/03 04:14:23.098, 506 MiB, 41, 10.89 W, 22 MHz, 405 MHz, Not Active, Not Active, Not Active, Not Active, Not Active
2026/09/03 04:14:23.298, 506 MiB, 41, 10.89 W, 22 MHz, 405 MHz, Not Active, Not Active, Not Active, Not Active, Not Active
2026/09/03 04:14:23.499, 506 MiB, 41, 10.89 W, 22 MHz, 405 MHz, Not Active, Not Active, Not Active, Not Active, Not Active
2026/09/03 04:14:23.699, 506 MiB, 41, 10.89 W, 22 MHz, 405 MHz, Not Active, Not Active, Not Active, Not Active, Not Active
2026/09/03 04:14:23.899, 506 MiB, 41, 10.89 W, 22 MHz, 405 MHz, Not Active, Not Active, Not Active, Not Active, Not Active
2026/09/03 04:14:24.099, 506 MiB, 41, 10.87 W, 22 MHz, 405 MHz, Not Active, Not Active, Not Active, Not Active, Not Active
2026/09/03 04:14:24.300, 506 MiB, 41, 10.87 W, 22 MHz, 405 MHz, Not Active, Not Active, Not Active, Not Active, Not Active
2026/09/03 04:14:24.500, 506 MiB, 41, 10.87 W, 22 MHz, 405 MHz, Not Active, Not Active, Not Active, Not Active, Not Active
2026/09/03 04:14:24.700, 506 MiB, 41, 10.87 W, 22 MHz, 405 MHz, Not Active, Not Active, Not Active, Not Active, Not Active
2026/09/03 04:14:24.900, 506 MiB, 41, 10.87 W, 22 MHz, 405 MHz, Not Active, Not Active, Not Active, Not Active, Not Active
2026/09/03 04:14:25.101, 506 MiB, 41, 10.90 W, 22 MHz, 405 MHz, Not Active, Not Active, Not Active, Not Active, Not Active
2026/09/03 04:14:25.301, 506 MiB, 41, 10.90 W, 22 MHz, 405 MHz, Not Active, Not Active, Not Active, Not Active, Not Active
2026/09/03 04:14:25.501, 506 MiB, 41, 10.90 W, 22 MHz, 405 MHz, Not Active, Not Active, Not Active, Not Active, Not Active
2026/09/03 04:14:25.702, 506 MiB, 41, 10.90 W, 22 MHz, 405 MHz, Not Active, Not Active, Not Active, Not Active, Not Active
2026/09/03 04:14:25.902, 506 MiB, 41, 10.90 W, 22 MHz, 405 MHz, Not Active, Not Active, Not Active, Not Active, Not Active
2026/09/03 04:14:26.102, 506 MiB, 41, 10.74 W, 22 MHz, 405 MHz, Not Active, Not Active, Not Active, Not Active, Not Active
2026/09/03 04:14:26.303, 506 MiB, 41, 10.74 W, 22 MHz, 405 MHz, Not Active, Not Active, Not Active, Not Active, Not Active
2026/09/03 04:14:26.503, 506 MiB, 41, 10.74 W, 22 MHz, 405 MHz, Not Active, Not Active, Not Active, Not Active, Not Active
2026/09/03 04:14:26.703, 506 MiB, 41, 10.74 W, 22 MHz, 405 MHz, Not Active, Not Active, Not Active, Not Active, Not Active
2026/09/03 04:14:26.903, 506 MiB, 41, 10.74 W, 22 MHz, 405 MHz, Not Active, Not Active, Not Active, Not Active, Not Active
2026/09/03 04:14:27.103, 506 MiB, 41, 10.83 W, 22 MHz, 405 MHz, Not Active, Not Active, Not Active, Not Active, Not Active
2026/09/03 04:14:27.303, 506 MiB, 41, 10.83 W, 22 MHz, 405 MHz, Not Active, Not Active, Not Active, Not Active, Not Active
2026/09/03 04:14:27.504, 506 MiB, 41, 10.83 W, 22 MHz, 405 MHz, Not Active, Not Active, Not Active, Not Active, Not Active
2026/09/03 04:14:27.704, 506 MiB, 41, 10.83 W, 22 MHz, 405 MHz, Not Active, Not Active, Not Active, Not Active, Not Active
2026/09/03 04:14:27.904, 506 MiB, 41, 10.83 W, 22 MHz, 405 MHz, Not Active, Not Active, Not Active, Not Active, Not Active
2026/09/03 04:14:28.105, 506 MiB, 41, 10.67 W, 22 MHz, 405 MHz, Not Active, Not Active, Not Active, Not Active, Not Active
2026/09/03 04:14:28.305, 506 MiB, 41, 10.67 W, 22 MHz, 405 MHz, Not Active, Not Active, Not Active, Not Active, Not Active
2026/09/03 04:14:28.505, 506 MiB, 41, 10.67 W, 22 MHz, 405 MHz, Not Active, Not Active, Not Active, Not Active, Not Active
2026/09/03 04:14:28.705, 506 MiB, 41, 10.67 W, 22 MHz, 405 MHz, Not Active, Not Active, Not Active, Not Active, Not Active
2026/09/03 04:14:28.905, 506 MiB, 41, 10.67 W, 22 MHz, 405 MHz, Not Active, Not Active, Not Active, Not Active, Not Active
2026/09/03 04:14:29.106, 506 MiB, 41, 10.98 W, 22 MHz, 405 MHz, Not Active, Not Active, Not Active, Not Active, Not Active
2026/09/03 04:14:29.306, 506 MiB, 41, 10.98 W, 22 MHz, 405 MHz, Not Active, Not Active, Not Active, Not Active, Not Active
2026/09/03 04:14:29.507, 506 MiB, 41, 10.98 W, 22 MHz, 405 MHz, Not Active, Not Active, Not Active, Not Active, Not Active
2026/09/03 04:14:29.707, 506 MiB, 41, 10.98 W, 22 MHz, 405 MHz, Not Active, Not Active, Not Active, Not Active, Not Active
2026/09/03 04:14:29.907, 506 MiB, 41, 10.98 W, 22 MHz, 405 MHz, Not Active, Not Active, Not Active, Not Active, Not Active
2026/09/03 04:14:30.108, 506 MiB, 41, 10.98 W, 22 MHz, 405 MHz, Not Active, Not Active, Not Active, Not Active, Not Active
2026/09/03 04:14:30.308, 506 MiB, 41, 10.98 W, 22 MHz, 405 MHz, Not Active, Not Active, Not Active, Not Active, Not Active
2026/09/03 04:14:30.508, 506 MiB, 41, 10.98 W, 22 MHz, 405 MHz, Not Active, Not Active, Not Active, Not Active, Not Active
2026/09/03 04:14:30.708, 506 MiB, 41, 10.98 W, 22 MHz, 405 MHz, Not Active, Not Active, Not Active, Not Active, Not Active
2026/09/03 04:14:30.909, 506 MiB, 41, 10.98 W, 22 MHz, 405 MHz, Not Active, Not Active, Not Active, Not Active, Not Active
2026/09/03 04:14:31.109, 506 MiB, 41, 10.87 W, 22 MHz, 405 MHz, Not Active, Not Active, Not Active, Not Active, Not Active
2026/09/03 04:14:31.309, 506 MiB, 41, 10.87 W, 22 MHz, 405 MHz, Not Active, Not Active, Not Active, Not Active, Not Active
2026/09/03 04:14:31.509, 506 MiB, 41, 10.87 W, 22 MHz, 405 MHz, Not Active, Not Active, Not Active, Not Active, Not Active
2026/09/03 04:14:31.710, 506 MiB, 41, 10.87 W, 22 MHz, 405 MHz, Not Active, Not Active, Not Active, Not Active, Not Active
2026/09/03 04:14:31.910, 506 MiB, 41, 10.87 W, 22 MHz, 405 MHz, Not Active, Not Active, Not Active, Not Active, Not Active
2026/09/03 04:14:32.110, 506 MiB, 41, 10.91 W, 22 MHz, 405 MHz, Not Active, Not Active, Not Active, Not Active, Not Active
2026/09/03 04:14:32.311, 506 MiB, 41, 10.91 W, 22 MHz, 405 MHz, Not Active, Not Active, Not Active, Not Active, Not Active
2026/09/03 04:14:32.511, 506 MiB, 41, 10.91 W, 22 MHz, 405 MHz, Not Active, Not Active, Not Active, Not Active, Not Active
2026/09/03 04:14:32.711, 506 MiB, 41, 10.91 W, 22 MHz, 405 MHz, Not Active, Not Active, Not Active, Not Active, Not Active
2026/09/03 04:14:32.911, 506 MiB, 41, 10.91 W, 22 MHz, 405 MHz, Not Active, Not Active, Not Active, Not Active, Not Active
2026/09/03 04:14:33.112, 506 MiB, 41, 11.08 W, 22 MHz, 405 MHz, Not Active, Not Active, Not Active, Not Active, Not Active
2026/09/03 04:14:33.312, 506 MiB, 41, 11.08 W, 22 MHz, 405 MHz, Not Active, Not Active, Not Active, Not Active, Not Active
2026/09/03 04:14:33.512, 506 MiB, 41, 11.08 W, 22 MHz, 405 MHz, Not Active, Not Active, Not Active, Not Active, Not Active
2026/09/03 04:14:33.712, 506 MiB, 41, 11.08 W, 22 MHz, 405 MHz, Not Active, Not Active, Not Active, Not Active, Not Active
2026/09/03 04:14:33.913, 506 MiB, 41, 11.08 W, 22 MHz, 405 MHz, Not Active, Not Active, Not Active, Not Active, Not Active
2026/09/03 04:14:34.113, 506 MiB, 41, 10.98 W, 22 MHz, 405 MHz, Not Active, Not Active, Not Active, Not Active, Not Active
2026/09/03 04:14:34.313, 506 MiB, 41, 10.98 W, 22 MHz, 405 MHz, Not Active, Not Active, Not Active, Not Active, Not Active
2026/09/03 04:14:34.513, 506 MiB, 41, 10.98 W, 22 MHz, 405 MHz, Not Active, Not Active, Not Active, Not Active, Not Active
2026/09/03 04:14:34.714, 506 MiB, 41, 10.98 W, 22 MHz, 405 MHz, Not Active, Not Active, Not Active, Not Active, Not Active
2026/09/03 04:14:34.914, 506 MiB, 41, 10.98 W, 22 MHz, 405 MHz, Not Active, Not Active, Not Active, Not Active, Not Active
2026/09/03 04:14:35.114, 506 MiB, 41, 10.85 W, 22 MHz, 405 MHz, Not Active, Not Active, Not Active, Not Active, Not Active
2026/09/03 04:14:35.315, 506 MiB, 41, 10.85 W, 22 MHz, 405 MHz, Not Active, Not Active, Not Active, Not Active, Not Active
2026/09/03 04:14:35.515, 506 MiB, 41, 10.85 W, 22 MHz, 405 MHz, Not Active, Not Active, Not Active, Not Active, Not Active
2026/09/03 04:14:35.715, 506 MiB, 41, 10.85 W, 22 MHz, 405 MHz, Not Active, Not Active, Not Active, Not Active, Not Active
2026/09/03 04:14:35.915, 506 MiB, 41, 10.85 W, 22 MHz, 405 MHz, Not Active, Not Active, Not Active, Not Active, Not Active
2026/09/03 04:14:36.116, 506 MiB, 41, 10.93 W, 22 MHz, 405 MHz, Not Active, Not Active, Not Active, Not Active, Not Active
2026/09/03 04:14:36.316, 506 MiB, 41, 10.93 W, 22 MHz, 405 MHz, Not Active, Not Active, Not Active, Not Active, Not Active
2026/09/03 04:14:36.516, 506 MiB, 41, 10.93 W, 22 MHz, 405 MHz, Not Active, Not Active, Not Active, Not Active, Not Active
2026/09/03 04:14:36.716, 506 MiB, 41, 10.93 W, 22 MHz, 405 MHz, Not Active, Not Active, Not Active, Not Active, Not Active
2026/09/03 04:14:36.917, 506 MiB, 41, 10.93 W, 22 MHz, 405 MHz, Not Active, Not Active, Not Active, Not Active, Not Active
2026/09/03 04:14:37.117, 506 MiB, 41, 10.91 W, 22 MHz, 405 MHz, Not Active, Not Active, Not Active, Not Active, Not Active
2026/09/03 04:14:37.317, 506 MiB, 41, 10.91 W, 22 MHz, 405 MHz, Not Active, Not Active, Not Active, Not Active, Not Active
2026/09/03 04:14:37.517, 506 MiB, 41, 10.91 W, 22 MHz, 405 MHz, Not Active, Not Active, Not Active, Not Active, Not Active
2026/09/03 04:14:37.718, 506 MiB, 41, 10.91 W, 22 MHz, 405 MHz, Not Active, Not Active, Not Active, Not Active, Not Active
2026/09/03 04:14:37.918, 506 MiB, 41, 10.91 W, 22 MHz, 405 MHz, Not Active, Not Active, Not Active, Not Active, Not Active
2026/09/03 04:14:38.118, 506 MiB, 41, 10.92 W, 22 MHz, 405 MHz, Not Active, Not Active, Not Active, Not Active, Not Active
2026/09/03 04:14:38.318, 506 MiB, 41, 10.92 W, 22 MHz, 405 MHz, Not Active, Not Active, Not Active, Not Active, Not Active
2026/09/03 04:14:38.518, 506 MiB, 41, 10.92 W, 22 MHz, 405 MHz, Not Active, Not Active, Not Active, Not Active, Not Active
2026/09/03 04:14:38.719, 506 MiB, 41, 10.92 W, 22 MHz, 405 MHz, Not Active, Not Active, Not Active, Not Active, Not Active
2026/09/03 04:14:38.919, 506 MiB, 41, 10.92 W, 22 MHz, 405 MHz, Not Active, Not Active, Not Active, Not Active, Not Active
2026/09/03 04:14:39.119, 506 MiB, 41, 11.00 W, 22 MHz, 405 MHz, Not Active, Not Active, Not Active, Not Active, Not Active
2026/09/03 04:14:39.319, 506 MiB, 41, 11.00 W, 22 MHz, 405 MHz, Not Active, Not Active, Not Active, Not Active, Not Active
2026/09/03 04:14:39.520, 506 MiB, 41, 11.00 W, 22 MHz, 405 MHz, Not Active, Not Active, Not Active, Not Active, Not Active
2026/09/03 04:14:39.720, 506 MiB, 41, 11.00 W, 22 MHz, 405 MHz, Not Active, Not Active, Not Active, Not Active, Not Active
2026/09/03 04:14:39.920, 506 MiB, 41, 11.00 W, 22 MHz, 405 MHz, Not Active, Not Active, Not Active, Not Active, Not Active
2026/09/03 04:14:40.120, 506 MiB, 41, 11.06 W, 22 MHz, 405 MHz, Not Active, Not Active, Not Active, Not Active, Not Active
2026/09/03 04:14:40.321, 506 MiB, 41, 11.06 W, 22 MHz, 405 MHz, Not Active, Not Active, Not Active, Not Active, Not Active
2026/09/03 04:14:40.521, 506 MiB, 41, 11.06 W, 22 MHz, 405 MHz, Not Active, Not Active, Not Active, Not Active, Not Active
2026/09/03 04:14:40.721, 506 MiB, 41, 11.06 W, 22 MHz, 405 MHz, Not Active, Not Active, Not Active, Not Active, Not Active
2026/09/03 04:14:40.921, 506 MiB, 41, 11.06 W, 22 MHz, 405 MHz, Not Active, Not Active, Not Active, Not Active, Not Active
2026/09/03 04:14:41.122, 506 MiB, 41, 10.98 W, 22 MHz, 405 MHz, Not Active, Not Active, Not Active, Not Active, Not Active
2026/09/03 04:14:41.322, 506 MiB, 41, 10.98 W, 22 MHz, 405 MHz, Not Active, Not Active, Not Active, Not Active, Not Active
2026/09/03 04:14:41.522, 506 MiB, 41, 10.98 W, 22 MHz, 405 MHz, Not Active, Not Active, Not Active, Not Active, Not Active
2026/09/03 04:14:41.722, 506 MiB, 41, 10.98 W, 22 MHz, 405 MHz, Not Active, Not Active, Not Active, Not Active, Not Active
2026/09/03 04:14:41.923, 506 MiB, 41, 10.98 W, 22 MHz, 405 MHz, Not Active, Not Active, Not Active, Not Active, Not Active
2026/09/03 04:14:42.123, 506 MiB, 41, 10.97 W, 22 MHz, 405 MHz, Not Active, Not Active, Not Active, Not Active, Not Active
2026/09/03 04:14:42.323, 506 MiB, 41, 10.97 W, 22 MHz, 405 MHz, Not Active, Not Active, Not Active, Not Active, Not Active
2026/09/03 04:14:42.523, 506 MiB, 41, 10.97 W, 22 MHz, 405 MHz, Not Active, Not Active, Not Active, Not Active, Not Active
2026/09/03 04:14:42.724, 506 MiB, 41, 10.97 W, 22 MHz, 405 MHz, Not Active, Not Active, Not Active, Not Active, Not Active
2026/09/03 04:14:42.924, 506 MiB, 41, 10.97 W, 22 MHz, 405 MHz, Not Active, Not Active, Not Active, Not Active, Not Active
2026/09/03 04:14:43.124, 506 MiB, 41, 11.12 W, 22 MHz, 405 MHz, Not Active, Not Active, Not Active, Not Active, Not Active
2026/09/03 04:14:43.324, 506 MiB, 41, 11.12 W, 22 MHz, 405 MHz, Not Active, Not Active, Not Active, Not Active, Not Active
2026/09/03 04:14:43.525, 506 MiB, 41, 11.12 W, 22 MHz, 405 MHz, Not Active, Not Active, Not Active, Not Active, Not Active
2026/09/03 04:14:43.725, 506 MiB, 41, 11.12 W, 22 MHz, 405 MHz, Not Active, Not Active, Not Active, Not Active, Not Active
2026/09/03 04:14:43.925, 506 MiB, 41, 11.12 W, 22 MHz, 405 MHz, Not Active, Not Active, Not Active, Not Active, Not Active
2026/09/03 04:14:44.125, 506 MiB, 41, 11.08 W, 22 MHz, 405 MHz, Not Active, Not Active, Not Active, Not Active, Not Active
2026/09/03 04:14:44.325, 506 MiB, 41, 11.08 W, 22 MHz, 405 MHz, Not Active, Not Active, Not Active, Not Active, Not Active
2026/09/03 04:14:44.526, 506 MiB, 41, 11.08 W, 22 MHz, 405 MHz, Not Active, Not Active, Not Active, Not Active, Not Active
2026/09/03 04:14:44.726, 506 MiB, 41, 11.08 W, 22 MHz, 405 MHz, Not Active, Not Active, Not Active, Not Active, Not Active
2026/09/03 04:14:44.926, 506 MiB, 41, 11.08 W, 22 MHz, 405 MHz, Not Active, Not Active, Not Active, Not Active, Not Active
2026/09/03 04:14:45.126, 506 MiB, 41, 10.94 W, 22 MHz, 405 MHz, Not Active, Not Active, Not Active, Not Active, Not Active
2026/09/03 04:14:45.327, 506 MiB, 41, 10.94 W, 22 MHz, 405 MHz, Not Active, Not Active, Not Active, Not Active, Not Active
2026/09/03 04:14:45.527, 506 MiB, 41, 10.94 W, 22 MHz, 405 MHz, Not Active, Not Active, Not Active, Not Active, Not Active
2026/09/03 04:14:45.727, 506 MiB, 41, 10.94 W, 22 MHz, 405 MHz, Not Active, Not Active, Not Active, Not Active, Not Active
2026/09/03 04:14:45.927, 506 MiB, 41, 10.94 W, 22 MHz, 405 MHz, Not Active, Not Active, Not Active, Not Active, Not Active
2026/09/03 04:14:46.128, 506 MiB, 41, 10.96 W, 22 MHz, 405 MHz, Not Active, Not Active, Not Active, Not Active, Not Active
2026/09/03 04:14:46.328, 506 MiB, 41, 10.96 W, 22 MHz, 405 MHz, Not Active, Not Active, Not Active, Not Active, Not Active
2026/09/03 04:14:46.528, 506 MiB, 41, 10.96 W, 22 MHz, 405 MHz, Not Active, Not Active, Not Active, Not Active, Not Active
2026/09/03 04:14:46.728, 506 MiB, 41, 10.96 W, 22 MHz, 405 MHz, Not Active, Not Active, Not Active, Not Active, Not Active
2026/09/03 04:14:46.929, 506 MiB, 41, 10.96 W, 22 MHz, 405 MHz, Not Active, Not Active, Not Active, Not Active, Not Active
2026/09/03 04:14:47.129, 506 MiB, 42, 11.02 W, 22 MHz, 405 MHz, Not Active, Not Active, Not Active, Not Active, Not Active
2026/09/03 04:14:47.329, 506 MiB, 42, 11.02 W, 22 MHz, 405 MHz, Not Active, Not Active, Not Active, Not Active, Not Active
2026/09/03 04:14:47.529, 506 MiB, 42, 11.02 W, 22 MHz, 405 MHz, Not Active, Not Active, Not Active, Not Active, Not Active
2026/09/03 04:14:47.730, 506 MiB, 42, 11.02 W, 22 MHz, 405 MHz, Not Active, Not Active, Not Active, Not Active, Not Active
2026/09/03 04:14:47.930, 506 MiB, 42, 11.02 W, 22 MHz, 405 MHz, Not Active, Not Active, Not Active, Not Active, Not Active
2026/09/03 04:14:48.131, 506 MiB, 41, 11.09 W, 22 MHz, 405 MHz, Not Active, Not Active, Not Active, Not Active, Not Active
2026/09/03 04:14:48.331, 506 MiB, 41, 11.09 W, 22 MHz, 405 MHz, Not Active, Not Active, Not Active, Not Active, Not Active
2026/09/03 04:14:48.531, 506 MiB, 41, 11.09 W, 22 MHz, 405 MHz, Not Active, Not Active, Not Active, Not Active, Not Active
2026/09/03 04:14:48.731, 506 MiB, 41, 11.09 W, 22 MHz, 405 MHz, Not Active, Not Active, Not Active, Not Active, Not Active
2026/09/03 04:14:48.932, 506 MiB, 41, 11.09 W, 22 MHz, 405 MHz, Not Active, Not Active, Not Active, Not Active, Not Active
2026/09/03 04:14:49.132, 506 MiB, 41, 11.02 W, 22 MHz, 405 MHz, Not Active, Not Active, Not Active, Not Active, Not Active
2026/09/03 04:14:49.332, 506 MiB, 41, 11.02 W, 22 MHz, 405 MHz, Not Active, Not Active, Not Active, Not Active, Not Active
2026/09/03 04:14:49.532, 506 MiB, 41, 11.02 W, 22 MHz, 405 MHz, Not Active, Not Active, Not Active, Not Active, Not Active
2026/09/03 04:14:49.733, 506 MiB, 41, 11.02 W, 22 MHz, 405 MHz, Not Active, Not Active, Not Active, Not Active, Not Active
2026/09/03 04:14:49.933, 506 MiB, 41, 11.02 W, 22 MHz, 405 MHz, Not Active, Not Active, Not Active, Not Active, Not Active
2026/09/03 04:14:50.133, 506 MiB, 41, 11.05 W, 22 MHz, 405 MHz, Not Active, Not Active, Not Active, Not Active, Not Active
2026/09/03 04:14:50.333, 506 MiB, 41, 11.05 W, 22 MHz, 405 MHz, Not Active, Not Active, Not Active, Not Active, Not Active
2026/09/03 04:14:50.534, 506 MiB, 41, 11.05 W, 22 MHz, 405 MHz, Not Active, Not Active, Not Active, Not Active, Not Active
2026/09/03 04:14:50.734, 506 MiB, 41, 11.05 W, 22 MHz, 405 MHz, Not Active, Not Active, Not Active, Not Active, Not Active
2026/09/03 04:14:50.934, 506 MiB, 41, 11.05 W, 22 MHz, 405 MHz, Not Active, Not Active, Not Active, Not Active, Not Active
2026/09/03 04:14:51.134, 506 MiB, 41, 10.95 W, 22 MHz, 405 MHz, Not Active, Not Active, Not Active, Not Active, Not Active
2026/09/03 04:14:51.335, 506 MiB, 41, 10.95 W, 22 MHz, 405 MHz, Not Active, Not Active, Not Active, Not Active, Not Active
2026/09/03 04:14:51.535, 506 MiB, 41, 10.95 W, 22 MHz, 405 MHz, Not Active, Not Active, Not Active, Not Active, Not Active
2026/09/03 04:14:51.735, 506 MiB, 41, 10.95 W, 22 MHz, 405 MHz, Not Active, Not Active, Not Active, Not Active, Not Active
2026/09/03 04:14:51.935, 506 MiB, 41, 10.95 W, 22 MHz, 405 MHz, Not Active, Not Active, Not Active, Not Active, Not Active
2026/09/03 04:14:52.136, 506 MiB, 42, 10.78 W, 22 MHz, 405 MHz, Not Active, Not Active, Not Active, Not Active, Not Active
2026/09/03 04:14:52.336, 506 MiB, 42, 10.78 W, 22 MHz, 405 MHz, Not Active, Not Active, Not Active, Not Active, Not Active
2026/09/03 04:14:52.536, 506 MiB, 42, 10.78 W, 22 MHz, 405 MHz, Not Active, Not Active, Not Active, Not Active, Not Active
2026/09/03 04:14:52.736, 506 MiB, 42, 10.78 W, 22 MHz, 405 MHz, Not Active, Not Active, Not Active, Not Active, Not Active
2026/09/03 04:14:52.937, 506 MiB, 42, 10.78 W, 22 MHz, 405 MHz, Not Active, Not Active, Not Active, Not Active, Not Active
2026/09/03 04:14:53.137, 506 MiB, 42, 10.65 W, 22 MHz, 405 MHz, Not Active, Not Active, Not Active, Not Active, Not Active
2026/09/03 04:14:53.337, 506 MiB, 42, 10.65 W, 22 MHz, 405 MHz, Not Active, Not Active, Not Active, Not Active, Not Active
2026/09/03 04:14:53.537, 506 MiB, 42, 10.65 W, 22 MHz, 405 MHz, Not Active, Not Active, Not Active, Not Active, Not Active
2026/09/03 04:14:53.738, 506 MiB, 42, 10.65 W, 22 MHz, 405 MHz, Not Active, Not Active, Not Active, Not Active, Not Active
2026/09/03 04:14:53.938, 506 MiB, 42, 10.65 W, 22 MHz, 405 MHz, Not Active, Not Active, Not Active, Not Active, Not Active
2026/09/03 04:14:54.138, 506 MiB, 42, 10.78 W, 22 MHz, 405 MHz, Not Active, Not Active, Not Active, Not Active, Not Active
2026/09/03 04:14:54.338, 506 MiB, 42, 10.78 W, 22 MHz, 405 MHz, Not Active, Not Active, Not Active, Not Active, Not Active
2026/09/03 04:14:54.538, 506 MiB, 42, 10.78 W, 22 MHz, 405 MHz, Not Active, Not Active, Not Active, Not Active, Not Active
2026/09/03 04:14:54.739, 506 MiB, 42, 10.78 W, 22 MHz, 405 MHz, Not Active, Not Active, Not Active, Not Active, Not Active
2026/09/03 04:14:54.939, 506 MiB, 42, 10.78 W, 22 MHz, 405 MHz, Not Active, Not Active, Not Active, Not Active, Not Active
2026/09/03 04:14:55.139, 506 MiB, 42, 10.77 W, 21 MHz, 405 MHz, Not Active, Not Active, Not Active, Not Active, Not Active
2026/09/03 04:14:55.339, 506 MiB, 42, 10.77 W, 21 MHz, 405 MHz, Not Active, Not Active, Not Active, Not Active, Not Active
2026/09/03 04:14:55.539, 506 MiB, 42, 10.77 W, 21 MHz, 405 MHz, Not Active, Not Active, Not Active, Not Active, Not Active
2026/09/03 04:14:55.740, 506 MiB, 42, 10.77 W, 21 MHz, 405 MHz, Not Active, Not Active, Not Active, Not Active, Not Active
2026/09/03 04:14:55.940, 506 MiB, 42, 10.77 W, 21 MHz, 405 MHz, Not Active, Not Active, Not Active, Not Active, Not Active
2026/09/03 04:14:56.140, 506 MiB, 42, 10.50 W, 22 MHz, 405 MHz, Not Active, Not Active, Not Active, Not Active, Not Active
2026/09/03 04:14:56.340, 506 MiB, 42, 10.50 W, 22 MHz, 405 MHz, Not Active, Not Active, Not Active, Not Active, Not Active
2026/09/03 04:14:56.540, 506 MiB, 42, 10.50 W, 22 MHz, 405 MHz, Not Active, Not Active, Not Active, Not Active, Not Active
2026/09/03 04:14:56.741, 506 MiB, 42, 10.50 W, 22 MHz, 405 MHz, Not Active, Not Active, Not Active, Not Active, Not Active
2026/09/03 04:14:56.941, 506 MiB, 42, 10.50 W, 22 MHz, 405 MHz, Not Active, Not Active, Not Active, Not Active, Not Active
2026/09/03 04:14:57.141, 506 MiB, 42, 10.61 W, 22 MHz, 405 MHz, Not Active, Not Active, Not Active, Not Active, Not Active
2026/09/03 04:14:57.341, 506 MiB, 42, 10.61 W, 22 MHz, 405 MHz, Not Active, Not Active, Not Active, Not Active, Not Active
2026/09/03 04:14:57.541, 506 MiB, 42, 10.61 W, 22 MHz, 405 MHz, Not Active, Not Active, Not Active, Not Active, Not Active
2026/09/03 04:14:57.742, 506 MiB, 42, 10.61 W, 22 MHz, 405 MHz, Not Active, Not Active, Not Active, Not Active, Not Active
2026/09/03 04:14:57.942, 506 MiB, 42, 10.61 W, 22 MHz, 405 MHz, Not Active, Not Active, Not Active, Not Active, Not Active
2026/09/03 04:14:58.142, 506 MiB, 42, 10.59 W, 22 MHz, 405 MHz, Not Active, Not Active, Not Active, Not Active, Not Active
2026/09/03 04:14:58.342, 506 MiB, 42, 10.59 W, 22 MHz, 405 MHz, Not Active, Not Active, Not Active, Not Active, Not Active
2026/09/03 04:14:58.543, 506 MiB, 42, 10.59 W, 22 MHz, 405 MHz, Not Active, Not Active, Not Active, Not Active, Not Active
2026/09/03 04:14:58.743, 506 MiB, 42, 10.59 W, 22 MHz, 405 MHz, Not Active, Not Active, Not Active, Not Active, Not Active
2026/09/03 04:14:58.943, 506 MiB, 42, 10.59 W, 22 MHz, 405 MHz, Not Active, Not Active, Not Active, Not Active, Not Active
2026/09/03 04:14:59.143, 506 MiB, 42, 10.67 W, 22 MHz, 405 MHz, Not Active, Not Active, Not Active, Not Active, Not Active
2026/09/03 04:14:59.344, 506 MiB, 42, 10.67 W, 22 MHz, 405 MHz, Not Active, Not Active, Not Active, Not Active, Not Active
2026/09/03 04:14:59.544, 506 MiB, 42, 10.67 W, 22 MHz, 405 MHz, Not Active, Not Active, Not Active, Not Active, Not Active
2026/09/03 04:14:59.744, 506 MiB, 42, 10.67 W, 22 MHz, 405 MHz, Not Active, Not Active, Not Active, Not Active, Not Active
2026/09/03 04:14:59.945, 506 MiB, 42, 10.67 W, 22 MHz, 405 MHz, Not Active, Not Active, Not Active, Not Active, Not Active
2026/09/03 04:15:00.145, 506 MiB, 42, 10.69 W, 22 MHz, 405 MHz, Not Active, Not Active, Not Active, Not Active, Not Active
2026/09/03 04:15:00.345, 506 MiB, 42, 10.69 W, 22 MHz, 405 MHz, Not Active, Not Active, Not Active, Not Active, Not Active
2026/09/03 04:15:00.545, 506 MiB, 42, 10.69 W, 22 MHz, 405 MHz, Not Active, Not Active, Not Active, Not Active, Not Active
2026/09/03 04:15:00.746, 506 MiB, 42, 10.69 W, 22 MHz, 405 MHz, Not Active, Not Active, Not Active, Not Active, Not Active
2026/09/03 04:15:00.946, 506 MiB, 42, 10.69 W, 22 MHz, 405 MHz, Not Active, Not Active, Not Active, Not Active, Not Active
2026/09/03 04:15:01.146, 506 MiB, 42, 10.71 W, 22 MHz, 405 MHz, Not Active, Not Active, Not Active, Not Active, Not Active
2026/09/03 04:15:01.346, 506 MiB, 42, 10.71 W, 22 MHz, 405 MHz, Not Active, Not Active, Not Active, Not Active, Not Active
2026/09/03 04:15:01.547, 506 MiB, 42, 10.71 W, 22 MHz, 405 MHz, Not Active, Not Active, Not Active, Not Active, Not Active
2026/09/03 04:15:01.747, 506 MiB, 42, 10.71 W, 22 MHz, 405 MHz, Not Active, Not Active, Not Active, Not Active, Not Active
2026/09/03 04:15:01.947, 506 MiB, 42, 10.71 W, 22 MHz, 405 MHz, Not Active, Not Active, Not Active, Not Active, Not Active
2026/09/03 04:15:02.147, 506 MiB, 42, 10.80 W, 22 MHz, 405 MHz, Not Active, Not Active, Not Active, Not Active, Not Active
2026/09/03 04:15:02.348, 506 MiB, 42, 10.80 W, 22 MHz, 405 MHz, Not Active, Not Active, Not Active, Not Active, Not Active
2026/09/03 04:15:02.548, 506 MiB, 42, 10.80 W, 22 MHz, 405 MHz, Not Active, Not Active, Not Active, Not Active, Not Active
2026/09/03 04:15:02.748, 506 MiB, 42, 10.80 W, 22 MHz, 405 MHz, Not Active, Not Active, Not Active, Not Active, Not Active
2026/09/03 04:15:02.948, 506 MiB, 42, 10.72 W, 22 MHz, 405 MHz, Not Active, Not Active, Not Active, Not Active, Not Active
2026/09/03 04:15:03.149, 506 MiB, 42, 10.72 W, 22 MHz, 405 MHz, Not Active, Not Active, Not Active, Not Active, Not Active
2026/09/03 04:15:03.349, 506 MiB, 42, 10.72 W, 22 MHz, 405 MHz, Not Active, Not Active, Not Active, Not Active, Not Active
2026/09/03 04:15:03.549, 506 MiB, 42, 10.72 W, 22 MHz, 405 MHz, Not Active, Not Active, Not Active, Not Active, Not Active
2026/09/03 04:15:03.749, 506 MiB, 42, 10.72 W, 22 MHz, 405 MHz, Not Active, Not Active, Not Active, Not Active, Not Active
2026/09/03 04:15:03.950, 506 MiB, 42, 10.72 W, 22 MHz, 405 MHz, Not Active, Not Active, Not Active, Not Active, Not Active
2026/09/03 04:15:04.150, 506 MiB, 42, 10.72 W, 22 MHz, 405 MHz, Not Active, Not Active, Not Active, Not Active, Not Active
2026/09/03 04:15:04.350, 506 MiB, 42, 10.72 W, 22 MHz, 405 MHz, Not Active, Not Active, Not Active, Not Active, Not Active
2026/09/03 04:15:04.550, 506 MiB, 42, 10.72 W, 22 MHz, 405 MHz, Not Active, Not Active, Not Active, Not Active, Not Active
2026/09/03 04:15:04.751, 506 MiB, 42, 10.72 W, 22 MHz, 405 MHz, Not Active, Not Active, Not Active, Not Active, Not Active
2026/09/03 04:15:04.951, 506 MiB, 42, 10.68 W, 22 MHz, 405 MHz, Not Active, Not Active, Not Active, Not Active, Not Active
2026/09/03 04:15:05.151, 506 MiB, 42, 10.68 W, 22 MHz, 405 MHz, Not Active, Not Active, Not Active, Not Active, Not Active
2026/09/03 04:15:05.351, 506 MiB, 42, 10.68 W, 22 MHz, 405 MHz, Not Active, Not Active, Not Active, Not Active, Not Active
2026/09/03 04:15:05.552, 506 MiB, 42, 10.68 W, 22 MHz, 405 MHz, Not Active, Not Active, Not Active, Not Active, Not Active
2026/09/03 04:15:05.752, 506 MiB, 42, 10.68 W, 22 MHz, 405 MHz, Not Active, Not Active, Not Active, Not Active, Not Active
2026/09/03 04:15:05.952, 506 MiB, 42, 10.69 W, 22 MHz, 405 MHz, Not Active, Not Active, Not Active, Not Active, Not Active
2026/09/03 04:15:06.152, 506 MiB, 42, 10.69 W, 22 MHz, 405 MHz, Not Active, Not Active, Not Active, Not Active, Not Active
2026/09/03 04:15:06.353, 506 MiB, 42, 10.69 W, 22 MHz, 405 MHz, Not Active, Not Active, Not Active, Not Active, Not Active
2026/09/03 04:15:06.553, 506 MiB, 42, 10.69 W, 22 MHz, 405 MHz, Not Active, Not Active, Not Active, Not Active, Not Active
2026/09/03 04:15:06.753, 506 MiB, 42, 10.69 W, 22 MHz, 405 MHz, Not Active, Not Active, Not Active, Not Active, Not Active
2026/09/03 04:15:06.953, 506 MiB, 42, 10.66 W, 22 MHz, 405 MHz, Not Active, Not Active, Not Active, Not Active, Not Active
2026/09/03 04:15:07.154, 506 MiB, 42, 10.66 W, 22 MHz, 405 MHz, Not Active, Not Active, Not Active, Not Active, Not Active
2026/09/03 04:15:07.354, 506 MiB, 42, 10.66 W, 22 MHz, 405 MHz, Not Active, Not Active, Not Active, Not Active, Not Active
2026/09/03 04:15:07.554, 506 MiB, 42, 10.66 W, 22 MHz, 405 MHz, Not Active, Not Active, Not Active, Not Active, Not Active
2026/09/03 04:15:07.754, 506 MiB, 42, 10.66 W, 22 MHz, 405 MHz, Not Active, Not Active, Not Active, Not Active, Not Active
2026/09/03 04:15:07.955, 506 MiB, 42, 10.67 W, 22 MHz, 405 MHz, Not Active, Not Active, Not Active, Not Active, Not Active
2026/09/03 04:15:08.155, 506 MiB, 42, 10.67 W, 22 MHz, 405 MHz, Not Active, Not Active, Not Active, Not Active, Not Active
2026/09/03 04:15:08.355, 506 MiB, 42, 10.67 W, 22 MHz, 405 MHz, Not Active, Not Active, Not Active, Not Active, Not Active
2026/09/03 04:15:08.555, 506 MiB, 42, 10.67 W, 22 MHz, 405 MHz, Not Active, Not Active, Not Active, Not Active, Not Active
2026/09/03 04:15:08.756, 506 MiB, 42, 10.67 W, 22 MHz, 405 MHz, Not Active, Not Active, Not Active, Not Active, Not Active
2026/09/03 04:15:08.956, 506 MiB, 42, 10.69 W, 21 MHz, 405 MHz, Not Active, Not Active, Not Active, Not Active, Not Active
2026/09/03 04:15:09.156, 506 MiB, 42, 10.69 W, 21 MHz, 405 MHz, Not Active, Not Active, Not Active, Not Active, Not Active
2026/09/03 04:15:09.357, 506 MiB, 42, 10.69 W, 21 MHz, 405 MHz, Not Active, Not Active, Not Active, Not Active, Not Active
2026/09/03 04:15:09.557, 506 MiB, 42, 10.69 W, 21 MHz, 405 MHz, Not Active, Not Active, Not Active, Not Active, Not Active
2026/09/03 04:15:09.758, 506 MiB, 42, 10.69 W, 21 MHz, 405 MHz, Not Active, Not Active, Not Active, Not Active, Not Active
2026/09/03 04:15:09.958, 506 MiB, 42, 10.77 W, 22 MHz, 405 MHz, Not Active, Not Active, Not Active, Not Active, Not Active
2026/09/03 04:15:10.158, 506 MiB, 42, 10.77 W, 22 MHz, 405 MHz, Not Active, Not Active, Not Active, Not Active, Not Active
2026/09/03 04:15:10.358, 506 MiB, 42, 10.77 W, 22 MHz, 405 MHz, Not Active, Not Active, Not Active, Not Active, Not Active
2026/09/03 04:15:10.559, 506 MiB, 42, 10.77 W, 22 MHz, 405 MHz, Not Active, Not Active, Not Active, Not Active, Not Active
2026/09/03 04:15:10.759, 506 MiB, 42, 10.77 W, 22 MHz, 405 MHz, Not Active, Not Active, Not Active, Not Active, Not Active
2026/09/03 04:15:10.959, 506 MiB, 42, 10.56 W, 22 MHz, 405 MHz, Not Active, Not Active, Not Active, Not Active, Not Active
2026/09/03 04:15:11.159, 506 MiB, 42, 10.56 W, 22 MHz, 405 MHz, Not Active, Not Active, Not Active, Not Active, Not Active
2026/09/03 04:15:11.360, 506 MiB, 42, 10.56 W, 22 MHz, 405 MHz, Not Active, Not Active, Not Active, Not Active, Not Active
2026/09/03 04:15:11.560, 506 MiB, 42, 10.56 W, 22 MHz, 405 MHz, Not Active, Not Active, Not Active, Not Active, Not Active
2026/09/03 04:15:11.760, 506 MiB, 42, 10.56 W, 22 MHz, 405 MHz, Not Active, Not Active, Not Active, Not Active, Not Active
2026/09/03 04:15:11.960, 506 MiB, 42, 10.58 W, 22 MHz, 405 MHz, Not Active, Not Active, Not Active, Not Active, Not Active
2026/09/03 04:15:12.161, 506 MiB, 42, 10.58 W, 22 MHz, 405 MHz, Not Active, Not Active, Not Active, Not Active, Not Active
2026/09/03 04:15:12.361, 506 MiB, 42, 10.58 W, 22 MHz, 405 MHz, Not Active, Not Active, Not Active, Not Active, Not Active
2026/09/03 04:15:12.561, 506 MiB, 42, 10.58 W, 22 MHz, 405 MHz, Not Active, Not Active, Not Active, Not Active, Not Active
2026/09/03 04:15:12.761, 506 MiB, 42, 10.58 W, 22 MHz, 405 MHz, Not Active, Not Active, Not Active, Not Active, Not Active
2026/09/03 04:15:12.961, 506 MiB, 42, 10.58 W, 22 MHz, 405 MHz, Not Active, Not Active, Not Active, Not Active, Not Active
2026/09/03 04:15:13.162, 506 MiB, 42, 10.58 W, 22 MHz, 405 MHz, Not Active, Not Active, Not Active, Not Active, Not Active
2026/09/03 04:15:13.362, 506 MiB, 42, 10.58 W, 22 MHz, 405 MHz, Not Active, Not Active, Not Active, Not Active, Not Active
2026/09/03 04:15:13.562, 506 MiB, 42, 10.58 W, 22 MHz, 405 MHz, Not Active, Not Active, Not Active, Not Active, Not Active
2026/09/03 04:15:13.762, 506 MiB, 42, 10.58 W, 22 MHz, 405 MHz, Not Active, Not Active, Not Active, Not Active, Not Active
2026/09/03 04:15:13.963, 506 MiB, 42, 10.47 W, 22 MHz, 405 MHz, Not Active, Not Active, Not Active, Not Active, Not Active
2026/09/03 04:15:14.163, 506 MiB, 42, 10.47 W, 22 MHz, 405 MHz, Not Active, Not Active, Not Active, Not Active, Not Active
2026/09/03 04:15:14.363, 506 MiB, 42, 10.47 W, 22 MHz, 405 MHz, Not Active, Not Active, Not Active, Not Active, Not Active
2026/09/03 04:15:14.563, 506 MiB, 42, 10.47 W, 22 MHz, 405 MHz, Not Active, Not Active, Not Active, Not Active, Not Active
2026/09/03 04:15:14.763, 506 MiB, 42, 10.47 W, 22 MHz, 405 MHz, Not Active, Not Active, Not Active, Not Active, Not Active
2026/09/03 04:15:14.964, 506 MiB, 42, 10.38 W, 22 MHz, 405 MHz, Not Active, Not Active, Not Active, Not Active, Not Active
2026/09/03 04:15:15.164, 506 MiB, 42, 10.38 W, 22 MHz, 405 MHz, Not Active, Not Active, Not Active, Not Active, Not Active
2026/09/03 04:15:15.364, 506 MiB, 42, 10.38 W, 22 MHz, 405 MHz, Not Active, Not Active, Not Active, Not Active, Not Active
2026/09/03 04:15:15.564, 506 MiB, 42, 10.38 W, 22 MHz, 405 MHz, Not Active, Not Active, Not Active, Not Active, Not Active
2026/09/03 04:15:15.765, 506 MiB, 42, 10.38 W, 22 MHz, 405 MHz, Not Active, Not Active, Not Active, Not Active, Not Active
2026/09/03 04:15:15.965, 506 MiB, 42, 10.36 W, 22 MHz, 405 MHz, Not Active, Not Active, Not Active, Not Active, Not Active
2026/09/03 04:15:16.165, 506 MiB, 42, 10.36 W, 22 MHz, 405 MHz, Not Active, Not Active, Not Active, Not Active, Not Active
2026/09/03 04:15:16.365, 506 MiB, 42, 10.36 W, 22 MHz, 405 MHz, Not Active, Not Active, Not Active, Not Active, Not Active
2026/09/03 04:15:16.566, 506 MiB, 42, 10.36 W, 22 MHz, 405 MHz, Not Active, Not Active, Not Active, Not Active, Not Active
2026/09/03 04:15:16.766, 506 MiB, 42, 10.36 W, 22 MHz, 405 MHz, Not Active, Not Active, Not Active, Not Active, Not Active
2026/09/03 04:15:16.966, 506 MiB, 42, 10.57 W, 22 MHz, 405 MHz, Not Active, Not Active, Not Active, Not Active, Not Active
2026/09/03 04:15:17.167, 506 MiB, 42, 10.57 W, 22 MHz, 405 MHz, Not Active, Not Active, Not Active, Not Active, Not Active
2026/09/03 04:15:17.367, 506 MiB, 42, 10.57 W, 22 MHz, 405 MHz, Not Active, Not Active, Not Active, Not Active, Not Active
2026/09/03 04:15:17.567, 506 MiB, 42, 10.57 W, 22 MHz, 405 MHz, Not Active, Not Active, Not Active, Not Active, Not Active
2026/09/03 04:15:17.767, 506 MiB, 42, 10.57 W, 22 MHz, 405 MHz, Not Active, Not Active, Not Active, Not Active, Not Active
2026/09/03 04:15:17.968, 506 MiB, 42, 10.80 W, 22 MHz, 405 MHz, Not Active, Not Active, Not Active, Not Active, Not Active
2026/09/03 04:15:18.168, 506 MiB, 42, 10.80 W, 22 MHz, 405 MHz, Not Active, Not Active, Not Active, Not Active, Not Active
2026/09/03 04:15:18.368, 506 MiB, 42, 10.80 W, 22 MHz, 405 MHz, Not Active, Not Active, Not Active, Not Active, Not Active
2026/09/03 04:15:18.569, 506 MiB, 42, 10.80 W, 22 MHz, 405 MHz, Not Active, Not Active, Not Active, Not Active, Not Active
2026/09/03 04:15:18.769, 506 MiB, 42, 10.80 W, 22 MHz, 405 MHz, Not Active, Not Active, Not Active, Not Active, Not Active
2026/09/03 04:15:18.969, 506 MiB, 42, 10.78 W, 22 MHz, 405 MHz, Not Active, Not Active, Not Active, Not Active, Not Active
2026/09/03 04:15:19.169, 506 MiB, 42, 10.78 W, 22 MHz, 405 MHz, Not Active, Not Active, Not Active, Not Active, Not Active
2026/09/03 04:15:19.370, 506 MiB, 42, 10.78 W, 22 MHz, 405 MHz, Not Active, Not Active, Not Active, Not Active, Not Active
2026/09/03 04:15:19.570, 506 MiB, 42, 10.78 W, 22 MHz, 405 MHz, Not Active, Not Active, Not Active, Not Active, Not Active
2026/09/03 04:15:19.770, 506 MiB, 42, 10.78 W, 22 MHz, 405 MHz, Not Active, Not Active, Not Active, Not Active, Not Active
2026/09/03 04:15:19.970, 506 MiB, 42, 10.83 W, 22 MHz, 405 MHz, Not Active, Not Active, Not Active, Not Active, Not Active
2026/09/03 04:15:20.171, 506 MiB, 42, 10.83 W, 22 MHz, 405 MHz, Not Active, Not Active, Not Active, Not Active, Not Active
2026/09/03 04:15:20.371, 506 MiB, 42, 10.83 W, 22 MHz, 405 MHz, Not Active, Not Active, Not Active, Not Active, Not Active
2026/09/03 04:15:20.571, 506 MiB, 42, 10.83 W, 22 MHz, 405 MHz, Not Active, Not Active, Not Active, Not Active, Not Active
2026/09/03 04:15:20.771, 506 MiB, 42, 10.83 W, 22 MHz, 405 MHz, Not Active, Not Active, Not Active, Not Active, Not Active
2026/09/03 04:15:20.972, 506 MiB, 42, 10.67 W, 22 MHz, 405 MHz, Not Active, Not Active, Not Active, Not Active, Not Active
2026/09/03 04:15:21.172, 506 MiB, 42, 10.67 W, 22 MHz, 405 MHz, Not Active, Not Active, Not Active, Not Active, Not Active
2026/09/03 04:15:21.372, 506 MiB, 42, 10.67 W, 22 MHz, 405 MHz, Not Active, Not Active, Not Active, Not Active, Not Active
2026/09/03 04:15:21.572, 506 MiB, 42, 10.67 W, 22 MHz, 405 MHz, Not Active, Not Active, Not Active, Not Active, Not Active
2026/09/03 04:15:21.773, 506 MiB, 42, 10.67 W, 22 MHz, 405 MHz, Not Active, Not Active, Not Active, Not Active, Not Active
2026/09/03 04:15:21.973, 506 MiB, 42, 10.70 W, 22 MHz, 405 MHz, Not Active, Not Active, Not Active, Not Active, Not Active
2026/09/03 04:15:22.173, 506 MiB, 42, 10.70 W, 22 MHz, 405 MHz, Not Active, Not Active, Not Active, Not Active, Not Active
2026/09/03 04:15:22.373, 506 MiB, 42, 10.70 W, 22 MHz, 405 MHz, Not Active, Not Active, Not Active, Not Active, Not Active
2026/09/03 04:15:22.574, 506 MiB, 42, 10.70 W, 22 MHz, 405 MHz, Not Active, Not Active, Not Active, Not Active, Not Active
2026/09/03 04:15:22.775, 506 MiB, 42, 10.70 W, 22 MHz, 405 MHz, Not Active, Not Active, Not Active, Not Active, Not Active
2026/09/03 04:15:22.975, 506 MiB, 42, 10.78 W, 22 MHz, 405 MHz, Not Active, Not Active, Not Active, Not Active, Not Active
2026/09/03 04:15:23.175, 506 MiB, 42, 10.78 W, 22 MHz, 405 MHz, Not Active, Not Active, Not Active, Not Active, Not Active
2026/09/03 04:15:23.375, 506 MiB, 42, 10.78 W, 22 MHz, 405 MHz, Not Active, Not Active, Not Active, Not Active, Not Active
2026/09/03 04:15:23.576, 506 MiB, 42, 10.78 W, 22 MHz, 405 MHz, Not Active, Not Active, Not Active, Not Active, Not Active
2026/09/03 04:15:23.776, 506 MiB, 42, 10.78 W, 22 MHz, 405 MHz, Not Active, Not Active, Not Active, Not Active, Not Active
2026/09/03 04:15:23.976, 506 MiB, 42, 10.69 W, 22 MHz, 405 MHz, Not Active, Not Active, Not Active, Not Active, Not Active
2026/09/03 04:15:24.176, 506 MiB, 42, 10.69 W, 22 MHz, 405 MHz, Not Active, Not Active, Not Active, Not Active, Not Active
2026/09/03 04:15:24.377, 506 MiB, 42, 10.69 W, 22 MHz, 405 MHz, Not Active, Not Active, Not Active, Not Active, Not Active
2026/09/03 04:15:24.577, 506 MiB, 42, 10.69 W, 22 MHz, 405 MHz, Not Active, Not Active, Not Active, Not Active, Not Active
2026/09/03 04:15:24.777, 506 MiB, 42, 10.69 W, 22 MHz, 405 MHz, Not Active, Not Active, Not Active, Not Active, Not Active
2026/09/03 04:15:24.977, 506 MiB, 42, 10.77 W, 22 MHz, 405 MHz, Not Active, Not Active, Not Active, Not Active, Not Active
2026/09/03 04:15:25.178, 506 MiB, 42, 10.77 W, 22 MHz, 405 MHz, Not Active, Not Active, Not Active, Not Active, Not Active
2026/09/03 04:15:25.378, 506 MiB, 42, 10.77 W, 22 MHz, 405 MHz, Not Active, Not Active, Not Active, Not Active, Not Active
2026/09/03 04:15:25.578, 506 MiB, 42, 10.77 W, 22 MHz, 405 MHz, Not Active, Not Active, Not Active, Not Active, Not Active
2026/09/03 04:15:25.778, 506 MiB, 42, 10.77 W, 22 MHz, 405 MHz, Not Active, Not Active, Not Active, Not Active, Not Active
2026/09/03 04:15:25.979, 506 MiB, 42, 10.67 W, 22 MHz, 405 MHz, Not Active, Not Active, Not Active, Not Active, Not Active
2026/09/03 04:15:26.179, 506 MiB, 42, 10.67 W, 22 MHz, 405 MHz, Not Active, Not Active, Not Active, Not Active, Not Active
2026/09/03 04:15:26.379, 506 MiB, 42, 10.67 W, 22 MHz, 405 MHz, Not Active, Not Active, Not Active, Not Active, Not Active
2026/09/03 04:15:26.579, 506 MiB, 42, 10.67 W, 22 MHz, 405 MHz, Not Active, Not Active, Not Active, Not Active, Not Active
2026/09/03 04:15:26.780, 506 MiB, 42, 10.67 W, 22 MHz, 405 MHz, Not Active, Not Active, Not Active, Not Active, Not Active
2026/09/03 04:15:26.980, 506 MiB, 42, 10.44 W, 22 MHz, 405 MHz, Not Active, Not Active, Not Active, Not Active, Not Active
2026/09/03 04:15:27.180, 506 MiB, 42, 10.44 W, 22 MHz, 405 MHz, Not Active, Not Active, Not Active, Not Active, Not Active
2026/09/03 04:15:27.380, 506 MiB, 42, 10.44 W, 22 MHz, 405 MHz, Not Active, Not Active, Not Active, Not Active, Not Active
2026/09/03 04:15:27.581, 506 MiB, 42, 10.44 W, 22 MHz, 405 MHz, Not Active, Not Active, Not Active, Not Active, Not Active
2026/09/03 04:15:27.781, 508 MiB, 42, 10.44 W, 22 MHz, 405 MHz, Not Active, Not Active, Not Active, Not Active, Not Active
2026/09/03 04:15:27.981, 508 MiB, 42, 20.00 W, 2422 MHz, 13801 MHz, Not Active, Not Active, Not Active, Not Active, Not Active
2026/09/03 04:15:28.181, 508 MiB, 42, 20.00 W, 2422 MHz, 13801 MHz, Not Active, Not Active, Not Active, Not Active, Not Active
2026/09/03 04:15:28.382, 508 MiB, 42, 20.00 W, 2422 MHz, 13801 MHz, Not Active, Not Active, Not Active, Not Active, Not Active
2026/09/03 04:15:28.582, 508 MiB, 43, 29.63 W, 2400 MHz, 13801 MHz, Not Active, Not Active, Not Active, Not Active, Not Active
2026/09/03 04:15:28.782, 508 MiB, 43, 29.63 W, 2400 MHz, 13801 MHz, Not Active, Not Active, Not Active, Not Active, Not Active
2026/09/03 04:15:28.982, 508 MiB, 43, 54.62 W, 2400 MHz, 13801 MHz, Not Active, Not Active, Not Active, Not Active, Not Active
2026/09/03 04:15:29.182, 508 MiB, 43, 54.62 W, 2400 MHz, 13801 MHz, Not Active, Not Active, Not Active, Not Active, Not Active
2026/09/03 04:15:29.383, 508 MiB, 43, 54.62 W, 2400 MHz, 13801 MHz, Not Active, Not Active, Not Active, Not Active, Not Active
2026/09/03 04:15:29.583, 508 MiB, 43, 54.74 W, 2400 MHz, 13801 MHz, Not Active, Not Active, Not Active, Not Active, Not Active
2026/09/03 04:15:29.783, 508 MiB, 43, 54.74 W, 2400 MHz, 13801 MHz, Not Active, Not Active, Not Active, Not Active, Not Active
2026/09/03 04:15:29.983, 508 MiB, 43, 54.88 W, 2400 MHz, 13801 MHz, Not Active, Not Active, Not Active, Not Active, Not Active
2026/09/03 04:15:30.184, 508 MiB, 43, 54.88 W, 2400 MHz, 13801 MHz, Not Active, Not Active, Not Active, Not Active, Not Active
2026/09/03 04:15:30.384, 508 MiB, 43, 54.88 W, 2400 MHz, 13801 MHz, Not Active, Not Active, Not Active, Not Active, Not Active
2026/09/03 04:15:30.584, 508 MiB, 43, 54.90 W, 2400 MHz, 13801 MHz, Not Active, Not Active, Not Active, Not Active, Not Active
2026/09/03 04:15:30.784, 508 MiB, 43, 54.90 W, 2400 MHz, 13801 MHz, Not Active, Not Active, Not Active, Not Active, Not Active
2026/09/03 04:15:30.985, 508 MiB, 43, 54.89 W, 2400 MHz, 13801 MHz, Not Active, Not Active, Not Active, Not Active, Not Active
2026/09/03 04:15:31.185, 508 MiB, 43, 54.89 W, 2400 MHz, 13801 MHz, Not Active, Not Active, Not Active, Not Active, Not Active
2026/09/03 04:15:31.385, 508 MiB, 43, 54.89 W, 2400 MHz, 13801 MHz, Not Active, Not Active, Not Active, Not Active, Not Active
2026/09/03 04:15:31.585, 508 MiB, 43, 54.89 W, 2400 MHz, 13801 MHz, Not Active, Not Active, Not Active, Not Active, Not Active
2026/09/03 04:15:31.785, 508 MiB, 43, 54.89 W, 2400 MHz, 13801 MHz, Not Active, Not Active, Not Active, Not Active, Not Active
2026/09/03 04:15:31.986, 508 MiB, 43, 54.85 W, 2400 MHz, 13801 MHz, Not Active, Not Active, Not Active, Not Active, Not Active
2026/09/03 04:15:32.186, 508 MiB, 43, 54.85 W, 2400 MHz, 13801 MHz, Not Active, Not Active, Not Active, Not Active, Not Active
2026/09/03 04:15:32.386, 508 MiB, 43, 54.85 W, 2400 MHz, 13801 MHz, Not Active, Not Active, Not Active, Not Active, Not Active
2026/09/03 04:15:32.586, 508 MiB, 43, 54.81 W, 2400 MHz, 13801 MHz, Not Active, Not Active, Not Active, Not Active, Not Active
2026/09/03 04:15:32.786, 508 MiB, 43, 54.81 W, 2400 MHz, 13801 MHz, Not Active, Not Active, Not Active, Not Active, Not Active
2026/09/03 04:15:32.987, 508 MiB, 43, 54.67 W, 2400 MHz, 13801 MHz, Not Active, Not Active, Not Active, Not Active, Not Active
2026/09/03 04:15:33.187, 508 MiB, 43, 54.67 W, 2400 MHz, 13801 MHz, Not Active, Not Active, Not Active, Not Active, Not Active
2026/09/03 04:15:33.387, 508 MiB, 43, 54.67 W, 2400 MHz, 13801 MHz, Not Active, Not Active, Not Active, Not Active, Not Active
2026/09/03 04:15:33.587, 508 MiB, 43, 54.67 W, 2400 MHz, 13801 MHz, Not Active, Not Active, Not Active, Not Active, Not Active
2026/09/03 04:15:33.787, 508 MiB, 43, 54.67 W, 2400 MHz, 13801 MHz, Not Active, Not Active, Not Active, Not Active, Not Active
2026/09/03 04:15:33.988, 508 MiB, 43, 54.81 W, 2400 MHz, 13801 MHz, Not Active, Not Active, Not Active, Not Active, Not Active
2026/09/03 04:15:34.188, 508 MiB, 43, 54.81 W, 2400 MHz, 13801 MHz, Not Active, Not Active, Not Active, Not Active, Not Active
2026/09/03 04:15:34.388, 508 MiB, 43, 54.81 W, 2400 MHz, 13801 MHz, Not Active, Not Active, Not Active, Not Active, Not Active
2026/09/03 04:15:34.588, 508 MiB, 43, 54.85 W, 2400 MHz, 13801 MHz, Not Active, Not Active, Not Active, Not Active, Not Active
2026/09/03 04:15:34.788, 508 MiB, 43, 54.85 W, 2400 MHz, 13801 MHz, Not Active, Not Active, Not Active, Not Active, Not Active
2026/09/03 04:15:34.988, 508 MiB, 43, 54.84 W, 2400 MHz, 13801 MHz, Not Active, Not Active, Not Active, Not Active, Not Active
2026/09/03 04:15:35.189, 508 MiB, 43, 54.84 W, 2400 MHz, 13801 MHz, Not Active, Not Active, Not Active, Not Active, Not Active
2026/09/03 04:15:35.389, 508 MiB, 43, 54.84 W, 2400 MHz, 13801 MHz, Not Active, Not Active, Not Active, Not Active, Not Active
2026/09/03 04:15:35.589, 508 MiB, 43, 54.95 W, 2400 MHz, 13801 MHz, Not Active, Not Active, Not Active, Not Active, Not Active
2026/09/03 04:15:35.789, 508 MiB, 43, 54.95 W, 2400 MHz, 13801 MHz, Not Active, Not Active, Not Active, Not Active, Not Active
2026/09/03 04:15:35.989, 508 MiB, 43, 55.04 W, 2400 MHz, 13801 MHz, Not Active, Not Active, Not Active, Not Active, Not Active
2026/09/03 04:15:36.190, 508 MiB, 43, 55.04 W, 2400 MHz, 13801 MHz, Not Active, Not Active, Not Active, Not Active, Not Active
2026/09/03 04:15:36.390, 508 MiB, 43, 55.04 W, 2400 MHz, 13801 MHz, Not Active, Not Active, Not Active, Not Active, Not Active
2026/09/03 04:15:36.590, 508 MiB, 43, 55.04 W, 2400 MHz, 13801 MHz, Not Active, Not Active, Not Active, Not Active, Not Active
2026/09/03 04:15:36.790, 508 MiB, 43, 55.04 W, 2400 MHz, 13801 MHz, Not Active, Not Active, Not Active, Not Active, Not Active
2026/09/03 04:15:36.990, 508 MiB, 43, 55.00 W, 2400 MHz, 13801 MHz, Not Active, Not Active, Not Active, Not Active, Not Active
2026/09/03 04:15:37.191, 508 MiB, 43, 55.00 W, 2400 MHz, 13801 MHz, Not Active, Not Active, Not Active, Not Active, Not Active
2026/09/03 04:15:37.391, 508 MiB, 43, 55.00 W, 2400 MHz, 13801 MHz, Not Active, Not Active, Not Active, Not Active, Not Active
2026/09/03 04:15:37.591, 508 MiB, 43, 54.89 W, 2400 MHz, 13801 MHz, Not Active, Not Active, Not Active, Not Active, Not Active
2026/09/03 04:15:37.791, 508 MiB, 43, 54.89 W, 2400 MHz, 13801 MHz, Not Active, Not Active, Not Active, Not Active, Not Active
2026/09/03 04:15:37.992, 508 MiB, 43, 54.85 W, 2400 MHz, 13801 MHz, Not Active, Not Active, Not Active, Not Active, Not Active
2026/09/03 04:15:38.192, 508 MiB, 43, 54.85 W, 2400 MHz, 13801 MHz, Not Active, Not Active, Not Active, Not Active, Not Active
2026/09/03 04:15:38.392, 508 MiB, 43, 54.85 W, 2400 MHz, 13801 MHz, Not Active, Not Active, Not Active, Not Active, Not Active
2026/09/03 04:15:38.592, 508 MiB, 43, 54.92 W, 2400 MHz, 13801 MHz, Not Active, Not Active, Not Active, Not Active, Not Active
2026/09/03 04:15:38.793, 508 MiB, 43, 54.92 W, 2400 MHz, 13801 MHz, Not Active, Not Active, Not Active, Not Active, Not Active
2026/09/03 04:15:38.993, 508 MiB, 43, 54.88 W, 2400 MHz, 13801 MHz, Not Active, Not Active, Not Active, Not Active, Not Active
2026/09/03 04:15:39.193, 508 MiB, 43, 54.88 W, 2400 MHz, 13801 MHz, Not Active, Not Active, Not Active, Not Active, Not Active
2026/09/03 04:15:39.393, 508 MiB, 43, 54.88 W, 2400 MHz, 13801 MHz, Not Active, Not Active, Not Active, Not Active, Not Active
2026/09/03 04:15:39.593, 508 MiB, 44, 54.83 W, 2400 MHz, 13801 MHz, Not Active, Not Active, Not Active, Not Active, Not Active
2026/09/03 04:15:39.794, 508 MiB, 44, 54.83 W, 2400 MHz, 13801 MHz, Not Active, Not Active, Not Active, Not Active, Not Active
2026/09/03 04:15:39.994, 508 MiB, 44, 54.92 W, 2400 MHz, 13801 MHz, Not Active, Not Active, Not Active, Not Active, Not Active
2026/09/03 04:15:40.194, 508 MiB, 44, 54.92 W, 2400 MHz, 13801 MHz, Not Active, Not Active, Not Active, Not Active, Not Active
2026/09/03 04:15:40.394, 508 MiB, 44, 54.92 W, 2400 MHz, 13801 MHz, Not Active, Not Active, Not Active, Not Active, Not Active
2026/09/03 04:15:40.594, 508 MiB, 44, 54.94 W, 2400 MHz, 13801 MHz, Not Active, Not Active, Not Active, Not Active, Not Active
2026/09/03 04:15:40.795, 508 MiB, 44, 54.94 W, 2400 MHz, 13801 MHz, Not Active, Not Active, Not Active, Not Active, Not Active
2026/09/03 04:15:40.995, 508 MiB, 44, 54.87 W, 2400 MHz, 13801 MHz, Not Active, Not Active, Not Active, Not Active, Not Active
2026/09/03 04:15:41.195, 508 MiB, 44, 54.87 W, 2400 MHz, 13801 MHz, Not Active, Not Active, Not Active, Not Active, Not Active
2026/09/03 04:15:41.395, 508 MiB, 44, 54.87 W, 2400 MHz, 13801 MHz, Not Active, Not Active, Not Active, Not Active, Not Active
2026/09/03 04:15:41.595, 508 MiB, 44, 54.87 W, 2400 MHz, 13801 MHz, Not Active, Not Active, Not Active, Not Active, Not Active
2026/09/03 04:15:41.796, 508 MiB, 44, 54.87 W, 2400 MHz, 13801 MHz, Not Active, Not Active, Not Active, Not Active, Not Active
2026/09/03 04:15:41.996, 508 MiB, 44, 54.77 W, 2400 MHz, 13801 MHz, Not Active, Not Active, Not Active, Not Active, Not Active
2026/09/03 04:15:42.196, 508 MiB, 44, 54.77 W, 2400 MHz, 13801 MHz, Not Active, Not Active, Not Active, Not Active, Not Active
2026/09/03 04:15:42.396, 508 MiB, 44, 54.77 W, 2400 MHz, 13801 MHz, Not Active, Not Active, Not Active, Not Active, Not Active
2026/09/03 04:15:42.597, 508 MiB, 44, 54.78 W, 2400 MHz, 13801 MHz, Not Active, Not Active, Not Active, Not Active, Not Active
2026/09/03 04:15:42.797, 508 MiB, 44, 54.78 W, 2400 MHz, 13801 MHz, Not Active, Not Active, Not Active, Not Active, Not Active
2026/09/03 04:15:42.997, 508 MiB, 44, 54.85 W, 2400 MHz, 13801 MHz, Not Active, Not Active, Not Active, Not Active, Not Active
2026/09/03 04:15:43.197, 508 MiB, 44, 54.85 W, 2400 MHz, 13801 MHz, Not Active, Not Active, Not Active, Not Active, Not Active
2026/09/03 04:15:43.397, 508 MiB, 44, 54.85 W, 2400 MHz, 13801 MHz, Not Active, Not Active, Not Active, Not Active, Not Active
2026/09/03 04:15:43.598, 508 MiB, 44, 54.98 W, 2400 MHz, 13801 MHz, Not Active, Not Active, Not Active, Not Active, Not Active
2026/09/03 04:15:43.798, 508 MiB, 44, 54.98 W, 2400 MHz, 13801 MHz, Not Active, Not Active, Not Active, Not Active, Not Active
2026/09/03 04:15:43.998, 508 MiB, 44, 55.12 W, 2400 MHz, 13801 MHz, Not Active, Not Active, Not Active, Not Active, Not Active
2026/09/03 04:15:44.198, 508 MiB, 44, 55.12 W, 2400 MHz, 13801 MHz, Not Active, Not Active, Not Active, Not Active, Not Active
2026/09/03 04:15:44.399, 508 MiB, 44, 55.12 W, 2400 MHz, 13801 MHz, Not Active, Not Active, Not Active, Not Active, Not Active
2026/09/03 04:15:44.599, 508 MiB, 44, 55.15 W, 2400 MHz, 13801 MHz, Not Active, Not Active, Not Active, Not Active, Not Active
2026/09/03 04:15:44.799, 508 MiB, 44, 55.15 W, 2400 MHz, 13801 MHz, Not Active, Not Active, Not Active, Not Active, Not Active
2026/09/03 04:15:44.999, 508 MiB, 43, 48.06 W, 1260 MHz, 810 MHz, Not Active, Not Active, Not Active, Not Active, Not Active
2026/09/03 04:15:45.199, 508 MiB, 43, 48.06 W, 1260 MHz, 810 MHz, Not Active, Not Active, Not Active, Not Active, Not Active
2026/09/03 04:15:45.400, 508 MiB, 43, 48.06 W, 1260 MHz, 810 MHz, Not Active, Not Active, Not Active, Not Active, Not Active
2026/09/03 04:15:45.600, 508 MiB, 43, 28.55 W, 47 MHz, 810 MHz, Not Active, Not Active, Not Active, Not Active, Not Active
2026/09/03 04:15:45.800, 508 MiB, 43, 28.55 W, 47 MHz, 810 MHz, Not Active, Not Active, Not Active, Not Active, Not Active
2026/09/03 04:15:46.000, 508 MiB, 43, 16.41 W, 42 MHz, 810 MHz, Not Active, Not Active, Not Active, Not Active, Not Active
2026/09/03 04:15:46.200, 508 MiB, 43, 16.41 W, 42 MHz, 810 MHz, Not Active, Not Active, Not Active, Not Active, Not Active
2026/09/03 04:15:46.401, 508 MiB, 43, 16.41 W, 42 MHz, 810 MHz, Not Active, Not Active, Not Active, Not Active, Not Active
2026/09/03 04:15:46.601, 508 MiB, 43, 16.41 W, 42 MHz, 810 MHz, Not Active, Not Active, Not Active, Not Active, Not Active
2026/09/03 04:15:46.801, 508 MiB, 43, 16.41 W, 42 MHz, 810 MHz, Not Active, Not Active, Not Active, Not Active, Not Active
2026/09/03 04:15:47.001, 508 MiB, 43, 11.24 W, 23 MHz, 405 MHz, Not Active, Not Active, Not Active, Not Active, Not Active
2026/09/03 04:15:47.201, 508 MiB, 43, 11.24 W, 23 MHz, 405 MHz, Not Active, Not Active, Not Active, Not Active, Not Active
2026/09/03 04:15:47.401, 508 MiB, 43, 11.24 W, 23 MHz, 405 MHz, Not Active, Not Active, Not Active, Not Active, Not Active
2026/09/03 04:15:47.602, 508 MiB, 43, 11.24 W, 23 MHz, 405 MHz, Not Active, Not Active, Not Active, Not Active, Not Active
2026/09/03 04:15:47.802, 508 MiB, 43, 11.24 W, 23 MHz, 405 MHz, Not Active, Not Active, Not Active, Not Active, Not Active
2026/09/03 04:15:48.002, 508 MiB, 43, 10.94 W, 22 MHz, 405 MHz, Not Active, Not Active, Not Active, Not Active, Not Active
2026/09/03 04:15:48.202, 508 MiB, 43, 10.94 W, 22 MHz, 405 MHz, Not Active, Not Active, Not Active, Not Active, Not Active
2026/09/03 04:15:48.402, 508 MiB, 43, 10.94 W, 22 MHz, 405 MHz, Not Active, Not Active, Not Active, Not Active, Not Active
2026/09/03 04:15:48.603, 508 MiB, 43, 10.94 W, 22 MHz, 405 MHz, Not Active, Not Active, Not Active, Not Active, Not Active
2026/09/03 04:15:48.803, 508 MiB, 43, 10.94 W, 22 MHz, 405 MHz, Not Active, Not Active, Not Active, Not Active, Not Active
2026/09/03 04:15:49.003, 508 MiB, 43, 10.90 W, 22 MHz, 405 MHz, Not Active, Not Active, Not Active, Not Active, Not Active
2026/09/03 04:15:49.203, 508 MiB, 43, 10.90 W, 22 MHz, 405 MHz, Not Active, Not Active, Not Active, Not Active, Not Active
2026/09/03 04:15:49.403, 508 MiB, 43, 10.90 W, 22 MHz, 405 MHz, Not Active, Not Active, Not Active, Not Active, Not Active
2026/09/03 04:15:49.604, 508 MiB, 43, 10.90 W, 22 MHz, 405 MHz, Not Active, Not Active, Not Active, Not Active, Not Active
2026/09/03 04:15:49.804, 508 MiB, 43, 10.90 W, 22 MHz, 405 MHz, Not Active, Not Active, Not Active, Not Active, Not Active
2026/09/03 04:15:50.004, 508 MiB, 43, 10.76 W, 22 MHz, 405 MHz, Not Active, Not Active, Not Active, Not Active, Not Active
2026/09/03 04:15:50.204, 508 MiB, 43, 10.76 W, 22 MHz, 405 MHz, Not Active, Not Active, Not Active, Not Active, Not Active
2026/09/03 04:15:50.404, 508 MiB, 43, 10.76 W, 22 MHz, 405 MHz, Not Active, Not Active, Not Active, Not Active, Not Active
2026/09/03 04:15:50.605, 508 MiB, 43, 10.76 W, 22 MHz, 405 MHz, Not Active, Not Active, Not Active, Not Active, Not Active
2026/09/03 04:15:50.805, 508 MiB, 43, 10.76 W, 22 MHz, 405 MHz, Not Active, Not Active, Not Active, Not Active, Not Active
2026/09/03 04:15:51.005, 508 MiB, 43, 10.71 W, 22 MHz, 405 MHz, Not Active, Not Active, Not Active, Not Active, Not Active
2026/09/03 04:15:51.205, 508 MiB, 43, 10.71 W, 22 MHz, 405 MHz, Not Active, Not Active, Not Active, Not Active, Not Active
2026/09/03 04:15:51.405, 508 MiB, 43, 10.71 W, 22 MHz, 405 MHz, Not Active, Not Active, Not Active, Not Active, Not Active
2026/09/03 04:15:51.606, 508 MiB, 43, 10.71 W, 22 MHz, 405 MHz, Not Active, Not Active, Not Active, Not Active, Not Active
2026/09/03 04:15:51.806, 508 MiB, 43, 10.71 W, 22 MHz, 405 MHz, Not Active, Not Active, Not Active, Not Active, Not Active
2026/09/03 04:15:52.006, 508 MiB, 43, 10.80 W, 22 MHz, 405 MHz, Not Active, Not Active, Not Active, Not Active, Not Active
2026/09/03 04:15:52.206, 508 MiB, 43, 10.80 W, 22 MHz, 405 MHz, Not Active, Not Active, Not Active, Not Active, Not Active
2026/09/03 04:15:52.406, 508 MiB, 43, 10.80 W, 22 MHz, 405 MHz, Not Active, Not Active, Not Active, Not Active, Not Active
2026/09/03 04:15:52.607, 508 MiB, 43, 10.80 W, 22 MHz, 405 MHz, Not Active, Not Active, Not Active, Not Active, Not Active
2026/09/03 04:15:52.807, 508 MiB, 43, 10.80 W, 22 MHz, 405 MHz, Not Active, Not Active, Not Active, Not Active, Not Active
2026/09/03 04:15:53.007, 508 MiB, 43, 10.68 W, 22 MHz, 405 MHz, Not Active, Not Active, Not Active, Not Active, Not Active
2026/09/03 04:15:53.207, 508 MiB, 43, 10.68 W, 22 MHz, 405 MHz, Not Active, Not Active, Not Active, Not Active, Not Active
2026/09/03 04:15:53.407, 508 MiB, 43, 10.68 W, 22 MHz, 405 MHz, Not Active, Not Active, Not Active, Not Active, Not Active
2026/09/03 04:15:53.607, 508 MiB, 43, 10.68 W, 22 MHz, 405 MHz, Not Active, Not Active, Not Active, Not Active, Not Active
2026/09/03 04:15:53.808, 508 MiB, 43, 10.68 W, 22 MHz, 405 MHz, Not Active, Not Active, Not Active, Not Active, Not Active
2026/09/03 04:15:54.008, 508 MiB, 43, 10.65 W, 22 MHz, 405 MHz, Not Active, Not Active, Not Active, Not Active, Not Active
2026/09/03 04:15:54.208, 508 MiB, 43, 10.65 W, 22 MHz, 405 MHz, Not Active, Not Active, Not Active, Not Active, Not Active
2026/09/03 04:15:54.408, 508 MiB, 43, 10.65 W, 22 MHz, 405 MHz, Not Active, Not Active, Not Active, Not Active, Not Active
2026/09/03 04:15:54.608, 508 MiB, 43, 10.65 W, 22 MHz, 405 MHz, Not Active, Not Active, Not Active, Not Active, Not Active
2026/09/03 04:15:54.808, 508 MiB, 43, 10.65 W, 22 MHz, 405 MHz, Not Active, Not Active, Not Active, Not Active, Not Active
2026/09/03 04:15:55.009, 508 MiB, 43, 10.66 W, 22 MHz, 405 MHz, Not Active, Not Active, Not Active, Not Active, Not Active
2026/09/03 04:15:55.209, 508 MiB, 43, 10.66 W, 22 MHz, 405 MHz, Not Active, Not Active, Not Active, Not Active, Not Active
2026/09/03 04:15:55.409, 508 MiB, 43, 10.66 W, 22 MHz, 405 MHz, Not Active, Not Active, Not Active, Not Active, Not Active
2026/09/03 04:15:55.609, 508 MiB, 43, 10.66 W, 22 MHz, 405 MHz, Not Active, Not Active, Not Active, Not Active, Not Active
2026/09/03 04:15:55.809, 508 MiB, 43, 10.66 W, 22 MHz, 405 MHz, Not Active, Not Active, Not Active, Not Active, Not Active
2026/09/03 04:15:56.010, 508 MiB, 43, 10.67 W, 22 MHz, 405 MHz, Not Active, Not Active, Not Active, Not Active, Not Active
2026/09/03 04:15:56.210, 508 MiB, 43, 10.67 W, 22 MHz, 405 MHz, Not Active, Not Active, Not Active, Not Active, Not Active
2026/09/03 04:15:56.410, 508 MiB, 43, 10.67 W, 22 MHz, 405 MHz, Not Active, Not Active, Not Active, Not Active, Not Active
2026/09/03 04:15:56.610, 508 MiB, 43, 10.67 W, 22 MHz, 405 MHz, Not Active, Not Active, Not Active, Not Active, Not Active
2026/09/03 04:15:56.810, 508 MiB, 43, 10.67 W, 22 MHz, 405 MHz, Not Active, Not Active, Not Active, Not Active, Not Active
2026/09/03 04:15:57.010, 508 MiB, 43, 10.62 W, 22 MHz, 405 MHz, Not Active, Not Active, Not Active, Not Active, Not Active
2026/09/03 04:15:57.211, 508 MiB, 43, 10.62 W, 22 MHz, 405 MHz, Not Active, Not Active, Not Active, Not Active, Not Active
2026/09/03 04:15:57.411, 508 MiB, 43, 10.62 W, 22 MHz, 405 MHz, Not Active, Not Active, Not Active, Not Active, Not Active
2026/09/03 04:15:57.611, 578 MiB, 43, 10.62 W, 22 MHz, 405 MHz, Not Active, Not Active, Not Active, Not Active, Not Active
2026/09/03 04:15:57.811, 578 MiB, 43, 10.62 W, 22 MHz, 405 MHz, Not Active, Not Active, Not Active, Not Active, Not Active
2026/09/03 04:15:58.012, 578 MiB, 43, 27.83 W, 2400 MHz, 13801 MHz, Not Active, Not Active, Not Active, Not Active, Not Active
2026/09/03 04:15:58.212, 578 MiB, 43, 27.83 W, 2400 MHz, 13801 MHz, Not Active, Not Active, Not Active, Not Active, Not Active
2026/09/03 04:15:58.412, 5520 MiB, 43, 27.83 W, 2400 MHz, 13801 MHz, Not Active, Not Active, Not Active, Not Active, Not Active
2026/09/03 04:15:58.612, 5652 MiB, 44, 38.75 W, 2445 MHz, 13801 MHz, Not Active, Not Active, Not Active, Not Active, Not Active
2026/09/03 04:15:58.813, 5652 MiB, 44, 38.75 W, 2445 MHz, 13801 MHz, Not Active, Not Active, Not Active, Not Active, Not Active
2026/09/03 04:15:59.013, 5652 MiB, 46, 93.91 W, 2887 MHz, 13801 MHz, Not Active, Not Active, Not Active, Not Active, Not Active
2026/09/03 04:15:59.213, 7188 MiB, 46, 93.91 W, 2887 MHz, 13801 MHz, Not Active, Not Active, Not Active, Not Active, Not Active
2026/09/03 04:15:59.414, 7188 MiB, 46, 93.91 W, 2887 MHz, 13801 MHz, Not Active, Not Active, Not Active, Not Active, Not Active
2026/09/03 04:15:59.614, 7258 MiB, 48, 145.21 W, 2887 MHz, 13801 MHz, Not Active, Not Active, Not Active, Not Active, Not Active
2026/09/03 04:15:59.814, 7258 MiB, 48, 145.21 W, 2887 MHz, 13801 MHz, Not Active, Not Active, Not Active, Not Active, Not Active
2026/09/03 04:16:00.014, 7258 MiB, 48, 212.43 W, 2850 MHz, 13801 MHz, Not Active, Not Active, Not Active, Not Active, Not Active
2026/09/03 04:16:00.214, 7258 MiB, 48, 212.43 W, 2850 MHz, 13801 MHz, Not Active, Not Active, Not Active, Not Active, Not Active
2026/09/03 04:16:00.415, 7258 MiB, 48, 212.43 W, 2850 MHz, 13801 MHz, Not Active, Not Active, Not Active, Not Active, Not Active
2026/09/03 04:16:00.615, 7258 MiB, 49, 233.68 W, 2850 MHz, 13801 MHz, Not Active, Not Active, Not Active, Not Active, Not Active
2026/09/03 04:16:00.815, 7258 MiB, 49, 233.68 W, 2850 MHz, 13801 MHz, Not Active, Not Active, Not Active, Not Active, Not Active
2026/09/03 04:16:01.015, 7258 MiB, 50, 231.90 W, 2850 MHz, 13801 MHz, Not Active, Not Active, Not Active, Not Active, Not Active
2026/09/03 04:16:01.216, 7258 MiB, 50, 231.90 W, 2850 MHz, 13801 MHz, Not Active, Not Active, Not Active, Not Active, Not Active
2026/09/03 04:16:01.416, 7258 MiB, 50, 231.90 W, 2850 MHz, 13801 MHz, Not Active, Not Active, Not Active, Not Active, Not Active
2026/09/03 04:16:01.616, 7258 MiB, 48, 222.35 W, 2865 MHz, 13801 MHz, Not Active, Not Active, Not Active, Not Active, Not Active
2026/09/03 04:16:01.816, 7258 MiB, 48, 222.35 W, 2865 MHz, 13801 MHz, Not Active, Not Active, Not Active, Not Active, Not Active
2026/09/03 04:16:02.016, 7258 MiB, 47, 180.13 W, 2887 MHz, 13801 MHz, Not Active, Not Active, Not Active, Not Active, Not Active
2026/09/03 04:16:02.217, 7258 MiB, 47, 180.13 W, 2887 MHz, 13801 MHz, Not Active, Not Active, Not Active, Not Active, Not Active
2026/09/03 04:16:02.417, 7258 MiB, 47, 180.13 W, 2887 MHz, 13801 MHz, Not Active, Not Active, Not Active, Not Active, Not Active
2026/09/03 04:16:02.617, 7258 MiB, 49, 176.03 W, 2857 MHz, 13801 MHz, Not Active, Not Active, Not Active, Not Active, Not Active
2026/09/03 04:16:02.817, 7258 MiB, 49, 176.03 W, 2857 MHz, 13801 MHz, Not Active, Not Active, Not Active, Not Active, Not Active
2026/09/03 04:16:03.018, 7258 MiB, 49, 215.20 W, 2857 MHz, 13801 MHz, Not Active, Not Active, Not Active, Not Active, Not Active
2026/09/03 04:16:03.218, 7258 MiB, 49, 215.20 W, 2857 MHz, 13801 MHz, Not Active, Not Active, Not Active, Not Active, Not Active
2026/09/03 04:16:03.418, 7258 MiB, 49, 215.20 W, 2857 MHz, 13801 MHz, Not Active, Not Active, Not Active, Not Active, Not Active
2026/09/03 04:16:03.618, 7258 MiB, 49, 216.00 W, 2857 MHz, 13801 MHz, Not Active, Not Active, Not Active, Not Active, Not Active
2026/09/03 04:16:03.819, 7258 MiB, 49, 216.00 W, 2857 MHz, 13801 MHz, Not Active, Not Active, Not Active, Not Active, Not Active
2026/09/03 04:16:04.019, 7258 MiB, 48, 205.62 W, 2857 MHz, 13801 MHz, Not Active, Not Active, Not Active, Not Active, Not Active
2026/09/03 04:16:04.219, 7258 MiB, 48, 205.62 W, 2857 MHz, 13801 MHz, Not Active, Not Active, Not Active, Not Active, Not Active
2026/09/03 04:16:04.419, 7258 MiB, 48, 205.62 W, 2857 MHz, 13801 MHz, Not Active, Not Active, Not Active, Not Active, Not Active
2026/09/03 04:16:04.619, 7258 MiB, 48, 171.15 W, 2887 MHz, 13801 MHz, Not Active, Not Active, Not Active, Not Active, Not Active
2026/09/03 04:16:04.820, 7258 MiB, 48, 171.15 W, 2887 MHz, 13801 MHz, Not Active, Not Active, Not Active, Not Active, Not Active
2026/09/03 04:16:05.020, 7258 MiB, 50, 169.77 W, 2865 MHz, 13801 MHz, Not Active, Not Active, Not Active, Not Active, Not Active
2026/09/03 04:16:05.220, 7258 MiB, 50, 169.77 W, 2865 MHz, 13801 MHz, Not Active, Not Active, Not Active, Not Active, Not Active
2026/09/03 04:16:05.420, 7258 MiB, 50, 169.77 W, 2865 MHz, 13801 MHz, Not Active, Not Active, Not Active, Not Active, Not Active
2026/09/03 04:16:05.620, 7258 MiB, 50, 214.43 W, 2880 MHz, 13801 MHz, Not Active, Not Active, Not Active, Not Active, Not Active
2026/09/03 04:16:05.821, 7258 MiB, 50, 214.43 W, 2880 MHz, 13801 MHz, Not Active, Not Active, Not Active, Not Active, Not Active
2026/09/03 04:16:06.021, 7258 MiB, 50, 223.27 W, 2880 MHz, 13801 MHz, Not Active, Not Active, Not Active, Not Active, Not Active
2026/09/03 04:16:06.221, 7258 MiB, 50, 223.27 W, 2880 MHz, 13801 MHz, Not Active, Not Active, Not Active, Not Active, Not Active
2026/09/03 04:16:06.421, 7258 MiB, 50, 223.27 W, 2880 MHz, 13801 MHz, Not Active, Not Active, Not Active, Not Active, Not Active
2026/09/03 04:16:06.621, 8794 MiB, 50, 220.71 W, 2880 MHz, 13801 MHz, Not Active, Not Active, Not Active, Not Active, Not Active
2026/09/03 04:16:06.822, 8794 MiB, 50, 220.71 W, 2880 MHz, 13801 MHz, Not Active, Not Active, Not Active, Not Active, Not Active
2026/09/03 04:16:07.022, 8794 MiB, 48, 186.22 W, 2887 MHz, 13801 MHz, Not Active, Not Active, Not Active, Not Active, Not Active
2026/09/03 04:16:07.222, 8794 MiB, 48, 186.22 W, 2887 MHz, 13801 MHz, Not Active, Not Active, Not Active, Not Active, Not Active
2026/09/03 04:16:07.422, 8794 MiB, 48, 186.22 W, 2887 MHz, 13801 MHz, Not Active, Not Active, Not Active, Not Active, Not Active
2026/09/03 04:16:07.622, 8794 MiB, 50, 168.34 W, 2887 MHz, 13801 MHz, Not Active, Not Active, Not Active, Not Active, Not Active
2026/09/03 04:16:07.823, 8794 MiB, 50, 168.34 W, 2887 MHz, 13801 MHz, Not Active, Not Active, Not Active, Not Active, Not Active
2026/09/03 04:16:08.023, 8794 MiB, 51, 198.75 W, 2850 MHz, 13801 MHz, Not Active, Not Active, Not Active, Not Active, Not Active
2026/09/03 04:16:08.223, 8794 MiB, 51, 198.75 W, 2850 MHz, 13801 MHz, Not Active, Not Active, Not Active, Not Active, Not Active
2026/09/03 04:16:08.423, 8794 MiB, 51, 198.75 W, 2850 MHz, 13801 MHz, Not Active, Not Active, Not Active, Not Active, Not Active
2026/09/03 04:16:08.623, 8794 MiB, 50, 225.94 W, 2850 MHz, 13801 MHz, Not Active, Not Active, Not Active, Not Active, Not Active
2026/09/03 04:16:08.824, 8794 MiB, 50, 225.94 W, 2850 MHz, 13801 MHz, Not Active, Not Active, Not Active, Not Active, Not Active
2026/09/03 04:16:09.024, 8794 MiB, 51, 226.98 W, 2850 MHz, 13801 MHz, Not Active, Not Active, Not Active, Not Active, Not Active
2026/09/03 04:16:09.224, 8794 MiB, 51, 226.98 W, 2850 MHz, 13801 MHz, Not Active, Not Active, Not Active, Not Active, Not Active
2026/09/03 04:16:09.424, 8794 MiB, 51, 226.98 W, 2850 MHz, 13801 MHz, Not Active, Not Active, Not Active, Not Active, Not Active
2026/09/03 04:16:09.624, 8794 MiB, 49, 212.97 W, 2872 MHz, 13801 MHz, Not Active, Not Active, Not Active, Not Active, Not Active
2026/09/03 04:16:09.825, 8794 MiB, 49, 212.97 W, 2872 MHz, 13801 MHz, Not Active, Not Active, Not Active, Not Active, Not Active
2026/09/03 04:16:10.025, 8794 MiB, 49, 174.34 W, 2887 MHz, 13801 MHz, Not Active, Not Active, Not Active, Not Active, Not Active
2026/09/03 04:16:10.225, 8794 MiB, 49, 174.34 W, 2887 MHz, 13801 MHz, Not Active, Not Active, Not Active, Not Active, Not Active
2026/09/03 04:16:10.425, 8798 MiB, 49, 174.34 W, 2887 MHz, 13801 MHz, Not Active, Not Active, Not Active, Not Active, Not Active
2026/09/03 04:16:10.625, 8798 MiB, 50, 163.05 W, 2857 MHz, 13801 MHz, Not Active, Not Active, Not Active, Not Active, Not Active
2026/09/03 04:16:10.826, 8798 MiB, 50, 163.05 W, 2857 MHz, 13801 MHz, Not Active, Not Active, Not Active, Not Active, Not Active
2026/09/03 04:16:11.026, 8798 MiB, 52, 205.60 W, 2857 MHz, 13801 MHz, Not Active, Not Active, Not Active, Not Active, Not Active
2026/09/03 04:16:11.226, 8798 MiB, 52, 205.60 W, 2857 MHz, 13801 MHz, Not Active, Not Active, Not Active, Not Active, Not Active
2026/09/03 04:16:11.426, 8798 MiB, 52, 205.60 W, 2857 MHz, 13801 MHz, Not Active, Not Active, Not Active, Not Active, Not Active
2026/09/03 04:16:11.626, 8798 MiB, 53, 216.48 W, 2857 MHz, 13801 MHz, Not Active, Not Active, Not Active, Not Active, Not Active
2026/09/03 04:16:11.826, 8798 MiB, 53, 216.48 W, 2857 MHz, 13801 MHz, Not Active, Not Active, Not Active, Not Active, Not Active
2026/09/03 04:16:12.027, 8798 MiB, 51, 216.89 W, 2857 MHz, 13801 MHz, Not Active, Not Active, Not Active, Not Active, Not Active
2026/09/03 04:16:12.227, 8798 MiB, 51, 216.89 W, 2857 MHz, 13801 MHz, Not Active, Not Active, Not Active, Not Active, Not Active
2026/09/03 04:16:12.427, 8798 MiB, 51, 216.89 W, 2857 MHz, 13801 MHz, Not Active, Not Active, Not Active, Not Active, Not Active
2026/09/03 04:16:12.627, 8798 MiB, 49, 178.61 W, 2887 MHz, 13801 MHz, Not Active, Not Active, Not Active, Not Active, Not Active
2026/09/03 04:16:12.827, 8798 MiB, 49, 178.61 W, 2887 MHz, 13801 MHz, Not Active, Not Active, Not Active, Not Active, Not Active
2026/09/03 04:16:13.027, 8798 MiB, 50, 153.94 W, 2887 MHz, 13801 MHz, Not Active, Not Active, Not Active, Not Active, Not Active
2026/09/03 04:16:13.228, 8798 MiB, 50, 153.94 W, 2887 MHz, 13801 MHz, Not Active, Not Active, Not Active, Not Active, Not Active
2026/09/03 04:16:13.428, 8798 MiB, 50, 153.94 W, 2887 MHz, 13801 MHz, Not Active, Not Active, Not Active, Not Active, Not Active
2026/09/03 04:16:13.628, 8798 MiB, 51, 186.62 W, 2865 MHz, 13801 MHz, Not Active, Not Active, Not Active, Not Active, Not Active
2026/09/03 04:16:13.828, 8798 MiB, 51, 186.62 W, 2865 MHz, 13801 MHz, Not Active, Not Active, Not Active, Not Active, Not Active
2026/09/03 04:16:14.028, 8798 MiB, 50, 214.40 W, 2872 MHz, 13801 MHz, Not Active, Not Active, Not Active, Not Active, Not Active
2026/09/03 04:16:14.229, 8798 MiB, 50, 214.40 W, 2872 MHz, 13801 MHz, Not Active, Not Active, Not Active, Not Active, Not Active
2026/09/03 04:16:14.429, 8798 MiB, 50, 214.40 W, 2872 MHz, 13801 MHz, Not Active, Not Active, Not Active, Not Active, Not Active
2026/09/03 04:16:14.629, 8798 MiB, 52, 223.96 W, 2872 MHz, 13801 MHz, Not Active, Not Active, Not Active, Not Active, Not Active
2026/09/03 04:16:14.829, 8798 MiB, 52, 223.96 W, 2872 MHz, 13801 MHz, Not Active, Not Active, Not Active, Not Active, Not Active
2026/09/03 04:16:15.029, 8798 MiB, 51, 225.02 W, 2872 MHz, 13801 MHz, Not Active, Not Active, Not Active, Not Active, Not Active
2026/09/03 04:16:15.229, 8798 MiB, 51, 225.02 W, 2872 MHz, 13801 MHz, Not Active, Not Active, Not Active, Not Active, Not Active
2026/09/03 04:16:15.430, 8798 MiB, 51, 225.02 W, 2872 MHz, 13801 MHz, Not Active, Not Active, Not Active, Not Active, Not Active
2026/09/03 04:16:15.630, 8798 MiB, 49, 182.92 W, 2887 MHz, 13801 MHz, Not Active, Not Active, Not Active, Not Active, Not Active
2026/09/03 04:16:15.830, 8798 MiB, 49, 182.92 W, 2887 MHz, 13801 MHz, Not Active, Not Active, Not Active, Not Active, Not Active
2026/09/03 04:16:16.030, 8798 MiB, 48, 136.71 W, 2902 MHz, 13801 MHz, Not Active, Not Active, Not Active, Not Active, Not Active
2026/09/03 04:16:16.231, 8798 MiB, 48, 136.71 W, 2902 MHz, 13801 MHz, Not Active, Not Active, Not Active, Not Active, Not Active
2026/09/03 04:16:16.431, 8798 MiB, 48, 136.71 W, 2902 MHz, 13801 MHz, Not Active, Not Active, Not Active, Not Active, Not Active
2026/09/03 04:16:16.631, 8798 MiB, 50, 183.78 W, 2865 MHz, 13801 MHz, Not Active, Not Active, Not Active, Not Active, Not Active
2026/09/03 04:16:16.831, 8798 MiB, 50, 183.78 W, 2865 MHz, 13801 MHz, Not Active, Not Active, Not Active, Not Active, Not Active
2026/09/03 04:16:17.031, 8798 MiB, 51, 220.34 W, 2865 MHz, 13801 MHz, Not Active, Not Active, Not Active, Not Active, Not Active
2026/09/03 04:16:17.232, 8798 MiB, 51, 220.34 W, 2865 MHz, 13801 MHz, Not Active, Not Active, Not Active, Not Active, Not Active
2026/09/03 04:16:17.432, 8798 MiB, 51, 220.34 W, 2865 MHz, 13801 MHz, Not Active, Not Active, Not Active, Not Active, Not Active
2026/09/03 04:16:17.632, 8798 MiB, 50, 213.85 W, 2865 MHz, 13801 MHz, Not Active, Not Active, Not Active, Not Active, Not Active
2026/09/03 04:16:17.833, 8798 MiB, 50, 213.85 W, 2865 MHz, 13801 MHz, Not Active, Not Active, Not Active, Not Active, Not Active
2026/09/03 04:16:18.033, 8798 MiB, 49, 188.11 W, 2895 MHz, 13801 MHz, Not Active, Not Active, Not Active, Not Active, Not Active
2026/09/03 04:16:18.233, 8798 MiB, 49, 188.11 W, 2895 MHz, 13801 MHz, Not Active, Not Active, Not Active, Not Active, Not Active
2026/09/03 04:16:18.433, 8798 MiB, 49, 188.11 W, 2895 MHz, 13801 MHz, Not Active, Not Active, Not Active, Not Active, Not Active
2026/09/03 04:16:18.633, 8798 MiB, 49, 150.96 W, 2887 MHz, 13801 MHz, Not Active, Not Active, Not Active, Not Active, Not Active
2026/09/03 04:16:18.834, 8798 MiB, 49, 150.96 W, 2887 MHz, 13801 MHz, Not Active, Not Active, Not Active, Not Active, Not Active
2026/09/03 04:16:19.034, 8798 MiB, 51, 162.49 W, 2707 MHz, 13801 MHz, Not Active, Not Active, Not Active, Not Active, Not Active
2026/09/03 04:16:19.235, 8798 MiB, 51, 162.49 W, 2707 MHz, 13801 MHz, Not Active, Not Active, Not Active, Not Active, Not Active
2026/09/03 04:16:19.435, 8798 MiB, 51, 162.49 W, 2707 MHz, 13801 MHz, Not Active, Not Active, Not Active, Not Active, Not Active
2026/09/03 04:16:19.635, 8798 MiB, 50, 204.62 W, 2872 MHz, 13801 MHz, Not Active, Not Active, Not Active, Not Active, Not Active
2026/09/03 04:16:19.835, 8798 MiB, 50, 204.62 W, 2872 MHz, 13801 MHz, Not Active, Not Active, Not Active, Not Active, Not Active
2026/09/03 04:16:20.036, 8798 MiB, 52, 223.25 W, 2872 MHz, 13801 MHz, Not Active, Not Active, Not Active, Not Active, Not Active
2026/09/03 04:16:20.236, 8798 MiB, 52, 223.25 W, 2872 MHz, 13801 MHz, Not Active, Not Active, Not Active, Not Active, Not Active
2026/09/03 04:16:20.436, 8798 MiB, 52, 223.25 W, 2872 MHz, 13801 MHz, Not Active, Not Active, Not Active, Not Active, Not Active
2026/09/03 04:16:20.636, 8798 MiB, 51, 224.63 W, 2872 MHz, 13801 MHz, Not Active, Not Active, Not Active, Not Active, Not Active
2026/09/03 04:16:20.837, 14942 MiB, 51, 224.63 W, 2872 MHz, 13801 MHz, Not Active, Not Active, Not Active, Not Active, Not Active
2026/09/03 04:16:21.037, 14942 MiB, 49, 184.37 W, 2880 MHz, 13801 MHz, Not Active, Not Active, Not Active, Not Active, Not Active
2026/09/03 04:16:21.237, 14942 MiB, 49, 184.37 W, 2880 MHz, 13801 MHz, Not Active, Not Active, Not Active, Not Active, Not Active
2026/09/03 04:16:21.437, 14942 MiB, 49, 184.37 W, 2880 MHz, 13801 MHz, Not Active, Not Active, Not Active, Not Active, Not Active
2026/09/03 04:16:21.637, 14942 MiB, 50, 157.79 W, 2887 MHz, 13801 MHz, Not Active, Not Active, Not Active, Not Active, Not Active
2026/09/03 04:16:21.838, 14942 MiB, 50, 157.79 W, 2887 MHz, 13801 MHz, Not Active, Not Active, Not Active, Not Active, Not Active
2026/09/03 04:16:22.038, 14942 MiB, 49, 175.07 W, 2895 MHz, 13801 MHz, Not Active, Not Active, Not Active, Not Active, Not Active
2026/09/03 04:16:22.238, 14942 MiB, 49, 175.07 W, 2895 MHz, 13801 MHz, Not Active, Not Active, Not Active, Not Active, Not Active
2026/09/03 04:16:22.438, 14942 MiB, 49, 175.07 W, 2895 MHz, 13801 MHz, Not Active, Not Active, Not Active, Not Active, Not Active
2026/09/03 04:16:22.639, 14942 MiB, 51, 218.47 W, 2835 MHz, 13801 MHz, Not Active, Not Active, Not Active, Not Active, Not Active
2026/09/03 04:16:22.839, 14942 MiB, 51, 218.47 W, 2835 MHz, 13801 MHz, Not Active, Not Active, Not Active, Not Active, Not Active
2026/09/03 04:16:23.039, 14942 MiB, 53, 231.31 W, 2835 MHz, 13801 MHz, Not Active, Not Active, Not Active, Not Active, Not Active
2026/09/03 04:16:23.239, 14942 MiB, 53, 231.31 W, 2835 MHz, 13801 MHz, Not Active, Not Active, Not Active, Not Active, Not Active
2026/09/03 04:16:23.440, 14942 MiB, 53, 231.31 W, 2835 MHz, 13801 MHz, Not Active, Not Active, Not Active, Not Active, Not Active
2026/09/03 04:16:23.640, 14942 MiB, 51, 243.32 W, 2835 MHz, 13801 MHz, Not Active, Not Active, Not Active, Not Active, Not Active
2026/09/03 04:16:23.840, 14942 MiB, 51, 243.32 W, 2835 MHz, 13801 MHz, Not Active, Not Active, Not Active, Not Active, Not Active
2026/09/03 04:16:24.040, 14942 MiB, 52, 240.21 W, 2842 MHz, 13801 MHz, Not Active, Not Active, Not Active, Not Active, Not Active
2026/09/03 04:16:24.240, 14942 MiB, 52, 240.21 W, 2842 MHz, 13801 MHz, Not Active, Not Active, Not Active, Not Active, Not Active
2026/09/03 04:16:24.441, 14942 MiB, 52, 240.21 W, 2842 MHz, 13801 MHz, Not Active, Not Active, Not Active, Not Active, Not Active
2026/09/03 04:16:24.641, 14942 MiB, 49, 187.02 W, 2887 MHz, 13801 MHz, Not Active, Not Active, Not Active, Not Active, Not Active
2026/09/03 04:16:24.841, 14942 MiB, 49, 187.02 W, 2887 MHz, 13801 MHz, Not Active, Not Active, Not Active, Not Active, Not Active
2026/09/03 04:16:25.041, 14942 MiB, 50, 149.01 W, 2887 MHz, 13801 MHz, Not Active, Not Active, Not Active, Not Active, Not Active
2026/09/03 04:16:25.241, 14942 MiB, 50, 149.01 W, 2887 MHz, 13801 MHz, Not Active, Not Active, Not Active, Not Active, Not Active
2026/09/03 04:16:25.442, 14942 MiB, 50, 149.01 W, 2887 MHz, 13801 MHz, Not Active, Not Active, Not Active, Not Active, Not Active
2026/09/03 04:16:25.642, 14942 MiB, 48, 168.89 W, 2902 MHz, 13801 MHz, Not Active, Not Active, Not Active, Not Active, Not Active
2026/09/03 04:16:25.842, 14942 MiB, 48, 168.89 W, 2902 MHz, 13801 MHz, Not Active, Not Active, Not Active, Not Active, Not Active
2026/09/03 04:16:26.042, 14942 MiB, 50, 206.13 W, 2850 MHz, 13801 MHz, Not Active, Not Active, Not Active, Not Active, Not Active
2026/09/03 04:16:26.243, 14942 MiB, 50, 206.13 W, 2850 MHz, 13801 MHz, Not Active, Not Active, Not Active, Not Active, Not Active
2026/09/03 04:16:26.443, 14942 MiB, 50, 206.13 W, 2850 MHz, 13801 MHz, Not Active, Not Active, Not Active, Not Active, Not Active
2026/09/03 04:16:26.643, 14942 MiB, 51, 236.09 W, 2850 MHz, 13801 MHz, Not Active, Not Active, Not Active, Not Active, Not Active
2026/09/03 04:16:26.843, 14942 MiB, 51, 236.09 W, 2850 MHz, 13801 MHz, Not Active, Not Active, Not Active, Not Active, Not Active
2026/09/03 04:16:27.043, 14942 MiB, 50, 228.85 W, 2850 MHz, 13801 MHz, Not Active, Not Active, Not Active, Not Active, Not Active
2026/09/03 04:16:27.243, 14942 MiB, 50, 228.85 W, 2850 MHz, 13801 MHz, Not Active, Not Active, Not Active, Not Active, Not Active
2026/09/03 04:16:27.444, 14942 MiB, 50, 228.85 W, 2850 MHz, 13801 MHz, Not Active, Not Active, Not Active, Not Active, Not Active
2026/09/03 04:16:27.644, 14942 MiB, 49, 195.63 W, 2902 MHz, 13801 MHz, Not Active, Not Active, Not Active, Not Active, Not Active
2026/09/03 04:16:27.844, 14942 MiB, 49, 195.63 W, 2902 MHz, 13801 MHz, Not Active, Not Active, Not Active, Not Active, Not Active
2026/09/03 04:16:28.044, 14942 MiB, 48, 127.16 W, 2910 MHz, 13801 MHz, Not Active, Not Active, Not Active, Not Active, Not Active
2026/09/03 04:16:28.245, 4 MiB, 48, 127.16 W, 2910 MHz, 13801 MHz, Not Active, Not Active, Not Active, Not Active, Not Active
2026/09/03 04:16:28.445, 2 MiB, 48, 127.16 W, 2910 MHz, 13801 MHz, Not Active, Not Active, Not Active, Not Active, Not Active
