timestamp, memory.used [MiB], temperature.gpu, power.draw [W], clocks.current.sm [MHz], clocks.current.memory [MHz], clocks_event_reasons.sw_power_cap, clocks_event_reasons.hw_slowdown, clocks_event_reasons.hw_thermal_slowdown, clocks_event_reasons.hw_power_brake_slowdown, clocks_event_reasons.sw_thermal_slowdown
2026/09/03 01:02:25.806, 15 MiB, 49, 14.53 W, 22 MHz, 405 MHz, Not Active, Not Active, Not Active, Not Active, Not Active
2026/09/03 01:02:26.015, 15 MiB, 49, 14.53 W, 22 MHz, 405 MHz, Not Active, Not Active, Not Active, Not Active, Not Active
2026/09/03 01:02:26.215, 15 MiB, 49, 13.10 W, 22 MHz, 405 MHz, Not Active, Not Active, Not Active, Not Active, Not Active
2026/09/03 01:02:26.415, 15 MiB, 49, 13.10 W, 22 MHz, 405 MHz, Not Active, Not Active, Not Active, Not Active, Not Active
2026/09/03 01:02:26.616, 15 MiB, 49, 13.10 W, 22 MHz, 405 MHz, Not Active, Not Active, Not Active, Not Active, Not Active
2026/09/03 01:02:26.816, 15 MiB, 49, 13.10 W, 22 MHz, 405 MHz, Not Active, Not Active, Not Active, Not Active, Not Active
2026/09/03 01:02:27.016, 15 MiB, 49, 13.10 W, 22 MHz, 405 MHz, Not Active, Not Active, Not Active, Not Active, Not Active
2026/09/03 01:02:27.216, 15 MiB, 49, 12.70 W, 22 MHz, 405 MHz, Not Active, Not Active, Not Active, Not Active, Not Active
2026/09/03 01:02:27.416, 15 MiB, 49, 12.70 W, 22 MHz, 405 MHz, Not Active, Not Active, Not Active, Not Active, Not Active
2026/09/03 01:02:27.617, 15 MiB, 49, 12.70 W, 22 MHz, 405 MHz, Not Active, Not Active, Not Active, Not Active, Not Active
2026/09/03 01:02:27.817, 15 MiB, 49, 12.70 W, 22 MHz, 405 MHz, Not Active, Not Active, Not Active, Not Active, Not Active
2026/09/03 01:02:28.017, 15 MiB, 49, 12.70 W, 22 MHz, 405 MHz, Not Active, Not Active, Not Active, Not Active, Not Active
2026/09/03 01:02:28.218, 15 MiB, 49, 12.47 W, 22 MHz, 405 MHz, Not Active, Not Active, Not Active, Not Active, Not Active
2026/09/03 01:02:28.426, 35 MiB, 49, 12.47 W, 22 MHz, 405 MHz, Not Active, Not Active, Not Active, Not Active, Not Active
2026/09/03 01:02:28.626, 707 MiB, 49, 12.47 W, 22 MHz, 405 MHz, Not Active, Not Active, Not Active, Not Active, Not Active
2026/09/03 01:02:28.826, 707 MiB, 49, 20.65 W, 1507 MHz, 13801 MHz, Not Active, Not Active, Not Active, Not Active, Not Active
2026/09/03 01:02:29.027, 707 MiB, 49, 20.65 W, 1507 MHz, 13801 MHz, Not Active, Not Active, Not Active, Not Active, Not Active
2026/09/03 01:02:29.227, 707 MiB, 49, 40.87 W, 2400 MHz, 13801 MHz, Not Active, Not Active, Not Active, Not Active, Not Active
2026/09/03 01:02:29.427, 707 MiB, 49, 40.87 W, 2400 MHz, 13801 MHz, Not Active, Not Active, Not Active, Not Active, Not Active
2026/09/03 01:02:29.627, 707 MiB, 49, 40.87 W, 2400 MHz, 13801 MHz, Not Active, Not Active, Not Active, Not Active, Not Active
2026/09/03 01:02:29.828, 707 MiB, 49, 56.81 W, 2400 MHz, 13801 MHz, Not Active, Not Active, Not Active, Not Active, Not Active
2026/09/03 01:02:30.028, 707 MiB, 49, 56.81 W, 2400 MHz, 13801 MHz, Not Active, Not Active, Not Active, Not Active, Not Active
2026/09/03 01:02:30.228, 707 MiB, 50, 56.79 W, 2400 MHz, 13801 MHz, Not Active, Not Active, Not Active, Not Active, Not Active
2026/09/03 01:02:30.428, 707 MiB, 50, 56.79 W, 2400 MHz, 13801 MHz, Not Active, Not Active, Not Active, Not Active, Not Active
2026/09/03 01:02:30.628, 707 MiB, 50, 56.79 W, 2400 MHz, 13801 MHz, Not Active, Not Active, Not Active, Not Active, Not Active
2026/09/03 01:02:30.829, 707 MiB, 50, 56.78 W, 2400 MHz, 13801 MHz, Not Active, Not Active, Not Active, Not Active, Not Active
2026/09/03 01:02:31.029, 707 MiB, 50, 56.78 W, 2400 MHz, 13801 MHz, Not Active, Not Active, Not Active, Not Active, Not Active
2026/09/03 01:02:31.229, 707 MiB, 50, 56.88 W, 2400 MHz, 13801 MHz, Not Active, Not Active, Not Active, Not Active, Not Active
2026/09/03 01:02:31.429, 707 MiB, 50, 56.88 W, 2400 MHz, 13801 MHz, Not Active, Not Active, Not Active, Not Active, Not Active
2026/09/03 01:02:31.630, 707 MiB, 50, 56.88 W, 2400 MHz, 13801 MHz, Not Active, Not Active, Not Active, Not Active, Not Active
2026/09/03 01:02:31.830, 707 MiB, 50, 56.90 W, 2400 MHz, 13801 MHz, Not Active, Not Active, Not Active, Not Active, Not Active
2026/09/03 01:02:32.030, 707 MiB, 50, 56.90 W, 2400 MHz, 13801 MHz, Not Active, Not Active, Not Active, Not Active, Not Active
2026/09/03 01:02:32.230, 707 MiB, 50, 56.95 W, 2400 MHz, 13801 MHz, Not Active, Not Active, Not Active, Not Active, Not Active
2026/09/03 01:02:32.430, 707 MiB, 50, 56.95 W, 2400 MHz, 13801 MHz, Not Active, Not Active, Not Active, Not Active, Not Active
2026/09/03 01:02:32.631, 707 MiB, 50, 56.95 W, 2400 MHz, 13801 MHz, Not Active, Not Active, Not Active, Not Active, Not Active
2026/09/03 01:02:32.831, 707 MiB, 50, 56.95 W, 2400 MHz, 13801 MHz, Not Active, Not Active, Not Active, Not Active, Not Active
2026/09/03 01:02:33.031, 707 MiB, 50, 56.95 W, 2400 MHz, 13801 MHz, Not Active, Not Active, Not Active, Not Active, Not Active
2026/09/03 01:02:33.231, 707 MiB, 50, 56.96 W, 2400 MHz, 13801 MHz, Not Active, Not Active, Not Active, Not Active, Not Active
2026/09/03 01:02:33.432, 707 MiB, 50, 56.96 W, 2400 MHz, 13801 MHz, Not Active, Not Active, Not Active, Not Active, Not Active
2026/09/03 01:02:33.632, 707 MiB, 50, 56.96 W, 2400 MHz, 13801 MHz, Not Active, Not Active, Not Active, Not Active, Not Active
2026/09/03 01:02:33.832, 707 MiB, 50, 57.07 W, 2400 MHz, 13801 MHz, Not Active, Not Active, Not Active, Not Active, Not Active
2026/09/03 01:02:34.032, 707 MiB, 50, 57.07 W, 2400 MHz, 13801 MHz, Not Active, Not Active, Not Active, Not Active, Not Active
2026/09/03 01:02:34.233, 707 MiB, 50, 57.18 W, 2400 MHz, 13801 MHz, Not Active, Not Active, Not Active, Not Active, Not Active
2026/09/03 01:02:34.433, 707 MiB, 50, 57.18 W, 2400 MHz, 13801 MHz, Not Active, Not Active, Not Active, Not Active, Not Active
2026/09/03 01:02:34.633, 707 MiB, 50, 57.18 W, 2400 MHz, 13801 MHz, Not Active, Not Active, Not Active, Not Active, Not Active
2026/09/03 01:02:34.833, 707 MiB, 50, 57.16 W, 2400 MHz, 13801 MHz, Not Active, Not Active, Not Active, Not Active, Not Active
2026/09/03 01:02:35.033, 707 MiB, 50, 57.16 W, 2400 MHz, 13801 MHz, Not Active, Not Active, Not Active, Not Active, Not Active
2026/09/03 01:02:35.234, 707 MiB, 50, 57.03 W, 2400 MHz, 13801 MHz, Not Active, Not Active, Not Active, Not Active, Not Active
2026/09/03 01:02:35.434, 707 MiB, 50, 57.03 W, 2400 MHz, 13801 MHz, Not Active, Not Active, Not Active, Not Active, Not Active
2026/09/03 01:02:35.634, 707 MiB, 50, 57.03 W, 2400 MHz, 13801 MHz, Not Active, Not Active, Not Active, Not Active, Not Active
2026/09/03 01:02:35.834, 707 MiB, 50, 56.98 W, 2400 MHz, 13801 MHz, Not Active, Not Active, Not Active, Not Active, Not Active
2026/09/03 01:02:36.035, 707 MiB, 50, 56.98 W, 2400 MHz, 13801 MHz, Not Active, Not Active, Not Active, Not Active, Not Active
2026/09/03 01:02:36.235, 707 MiB, 50, 56.97 W, 2400 MHz, 13801 MHz, Not Active, Not Active, Not Active, Not Active, Not Active
2026/09/03 01:02:36.435, 707 MiB, 50, 56.97 W, 2400 MHz, 13801 MHz, Not Active, Not Active, Not Active, Not Active, Not Active
2026/09/03 01:02:36.635, 707 MiB, 50, 56.97 W, 2400 MHz, 13801 MHz, Not Active, Not Active, Not Active, Not Active, Not Active
2026/09/03 01:02:36.835, 707 MiB, 50, 56.94 W, 2400 MHz, 13801 MHz, Not Active, Not Active, Not Active, Not Active, Not Active
2026/09/03 01:02:37.036, 707 MiB, 50, 56.94 W, 2400 MHz, 13801 MHz, Not Active, Not Active, Not Active, Not Active, Not Active
2026/09/03 01:02:37.236, 707 MiB, 50, 56.81 W, 2400 MHz, 13801 MHz, Not Active, Not Active, Not Active, Not Active, Not Active
2026/09/03 01:02:37.436, 707 MiB, 50, 56.81 W, 2400 MHz, 13801 MHz, Not Active, Not Active, Not Active, Not Active, Not Active
2026/09/03 01:02:37.636, 707 MiB, 50, 56.81 W, 2400 MHz, 13801 MHz, Not Active, Not Active, Not Active, Not Active, Not Active
2026/09/03 01:02:37.837, 707 MiB, 50, 56.74 W, 2400 MHz, 13801 MHz, Not Active, Not Active, Not Active, Not Active, Not Active
2026/09/03 01:02:38.037, 707 MiB, 50, 56.74 W, 2400 MHz, 13801 MHz, Not Active, Not Active, Not Active, Not Active, Not Active
2026/09/03 01:02:38.237, 707 MiB, 50, 56.88 W, 2400 MHz, 13801 MHz, Not Active, Not Active, Not Active, Not Active, Not Active
2026/09/03 01:02:38.437, 707 MiB, 50, 56.88 W, 2400 MHz, 13801 MHz, Not Active, Not Active, Not Active, Not Active, Not Active
2026/09/03 01:02:38.638, 707 MiB, 50, 56.88 W, 2400 MHz, 13801 MHz, Not Active, Not Active, Not Active, Not Active, Not Active
2026/09/03 01:02:38.838, 707 MiB, 50, 56.98 W, 2400 MHz, 13801 MHz, Not Active, Not Active, Not Active, Not Active, Not Active
2026/09/03 01:02:39.038, 707 MiB, 50, 56.98 W, 2400 MHz, 13801 MHz, Not Active, Not Active, Not Active, Not Active, Not Active
2026/09/03 01:02:39.238, 707 MiB, 50, 57.03 W, 2400 MHz, 13801 MHz, Not Active, Not Active, Not Active, Not Active, Not Active
2026/09/03 01:02:39.438, 707 MiB, 50, 57.03 W, 2400 MHz, 13801 MHz, Not Active, Not Active, Not Active, Not Active, Not Active
2026/09/03 01:02:39.639, 707 MiB, 50, 57.03 W, 2400 MHz, 13801 MHz, Not Active, Not Active, Not Active, Not Active, Not Active
2026/09/03 01:02:39.839, 707 MiB, 50, 57.15 W, 2400 MHz, 13801 MHz, Not Active, Not Active, Not Active, Not Active, Not Active
2026/09/03 01:02:40.039, 707 MiB, 50, 57.15 W, 2400 MHz, 13801 MHz, Not Active, Not Active, Not Active, Not Active, Not Active
2026/09/03 01:02:40.239, 707 MiB, 50, 57.31 W, 2400 MHz, 13801 MHz, Not Active, Not Active, Not Active, Not Active, Not Active
2026/09/03 01:02:40.440, 707 MiB, 50, 57.31 W, 2400 MHz, 13801 MHz, Not Active, Not Active, Not Active, Not Active, Not Active
2026/09/03 01:02:40.640, 707 MiB, 50, 57.31 W, 2400 MHz, 13801 MHz, Not Active, Not Active, Not Active, Not Active, Not Active
2026/09/03 01:02:40.840, 707 MiB, 50, 57.36 W, 2400 MHz, 13801 MHz, Not Active, Not Active, Not Active, Not Active, Not Active
2026/09/03 01:02:41.040, 707 MiB, 50, 57.36 W, 2400 MHz, 13801 MHz, Not Active, Not Active, Not Active, Not Active, Not Active
2026/09/03 01:02:41.240, 707 MiB, 50, 57.37 W, 2400 MHz, 13801 MHz, Not Active, Not Active, Not Active, Not Active, Not Active
2026/09/03 01:02:41.441, 707 MiB, 50, 57.37 W, 2400 MHz, 13801 MHz, Not Active, Not Active, Not Active, Not Active, Not Active
2026/09/03 01:02:41.641, 707 MiB, 50, 57.37 W, 2400 MHz, 13801 MHz, Not Active, Not Active, Not Active, Not Active, Not Active
2026/09/03 01:02:41.841, 707 MiB, 50, 57.35 W, 2400 MHz, 13801 MHz, Not Active, Not Active, Not Active, Not Active, Not Active
2026/09/03 01:02:42.041, 707 MiB, 50, 57.35 W, 2400 MHz, 13801 MHz, Not Active, Not Active, Not Active, Not Active, Not Active
2026/09/03 01:02:42.242, 707 MiB, 50, 57.29 W, 2400 MHz, 13801 MHz, Not Active, Not Active, Not Active, Not Active, Not Active
2026/09/03 01:02:42.442, 707 MiB, 50, 57.29 W, 2400 MHz, 13801 MHz, Not Active, Not Active, Not Active, Not Active, Not Active
2026/09/03 01:02:42.642, 707 MiB, 50, 57.29 W, 2400 MHz, 13801 MHz, Not Active, Not Active, Not Active, Not Active, Not Active
2026/09/03 01:02:42.842, 707 MiB, 50, 57.10 W, 2400 MHz, 13801 MHz, Not Active, Not Active, Not Active, Not Active, Not Active
2026/09/03 01:02:43.043, 707 MiB, 50, 57.10 W, 2400 MHz, 13801 MHz, Not Active, Not Active, Not Active, Not Active, Not Active
2026/09/03 01:02:43.243, 707 MiB, 50, 56.95 W, 2400 MHz, 13801 MHz, Not Active, Not Active, Not Active, Not Active, Not Active
2026/09/03 01:02:43.443, 707 MiB, 50, 56.95 W, 2400 MHz, 13801 MHz, Not Active, Not Active, Not Active, Not Active, Not Active
2026/09/03 01:02:43.643, 707 MiB, 50, 56.95 W, 2400 MHz, 13801 MHz, Not Active, Not Active, Not Active, Not Active, Not Active
2026/09/03 01:02:43.844, 707 MiB, 50, 56.91 W, 2400 MHz, 13801 MHz, Not Active, Not Active, Not Active, Not Active, Not Active
2026/09/03 01:02:44.044, 707 MiB, 50, 56.91 W, 2400 MHz, 13801 MHz, Not Active, Not Active, Not Active, Not Active, Not Active
2026/09/03 01:02:44.244, 707 MiB, 50, 56.96 W, 2400 MHz, 13801 MHz, Not Active, Not Active, Not Active, Not Active, Not Active
2026/09/03 01:02:44.444, 707 MiB, 50, 56.96 W, 2400 MHz, 13801 MHz, Not Active, Not Active, Not Active, Not Active, Not Active
2026/09/03 01:02:44.644, 707 MiB, 50, 56.96 W, 2400 MHz, 13801 MHz, Not Active, Not Active, Not Active, Not Active, Not Active
2026/09/03 01:02:44.845, 707 MiB, 50, 57.11 W, 2400 MHz, 13801 MHz, Not Active, Not Active, Not Active, Not Active, Not Active
2026/09/03 01:02:45.045, 707 MiB, 50, 57.11 W, 2400 MHz, 13801 MHz, Not Active, Not Active, Not Active, Not Active, Not Active
2026/09/03 01:02:45.245, 707 MiB, 50, 57.31 W, 2400 MHz, 13801 MHz, Not Active, Not Active, Not Active, Not Active, Not Active
2026/09/03 01:02:45.445, 707 MiB, 50, 57.31 W, 2400 MHz, 13801 MHz, Not Active, Not Active, Not Active, Not Active, Not Active
2026/09/03 01:02:45.645, 707 MiB, 50, 57.31 W, 2400 MHz, 13801 MHz, Not Active, Not Active, Not Active, Not Active, Not Active
2026/09/03 01:02:45.846, 707 MiB, 50, 56.51 W, 2400 MHz, 810 MHz, Not Active, Not Active, Not Active, Not Active, Not Active
2026/09/03 01:02:46.046, 707 MiB, 50, 56.51 W, 2400 MHz, 810 MHz, Not Active, Not Active, Not Active, Not Active, Not Active
2026/09/03 01:02:46.246, 707 MiB, 50, 37.41 W, 55 MHz, 810 MHz, Not Active, Not Active, Not Active, Not Active, Not Active
2026/09/03 01:02:46.446, 707 MiB, 50, 37.41 W, 55 MHz, 810 MHz, Not Active, Not Active, Not Active, Not Active, Not Active
2026/09/03 01:02:46.647, 707 MiB, 50, 37.41 W, 55 MHz, 810 MHz, Not Active, Not Active, Not Active, Not Active, Not Active
2026/09/03 01:02:46.847, 707 MiB, 50, 20.96 W, 41 MHz, 810 MHz, Not Active, Not Active, Not Active, Not Active, Not Active
2026/09/03 01:02:47.047, 709 MiB, 50, 20.96 W, 41 MHz, 810 MHz, Not Active, Not Active, Not Active, Not Active, Not Active
2026/09/03 01:02:47.247, 709 MiB, 49, 15.03 W, 31 MHz, 810 MHz, Not Active, Not Active, Not Active, Not Active, Not Active
2026/09/03 01:02:47.448, 711 MiB, 49, 15.03 W, 31 MHz, 810 MHz, Not Active, Not Active, Not Active, Not Active, Not Active
2026/09/03 01:02:47.648, 711 MiB, 49, 15.03 W, 31 MHz, 810 MHz, Not Active, Not Active, Not Active, Not Active, Not Active
2026/09/03 01:02:47.848, 711 MiB, 50, 29.50 W, 2385 MHz, 13801 MHz, Not Active, Not Active, Not Active, Not Active, Not Active
2026/09/03 01:02:48.048, 711 MiB, 50, 29.50 W, 2385 MHz, 13801 MHz, Not Active, Not Active, Not Active, Not Active, Not Active
2026/09/03 01:02:48.248, 1313 MiB, 50, 49.29 W, 2400 MHz, 13801 MHz, Not Active, Not Active, Not Active, Not Active, Not Active
2026/09/03 01:02:48.449, 1489 MiB, 50, 49.29 W, 2400 MHz, 13801 MHz, Not Active, Not Active, Not Active, Not Active, Not Active
2026/09/03 01:02:48.649, 1609 MiB, 50, 49.29 W, 2400 MHz, 13801 MHz, Not Active, Not Active, Not Active, Not Active, Not Active
2026/09/03 01:02:48.849, 1911 MiB, 50, 59.64 W, 2497 MHz, 13801 MHz, Not Active, Not Active, Not Active, Not Active, Not Active
2026/09/03 01:02:49.049, 2171 MiB, 50, 59.64 W, 2497 MHz, 13801 MHz, Not Active, Not Active, Not Active, Not Active, Not Active
2026/09/03 01:02:49.250, 2413 MiB, 51, 62.08 W, 2467 MHz, 13801 MHz, Not Active, Not Active, Not Active, Not Active, Not Active
2026/09/03 01:02:49.450, 2615 MiB, 51, 62.08 W, 2467 MHz, 13801 MHz, Not Active, Not Active, Not Active, Not Active, Not Active
2026/09/03 01:02:49.650, 2775 MiB, 51, 62.08 W, 2467 MHz, 13801 MHz, Not Active, Not Active, Not Active, Not Active, Not Active
2026/09/03 01:02:49.851, 2895 MiB, 51, 61.78 W, 2445 MHz, 13801 MHz, Not Active, Not Active, Not Active, Not Active, Not Active
2026/09/03 01:02:50.051, 3195 MiB, 51, 61.78 W, 2445 MHz, 13801 MHz, Not Active, Not Active, Not Active, Not Active, Not Active
2026/09/03 01:02:50.251, 3415 MiB, 51, 60.93 W, 2437 MHz, 13801 MHz, Not Active, Not Active, Not Active, Not Active, Not Active
2026/09/03 01:02:50.451, 3557 MiB, 51, 60.93 W, 2437 MHz, 13801 MHz, Not Active, Not Active, Not Active, Not Active, Not Active
2026/09/03 01:02:50.651, 3797 MiB, 51, 60.93 W, 2437 MHz, 13801 MHz, Not Active, Not Active, Not Active, Not Active, Not Active
2026/09/03 01:02:50.851, 4017 MiB, 51, 60.92 W, 2430 MHz, 13801 MHz, Not Active, Not Active, Not Active, Not Active, Not Active
2026/09/03 01:02:51.052, 4217 MiB, 51, 60.92 W, 2430 MHz, 13801 MHz, Not Active, Not Active, Not Active, Not Active, Not Active
2026/09/03 01:02:51.252, 4579 MiB, 51, 61.32 W, 2452 MHz, 13801 MHz, Not Active, Not Active, Not Active, Not Active, Not Active
2026/09/03 01:02:51.452, 4759 MiB, 51, 61.32 W, 2452 MHz, 13801 MHz, Not Active, Not Active, Not Active, Not Active, Not Active
2026/09/03 01:02:51.652, 4939 MiB, 51, 61.32 W, 2452 MHz, 13801 MHz, Not Active, Not Active, Not Active, Not Active, Not Active
2026/09/03 01:02:51.852, 5219 MiB, 51, 61.49 W, 2445 MHz, 13801 MHz, Not Active, Not Active, Not Active, Not Active, Not Active
2026/09/03 01:02:52.053, 5419 MiB, 51, 61.49 W, 2445 MHz, 13801 MHz, Not Active, Not Active, Not Active, Not Active, Not Active
2026/09/03 01:02:52.253, 5501 MiB, 51, 61.28 W, 2452 MHz, 13801 MHz, Not Active, Not Active, Not Active, Not Active, Not Active
2026/09/03 01:02:52.453, 5821 MiB, 51, 61.28 W, 2452 MHz, 13801 MHz, Not Active, Not Active, Not Active, Not Active, Not Active
2026/09/03 01:02:52.653, 6041 MiB, 51, 61.28 W, 2452 MHz, 13801 MHz, Not Active, Not Active, Not Active, Not Active, Not Active
2026/09/03 01:02:52.854, 6181 MiB, 51, 61.16 W, 2452 MHz, 13801 MHz, Not Active, Not Active, Not Active, Not Active, Not Active
2026/09/03 01:02:53.054, 6401 MiB, 51, 61.16 W, 2452 MHz, 13801 MHz, Not Active, Not Active, Not Active, Not Active, Not Active
2026/09/03 01:02:53.254, 6683 MiB, 51, 61.10 W, 2430 MHz, 13801 MHz, Not Active, Not Active, Not Active, Not Active, Not Active
2026/09/03 01:02:53.454, 6863 MiB, 51, 61.10 W, 2430 MHz, 13801 MHz, Not Active, Not Active, Not Active, Not Active, Not Active
2026/09/03 01:02:53.654, 7203 MiB, 51, 61.10 W, 2430 MHz, 13801 MHz, Not Active, Not Active, Not Active, Not Active, Not Active
2026/09/03 01:02:53.855, 7445 MiB, 51, 61.44 W, 2437 MHz, 13801 MHz, Not Active, Not Active, Not Active, Not Active, Not Active
2026/09/03 01:02:54.055, 7545 MiB, 51, 61.44 W, 2437 MHz, 13801 MHz, Not Active, Not Active, Not Active, Not Active, Not Active
2026/09/03 01:02:54.255, 7805 MiB, 51, 61.40 W, 2445 MHz, 13801 MHz, Not Active, Not Active, Not Active, Not Active, Not Active
2026/09/03 01:02:54.455, 8045 MiB, 51, 61.40 W, 2445 MHz, 13801 MHz, Not Active, Not Active, Not Active, Not Active, Not Active
2026/09/03 01:02:54.655, 8225 MiB, 51, 61.40 W, 2445 MHz, 13801 MHz, Not Active, Not Active, Not Active, Not Active, Not Active
2026/09/03 01:02:54.856, 8407 MiB, 51, 61.51 W, 2452 MHz, 13801 MHz, Not Active, Not Active, Not Active, Not Active, Not Active
2026/09/03 01:02:55.056, 8667 MiB, 51, 61.51 W, 2452 MHz, 13801 MHz, Not Active, Not Active, Not Active, Not Active, Not Active
2026/09/03 01:02:55.256, 8887 MiB, 51, 61.44 W, 2460 MHz, 13801 MHz, Not Active, Not Active, Not Active, Not Active, Not Active
2026/09/03 01:02:55.456, 9067 MiB, 51, 61.44 W, 2460 MHz, 13801 MHz, Not Active, Not Active, Not Active, Not Active, Not Active
2026/09/03 01:02:55.657, 9347 MiB, 51, 61.44 W, 2460 MHz, 13801 MHz, Not Active, Not Active, Not Active, Not Active, Not Active
2026/09/03 01:02:55.857, 9629 MiB, 51, 61.19 W, 2437 MHz, 13801 MHz, Not Active, Not Active, Not Active, Not Active, Not Active
2026/09/03 01:02:56.057, 9809 MiB, 51, 61.19 W, 2437 MHz, 13801 MHz, Not Active, Not Active, Not Active, Not Active, Not Active
2026/09/03 01:02:56.257, 10089 MiB, 51, 61.96 W, 2437 MHz, 13801 MHz, Not Active, Not Active, Not Active, Not Active, Not Active
2026/09/03 01:02:56.457, 10291 MiB, 51, 61.96 W, 2437 MHz, 13801 MHz, Not Active, Not Active, Not Active, Not Active, Not Active
2026/09/03 01:02:56.658, 10551 MiB, 51, 61.96 W, 2437 MHz, 13801 MHz, Not Active, Not Active, Not Active, Not Active, Not Active
2026/09/03 01:02:56.858, 10731 MiB, 51, 62.00 W, 2445 MHz, 13801 MHz, Not Active, Not Active, Not Active, Not Active, Not Active
2026/09/03 01:02:57.058, 10971 MiB, 51, 62.00 W, 2445 MHz, 13801 MHz, Not Active, Not Active, Not Active, Not Active, Not Active
2026/09/03 01:02:57.259, 11173 MiB, 51, 61.74 W, 2445 MHz, 13801 MHz, Not Active, Not Active, Not Active, Not Active, Not Active
2026/09/03 01:02:57.459, 11355 MiB, 51, 61.74 W, 2445 MHz, 13801 MHz, Not Active, Not Active, Not Active, Not Active, Not Active
2026/09/03 01:02:57.659, 11595 MiB, 51, 61.74 W, 2445 MHz, 13801 MHz, Not Active, Not Active, Not Active, Not Active, Not Active
2026/09/03 01:02:57.859, 11755 MiB, 51, 61.73 W, 2445 MHz, 13801 MHz, Not Active, Not Active, Not Active, Not Active, Not Active
2026/09/03 01:02:58.059, 11995 MiB, 51, 61.73 W, 2445 MHz, 13801 MHz, Not Active, Not Active, Not Active, Not Active, Not Active
2026/09/03 01:02:58.260, 12257 MiB, 51, 61.58 W, 2445 MHz, 13801 MHz, Not Active, Not Active, Not Active, Not Active, Not Active
2026/09/03 01:02:58.460, 12437 MiB, 51, 61.58 W, 2445 MHz, 13801 MHz, Not Active, Not Active, Not Active, Not Active, Not Active
2026/09/03 01:02:58.660, 12697 MiB, 51, 61.58 W, 2445 MHz, 13801 MHz, Not Active, Not Active, Not Active, Not Active, Not Active
2026/09/03 01:02:58.860, 12917 MiB, 51, 61.59 W, 2437 MHz, 13801 MHz, Not Active, Not Active, Not Active, Not Active, Not Active
2026/09/03 01:02:59.061, 13157 MiB, 51, 61.59 W, 2437 MHz, 13801 MHz, Not Active, Not Active, Not Active, Not Active, Not Active
2026/09/03 01:02:59.261, 13399 MiB, 51, 61.48 W, 2445 MHz, 13801 MHz, Not Active, Not Active, Not Active, Not Active, Not Active
2026/09/03 01:02:59.461, 13619 MiB, 51, 61.48 W, 2445 MHz, 13801 MHz, Not Active, Not Active, Not Active, Not Active, Not Active
2026/09/03 01:02:59.661, 13859 MiB, 51, 61.48 W, 2445 MHz, 13801 MHz, Not Active, Not Active, Not Active, Not Active, Not Active
2026/09/03 01:02:59.862, 14059 MiB, 51, 61.97 W, 2452 MHz, 13801 MHz, Not Active, Not Active, Not Active, Not Active, Not Active
2026/09/03 01:03:00.062, 14321 MiB, 51, 61.97 W, 2452 MHz, 13801 MHz, Not Active, Not Active, Not Active, Not Active, Not Active
2026/09/03 01:03:00.262, 14561 MiB, 51, 61.97 W, 2460 MHz, 13801 MHz, Not Active, Not Active, Not Active, Not Active, Not Active
2026/09/03 01:03:00.462, 14661 MiB, 51, 61.97 W, 2460 MHz, 13801 MHz, Not Active, Not Active, Not Active, Not Active, Not Active
2026/09/03 01:03:00.663, 15021 MiB, 51, 61.97 W, 2460 MHz, 13801 MHz, Not Active, Not Active, Not Active, Not Active, Not Active
2026/09/03 01:03:00.863, 15223 MiB, 51, 62.14 W, 2437 MHz, 13801 MHz, Not Active, Not Active, Not Active, Not Active, Not Active
2026/09/03 01:03:01.063, 15383 MiB, 51, 62.14 W, 2437 MHz, 13801 MHz, Not Active, Not Active, Not Active, Not Active, Not Active
2026/09/03 01:03:01.263, 15683 MiB, 51, 61.48 W, 2452 MHz, 13801 MHz, Not Active, Not Active, Not Active, Not Active, Not Active
2026/09/03 01:03:01.464, 15923 MiB, 51, 61.48 W, 2452 MHz, 13801 MHz, Not Active, Not Active, Not Active, Not Active, Not Active
2026/09/03 01:03:01.664, 16105 MiB, 51, 61.48 W, 2452 MHz, 13801 MHz, Not Active, Not Active, Not Active, Not Active, Not Active
2026/09/03 01:03:01.864, 16365 MiB, 51, 62.16 W, 2452 MHz, 13801 MHz, Not Active, Not Active, Not Active, Not Active, Not Active
2026/09/03 01:03:02.064, 16605 MiB, 51, 62.16 W, 2452 MHz, 13801 MHz, Not Active, Not Active, Not Active, Not Active, Not Active
2026/09/03 01:03:02.265, 16825 MiB, 51, 62.10 W, 2460 MHz, 13801 MHz, Not Active, Not Active, Not Active, Not Active, Not Active
2026/09/03 01:03:02.465, 17025 MiB, 51, 62.10 W, 2460 MHz, 13801 MHz, Not Active, Not Active, Not Active, Not Active, Not Active
2026/09/03 01:03:02.665, 17207 MiB, 51, 62.10 W, 2460 MHz, 13801 MHz, Not Active, Not Active, Not Active, Not Active, Not Active
2026/09/03 01:03:02.866, 17247 MiB, 51, 61.56 W, 2437 MHz, 13801 MHz, Not Active, Not Active, Not Active, Not Active, Not Active
2026/09/03 01:03:03.066, 17247 MiB, 51, 61.56 W, 2437 MHz, 13801 MHz, Not Active, Not Active, Not Active, Not Active, Not Active
2026/09/03 01:03:03.266, 17347 MiB, 51, 61.15 W, 2452 MHz, 13801 MHz, Not Active, Not Active, Not Active, Not Active, Not Active
2026/09/03 01:03:03.466, 17349 MiB, 51, 61.15 W, 2452 MHz, 13801 MHz, Not Active, Not Active, Not Active, Not Active, Not Active
2026/09/03 01:03:03.667, 17349 MiB, 51, 61.15 W, 2452 MHz, 13801 MHz, Not Active, Not Active, Not Active, Not Active, Not Active
2026/09/03 01:03:03.867, 17951 MiB, 51, 61.49 W, 2460 MHz, 13801 MHz, Not Active, Not Active, Not Active, Not Active, Not Active
2026/09/03 01:03:04.067, 17953 MiB, 51, 61.49 W, 2460 MHz, 13801 MHz, Not Active, Not Active, Not Active, Not Active, Not Active
2026/09/03 01:03:04.267, 17953 MiB, 52, 65.69 W, 2572 MHz, 13801 MHz, Not Active, Not Active, Not Active, Not Active, Not Active
2026/09/03 01:03:04.467, 17953 MiB, 52, 65.69 W, 2572 MHz, 13801 MHz, Not Active, Not Active, Not Active, Not Active, Not Active
2026/09/03 01:03:04.668, 17955 MiB, 52, 65.69 W, 2572 MHz, 13801 MHz, Not Active, Not Active, Not Active, Not Active, Not Active
2026/09/03 01:03:04.868, 17955 MiB, 51, 67.96 W, 2475 MHz, 13801 MHz, Not Active, Not Active, Not Active, Not Active, Not Active
2026/09/03 01:03:05.068, 17957 MiB, 51, 67.96 W, 2475 MHz, 13801 MHz, Not Active, Not Active, Not Active, Not Active, Not Active
2026/09/03 01:03:05.268, 17959 MiB, 52, 73.37 W, 2655 MHz, 13801 MHz, Not Active, Not Active, Not Active, Not Active, Not Active
2026/09/03 01:03:05.469, 17959 MiB, 52, 73.37 W, 2655 MHz, 13801 MHz, Not Active, Not Active, Not Active, Not Active, Not Active
2026/09/03 01:03:05.669, 17959 MiB, 52, 73.37 W, 2655 MHz, 13801 MHz, Not Active, Not Active, Not Active, Not Active, Not Active
2026/09/03 01:03:05.869, 17959 MiB, 52, 83.56 W, 2625 MHz, 13801 MHz, Not Active, Not Active, Not Active, Not Active, Not Active
2026/09/03 01:03:06.069, 17959 MiB, 52, 83.56 W, 2625 MHz, 13801 MHz, Not Active, Not Active, Not Active, Not Active, Not Active
2026/09/03 01:03:06.269, 17961 MiB, 52, 79.68 W, 2527 MHz, 13801 MHz, Not Active, Not Active, Not Active, Not Active, Not Active
2026/09/03 01:03:06.470, 17961 MiB, 52, 79.68 W, 2527 MHz, 13801 MHz, Not Active, Not Active, Not Active, Not Active, Not Active
2026/09/03 01:03:06.670, 17961 MiB, 52, 79.68 W, 2527 MHz, 13801 MHz, Not Active, Not Active, Not Active, Not Active, Not Active
2026/09/03 01:03:06.870, 17961 MiB, 52, 78.13 W, 2632 MHz, 13801 MHz, Not Active, Not Active, Not Active, Not Active, Not Active
2026/09/03 01:03:07.070, 17961 MiB, 52, 78.13 W, 2632 MHz, 13801 MHz, Not Active, Not Active, Not Active, Not Active, Not Active
2026/09/03 01:03:07.271, 17963 MiB, 52, 78.20 W, 2595 MHz, 13801 MHz, Not Active, Not Active, Not Active, Not Active, Not Active
2026/09/03 01:03:07.471, 17963 MiB, 52, 78.20 W, 2595 MHz, 13801 MHz, Not Active, Not Active, Not Active, Not Active, Not Active
2026/09/03 01:03:07.671, 17965 MiB, 52, 78.79 W, 2685 MHz, 13801 MHz, Not Active, Not Active, Not Active, Not Active, Not Active
2026/09/03 01:03:07.871, 17965 MiB, 52, 78.79 W, 2685 MHz, 13801 MHz, Not Active, Not Active, Not Active, Not Active, Not Active
2026/09/03 01:03:08.072, 17965 MiB, 52, 78.79 W, 2685 MHz, 13801 MHz, Not Active, Not Active, Not Active, Not Active, Not Active
2026/09/03 01:03:08.272, 17967 MiB, 52, 80.15 W, 2595 MHz, 13801 MHz, Not Active, Not Active, Not Active, Not Active, Not Active
2026/09/03 01:03:08.472, 17967 MiB, 52, 80.15 W, 2595 MHz, 13801 MHz, Not Active, Not Active, Not Active, Not Active, Not Active
2026/09/03 01:03:08.672, 17967 MiB, 52, 84.93 W, 2730 MHz, 13801 MHz, Not Active, Not Active, Not Active, Not Active, Not Active
2026/09/03 01:03:08.872, 17967 MiB, 52, 84.93 W, 2730 MHz, 13801 MHz, Not Active, Not Active, Not Active, Not Active, Not Active
2026/09/03 01:03:09.073, 17969 MiB, 52, 84.93 W, 2730 MHz, 13801 MHz, Not Active, Not Active, Not Active, Not Active, Not Active
2026/09/03 01:03:09.273, 17971 MiB, 52, 88.54 W, 2722 MHz, 13801 MHz, Not Active, Not Active, Not Active, Not Active, Not Active
2026/09/03 01:03:09.473, 17971 MiB, 52, 88.54 W, 2722 MHz, 13801 MHz, Not Active, Not Active, Not Active, Not Active, Not Active
2026/09/03 01:03:09.673, 17971 MiB, 52, 81.60 W, 2512 MHz, 13801 MHz, Not Active, Not Active, Not Active, Not Active, Not Active
2026/09/03 01:03:09.874, 17971 MiB, 52, 81.60 W, 2512 MHz, 13801 MHz, Not Active, Not Active, Not Active, Not Active, Not Active
2026/09/03 01:03:10.074, 17973 MiB, 52, 81.60 W, 2512 MHz, 13801 MHz, Not Active, Not Active, Not Active, Not Active, Not Active
2026/09/03 01:03:10.274, 17973 MiB, 52, 69.83 W, 2527 MHz, 13801 MHz, Not Active, Not Active, Not Active, Not Active, Not Active
2026/09/03 01:03:10.474, 17973 MiB, 52, 69.83 W, 2527 MHz, 13801 MHz, Not Active, Not Active, Not Active, Not Active, Not Active
2026/09/03 01:03:10.674, 17973 MiB, 52, 69.37 W, 2527 MHz, 13801 MHz, Not Active, Not Active, Not Active, Not Active, Not Active
2026/09/03 01:03:10.875, 17975 MiB, 52, 69.37 W, 2527 MHz, 13801 MHz, Not Active, Not Active, Not Active, Not Active, Not Active
2026/09/03 01:03:11.075, 17975 MiB, 52, 69.37 W, 2527 MHz, 13801 MHz, Not Active, Not Active, Not Active, Not Active, Not Active
2026/09/03 01:03:11.275, 17975 MiB, 52, 70.53 W, 2557 MHz, 13801 MHz, Not Active, Not Active, Not Active, Not Active, Not Active
2026/09/03 01:03:11.475, 17975 MiB, 52, 70.53 W, 2557 MHz, 13801 MHz, Not Active, Not Active, Not Active, Not Active, Not Active
2026/09/03 01:03:11.675, 17975 MiB, 52, 71.03 W, 2550 MHz, 13801 MHz, Not Active, Not Active, Not Active, Not Active, Not Active
2026/09/03 01:03:11.876, 17977 MiB, 52, 71.03 W, 2550 MHz, 13801 MHz, Not Active, Not Active, Not Active, Not Active, Not Active
2026/09/03 01:03:12.076, 17977 MiB, 52, 71.03 W, 2550 MHz, 13801 MHz, Not Active, Not Active, Not Active, Not Active, Not Active
2026/09/03 01:03:12.276, 17977 MiB, 52, 68.99 W, 2482 MHz, 13801 MHz, Not Active, Not Active, Not Active, Not Active, Not Active
2026/09/03 01:03:12.476, 17977 MiB, 52, 68.99 W, 2482 MHz, 13801 MHz, Not Active, Not Active, Not Active, Not Active, Not Active
2026/09/03 01:03:12.676, 17977 MiB, 53, 81.41 W, 2760 MHz, 13801 MHz, Not Active, Not Active, Not Active, Not Active, Not Active
2026/09/03 01:03:12.877, 17977 MiB, 53, 81.41 W, 2760 MHz, 13801 MHz, Not Active, Not Active, Not Active, Not Active, Not Active
2026/09/03 01:03:13.077, 17977 MiB, 53, 81.41 W, 2760 MHz, 13801 MHz, Not Active, Not Active, Not Active, Not Active, Not Active
2026/09/03 01:03:13.277, 17979 MiB, 53, 97.96 W, 2797 MHz, 13801 MHz, Not Active, Not Active, Not Active, Not Active, Not Active
2026/09/03 01:03:13.477, 17979 MiB, 53, 97.96 W, 2797 MHz, 13801 MHz, Not Active, Not Active, Not Active, Not Active, Not Active
2026/09/03 01:03:13.677, 17979 MiB, 53, 98.03 W, 2692 MHz, 13801 MHz, Not Active, Not Active, Not Active, Not Active, Not Active
2026/09/03 01:03:13.878, 17979 MiB, 53, 98.03 W, 2692 MHz, 13801 MHz, Not Active, Not Active, Not Active, Not Active, Not Active
2026/09/03 01:03:14.078, 17983 MiB, 53, 98.03 W, 2692 MHz, 13801 MHz, Not Active, Not Active, Not Active, Not Active, Not Active
2026/09/03 01:03:14.278, 17983 MiB, 53, 95.49 W, 2767 MHz, 13801 MHz, Not Active, Not Active, Not Active, Not Active, Not Active
2026/09/03 01:03:14.478, 17983 MiB, 53, 95.49 W, 2767 MHz, 13801 MHz, Not Active, Not Active, Not Active, Not Active, Not Active
2026/09/03 01:03:14.679, 17985 MiB, 53, 102.39 W, 2902 MHz, 13801 MHz, Not Active, Not Active, Not Active, Not Active, Not Active
2026/09/03 01:03:14.879, 17985 MiB, 53, 102.39 W, 2902 MHz, 13801 MHz, Not Active, Not Active, Not Active, Not Active, Not Active
2026/09/03 01:03:15.079, 17985 MiB, 53, 102.39 W, 2902 MHz, 13801 MHz, Not Active, Not Active, Not Active, Not Active, Not Active
2026/09/03 01:03:15.279, 17985 MiB, 53, 105.19 W, 2812 MHz, 13801 MHz, Not Active, Not Active, Not Active, Not Active, Not Active
2026/09/03 01:03:15.480, 17985 MiB, 53, 105.19 W, 2812 MHz, 13801 MHz, Not Active, Not Active, Not Active, Not Active, Not Active
2026/09/03 01:03:15.680, 17985 MiB, 52, 89.46 W, 2580 MHz, 13801 MHz, Not Active, Not Active, Not Active, Not Active, Not Active
2026/09/03 01:03:15.880, 17985 MiB, 52, 89.46 W, 2580 MHz, 13801 MHz, Not Active, Not Active, Not Active, Not Active, Not Active
2026/09/03 01:03:16.080, 17987 MiB, 52, 89.46 W, 2580 MHz, 13801 MHz, Not Active, Not Active, Not Active, Not Active, Not Active
2026/09/03 01:03:16.281, 17987 MiB, 52, 82.29 W, 2692 MHz, 13801 MHz, Not Active, Not Active, Not Active, Not Active, Not Active
2026/09/03 01:03:16.481, 17987 MiB, 52, 82.29 W, 2692 MHz, 13801 MHz, Not Active, Not Active, Not Active, Not Active, Not Active
2026/09/03 01:03:16.681, 17987 MiB, 53, 88.97 W, 2647 MHz, 13801 MHz, Not Active, Not Active, Not Active, Not Active, Not Active
2026/09/03 01:03:16.881, 17987 MiB, 53, 88.97 W, 2647 MHz, 13801 MHz, Not Active, Not Active, Not Active, Not Active, Not Active
2026/09/03 01:03:17.081, 17989 MiB, 53, 88.97 W, 2647 MHz, 13801 MHz, Not Active, Not Active, Not Active, Not Active, Not Active
2026/09/03 01:03:17.281, 17989 MiB, 53, 98.58 W, 2880 MHz, 13801 MHz, Not Active, Not Active, Not Active, Not Active, Not Active
2026/09/03 01:03:17.482, 17989 MiB, 53, 98.58 W, 2880 MHz, 13801 MHz, Not Active, Not Active, Not Active, Not Active, Not Active
2026/09/03 01:03:17.682, 17991 MiB, 53, 109.26 W, 2850 MHz, 13801 MHz, Not Active, Not Active, Not Active, Not Active, Not Active
2026/09/03 01:03:17.882, 17991 MiB, 53, 109.26 W, 2850 MHz, 13801 MHz, Not Active, Not Active, Not Active, Not Active, Not Active
2026/09/03 01:03:18.082, 17993 MiB, 53, 109.26 W, 2850 MHz, 13801 MHz, Not Active, Not Active, Not Active, Not Active, Not Active
2026/09/03 01:03:18.283, 17993 MiB, 54, 108.18 W, 2835 MHz, 13801 MHz, Not Active, Not Active, Not Active, Not Active, Not Active
2026/09/03 01:03:18.483, 17993 MiB, 54, 108.18 W, 2835 MHz, 13801 MHz, Not Active, Not Active, Not Active, Not Active, Not Active
2026/09/03 01:03:18.683, 17993 MiB, 53, 107.32 W, 2790 MHz, 13801 MHz, Not Active, Not Active, Not Active, Not Active, Not Active
2026/09/03 01:03:18.883, 17995 MiB, 53, 107.32 W, 2790 MHz, 13801 MHz, Not Active, Not Active, Not Active, Not Active, Not Active
2026/09/03 01:03:19.084, 17995 MiB, 53, 107.32 W, 2790 MHz, 13801 MHz, Not Active, Not Active, Not Active, Not Active, Not Active
2026/09/03 01:03:19.284, 17995 MiB, 53, 102.37 W, 2707 MHz, 13801 MHz, Not Active, Not Active, Not Active, Not Active, Not Active
2026/09/03 01:03:19.484, 17995 MiB, 53, 102.37 W, 2707 MHz, 13801 MHz, Not Active, Not Active, Not Active, Not Active, Not Active
2026/09/03 01:03:19.684, 17995 MiB, 54, 102.58 W, 2820 MHz, 13801 MHz, Not Active, Not Active, Not Active, Not Active, Not Active
2026/09/03 01:03:19.884, 17995 MiB, 54, 102.58 W, 2820 MHz, 13801 MHz, Not Active, Not Active, Not Active, Not Active, Not Active
2026/09/03 01:03:20.085, 17995 MiB, 54, 102.58 W, 2820 MHz, 13801 MHz, Not Active, Not Active, Not Active, Not Active, Not Active
2026/09/03 01:03:20.285, 17997 MiB, 54, 106.91 W, 2895 MHz, 13801 MHz, Not Active, Not Active, Not Active, Not Active, Not Active
2026/09/03 01:03:20.485, 17997 MiB, 54, 106.91 W, 2895 MHz, 13801 MHz, Not Active, Not Active, Not Active, Not Active, Not Active
2026/09/03 01:03:20.685, 17997 MiB, 54, 114.04 W, 2895 MHz, 13801 MHz, Not Active, Not Active, Not Active, Not Active, Not Active
2026/09/03 01:03:20.886, 17999 MiB, 54, 114.04 W, 2895 MHz, 13801 MHz, Not Active, Not Active, Not Active, Not Active, Not Active
2026/09/03 01:03:21.086, 18001 MiB, 54, 114.04 W, 2895 MHz, 13801 MHz, Not Active, Not Active, Not Active, Not Active, Not Active
2026/09/03 01:03:21.286, 18001 MiB, 54, 113.37 W, 2895 MHz, 13801 MHz, Not Active, Not Active, Not Active, Not Active, Not Active
2026/09/03 01:03:21.486, 18003 MiB, 54, 113.37 W, 2895 MHz, 13801 MHz, Not Active, Not Active, Not Active, Not Active, Not Active
2026/09/03 01:03:21.686, 18003 MiB, 54, 113.05 W, 2895 MHz, 13801 MHz, Not Active, Not Active, Not Active, Not Active, Not Active
2026/09/03 01:03:21.887, 18003 MiB, 54, 113.05 W, 2895 MHz, 13801 MHz, Not Active, Not Active, Not Active, Not Active, Not Active
2026/09/03 01:03:22.087, 18003 MiB, 54, 113.05 W, 2895 MHz, 13801 MHz, Not Active, Not Active, Not Active, Not Active, Not Active
2026/09/03 01:03:22.287, 18003 MiB, 54, 112.68 W, 2835 MHz, 13801 MHz, Not Active, Not Active, Not Active, Not Active, Not Active
2026/09/03 01:03:22.487, 18003 MiB, 54, 112.68 W, 2835 MHz, 13801 MHz, Not Active, Not Active, Not Active, Not Active, Not Active
2026/09/03 01:03:22.688, 18003 MiB, 54, 111.26 W, 2895 MHz, 13801 MHz, Not Active, Not Active, Not Active, Not Active, Not Active
2026/09/03 01:03:22.888, 18003 MiB, 54, 111.26 W, 2895 MHz, 13801 MHz, Not Active, Not Active, Not Active, Not Active, Not Active
2026/09/03 01:03:23.088, 18003 MiB, 54, 111.26 W, 2895 MHz, 13801 MHz, Not Active, Not Active, Not Active, Not Active, Not Active
2026/09/03 01:03:23.288, 18005 MiB, 54, 112.06 W, 2895 MHz, 13801 MHz, Not Active, Not Active, Not Active, Not Active, Not Active
2026/09/03 01:03:23.488, 18005 MiB, 54, 112.06 W, 2895 MHz, 13801 MHz, Not Active, Not Active, Not Active, Not Active, Not Active
2026/09/03 01:03:23.688, 18007 MiB, 54, 114.24 W, 2895 MHz, 13801 MHz, Not Active, Not Active, Not Active, Not Active, Not Active
2026/09/03 01:03:23.889, 18007 MiB, 54, 114.24 W, 2895 MHz, 13801 MHz, Not Active, Not Active, Not Active, Not Active, Not Active
2026/09/03 01:03:24.089, 18007 MiB, 54, 114.24 W, 2895 MHz, 13801 MHz, Not Active, Not Active, Not Active, Not Active, Not Active
2026/09/03 01:03:24.289, 18009 MiB, 54, 115.36 W, 2895 MHz, 13801 MHz, Not Active, Not Active, Not Active, Not Active, Not Active
2026/09/03 01:03:24.489, 18009 MiB, 54, 115.36 W, 2895 MHz, 13801 MHz, Not Active, Not Active, Not Active, Not Active, Not Active
2026/09/03 01:03:24.689, 18009 MiB, 54, 113.71 W, 2895 MHz, 13801 MHz, Not Active, Not Active, Not Active, Not Active, Not Active
2026/09/03 01:03:24.890, 18009 MiB, 54, 113.71 W, 2895 MHz, 13801 MHz, Not Active, Not Active, Not Active, Not Active, Not Active
2026/09/03 01:03:25.090, 18009 MiB, 54, 113.71 W, 2895 MHz, 13801 MHz, Not Active, Not Active, Not Active, Not Active, Not Active
2026/09/03 01:03:25.290, 18009 MiB, 54, 112.51 W, 2895 MHz, 13801 MHz, Not Active, Not Active, Not Active, Not Active, Not Active
2026/09/03 01:03:25.490, 18009 MiB, 54, 112.51 W, 2895 MHz, 13801 MHz, Not Active, Not Active, Not Active, Not Active, Not Active
2026/09/03 01:03:25.691, 18009 MiB, 54, 112.78 W, 2895 MHz, 13801 MHz, Not Active, Not Active, Not Active, Not Active, Not Active
2026/09/03 01:03:25.891, 18011 MiB, 54, 112.78 W, 2895 MHz, 13801 MHz, Not Active, Not Active, Not Active, Not Active, Not Active
2026/09/03 01:03:26.091, 18011 MiB, 54, 112.78 W, 2895 MHz, 13801 MHz, Not Active, Not Active, Not Active, Not Active, Not Active
2026/09/03 01:03:26.291, 18013 MiB, 54, 114.26 W, 2895 MHz, 13801 MHz, Not Active, Not Active, Not Active, Not Active, Not Active
2026/09/03 01:03:26.492, 18013 MiB, 54, 114.26 W, 2895 MHz, 13801 MHz, Not Active, Not Active, Not Active, Not Active, Not Active
2026/09/03 01:03:26.692, 18013 MiB, 54, 114.25 W, 2895 MHz, 13801 MHz, Not Active, Not Active, Not Active, Not Active, Not Active
2026/09/03 01:03:26.892, 18015 MiB, 54, 114.25 W, 2895 MHz, 13801 MHz, Not Active, Not Active, Not Active, Not Active, Not Active
2026/09/03 01:03:27.092, 18015 MiB, 54, 114.25 W, 2895 MHz, 13801 MHz, Not Active, Not Active, Not Active, Not Active, Not Active
2026/09/03 01:03:27.293, 18017 MiB, 54, 114.99 W, 2895 MHz, 13801 MHz, Not Active, Not Active, Not Active, Not Active, Not Active
2026/09/03 01:03:27.493, 18017 MiB, 54, 114.99 W, 2895 MHz, 13801 MHz, Not Active, Not Active, Not Active, Not Active, Not Active
2026/09/03 01:03:27.693, 18017 MiB, 54, 113.66 W, 2827 MHz, 13801 MHz, Not Active, Not Active, Not Active, Not Active, Not Active
2026/09/03 01:03:27.893, 18017 MiB, 54, 113.66 W, 2827 MHz, 13801 MHz, Not Active, Not Active, Not Active, Not Active, Not Active
2026/09/03 01:03:28.094, 18017 MiB, 54, 113.66 W, 2827 MHz, 13801 MHz, Not Active, Not Active, Not Active, Not Active, Not Active
2026/09/03 01:03:28.294, 18017 MiB, 54, 113.46 W, 2895 MHz, 13801 MHz, Not Active, Not Active, Not Active, Not Active, Not Active
2026/09/03 01:03:28.494, 18017 MiB, 54, 113.46 W, 2895 MHz, 13801 MHz, Not Active, Not Active, Not Active, Not Active, Not Active
2026/09/03 01:03:28.695, 18017 MiB, 55, 115.24 W, 2895 MHz, 13801 MHz, Not Active, Not Active, Not Active, Not Active, Not Active
2026/09/03 01:03:28.896, 18019 MiB, 55, 115.24 W, 2895 MHz, 13801 MHz, Not Active, Not Active, Not Active, Not Active, Not Active
2026/09/03 01:03:29.096, 18019 MiB, 55, 115.24 W, 2895 MHz, 13801 MHz, Not Active, Not Active, Not Active, Not Active, Not Active
2026/09/03 01:03:29.296, 18021 MiB, 54, 115.79 W, 2895 MHz, 13801 MHz, Not Active, Not Active, Not Active, Not Active, Not Active
2026/09/03 01:03:29.496, 18021 MiB, 54, 115.79 W, 2895 MHz, 13801 MHz, Not Active, Not Active, Not Active, Not Active, Not Active
2026/09/03 01:03:29.697, 18023 MiB, 55, 115.68 W, 2895 MHz, 13801 MHz, Not Active, Not Active, Not Active, Not Active, Not Active
2026/09/03 01:03:29.897, 18023 MiB, 55, 115.68 W, 2895 MHz, 13801 MHz, Not Active, Not Active, Not Active, Not Active, Not Active
2026/09/03 01:03:30.097, 18023 MiB, 55, 115.68 W, 2895 MHz, 13801 MHz, Not Active, Not Active, Not Active, Not Active, Not Active
2026/09/03 01:03:30.297, 18023 MiB, 55, 114.07 W, 2835 MHz, 13801 MHz, Not Active, Not Active, Not Active, Not Active, Not Active
2026/09/03 01:03:30.497, 18023 MiB, 55, 114.07 W, 2835 MHz, 13801 MHz, Not Active, Not Active, Not Active, Not Active, Not Active
2026/09/03 01:03:30.698, 18023 MiB, 55, 113.28 W, 2895 MHz, 13801 MHz, Not Active, Not Active, Not Active, Not Active, Not Active
2026/09/03 01:03:30.898, 18023 MiB, 55, 113.28 W, 2895 MHz, 13801 MHz, Not Active, Not Active, Not Active, Not Active, Not Active
2026/09/03 01:03:31.098, 18023 MiB, 55, 113.28 W, 2895 MHz, 13801 MHz, Not Active, Not Active, Not Active, Not Active, Not Active
2026/09/03 01:03:31.299, 18023 MiB, 55, 115.46 W, 2895 MHz, 13801 MHz, Not Active, Not Active, Not Active, Not Active, Not Active
2026/09/03 01:03:31.499, 18027 MiB, 55, 115.46 W, 2895 MHz, 13801 MHz, Not Active, Not Active, Not Active, Not Active, Not Active
2026/09/03 01:03:31.699, 18027 MiB, 55, 116.10 W, 2895 MHz, 13801 MHz, Not Active, Not Active, Not Active, Not Active, Not Active
2026/09/03 01:03:31.899, 18027 MiB, 55, 116.10 W, 2895 MHz, 13801 MHz, Not Active, Not Active, Not Active, Not Active, Not Active
2026/09/03 01:03:32.099, 18029 MiB, 55, 116.10 W, 2895 MHz, 13801 MHz, Not Active, Not Active, Not Active, Not Active, Not Active
2026/09/03 01:03:32.300, 18029 MiB, 55, 115.83 W, 2895 MHz, 13801 MHz, Not Active, Not Active, Not Active, Not Active, Not Active
2026/09/03 01:03:32.500, 18029 MiB, 55, 115.83 W, 2895 MHz, 13801 MHz, Not Active, Not Active, Not Active, Not Active, Not Active
2026/09/03 01:03:32.700, 18031 MiB, 55, 115.97 W, 2895 MHz, 13801 MHz, Not Active, Not Active, Not Active, Not Active, Not Active
2026/09/03 01:03:32.900, 18031 MiB, 55, 115.97 W, 2895 MHz, 13801 MHz, Not Active, Not Active, Not Active, Not Active, Not Active
2026/09/03 01:03:33.101, 18031 MiB, 55, 115.97 W, 2895 MHz, 13801 MHz, Not Active, Not Active, Not Active, Not Active, Not Active
2026/09/03 01:03:33.301, 18031 MiB, 55, 113.57 W, 2895 MHz, 13801 MHz, Not Active, Not Active, Not Active, Not Active, Not Active
2026/09/03 01:03:33.501, 18031 MiB, 55, 113.57 W, 2895 MHz, 13801 MHz, Not Active, Not Active, Not Active, Not Active, Not Active
2026/09/03 01:03:33.701, 18031 MiB, 55, 113.86 W, 2895 MHz, 13801 MHz, Not Active, Not Active, Not Active, Not Active, Not Active
2026/09/03 01:03:33.902, 18031 MiB, 55, 113.86 W, 2895 MHz, 13801 MHz, Not Active, Not Active, Not Active, Not Active, Not Active
2026/09/03 01:03:34.102, 18031 MiB, 55, 113.86 W, 2895 MHz, 13801 MHz, Not Active, Not Active, Not Active, Not Active, Not Active
2026/09/03 01:03:34.302, 18035 MiB, 55, 116.51 W, 2895 MHz, 13801 MHz, Not Active, Not Active, Not Active, Not Active, Not Active
2026/09/03 01:03:34.502, 18035 MiB, 55, 116.51 W, 2895 MHz, 13801 MHz, Not Active, Not Active, Not Active, Not Active, Not Active
2026/09/03 01:03:34.703, 18035 MiB, 55, 116.29 W, 2895 MHz, 13801 MHz, Not Active, Not Active, Not Active, Not Active, Not Active
2026/09/03 01:03:34.903, 18035 MiB, 55, 116.29 W, 2895 MHz, 13801 MHz, Not Active, Not Active, Not Active, Not Active, Not Active
2026/09/03 01:03:35.103, 18035 MiB, 55, 116.29 W, 2895 MHz, 13801 MHz, Not Active, Not Active, Not Active, Not Active, Not Active
2026/09/03 01:03:35.303, 18037 MiB, 55, 116.21 W, 2895 MHz, 13801 MHz, Not Active, Not Active, Not Active, Not Active, Not Active
2026/09/03 01:03:35.504, 18037 MiB, 55, 116.21 W, 2895 MHz, 13801 MHz, Not Active, Not Active, Not Active, Not Active, Not Active
2026/09/03 01:03:35.704, 18037 MiB, 55, 113.69 W, 2827 MHz, 13801 MHz, Not Active, Not Active, Not Active, Not Active, Not Active
2026/09/03 01:03:35.904, 18037 MiB, 55, 113.69 W, 2827 MHz, 13801 MHz, Not Active, Not Active, Not Active, Not Active, Not Active
2026/09/03 01:03:36.104, 18037 MiB, 55, 113.69 W, 2827 MHz, 13801 MHz, Not Active, Not Active, Not Active, Not Active, Not Active
2026/09/03 01:03:36.305, 18037 MiB, 55, 113.42 W, 2895 MHz, 13801 MHz, Not Active, Not Active, Not Active, Not Active, Not Active
2026/09/03 01:03:36.505, 18037 MiB, 55, 113.42 W, 2895 MHz, 13801 MHz, Not Active, Not Active, Not Active, Not Active, Not Active
2026/09/03 01:03:36.705, 18039 MiB, 55, 115.31 W, 2895 MHz, 13801 MHz, Not Active, Not Active, Not Active, Not Active, Not Active
2026/09/03 01:03:36.905, 18041 MiB, 55, 115.31 W, 2895 MHz, 13801 MHz, Not Active, Not Active, Not Active, Not Active, Not Active
2026/09/03 01:03:37.106, 18041 MiB, 55, 115.31 W, 2895 MHz, 13801 MHz, Not Active, Not Active, Not Active, Not Active, Not Active
2026/09/03 01:03:37.306, 18041 MiB, 55, 115.89 W, 2895 MHz, 13801 MHz, Not Active, Not Active, Not Active, Not Active, Not Active
2026/09/03 01:03:37.506, 18041 MiB, 55, 115.89 W, 2895 MHz, 13801 MHz, Not Active, Not Active, Not Active, Not Active, Not Active
2026/09/03 01:03:37.706, 18043 MiB, 55, 115.78 W, 2895 MHz, 13801 MHz, Not Active, Not Active, Not Active, Not Active, Not Active
2026/09/03 01:03:37.906, 18043 MiB, 55, 115.78 W, 2895 MHz, 13801 MHz, Not Active, Not Active, Not Active, Not Active, Not Active
2026/09/03 01:03:38.107, 18043 MiB, 55, 115.78 W, 2895 MHz, 13801 MHz, Not Active, Not Active, Not Active, Not Active, Not Active
2026/09/03 01:03:38.307, 18043 MiB, 54, 114.04 W, 2895 MHz, 13801 MHz, Not Active, Not Active, Not Active, Not Active, Not Active
2026/09/03 01:03:38.507, 18043 MiB, 54, 114.04 W, 2895 MHz, 13801 MHz, Not Active, Not Active, Not Active, Not Active, Not Active
2026/09/03 01:03:38.707, 18043 MiB, 55, 113.11 W, 2895 MHz, 13801 MHz, Not Active, Not Active, Not Active, Not Active, Not Active
2026/09/03 01:03:38.907, 18043 MiB, 55, 113.11 W, 2895 MHz, 13801 MHz, Not Active, Not Active, Not Active, Not Active, Not Active
2026/09/03 01:03:39.108, 18043 MiB, 55, 113.11 W, 2895 MHz, 13801 MHz, Not Active, Not Active, Not Active, Not Active, Not Active
2026/09/03 01:03:39.308, 18045 MiB, 55, 114.05 W, 2895 MHz, 13801 MHz, Not Active, Not Active, Not Active, Not Active, Not Active
2026/09/03 01:03:39.508, 18047 MiB, 55, 114.05 W, 2895 MHz, 13801 MHz, Not Active, Not Active, Not Active, Not Active, Not Active
2026/09/03 01:03:39.709, 18047 MiB, 55, 115.79 W, 2895 MHz, 13801 MHz, Not Active, Not Active, Not Active, Not Active, Not Active
2026/09/03 01:03:39.909, 18049 MiB, 55, 115.79 W, 2895 MHz, 13801 MHz, Not Active, Not Active, Not Active, Not Active, Not Active
2026/09/03 01:03:40.109, 18049 MiB, 55, 115.79 W, 2895 MHz, 13801 MHz, Not Active, Not Active, Not Active, Not Active, Not Active
2026/09/03 01:03:40.309, 18049 MiB, 54, 115.87 W, 2895 MHz, 13801 MHz, Not Active, Not Active, Not Active, Not Active, Not Active
2026/09/03 01:03:40.509, 18049 MiB, 54, 115.87 W, 2895 MHz, 13801 MHz, Not Active, Not Active, Not Active, Not Active, Not Active
2026/09/03 01:03:40.710, 18051 MiB, 54, 115.78 W, 2895 MHz, 13801 MHz, Not Active, Not Active, Not Active, Not Active, Not Active
2026/09/03 01:03:40.910, 18051 MiB, 54, 115.78 W, 2895 MHz, 13801 MHz, Not Active, Not Active, Not Active, Not Active, Not Active
2026/09/03 01:03:41.110, 18051 MiB, 54, 115.78 W, 2895 MHz, 13801 MHz, Not Active, Not Active, Not Active, Not Active, Not Active
2026/09/03 01:03:41.310, 18051 MiB, 54, 113.72 W, 2895 MHz, 13801 MHz, Not Active, Not Active, Not Active, Not Active, Not Active
2026/09/03 01:03:41.511, 18051 MiB, 54, 113.72 W, 2895 MHz, 13801 MHz, Not Active, Not Active, Not Active, Not Active, Not Active
2026/09/03 01:03:41.711, 18051 MiB, 54, 113.79 W, 2895 MHz, 13801 MHz, Not Active, Not Active, Not Active, Not Active, Not Active
2026/09/03 01:03:41.911, 18051 MiB, 54, 113.79 W, 2895 MHz, 13801 MHz, Not Active, Not Active, Not Active, Not Active, Not Active
2026/09/03 01:03:42.111, 18051 MiB, 54, 113.79 W, 2895 MHz, 13801 MHz, Not Active, Not Active, Not Active, Not Active, Not Active
2026/09/03 01:03:42.312, 18051 MiB, 54, 115.92 W, 2895 MHz, 13801 MHz, Not Active, Not Active, Not Active, Not Active, Not Active
2026/09/03 01:03:42.512, 18053 MiB, 54, 115.92 W, 2895 MHz, 13801 MHz, Not Active, Not Active, Not Active, Not Active, Not Active
2026/09/03 01:03:42.712, 18053 MiB, 54, 115.65 W, 2895 MHz, 13801 MHz, Not Active, Not Active, Not Active, Not Active, Not Active
2026/09/03 01:03:42.912, 18053 MiB, 54, 115.65 W, 2895 MHz, 13801 MHz, Not Active, Not Active, Not Active, Not Active, Not Active
2026/09/03 01:03:43.113, 18055 MiB, 54, 115.65 W, 2895 MHz, 13801 MHz, Not Active, Not Active, Not Active, Not Active, Not Active
2026/09/03 01:03:43.313, 18055 MiB, 54, 115.62 W, 2895 MHz, 13801 MHz, Not Active, Not Active, Not Active, Not Active, Not Active
2026/09/03 01:03:43.513, 18055 MiB, 54, 115.62 W, 2895 MHz, 13801 MHz, Not Active, Not Active, Not Active, Not Active, Not Active
2026/09/03 01:03:43.713, 18055 MiB, 54, 113.42 W, 2835 MHz, 13801 MHz, Not Active, Not Active, Not Active, Not Active, Not Active
2026/09/03 01:03:43.914, 18055 MiB, 54, 113.42 W, 2835 MHz, 13801 MHz, Not Active, Not Active, Not Active, Not Active, Not Active
2026/09/03 01:03:44.114, 18055 MiB, 54, 113.42 W, 2835 MHz, 13801 MHz, Not Active, Not Active, Not Active, Not Active, Not Active
2026/09/03 01:03:44.314, 18055 MiB, 54, 113.62 W, 2895 MHz, 13801 MHz, Not Active, Not Active, Not Active, Not Active, Not Active
2026/09/03 01:03:44.514, 18057 MiB, 54, 113.62 W, 2895 MHz, 13801 MHz, Not Active, Not Active, Not Active, Not Active, Not Active
2026/09/03 01:03:44.715, 18057 MiB, 54, 115.26 W, 2895 MHz, 13801 MHz, Not Active, Not Active, Not Active, Not Active, Not Active
2026/09/03 01:03:44.915, 18059 MiB, 54, 115.26 W, 2895 MHz, 13801 MHz, Not Active, Not Active, Not Active, Not Active, Not Active
2026/09/03 01:03:45.115, 18059 MiB, 54, 115.26 W, 2895 MHz, 13801 MHz, Not Active, Not Active, Not Active, Not Active, Not Active
2026/09/03 01:03:45.315, 18061 MiB, 53, 115.67 W, 2895 MHz, 13801 MHz, Not Active, Not Active, Not Active, Not Active, Not Active
2026/09/03 01:03:45.516, 18061 MiB, 53, 115.67 W, 2895 MHz, 13801 MHz, Not Active, Not Active, Not Active, Not Active, Not Active
2026/09/03 01:03:45.716, 18063 MiB, 53, 115.32 W, 2895 MHz, 13801 MHz, Not Active, Not Active, Not Active, Not Active, Not Active
2026/09/03 01:03:45.916, 18063 MiB, 53, 115.32 W, 2895 MHz, 13801 MHz, Not Active, Not Active, Not Active, Not Active, Not Active
2026/09/03 01:03:46.116, 18063 MiB, 53, 115.32 W, 2895 MHz, 13801 MHz, Not Active, Not Active, Not Active, Not Active, Not Active
2026/09/03 01:03:46.317, 18063 MiB, 53, 113.46 W, 2827 MHz, 13801 MHz, Not Active, Not Active, Not Active, Not Active, Not Active
2026/09/03 01:03:46.517, 18063 MiB, 53, 113.46 W, 2827 MHz, 13801 MHz, Not Active, Not Active, Not Active, Not Active, Not Active
2026/09/03 01:03:46.717, 18063 MiB, 53, 112.49 W, 2895 MHz, 13801 MHz, Not Active, Not Active, Not Active, Not Active, Not Active
2026/09/03 01:03:46.917, 18063 MiB, 53, 112.49 W, 2895 MHz, 13801 MHz, Not Active, Not Active, Not Active, Not Active, Not Active
2026/09/03 01:03:47.118, 18063 MiB, 53, 112.49 W, 2895 MHz, 13801 MHz, Not Active, Not Active, Not Active, Not Active, Not Active
2026/09/03 01:03:47.318, 18065 MiB, 53, 114.37 W, 2895 MHz, 13801 MHz, Not Active, Not Active, Not Active, Not Active, Not Active
2026/09/03 01:03:47.518, 18065 MiB, 53, 114.37 W, 2895 MHz, 13801 MHz, Not Active, Not Active, Not Active, Not Active, Not Active
2026/09/03 01:03:47.718, 18067 MiB, 53, 115.29 W, 2895 MHz, 13801 MHz, Not Active, Not Active, Not Active, Not Active, Not Active
2026/09/03 01:03:47.919, 18067 MiB, 53, 115.29 W, 2895 MHz, 13801 MHz, Not Active, Not Active, Not Active, Not Active, Not Active
2026/09/03 01:03:48.119, 18067 MiB, 53, 115.29 W, 2895 MHz, 13801 MHz, Not Active, Not Active, Not Active, Not Active, Not Active
2026/09/03 01:03:48.319, 18069 MiB, 53, 115.22 W, 2895 MHz, 13801 MHz, Not Active, Not Active, Not Active, Not Active, Not Active
2026/09/03 01:03:48.519, 18069 MiB, 53, 115.22 W, 2895 MHz, 13801 MHz, Not Active, Not Active, Not Active, Not Active, Not Active
2026/09/03 01:03:48.719, 18069 MiB, 53, 114.85 W, 2895 MHz, 13801 MHz, Not Active, Not Active, Not Active, Not Active, Not Active
2026/09/03 01:03:48.920, 18069 MiB, 53, 114.85 W, 2895 MHz, 13801 MHz, Not Active, Not Active, Not Active, Not Active, Not Active
2026/09/03 01:03:49.120, 18069 MiB, 53, 114.85 W, 2895 MHz, 13801 MHz, Not Active, Not Active, Not Active, Not Active, Not Active
2026/09/03 01:03:49.320, 18069 MiB, 53, 112.38 W, 2910 MHz, 13801 MHz, Not Active, Not Active, Not Active, Not Active, Not Active
2026/09/03 01:03:49.520, 18069 MiB, 53, 112.38 W, 2910 MHz, 13801 MHz, Not Active, Not Active, Not Active, Not Active, Not Active
2026/09/03 01:03:49.721, 18069 MiB, 52, 112.67 W, 2910 MHz, 13801 MHz, Not Active, Not Active, Not Active, Not Active, Not Active
2026/09/03 01:03:49.921, 18071 MiB, 52, 112.67 W, 2910 MHz, 13801 MHz, Not Active, Not Active, Not Active, Not Active, Not Active
2026/09/03 01:03:50.121, 18071 MiB, 52, 112.67 W, 2910 MHz, 13801 MHz, Not Active, Not Active, Not Active, Not Active, Not Active
2026/09/03 01:03:50.321, 18073 MiB, 53, 115.49 W, 2910 MHz, 13801 MHz, Not Active, Not Active, Not Active, Not Active, Not Active
2026/09/03 01:03:50.522, 18073 MiB, 53, 115.49 W, 2910 MHz, 13801 MHz, Not Active, Not Active, Not Active, Not Active, Not Active
2026/09/03 01:03:50.722, 18075 MiB, 52, 115.31 W, 2910 MHz, 13801 MHz, Not Active, Not Active, Not Active, Not Active, Not Active
2026/09/03 01:03:50.922, 18075 MiB, 52, 115.31 W, 2910 MHz, 13801 MHz, Not Active, Not Active, Not Active, Not Active, Not Active
2026/09/03 01:03:51.122, 18075 MiB, 52, 115.31 W, 2910 MHz, 13801 MHz, Not Active, Not Active, Not Active, Not Active, Not Active
2026/09/03 01:03:51.322, 18077 MiB, 52, 115.02 W, 2910 MHz, 13801 MHz, Not Active, Not Active, Not Active, Not Active, Not Active
2026/09/03 01:03:51.523, 18077 MiB, 52, 115.02 W, 2910 MHz, 13801 MHz, Not Active, Not Active, Not Active, Not Active, Not Active
2026/09/03 01:03:51.723, 18077 MiB, 52, 112.82 W, 2842 MHz, 13801 MHz, Not Active, Not Active, Not Active, Not Active, Not Active
2026/09/03 01:03:51.923, 18077 MiB, 52, 112.82 W, 2842 MHz, 13801 MHz, Not Active, Not Active, Not Active, Not Active, Not Active
2026/09/03 01:03:52.123, 18077 MiB, 52, 112.82 W, 2842 MHz, 13801 MHz, Not Active, Not Active, Not Active, Not Active, Not Active
2026/09/03 01:03:52.324, 18077 MiB, 52, 112.44 W, 2910 MHz, 13801 MHz, Not Active, Not Active, Not Active, Not Active, Not Active
2026/09/03 01:03:52.524, 18077 MiB, 52, 112.44 W, 2910 MHz, 13801 MHz, Not Active, Not Active, Not Active, Not Active, Not Active
2026/09/03 01:03:52.724, 18077 MiB, 52, 113.70 W, 2910 MHz, 13801 MHz, Not Active, Not Active, Not Active, Not Active, Not Active
2026/09/03 01:03:52.924, 18077 MiB, 52, 113.70 W, 2910 MHz, 13801 MHz, Not Active, Not Active, Not Active, Not Active, Not Active
2026/09/03 01:03:53.124, 18079 MiB, 52, 113.70 W, 2910 MHz, 13801 MHz, Not Active, Not Active, Not Active, Not Active, Not Active
2026/09/03 01:03:53.325, 18079 MiB, 52, 114.13 W, 2910 MHz, 13801 MHz, Not Active, Not Active, Not Active, Not Active, Not Active
2026/09/03 01:03:53.525, 18081 MiB, 52, 114.13 W, 2910 MHz, 13801 MHz, Not Active, Not Active, Not Active, Not Active, Not Active
2026/09/03 01:03:53.725, 18081 MiB, 52, 114.07 W, 2910 MHz, 13801 MHz, Not Active, Not Active, Not Active, Not Active, Not Active
2026/09/03 01:03:53.925, 18081 MiB, 52, 114.07 W, 2910 MHz, 13801 MHz, Not Active, Not Active, Not Active, Not Active, Not Active
2026/09/03 01:03:54.126, 18081 MiB, 52, 114.07 W, 2910 MHz, 13801 MHz, Not Active, Not Active, Not Active, Not Active, Not Active
2026/09/03 01:03:54.326, 18081 MiB, 52, 112.19 W, 2842 MHz, 13801 MHz, Not Active, Not Active, Not Active, Not Active, Not Active
2026/09/03 01:03:54.526, 18081 MiB, 52, 112.19 W, 2842 MHz, 13801 MHz, Not Active, Not Active, Not Active, Not Active, Not Active
2026/09/03 01:03:54.727, 18081 MiB, 52, 111.02 W, 2910 MHz, 13801 MHz, Not Active, Not Active, Not Active, Not Active, Not Active
2026/09/03 01:03:54.927, 18081 MiB, 52, 111.02 W, 2910 MHz, 13801 MHz, Not Active, Not Active, Not Active, Not Active, Not Active
2026/09/03 01:03:55.127, 18083 MiB, 52, 111.02 W, 2910 MHz, 13801 MHz, Not Active, Not Active, Not Active, Not Active, Not Active
2026/09/03 01:03:55.327, 18083 MiB, 52, 112.62 W, 2910 MHz, 13801 MHz, Not Active, Not Active, Not Active, Not Active, Not Active
2026/09/03 01:03:55.528, 18085 MiB, 52, 112.62 W, 2910 MHz, 13801 MHz, Not Active, Not Active, Not Active, Not Active, Not Active
2026/09/03 01:03:55.728, 18085 MiB, 51, 113.83 W, 2910 MHz, 13801 MHz, Not Active, Not Active, Not Active, Not Active, Not Active
2026/09/03 01:03:55.928, 18087 MiB, 51, 113.83 W, 2910 MHz, 13801 MHz, Not Active, Not Active, Not Active, Not Active, Not Active
2026/09/03 01:03:56.128, 18087 MiB, 51, 113.83 W, 2910 MHz, 13801 MHz, Not Active, Not Active, Not Active, Not Active, Not Active
2026/09/03 01:03:56.329, 18089 MiB, 51, 113.71 W, 2910 MHz, 13801 MHz, Not Active, Not Active, Not Active, Not Active, Not Active
2026/09/03 01:03:56.529, 18089 MiB, 51, 113.71 W, 2910 MHz, 13801 MHz, Not Active, Not Active, Not Active, Not Active, Not Active
2026/09/03 01:03:56.729, 18089 MiB, 51, 113.91 W, 2910 MHz, 13801 MHz, Not Active, Not Active, Not Active, Not Active, Not Active
2026/09/03 01:03:56.929, 18089 MiB, 51, 113.91 W, 2910 MHz, 13801 MHz, Not Active, Not Active, Not Active, Not Active, Not Active
2026/09/03 01:03:57.129, 18089 MiB, 51, 113.91 W, 2910 MHz, 13801 MHz, Not Active, Not Active, Not Active, Not Active, Not Active
2026/09/03 01:03:57.330, 18089 MiB, 51, 110.98 W, 2910 MHz, 13801 MHz, Not Active, Not Active, Not Active, Not Active, Not Active
2026/09/03 01:03:57.530, 18089 MiB, 51, 110.98 W, 2910 MHz, 13801 MHz, Not Active, Not Active, Not Active, Not Active, Not Active
2026/09/03 01:03:57.730, 18089 MiB, 51, 111.00 W, 2910 MHz, 13801 MHz, Not Active, Not Active, Not Active, Not Active, Not Active
2026/09/03 01:03:57.931, 18091 MiB, 51, 111.00 W, 2910 MHz, 13801 MHz, Not Active, Not Active, Not Active, Not Active, Not Active
2026/09/03 01:03:58.131, 18091 MiB, 51, 111.00 W, 2910 MHz, 13801 MHz, Not Active, Not Active, Not Active, Not Active, Not Active
2026/09/03 01:03:58.331, 18093 MiB, 51, 113.30 W, 2910 MHz, 13801 MHz, Not Active, Not Active, Not Active, Not Active, Not Active
2026/09/03 01:03:58.531, 18093 MiB, 51, 113.30 W, 2910 MHz, 13801 MHz, Not Active, Not Active, Not Active, Not Active, Not Active
2026/09/03 01:03:58.732, 18093 MiB, 51, 113.53 W, 2910 MHz, 13801 MHz, Not Active, Not Active, Not Active, Not Active, Not Active
2026/09/03 01:03:58.932, 18095 MiB, 51, 113.53 W, 2910 MHz, 13801 MHz, Not Active, Not Active, Not Active, Not Active, Not Active
2026/09/03 01:03:59.132, 18095 MiB, 51, 113.53 W, 2910 MHz, 13801 MHz, Not Active, Not Active, Not Active, Not Active, Not Active
2026/09/03 01:03:59.332, 18095 MiB, 51, 113.38 W, 2910 MHz, 13801 MHz, Not Active, Not Active, Not Active, Not Active, Not Active
2026/09/03 01:03:59.532, 18095 MiB, 51, 113.38 W, 2910 MHz, 13801 MHz, Not Active, Not Active, Not Active, Not Active, Not Active
2026/09/03 01:03:59.733, 18095 MiB, 51, 111.19 W, 2842 MHz, 13801 MHz, Not Active, Not Active, Not Active, Not Active, Not Active
2026/09/03 01:03:59.933, 18095 MiB, 51, 111.19 W, 2842 MHz, 13801 MHz, Not Active, Not Active, Not Active, Not Active, Not Active
2026/09/03 01:04:00.133, 18095 MiB, 51, 111.19 W, 2842 MHz, 13801 MHz, Not Active, Not Active, Not Active, Not Active, Not Active
2026/09/03 01:04:00.333, 18095 MiB, 51, 110.72 W, 2910 MHz, 13801 MHz, Not Active, Not Active, Not Active, Not Active, Not Active
2026/09/03 01:04:00.533, 18097 MiB, 51, 110.72 W, 2910 MHz, 13801 MHz, Not Active, Not Active, Not Active, Not Active, Not Active
2026/09/03 01:04:00.734, 18097 MiB, 51, 113.14 W, 2910 MHz, 13801 MHz, Not Active, Not Active, Not Active, Not Active, Not Active
2026/09/03 01:04:00.934, 18099 MiB, 51, 113.14 W, 2910 MHz, 13801 MHz, Not Active, Not Active, Not Active, Not Active, Not Active
2026/09/03 01:04:01.134, 18099 MiB, 51, 113.14 W, 2910 MHz, 13801 MHz, Not Active, Not Active, Not Active, Not Active, Not Active
2026/09/03 01:04:01.334, 18101 MiB, 50, 113.18 W, 2910 MHz, 13801 MHz, Not Active, Not Active, Not Active, Not Active, Not Active
2026/09/03 01:04:01.534, 18101 MiB, 50, 113.18 W, 2910 MHz, 13801 MHz, Not Active, Not Active, Not Active, Not Active, Not Active
2026/09/03 01:04:01.735, 18101 MiB, 51, 113.23 W, 2910 MHz, 13801 MHz, Not Active, Not Active, Not Active, Not Active, Not Active
2026/09/03 01:04:01.935, 18103 MiB, 51, 113.23 W, 2910 MHz, 13801 MHz, Not Active, Not Active, Not Active, Not Active, Not Active
2026/09/03 01:04:02.135, 18103 MiB, 51, 113.23 W, 2910 MHz, 13801 MHz, Not Active, Not Active, Not Active, Not Active, Not Active
2026/09/03 01:04:02.335, 18103 MiB, 50, 111.57 W, 2850 MHz, 13801 MHz, Not Active, Not Active, Not Active, Not Active, Not Active
2026/09/03 01:04:02.536, 18103 MiB, 50, 111.57 W, 2850 MHz, 13801 MHz, Not Active, Not Active, Not Active, Not Active, Not Active
2026/09/03 01:04:02.736, 18103 MiB, 50, 110.46 W, 2910 MHz, 13801 MHz, Not Active, Not Active, Not Active, Not Active, Not Active
2026/09/03 01:04:02.936, 18103 MiB, 50, 110.46 W, 2910 MHz, 13801 MHz, Not Active, Not Active, Not Active, Not Active, Not Active
2026/09/03 01:04:03.136, 18103 MiB, 50, 110.46 W, 2910 MHz, 13801 MHz, Not Active, Not Active, Not Active, Not Active, Not Active
2026/09/03 01:04:03.336, 18103 MiB, 50, 112.21 W, 2910 MHz, 13801 MHz, Not Active, Not Active, Not Active, Not Active, Not Active
2026/09/03 01:04:03.537, 18105 MiB, 50, 112.21 W, 2910 MHz, 13801 MHz, Not Active, Not Active, Not Active, Not Active, Not Active
2026/09/03 01:04:03.737, 18105 MiB, 50, 113.21 W, 2910 MHz, 13801 MHz, Not Active, Not Active, Not Active, Not Active, Not Active
2026/09/03 01:04:03.937, 18107 MiB, 50, 113.21 W, 2910 MHz, 13801 MHz, Not Active, Not Active, Not Active, Not Active, Not Active
2026/09/03 01:04:04.138, 18109 MiB, 50, 113.21 W, 2910 MHz, 13801 MHz, Not Active, Not Active, Not Active, Not Active, Not Active
2026/09/03 01:04:04.338, 18109 MiB, 50, 112.58 W, 2910 MHz, 13801 MHz, Not Active, Not Active, Not Active, Not Active, Not Active
2026/09/03 01:04:04.538, 18109 MiB, 50, 112.58 W, 2910 MHz, 13801 MHz, Not Active, Not Active, Not Active, Not Active, Not Active
2026/09/03 01:04:04.738, 18109 MiB, 50, 112.43 W, 2910 MHz, 13801 MHz, Not Active, Not Active, Not Active, Not Active, Not Active
2026/09/03 01:04:04.939, 18109 MiB, 50, 112.43 W, 2910 MHz, 13801 MHz, Not Active, Not Active, Not Active, Not Active, Not Active
2026/09/03 01:04:05.139, 18109 MiB, 50, 112.43 W, 2910 MHz, 13801 MHz, Not Active, Not Active, Not Active, Not Active, Not Active
2026/09/03 01:04:05.339, 18109 MiB, 50, 109.98 W, 2910 MHz, 13801 MHz, Not Active, Not Active, Not Active, Not Active, Not Active
2026/09/03 01:04:05.539, 18109 MiB, 50, 109.98 W, 2910 MHz, 13801 MHz, Not Active, Not Active, Not Active, Not Active, Not Active
2026/09/03 01:04:05.739, 18109 MiB, 50, 109.94 W, 2910 MHz, 13801 MHz, Not Active, Not Active, Not Active, Not Active, Not Active
2026/09/03 01:04:05.939, 18109 MiB, 50, 109.94 W, 2910 MHz, 13801 MHz, Not Active, Not Active, Not Active, Not Active, Not Active
2026/09/03 01:04:06.140, 18111 MiB, 50, 109.94 W, 2910 MHz, 13801 MHz, Not Active, Not Active, Not Active, Not Active, Not Active
2026/09/03 01:04:06.340, 18111 MiB, 50, 112.55 W, 2910 MHz, 13801 MHz, Not Active, Not Active, Not Active, Not Active, Not Active
2026/09/03 01:04:06.540, 18113 MiB, 50, 112.55 W, 2910 MHz, 13801 MHz, Not Active, Not Active, Not Active, Not Active, Not Active
2026/09/03 01:04:06.740, 18115 MiB, 50, 111.80 W, 2910 MHz, 13801 MHz, Not Active, Not Active, Not Active, Not Active, Not Active
2026/09/03 01:04:06.941, 18115 MiB, 50, 111.80 W, 2910 MHz, 13801 MHz, Not Active, Not Active, Not Active, Not Active, Not Active
2026/09/03 01:04:07.141, 18115 MiB, 50, 111.80 W, 2910 MHz, 13801 MHz, Not Active, Not Active, Not Active, Not Active, Not Active
2026/09/03 01:04:07.341, 18115 MiB, 50, 111.88 W, 2910 MHz, 13801 MHz, Not Active, Not Active, Not Active, Not Active, Not Active
2026/09/03 01:04:07.542, 18115 MiB, 50, 111.88 W, 2910 MHz, 13801 MHz, Not Active, Not Active, Not Active, Not Active, Not Active
2026/09/03 01:04:07.742, 18115 MiB, 49, 110.29 W, 2842 MHz, 13801 MHz, Not Active, Not Active, Not Active, Not Active, Not Active
2026/09/03 01:04:07.942, 18115 MiB, 49, 110.29 W, 2842 MHz, 13801 MHz, Not Active, Not Active, Not Active, Not Active, Not Active
2026/09/03 01:04:08.142, 18115 MiB, 49, 110.29 W, 2842 MHz, 13801 MHz, Not Active, Not Active, Not Active, Not Active, Not Active
2026/09/03 01:04:08.343, 18115 MiB, 50, 109.63 W, 2910 MHz, 13801 MHz, Not Active, Not Active, Not Active, Not Active, Not Active
2026/09/03 01:04:08.543, 18115 MiB, 50, 109.63 W, 2910 MHz, 13801 MHz, Not Active, Not Active, Not Active, Not Active, Not Active
2026/09/03 01:04:08.743, 18117 MiB, 49, 111.08 W, 2910 MHz, 13801 MHz, Not Active, Not Active, Not Active, Not Active, Not Active
2026/09/03 01:04:08.943, 18117 MiB, 49, 111.08 W, 2910 MHz, 13801 MHz, Not Active, Not Active, Not Active, Not Active, Not Active
2026/09/03 01:04:09.144, 18119 MiB, 49, 111.08 W, 2910 MHz, 13801 MHz, Not Active, Not Active, Not Active, Not Active, Not Active
2026/09/03 01:04:09.344, 18119 MiB, 50, 112.14 W, 2910 MHz, 13801 MHz, Not Active, Not Active, Not Active, Not Active, Not Active
2026/09/03 01:04:09.544, 18121 MiB, 50, 112.14 W, 2910 MHz, 13801 MHz, Not Active, Not Active, Not Active, Not Active, Not Active
2026/09/03 01:04:09.744, 18123 MiB, 49, 111.84 W, 2910 MHz, 13801 MHz, Not Active, Not Active, Not Active, Not Active, Not Active
2026/09/03 01:04:09.945, 18123 MiB, 49, 111.84 W, 2910 MHz, 13801 MHz, Not Active, Not Active, Not Active, Not Active, Not Active
2026/09/03 01:04:10.145, 18123 MiB, 49, 111.84 W, 2910 MHz, 13801 MHz, Not Active, Not Active, Not Active, Not Active, Not Active
2026/09/03 01:04:10.345, 18123 MiB, 49, 110.28 W, 2910 MHz, 13801 MHz, Not Active, Not Active, Not Active, Not Active, Not Active
2026/09/03 01:04:10.545, 18123 MiB, 49, 110.28 W, 2910 MHz, 13801 MHz, Not Active, Not Active, Not Active, Not Active, Not Active
2026/09/03 01:04:10.746, 18123 MiB, 49, 109.17 W, 2910 MHz, 13801 MHz, Not Active, Not Active, Not Active, Not Active, Not Active
2026/09/03 01:04:10.946, 18123 MiB, 49, 109.17 W, 2910 MHz, 13801 MHz, Not Active, Not Active, Not Active, Not Active, Not Active
2026/09/03 01:04:11.146, 18123 MiB, 49, 109.17 W, 2910 MHz, 13801 MHz, Not Active, Not Active, Not Active, Not Active, Not Active
2026/09/03 01:04:11.346, 18123 MiB, 49, 110.76 W, 2910 MHz, 13801 MHz, Not Active, Not Active, Not Active, Not Active, Not Active
2026/09/03 01:04:11.547, 18125 MiB, 49, 110.76 W, 2910 MHz, 13801 MHz, Not Active, Not Active, Not Active, Not Active, Not Active
2026/09/03 01:04:11.747, 18125 MiB, 49, 111.73 W, 2910 MHz, 13801 MHz, Not Active, Not Active, Not Active, Not Active, Not Active
2026/09/03 01:04:11.947, 18125 MiB, 49, 111.73 W, 2910 MHz, 13801 MHz, Not Active, Not Active, Not Active, Not Active, Not Active
2026/09/03 01:04:12.147, 18127 MiB, 49, 111.73 W, 2910 MHz, 13801 MHz, Not Active, Not Active, Not Active, Not Active, Not Active
2026/09/03 01:04:12.348, 18127 MiB, 49, 111.59 W, 2910 MHz, 13801 MHz, Not Active, Not Active, Not Active, Not Active, Not Active
2026/09/03 01:04:12.548, 18127 MiB, 49, 111.59 W, 2910 MHz, 13801 MHz, Not Active, Not Active, Not Active, Not Active, Not Active
2026/09/03 01:04:12.748, 18129 MiB, 49, 111.70 W, 2910 MHz, 13801 MHz, Not Active, Not Active, Not Active, Not Active, Not Active
2026/09/03 01:04:12.948, 18129 MiB, 49, 111.70 W, 2910 MHz, 13801 MHz, Not Active, Not Active, Not Active, Not Active, Not Active
2026/09/03 01:04:13.148, 18129 MiB, 49, 111.70 W, 2910 MHz, 13801 MHz, Not Active, Not Active, Not Active, Not Active, Not Active
2026/09/03 01:04:13.349, 18129 MiB, 49, 109.30 W, 2842 MHz, 13801 MHz, Not Active, Not Active, Not Active, Not Active, Not Active
2026/09/03 01:04:13.549, 18129 MiB, 49, 109.30 W, 2842 MHz, 13801 MHz, Not Active, Not Active, Not Active, Not Active, Not Active
2026/09/03 01:04:13.749, 18129 MiB, 49, 108.76 W, 2910 MHz, 13801 MHz, Not Active, Not Active, Not Active, Not Active, Not Active
2026/09/03 01:04:13.949, 18129 MiB, 49, 108.76 W, 2910 MHz, 13801 MHz, Not Active, Not Active, Not Active, Not Active, Not Active
2026/09/03 01:04:14.150, 18131 MiB, 49, 108.76 W, 2910 MHz, 13801 MHz, Not Active, Not Active, Not Active, Not Active, Not Active
2026/09/03 01:04:14.350, 18131 MiB, 49, 110.81 W, 2910 MHz, 13801 MHz, Not Active, Not Active, Not Active, Not Active, Not Active
2026/09/03 01:04:14.550, 18131 MiB, 49, 110.81 W, 2910 MHz, 13801 MHz, Not Active, Not Active, Not Active, Not Active, Not Active
2026/09/03 01:04:14.750, 18133 MiB, 49, 111.40 W, 2910 MHz, 13801 MHz, Not Active, Not Active, Not Active, Not Active, Not Active
2026/09/03 01:04:14.950, 18133 MiB, 49, 111.40 W, 2910 MHz, 13801 MHz, Not Active, Not Active, Not Active, Not Active, Not Active
2026/09/03 01:04:15.151, 18135 MiB, 49, 111.40 W, 2910 MHz, 13801 MHz, Not Active, Not Active, Not Active, Not Active, Not Active
2026/09/03 01:04:15.351, 18135 MiB, 49, 111.53 W, 2910 MHz, 13801 MHz, Not Active, Not Active, Not Active, Not Active, Not Active
2026/09/03 01:04:15.551, 18135 MiB, 49, 111.53 W, 2910 MHz, 13801 MHz, Not Active, Not Active, Not Active, Not Active, Not Active
2026/09/03 01:04:15.751, 18135 MiB, 49, 110.06 W, 2850 MHz, 13801 MHz, Not Active, Not Active, Not Active, Not Active, Not Active
2026/09/03 01:04:15.952, 18135 MiB, 49, 110.06 W, 2850 MHz, 13801 MHz, Not Active, Not Active, Not Active, Not Active, Not Active
2026/09/03 01:04:16.152, 18135 MiB, 49, 110.06 W, 2850 MHz, 13801 MHz, Not Active, Not Active, Not Active, Not Active, Not Active
2026/09/03 01:04:16.352, 18135 MiB, 49, 108.74 W, 2910 MHz, 13801 MHz, Not Active, Not Active, Not Active, Not Active, Not Active
2026/09/03 01:04:16.552, 18135 MiB, 49, 108.74 W, 2910 MHz, 13801 MHz, Not Active, Not Active, Not Active, Not Active, Not Active
2026/09/03 01:04:16.752, 18135 MiB, 48, 109.86 W, 2910 MHz, 13801 MHz, Not Active, Not Active, Not Active, Not Active, Not Active
2026/09/03 01:04:16.953, 18137 MiB, 48, 109.86 W, 2910 MHz, 13801 MHz, Not Active, Not Active, Not Active, Not Active, Not Active
2026/09/03 01:04:17.153, 18139 MiB, 48, 109.86 W, 2910 MHz, 13801 MHz, Not Active, Not Active, Not Active, Not Active, Not Active
2026/09/03 01:04:17.353, 18139 MiB, 48, 111.63 W, 2910 MHz, 13801 MHz, Not Active, Not Active, Not Active, Not Active, Not Active
2026/09/03 01:04:17.553, 18139 MiB, 48, 111.63 W, 2910 MHz, 13801 MHz, Not Active, Not Active, Not Active, Not Active, Not Active
2026/09/03 01:04:17.754, 18141 MiB, 48, 111.13 W, 2910 MHz, 13801 MHz, Not Active, Not Active, Not Active, Not Active, Not Active
2026/09/03 01:04:17.954, 18141 MiB, 48, 111.13 W, 2910 MHz, 13801 MHz, Not Active, Not Active, Not Active, Not Active, Not Active
2026/09/03 01:04:18.154, 18141 MiB, 48, 111.13 W, 2910 MHz, 13801 MHz, Not Active, Not Active, Not Active, Not Active, Not Active
2026/09/03 01:04:18.354, 18141 MiB, 49, 110.97 W, 2910 MHz, 13801 MHz, Not Active, Not Active, Not Active, Not Active, Not Active
2026/09/03 01:04:18.555, 18141 MiB, 49, 110.97 W, 2910 MHz, 13801 MHz, Not Active, Not Active, Not Active, Not Active, Not Active
2026/09/03 01:04:18.755, 18141 MiB, 48, 107.67 W, 2857 MHz, 13801 MHz, Not Active, Not Active, Not Active, Not Active, Not Active
2026/09/03 01:04:18.955, 18141 MiB, 48, 107.67 W, 2857 MHz, 13801 MHz, Not Active, Not Active, Not Active, Not Active, Not Active
2026/09/03 01:04:19.156, 18141 MiB, 48, 107.67 W, 2857 MHz, 13801 MHz, Not Active, Not Active, Not Active, Not Active, Not Active
2026/09/03 01:04:19.356, 18143 MiB, 48, 106.72 W, 2910 MHz, 13801 MHz, Not Active, Not Active, Not Active, Not Active, Not Active
2026/09/03 01:04:19.556, 18143 MiB, 48, 106.72 W, 2910 MHz, 13801 MHz, Not Active, Not Active, Not Active, Not Active, Not Active
2026/09/03 01:04:19.756, 18145 MiB, 48, 110.54 W, 2910 MHz, 13801 MHz, Not Active, Not Active, Not Active, Not Active, Not Active
2026/09/03 01:04:19.957, 18145 MiB, 48, 110.54 W, 2910 MHz, 13801 MHz, Not Active, Not Active, Not Active, Not Active, Not Active
2026/09/03 01:04:20.157, 18145 MiB, 48, 110.54 W, 2910 MHz, 13801 MHz, Not Active, Not Active, Not Active, Not Active, Not Active
2026/09/03 01:04:20.357, 18147 MiB, 48, 110.68 W, 2910 MHz, 13801 MHz, Not Active, Not Active, Not Active, Not Active, Not Active
2026/09/03 01:04:20.557, 18147 MiB, 48, 110.68 W, 2910 MHz, 13801 MHz, Not Active, Not Active, Not Active, Not Active, Not Active
2026/09/03 01:04:20.758, 18147 MiB, 48, 110.64 W, 2910 MHz, 13801 MHz, Not Active, Not Active, Not Active, Not Active, Not Active
2026/09/03 01:04:20.958, 18149 MiB, 48, 110.64 W, 2910 MHz, 13801 MHz, Not Active, Not Active, Not Active, Not Active, Not Active
2026/09/03 01:04:21.158, 18149 MiB, 48, 110.64 W, 2910 MHz, 13801 MHz, Not Active, Not Active, Not Active, Not Active, Not Active
2026/09/03 01:04:21.358, 18149 MiB, 48, 108.93 W, 2910 MHz, 13801 MHz, Not Active, Not Active, Not Active, Not Active, Not Active
2026/09/03 01:04:21.559, 18149 MiB, 48, 108.93 W, 2910 MHz, 13801 MHz, Not Active, Not Active, Not Active, Not Active, Not Active
2026/09/03 01:04:21.759, 18149 MiB, 48, 107.96 W, 2910 MHz, 13801 MHz, Not Active, Not Active, Not Active, Not Active, Not Active
2026/09/03 01:04:21.959, 18149 MiB, 48, 107.96 W, 2910 MHz, 13801 MHz, Not Active, Not Active, Not Active, Not Active, Not Active
2026/09/03 01:04:22.159, 18149 MiB, 48, 107.96 W, 2910 MHz, 13801 MHz, Not Active, Not Active, Not Active, Not Active, Not Active
2026/09/03 01:04:22.360, 18151 MiB, 48, 109.50 W, 2910 MHz, 13801 MHz, Not Active, Not Active, Not Active, Not Active, Not Active
2026/09/03 01:04:22.560, 18151 MiB, 48, 109.50 W, 2910 MHz, 13801 MHz, Not Active, Not Active, Not Active, Not Active, Not Active
2026/09/03 01:04:22.760, 18151 MiB, 48, 110.73 W, 2910 MHz, 13801 MHz, Not Active, Not Active, Not Active, Not Active, Not Active
2026/09/03 01:04:22.960, 18153 MiB, 48, 110.73 W, 2910 MHz, 13801 MHz, Not Active, Not Active, Not Active, Not Active, Not Active
2026/09/03 01:04:23.160, 18153 MiB, 48, 110.73 W, 2910 MHz, 13801 MHz, Not Active, Not Active, Not Active, Not Active, Not Active
2026/09/03 01:04:23.361, 18155 MiB, 48, 110.31 W, 2910 MHz, 13801 MHz, Not Active, Not Active, Not Active, Not Active, Not Active
2026/09/03 01:04:23.561, 18155 MiB, 48, 110.31 W, 2910 MHz, 13801 MHz, Not Active, Not Active, Not Active, Not Active, Not Active
2026/09/03 01:04:23.761, 18155 MiB, 48, 110.44 W, 2910 MHz, 13801 MHz, Not Active, Not Active, Not Active, Not Active, Not Active
2026/09/03 01:04:23.961, 18155 MiB, 48, 110.44 W, 2910 MHz, 13801 MHz, Not Active, Not Active, Not Active, Not Active, Not Active
2026/09/03 01:04:24.162, 18155 MiB, 48, 110.44 W, 2910 MHz, 13801 MHz, Not Active, Not Active, Not Active, Not Active, Not Active
2026/09/03 01:04:24.362, 18155 MiB, 48, 108.19 W, 2857 MHz, 13801 MHz, Not Active, Not Active, Not Active, Not Active, Not Active
2026/09/03 01:04:24.562, 18155 MiB, 48, 108.19 W, 2857 MHz, 13801 MHz, Not Active, Not Active, Not Active, Not Active, Not Active
2026/09/03 01:04:24.763, 18155 MiB, 48, 108.01 W, 2910 MHz, 13801 MHz, Not Active, Not Active, Not Active, Not Active, Not Active
2026/09/03 01:04:24.963, 18155 MiB, 48, 108.01 W, 2910 MHz, 13801 MHz, Not Active, Not Active, Not Active, Not Active, Not Active
2026/09/03 01:04:25.163, 18157 MiB, 48, 108.01 W, 2910 MHz, 13801 MHz, Not Active, Not Active, Not Active, Not Active, Not Active
2026/09/03 01:04:25.363, 18159 MiB, 48, 109.96 W, 2910 MHz, 13801 MHz, Not Active, Not Active, Not Active, Not Active, Not Active
2026/09/03 01:04:25.564, 18159 MiB, 48, 109.96 W, 2910 MHz, 13801 MHz, Not Active, Not Active, Not Active, Not Active, Not Active
2026/09/03 01:04:25.764, 18159 MiB, 48, 110.47 W, 2910 MHz, 13801 MHz, Not Active, Not Active, Not Active, Not Active, Not Active
2026/09/03 01:04:25.964, 18161 MiB, 48, 110.47 W, 2910 MHz, 13801 MHz, Not Active, Not Active, Not Active, Not Active, Not Active
2026/09/03 01:04:26.164, 18161 MiB, 48, 110.47 W, 2910 MHz, 13801 MHz, Not Active, Not Active, Not Active, Not Active, Not Active
2026/09/03 01:04:26.365, 18163 MiB, 48, 110.66 W, 2910 MHz, 13801 MHz, Not Active, Not Active, Not Active, Not Active, Not Active
2026/09/03 01:04:26.565, 18163 MiB, 48, 110.66 W, 2910 MHz, 13801 MHz, Not Active, Not Active, Not Active, Not Active, Not Active
2026/09/03 01:04:26.765, 18163 MiB, 47, 108.81 W, 2887 MHz, 13801 MHz, Not Active, Not Active, Not Active, Not Active, Not Active
2026/09/03 01:04:26.965, 18163 MiB, 47, 108.81 W, 2887 MHz, 13801 MHz, Not Active, Not Active, Not Active, Not Active, Not Active
2026/09/03 01:04:27.165, 18163 MiB, 47, 108.81 W, 2887 MHz, 13801 MHz, Not Active, Not Active, Not Active, Not Active, Not Active
2026/09/03 01:04:27.366, 18163 MiB, 47, 107.41 W, 2910 MHz, 13801 MHz, Not Active, Not Active, Not Active, Not Active, Not Active
2026/09/03 01:04:27.566, 18163 MiB, 47, 107.41 W, 2910 MHz, 13801 MHz, Not Active, Not Active, Not Active, Not Active, Not Active
2026/09/03 01:04:27.766, 18163 MiB, 47, 109.05 W, 2910 MHz, 13801 MHz, Not Active, Not Active, Not Active, Not Active, Not Active
2026/09/03 01:04:27.966, 18165 MiB, 47, 109.05 W, 2910 MHz, 13801 MHz, Not Active, Not Active, Not Active, Not Active, Not Active
2026/09/03 01:04:28.166, 18165 MiB, 47, 109.05 W, 2910 MHz, 13801 MHz, Not Active, Not Active, Not Active, Not Active, Not Active
2026/09/03 01:04:28.367, 18165 MiB, 47, 110.06 W, 2910 MHz, 13801 MHz, Not Active, Not Active, Not Active, Not Active, Not Active
2026/09/03 01:04:28.567, 18167 MiB, 47, 110.06 W, 2910 MHz, 13801 MHz, Not Active, Not Active, Not Active, Not Active, Not Active
2026/09/03 01:04:28.767, 18167 MiB, 47, 109.87 W, 2910 MHz, 13801 MHz, Not Active, Not Active, Not Active, Not Active, Not Active
2026/09/03 01:04:28.967, 18167 MiB, 47, 109.87 W, 2910 MHz, 13801 MHz, Not Active, Not Active, Not Active, Not Active, Not Active
2026/09/03 01:04:29.168, 18169 MiB, 47, 109.87 W, 2910 MHz, 13801 MHz, Not Active, Not Active, Not Active, Not Active, Not Active
2026/09/03 01:04:29.368, 18169 MiB, 47, 110.24 W, 2910 MHz, 13801 MHz, Not Active, Not Active, Not Active, Not Active, Not Active
2026/09/03 01:04:29.568, 18169 MiB, 47, 110.24 W, 2910 MHz, 13801 MHz, Not Active, Not Active, Not Active, Not Active, Not Active
2026/09/03 01:04:29.768, 18169 MiB, 47, 107.81 W, 2880 MHz, 13801 MHz, Not Active, Not Active, Not Active, Not Active, Not Active
2026/09/03 01:04:29.968, 18169 MiB, 47, 107.81 W, 2880 MHz, 13801 MHz, Not Active, Not Active, Not Active, Not Active, Not Active
2026/09/03 01:04:30.169, 18169 MiB, 47, 107.81 W, 2880 MHz, 13801 MHz, Not Active, Not Active, Not Active, Not Active, Not Active
2026/09/03 01:04:30.369, 18169 MiB, 47, 107.74 W, 2910 MHz, 13801 MHz, Not Active, Not Active, Not Active, Not Active, Not Active
2026/09/03 01:04:30.569, 18169 MiB, 47, 107.74 W, 2910 MHz, 13801 MHz, Not Active, Not Active, Not Active, Not Active, Not Active
2026/09/03 01:04:30.769, 18171 MiB, 47, 109.44 W, 2910 MHz, 13801 MHz, Not Active, Not Active, Not Active, Not Active, Not Active
2026/09/03 01:04:30.970, 18171 MiB, 47, 109.44 W, 2910 MHz, 13801 MHz, Not Active, Not Active, Not Active, Not Active, Not Active
2026/09/03 01:04:31.170, 18173 MiB, 47, 109.44 W, 2910 MHz, 13801 MHz, Not Active, Not Active, Not Active, Not Active, Not Active
2026/09/03 01:04:31.370, 18173 MiB, 47, 109.89 W, 2910 MHz, 13801 MHz, Not Active, Not Active, Not Active, Not Active, Not Active
2026/09/03 01:04:31.570, 18173 MiB, 47, 109.89 W, 2910 MHz, 13801 MHz, Not Active, Not Active, Not Active, Not Active, Not Active
2026/09/03 01:04:31.771, 18173 MiB, 47, 109.85 W, 2910 MHz, 13801 MHz, Not Active, Not Active, Not Active, Not Active, Not Active
2026/09/03 01:04:31.971, 18175 MiB, 47, 109.85 W, 2910 MHz, 13801 MHz, Not Active, Not Active, Not Active, Not Active, Not Active
2026/09/03 01:04:32.171, 18175 MiB, 47, 109.85 W, 2910 MHz, 13801 MHz, Not Active, Not Active, Not Active, Not Active, Not Active
2026/09/03 01:04:32.372, 18175 MiB, 47, 108.55 W, 2872 MHz, 13801 MHz, Not Active, Not Active, Not Active, Not Active, Not Active
2026/09/03 01:04:32.572, 18175 MiB, 47, 108.55 W, 2872 MHz, 13801 MHz, Not Active, Not Active, Not Active, Not Active, Not Active
2026/09/03 01:04:32.772, 18175 MiB, 47, 107.55 W, 2910 MHz, 13801 MHz, Not Active, Not Active, Not Active, Not Active, Not Active
2026/09/03 01:04:32.972, 18175 MiB, 47, 107.55 W, 2910 MHz, 13801 MHz, Not Active, Not Active, Not Active, Not Active, Not Active
2026/09/03 01:04:33.172, 18175 MiB, 47, 107.55 W, 2910 MHz, 13801 MHz, Not Active, Not Active, Not Active, Not Active, Not Active
2026/09/03 01:04:33.373, 18177 MiB, 47, 108.60 W, 2910 MHz, 13801 MHz, Not Active, Not Active, Not Active, Not Active, Not Active
2026/09/03 01:04:33.573, 18177 MiB, 47, 108.60 W, 2910 MHz, 13801 MHz, Not Active, Not Active, Not Active, Not Active, Not Active
2026/09/03 01:04:33.773, 18179 MiB, 47, 109.65 W, 2910 MHz, 13801 MHz, Not Active, Not Active, Not Active, Not Active, Not Active
2026/09/03 01:04:33.973, 18179 MiB, 47, 109.65 W, 2910 MHz, 13801 MHz, Not Active, Not Active, Not Active, Not Active, Not Active
2026/09/03 01:04:34.174, 18179 MiB, 47, 109.65 W, 2910 MHz, 13801 MHz, Not Active, Not Active, Not Active, Not Active, Not Active
2026/09/03 01:04:34.374, 18179 MiB, 47, 109.87 W, 2910 MHz, 13801 MHz, Not Active, Not Active, Not Active, Not Active, Not Active
2026/09/03 01:04:34.574, 18181 MiB, 47, 109.87 W, 2910 MHz, 13801 MHz, Not Active, Not Active, Not Active, Not Active, Not Active
2026/09/03 01:04:34.775, 18181 MiB, 47, 109.78 W, 2910 MHz, 13801 MHz, Not Active, Not Active, Not Active, Not Active, Not Active
2026/09/03 01:04:34.975, 18181 MiB, 47, 109.78 W, 2910 MHz, 13801 MHz, Not Active, Not Active, Not Active, Not Active, Not Active
2026/09/03 01:04:35.175, 18181 MiB, 47, 107.58 W, 2842 MHz, 13801 MHz, Not Active, Not Active, Not Active, Not Active, Not Active
2026/09/03 01:04:35.377, 18181 MiB, 47, 107.58 W, 2842 MHz, 13801 MHz, Not Active, Not Active, Not Active, Not Active, Not Active
2026/09/03 01:04:35.577, 18181 MiB, 47, 107.58 W, 2842 MHz, 13801 MHz, Not Active, Not Active, Not Active, Not Active, Not Active
2026/09/03 01:04:35.777, 18181 MiB, 47, 107.07 W, 2910 MHz, 13801 MHz, Not Active, Not Active, Not Active, Not Active, Not Active
2026/09/03 01:04:35.977, 18181 MiB, 47, 107.07 W, 2910 MHz, 13801 MHz, Not Active, Not Active, Not Active, Not Active, Not Active
2026/09/03 01:04:36.178, 18183 MiB, 47, 109.48 W, 2910 MHz, 13801 MHz, Not Active, Not Active, Not Active, Not Active, Not Active
2026/09/03 01:04:36.378, 18185 MiB, 47, 109.48 W, 2910 MHz, 13801 MHz, Not Active, Not Active, Not Active, Not Active, Not Active
2026/09/03 01:04:36.578, 18185 MiB, 47, 109.48 W, 2910 MHz, 13801 MHz, Not Active, Not Active, Not Active, Not Active, Not Active
2026/09/03 01:04:36.778, 18185 MiB, 46, 109.30 W, 2910 MHz, 13801 MHz, Not Active, Not Active, Not Active, Not Active, Not Active
2026/09/03 01:04:36.979, 18187 MiB, 46, 109.30 W, 2910 MHz, 13801 MHz, Not Active, Not Active, Not Active, Not Active, Not Active
2026/09/03 01:04:37.179, 18187 MiB, 47, 109.67 W, 2910 MHz, 13801 MHz, Not Active, Not Active, Not Active, Not Active, Not Active
2026/09/03 01:04:37.379, 18187 MiB, 47, 109.67 W, 2910 MHz, 13801 MHz, Not Active, Not Active, Not Active, Not Active, Not Active
2026/09/03 01:04:37.580, 18187 MiB, 47, 109.67 W, 2910 MHz, 13801 MHz, Not Active, Not Active, Not Active, Not Active, Not Active
2026/09/03 01:04:37.780, 18187 MiB, 46, 108.09 W, 2910 MHz, 13801 MHz, Not Active, Not Active, Not Active, Not Active, Not Active
2026/09/03 01:04:37.980, 18187 MiB, 46, 108.09 W, 2910 MHz, 13801 MHz, Not Active, Not Active, Not Active, Not Active, Not Active
2026/09/03 01:04:38.180, 18187 MiB, 46, 106.60 W, 2910 MHz, 13801 MHz, Not Active, Not Active, Not Active, Not Active, Not Active
2026/09/03 01:04:38.381, 18189 MiB, 46, 106.60 W, 2910 MHz, 13801 MHz, Not Active, Not Active, Not Active, Not Active, Not Active
2026/09/03 01:04:38.581, 18189 MiB, 46, 106.60 W, 2910 MHz, 13801 MHz, Not Active, Not Active, Not Active, Not Active, Not Active
2026/09/03 01:04:38.781, 18189 MiB, 46, 107.65 W, 2910 MHz, 13801 MHz, Not Active, Not Active, Not Active, Not Active, Not Active
2026/09/03 01:04:38.982, 18191 MiB, 46, 107.65 W, 2910 MHz, 13801 MHz, Not Active, Not Active, Not Active, Not Active, Not Active
2026/09/03 01:04:39.182, 18191 MiB, 46, 109.71 W, 2910 MHz, 13801 MHz, Not Active, Not Active, Not Active, Not Active, Not Active
2026/09/03 01:04:39.382, 18191 MiB, 46, 109.71 W, 2910 MHz, 13801 MHz, Not Active, Not Active, Not Active, Not Active, Not Active
2026/09/03 01:04:39.582, 18193 MiB, 46, 109.71 W, 2910 MHz, 13801 MHz, Not Active, Not Active, Not Active, Not Active, Not Active
2026/09/03 01:04:39.783, 18193 MiB, 46, 109.83 W, 2910 MHz, 13801 MHz, Not Active, Not Active, Not Active, Not Active, Not Active
2026/09/03 01:04:39.983, 18193 MiB, 46, 109.83 W, 2910 MHz, 13801 MHz, Not Active, Not Active, Not Active, Not Active, Not Active
2026/09/03 01:04:40.183, 18193 MiB, 46, 109.75 W, 2910 MHz, 13801 MHz, Not Active, Not Active, Not Active, Not Active, Not Active
2026/09/03 01:04:40.384, 18193 MiB, 46, 109.75 W, 2910 MHz, 13801 MHz, Not Active, Not Active, Not Active, Not Active, Not Active
2026/09/03 01:04:40.584, 18193 MiB, 46, 109.75 W, 2910 MHz, 13801 MHz, Not Active, Not Active, Not Active, Not Active, Not Active
2026/09/03 01:04:40.784, 18193 MiB, 46, 107.72 W, 2842 MHz, 13801 MHz, Not Active, Not Active, Not Active, Not Active, Not Active
2026/09/03 01:04:40.984, 18195 MiB, 46, 107.72 W, 2842 MHz, 13801 MHz, Not Active, Not Active, Not Active, Not Active, Not Active
2026/09/03 01:04:41.184, 18195 MiB, 46, 107.57 W, 2910 MHz, 13801 MHz, Not Active, Not Active, Not Active, Not Active, Not Active
2026/09/03 01:04:41.385, 18195 MiB, 46, 107.57 W, 2910 MHz, 13801 MHz, Not Active, Not Active, Not Active, Not Active, Not Active
2026/09/03 01:04:41.585, 18195 MiB, 46, 107.57 W, 2910 MHz, 13801 MHz, Not Active, Not Active, Not Active, Not Active, Not Active
2026/09/03 01:04:41.785, 18197 MiB, 46, 109.07 W, 2910 MHz, 13801 MHz, Not Active, Not Active, Not Active, Not Active, Not Active
2026/09/03 01:04:41.985, 18199 MiB, 46, 109.07 W, 2910 MHz, 13801 MHz, Not Active, Not Active, Not Active, Not Active, Not Active
2026/09/03 01:04:42.186, 18199 MiB, 46, 109.07 W, 2910 MHz, 13801 MHz, Not Active, Not Active, Not Active, Not Active, Not Active
2026/09/03 01:04:42.386, 18199 MiB, 46, 109.07 W, 2910 MHz, 13801 MHz, Not Active, Not Active, Not Active, Not Active, Not Active
2026/09/03 01:04:42.586, 18199 MiB, 46, 109.07 W, 2910 MHz, 13801 MHz, Not Active, Not Active, Not Active, Not Active, Not Active
2026/09/03 01:04:42.786, 18201 MiB, 46, 108.66 W, 2910 MHz, 13801 MHz, Not Active, Not Active, Not Active, Not Active, Not Active
2026/09/03 01:04:42.987, 18201 MiB, 46, 108.66 W, 2910 MHz, 13801 MHz, Not Active, Not Active, Not Active, Not Active, Not Active
2026/09/03 01:04:43.187, 18201 MiB, 46, 107.55 W, 2910 MHz, 13801 MHz, Not Active, Not Active, Not Active, Not Active, Not Active
2026/09/03 01:04:43.387, 18201 MiB, 46, 107.55 W, 2910 MHz, 13801 MHz, Not Active, Not Active, Not Active, Not Active, Not Active
2026/09/03 01:04:43.587, 18201 MiB, 46, 107.55 W, 2910 MHz, 13801 MHz, Not Active, Not Active, Not Active, Not Active, Not Active
2026/09/03 01:04:43.788, 18201 MiB, 46, 106.50 W, 2910 MHz, 13801 MHz, Not Active, Not Active, Not Active, Not Active, Not Active
2026/09/03 01:04:43.988, 18201 MiB, 46, 106.50 W, 2910 MHz, 13801 MHz, Not Active, Not Active, Not Active, Not Active, Not Active
2026/09/03 01:04:44.188, 18201 MiB, 46, 108.58 W, 2910 MHz, 13801 MHz, Not Active, Not Active, Not Active, Not Active, Not Active
2026/09/03 01:04:44.388, 18201 MiB, 46, 108.58 W, 2910 MHz, 13801 MHz, Not Active, Not Active, Not Active, Not Active, Not Active
2026/09/03 01:04:44.589, 18203 MiB, 46, 108.58 W, 2910 MHz, 13801 MHz, Not Active, Not Active, Not Active, Not Active, Not Active
2026/09/03 01:04:44.789, 18205 MiB, 46, 109.10 W, 2910 MHz, 13801 MHz, Not Active, Not Active, Not Active, Not Active, Not Active
2026/09/03 01:04:44.989, 18205 MiB, 46, 109.10 W, 2910 MHz, 13801 MHz, Not Active, Not Active, Not Active, Not Active, Not Active
2026/09/03 01:04:45.189, 18205 MiB, 46, 108.54 W, 2910 MHz, 13801 MHz, Not Active, Not Active, Not Active, Not Active, Not Active
2026/09/03 01:04:45.390, 18205 MiB, 46, 108.54 W, 2910 MHz, 13801 MHz, Not Active, Not Active, Not Active, Not Active, Not Active
2026/09/03 01:04:45.590, 18207 MiB, 46, 108.54 W, 2910 MHz, 13801 MHz, Not Active, Not Active, Not Active, Not Active, Not Active
2026/09/03 01:04:45.790, 18207 MiB, 46, 108.67 W, 2910 MHz, 13801 MHz, Not Active, Not Active, Not Active, Not Active, Not Active
2026/09/03 01:04:45.991, 18207 MiB, 46, 108.67 W, 2910 MHz, 13801 MHz, Not Active, Not Active, Not Active, Not Active, Not Active
2026/09/03 01:04:46.191, 18207 MiB, 46, 106.69 W, 2842 MHz, 13801 MHz, Not Active, Not Active, Not Active, Not Active, Not Active
2026/09/03 01:04:46.391, 18207 MiB, 46, 106.69 W, 2842 MHz, 13801 MHz, Not Active, Not Active, Not Active, Not Active, Not Active
2026/09/03 01:04:46.591, 18207 MiB, 46, 106.69 W, 2842 MHz, 13801 MHz, Not Active, Not Active, Not Active, Not Active, Not Active
2026/09/03 01:04:46.791, 18207 MiB, 46, 106.38 W, 2910 MHz, 13801 MHz, Not Active, Not Active, Not Active, Not Active, Not Active
2026/09/03 01:04:46.992, 18207 MiB, 46, 106.38 W, 2910 MHz, 13801 MHz, Not Active, Not Active, Not Active, Not Active, Not Active
2026/09/03 01:04:47.192, 18209 MiB, 46, 107.61 W, 2910 MHz, 13801 MHz, Not Active, Not Active, Not Active, Not Active, Not Active
2026/09/03 01:04:47.392, 18209 MiB, 46, 107.61 W, 2910 MHz, 13801 MHz, Not Active, Not Active, Not Active, Not Active, Not Active
2026/09/03 01:04:47.593, 18211 MiB, 46, 107.61 W, 2910 MHz, 13801 MHz, Not Active, Not Active, Not Active, Not Active, Not Active
2026/09/03 01:04:47.793, 18211 MiB, 46, 108.43 W, 2910 MHz, 13801 MHz, Not Active, Not Active, Not Active, Not Active, Not Active
2026/09/03 01:04:47.993, 18213 MiB, 46, 108.43 W, 2910 MHz, 13801 MHz, Not Active, Not Active, Not Active, Not Active, Not Active
2026/09/03 01:04:48.193, 18213 MiB, 46, 108.18 W, 2910 MHz, 13801 MHz, Not Active, Not Active, Not Active, Not Active, Not Active
2026/09/03 01:04:48.394, 18213 MiB, 46, 108.18 W, 2910 MHz, 13801 MHz, Not Active, Not Active, Not Active, Not Active, Not Active
2026/09/03 01:04:48.594, 18213 MiB, 46, 108.18 W, 2910 MHz, 13801 MHz, Not Active, Not Active, Not Active, Not Active, Not Active
2026/09/03 01:04:48.794, 18213 MiB, 46, 107.34 W, 2910 MHz, 13801 MHz, Not Active, Not Active, Not Active, Not Active, Not Active
2026/09/03 01:04:48.994, 18213 MiB, 46, 107.34 W, 2910 MHz, 13801 MHz, Not Active, Not Active, Not Active, Not Active, Not Active
2026/09/03 01:04:49.195, 18213 MiB, 45, 105.63 W, 2910 MHz, 13801 MHz, Not Active, Not Active, Not Active, Not Active, Not Active
2026/09/03 01:04:49.395, 18213 MiB, 45, 105.63 W, 2910 MHz, 13801 MHz, Not Active, Not Active, Not Active, Not Active, Not Active
2026/09/03 01:04:49.595, 18213 MiB, 45, 105.63 W, 2910 MHz, 13801 MHz, Not Active, Not Active, Not Active, Not Active, Not Active
2026/09/03 01:04:49.795, 18215 MiB, 46, 106.90 W, 2910 MHz, 13801 MHz, Not Active, Not Active, Not Active, Not Active, Not Active
2026/09/03 01:04:49.996, 18215 MiB, 46, 106.90 W, 2910 MHz, 13801 MHz, Not Active, Not Active, Not Active, Not Active, Not Active
2026/09/03 01:04:50.196, 18217 MiB, 46, 108.56 W, 2910 MHz, 13801 MHz, Not Active, Not Active, Not Active, Not Active, Not Active
2026/09/03 01:04:50.396, 18217 MiB, 46, 108.56 W, 2910 MHz, 13801 MHz, Not Active, Not Active, Not Active, Not Active, Not Active
2026/09/03 01:04:50.596, 18217 MiB, 46, 108.56 W, 2910 MHz, 13801 MHz, Not Active, Not Active, Not Active, Not Active, Not Active
2026/09/03 01:04:50.797, 18219 MiB, 45, 108.11 W, 2910 MHz, 13801 MHz, Not Active, Not Active, Not Active, Not Active, Not Active
2026/09/03 01:04:50.997, 18219 MiB, 45, 108.11 W, 2910 MHz, 13801 MHz, Not Active, Not Active, Not Active, Not Active, Not Active
2026/09/03 01:04:51.197, 18219 MiB, 45, 108.39 W, 2910 MHz, 13801 MHz, Not Active, Not Active, Not Active, Not Active, Not Active
2026/09/03 01:04:51.397, 18221 MiB, 45, 108.39 W, 2910 MHz, 13801 MHz, Not Active, Not Active, Not Active, Not Active, Not Active
2026/09/03 01:04:51.597, 18221 MiB, 45, 108.39 W, 2910 MHz, 13801 MHz, Not Active, Not Active, Not Active, Not Active, Not Active
2026/09/03 01:04:51.798, 18221 MiB, 45, 106.94 W, 2842 MHz, 13801 MHz, Not Active, Not Active, Not Active, Not Active, Not Active
2026/09/03 01:04:51.998, 18221 MiB, 45, 106.94 W, 2842 MHz, 13801 MHz, Not Active, Not Active, Not Active, Not Active, Not Active
2026/09/03 01:04:52.198, 18221 MiB, 45, 106.21 W, 2910 MHz, 13801 MHz, Not Active, Not Active, Not Active, Not Active, Not Active
2026/09/03 01:04:52.399, 18221 MiB, 45, 106.21 W, 2910 MHz, 13801 MHz, Not Active, Not Active, Not Active, Not Active, Not Active
2026/09/03 01:04:52.599, 18221 MiB, 45, 106.21 W, 2910 MHz, 13801 MHz, Not Active, Not Active, Not Active, Not Active, Not Active
2026/09/03 01:04:52.799, 18223 MiB, 45, 107.54 W, 2910 MHz, 13801 MHz, Not Active, Not Active, Not Active, Not Active, Not Active
2026/09/03 01:04:52.999, 18223 MiB, 45, 107.54 W, 2910 MHz, 13801 MHz, Not Active, Not Active, Not Active, Not Active, Not Active
2026/09/03 01:04:53.200, 18225 MiB, 45, 108.09 W, 2910 MHz, 13801 MHz, Not Active, Not Active, Not Active, Not Active, Not Active
2026/09/03 01:04:53.400, 18225 MiB, 45, 108.09 W, 2910 MHz, 13801 MHz, Not Active, Not Active, Not Active, Not Active, Not Active
2026/09/03 01:04:53.600, 18225 MiB, 45, 108.09 W, 2910 MHz, 13801 MHz, Not Active, Not Active, Not Active, Not Active, Not Active
2026/09/03 01:04:53.800, 18225 MiB, 45, 108.50 W, 2910 MHz, 13801 MHz, Not Active, Not Active, Not Active, Not Active, Not Active
2026/09/03 01:04:54.001, 18227 MiB, 45, 108.50 W, 2910 MHz, 13801 MHz, Not Active, Not Active, Not Active, Not Active, Not Active
2026/09/03 01:04:54.201, 18227 MiB, 45, 108.25 W, 2910 MHz, 13801 MHz, Not Active, Not Active, Not Active, Not Active, Not Active
2026/09/03 01:04:54.401, 18227 MiB, 45, 108.25 W, 2910 MHz, 13801 MHz, Not Active, Not Active, Not Active, Not Active, Not Active
2026/09/03 01:04:54.601, 18227 MiB, 45, 108.25 W, 2910 MHz, 13801 MHz, Not Active, Not Active, Not Active, Not Active, Not Active
2026/09/03 01:04:54.802, 18227 MiB, 45, 106.08 W, 2910 MHz, 13801 MHz, Not Active, Not Active, Not Active, Not Active, Not Active
2026/09/03 01:04:55.002, 18227 MiB, 45, 106.08 W, 2910 MHz, 13801 MHz, Not Active, Not Active, Not Active, Not Active, Not Active
2026/09/03 01:04:55.202, 18227 MiB, 45, 106.39 W, 2910 MHz, 13801 MHz, Not Active, Not Active, Not Active, Not Active, Not Active
2026/09/03 01:04:55.402, 18227 MiB, 45, 106.39 W, 2910 MHz, 13801 MHz, Not Active, Not Active, Not Active, Not Active, Not Active
2026/09/03 01:04:55.603, 18229 MiB, 45, 106.39 W, 2910 MHz, 13801 MHz, Not Active, Not Active, Not Active, Not Active, Not Active
2026/09/03 01:04:55.803, 18229 MiB, 45, 108.31 W, 2910 MHz, 13801 MHz, Not Active, Not Active, Not Active, Not Active, Not Active
2026/09/03 01:04:56.003, 18231 MiB, 45, 108.31 W, 2910 MHz, 13801 MHz, Not Active, Not Active, Not Active, Not Active, Not Active
2026/09/03 01:04:56.203, 18231 MiB, 45, 108.01 W, 2910 MHz, 13801 MHz, Not Active, Not Active, Not Active, Not Active, Not Active
2026/09/03 01:04:56.403, 18231 MiB, 45, 108.01 W, 2910 MHz, 13801 MHz, Not Active, Not Active, Not Active, Not Active, Not Active
2026/09/03 01:04:56.604, 18233 MiB, 45, 108.01 W, 2910 MHz, 13801 MHz, Not Active, Not Active, Not Active, Not Active, Not Active
2026/09/03 01:04:56.804, 18233 MiB, 45, 107.84 W, 2910 MHz, 13801 MHz, Not Active, Not Active, Not Active, Not Active, Not Active
2026/09/03 01:04:57.004, 18233 MiB, 45, 107.84 W, 2910 MHz, 13801 MHz, Not Active, Not Active, Not Active, Not Active, Not Active
2026/09/03 01:04:57.204, 18233 MiB, 45, 106.66 W, 2842 MHz, 13801 MHz, Not Active, Not Active, Not Active, Not Active, Not Active
2026/09/03 01:04:57.405, 18233 MiB, 45, 106.66 W, 2842 MHz, 13801 MHz, Not Active, Not Active, Not Active, Not Active, Not Active
2026/09/03 01:04:57.605, 18233 MiB, 45, 106.66 W, 2842 MHz, 13801 MHz, Not Active, Not Active, Not Active, Not Active, Not Active
2026/09/03 01:04:57.805, 18233 MiB, 45, 106.17 W, 2910 MHz, 13801 MHz, Not Active, Not Active, Not Active, Not Active, Not Active
2026/09/03 01:04:58.005, 18233 MiB, 45, 106.17 W, 2910 MHz, 13801 MHz, Not Active, Not Active, Not Active, Not Active, Not Active
2026/09/03 01:04:58.206, 18235 MiB, 45, 107.90 W, 2910 MHz, 13801 MHz, Not Active, Not Active, Not Active, Not Active, Not Active
2026/09/03 01:04:58.406, 18237 MiB, 45, 107.90 W, 2910 MHz, 13801 MHz, Not Active, Not Active, Not Active, Not Active, Not Active
2026/09/03 01:04:58.606, 18237 MiB, 45, 107.90 W, 2910 MHz, 13801 MHz, Not Active, Not Active, Not Active, Not Active, Not Active
2026/09/03 01:04:58.806, 18237 MiB, 45, 108.06 W, 2910 MHz, 13801 MHz, Not Active, Not Active, Not Active, Not Active, Not Active
2026/09/03 01:04:59.007, 18237 MiB, 45, 108.06 W, 2910 MHz, 13801 MHz, Not Active, Not Active, Not Active, Not Active, Not Active
2026/09/03 01:04:59.207, 18239 MiB, 45, 107.78 W, 2910 MHz, 13801 MHz, Not Active, Not Active, Not Active, Not Active, Not Active
2026/09/03 01:04:59.407, 18239 MiB, 45, 107.78 W, 2910 MHz, 13801 MHz, Not Active, Not Active, Not Active, Not Active, Not Active
2026/09/03 01:04:59.607, 18239 MiB, 45, 107.78 W, 2910 MHz, 13801 MHz, Not Active, Not Active, Not Active, Not Active, Not Active
2026/09/03 01:04:59.808, 18239 MiB, 45, 107.71 W, 2910 MHz, 13801 MHz, Not Active, Not Active, Not Active, Not Active, Not Active
2026/09/03 01:05:00.008, 18239 MiB, 45, 107.71 W, 2910 MHz, 13801 MHz, Not Active, Not Active, Not Active, Not Active, Not Active
2026/09/03 01:05:00.208, 18239 MiB, 45, 105.56 W, 2910 MHz, 13801 MHz, Not Active, Not Active, Not Active, Not Active, Not Active
2026/09/03 01:05:00.408, 18239 MiB, 45, 105.56 W, 2910 MHz, 13801 MHz, Not Active, Not Active, Not Active, Not Active, Not Active
2026/09/03 01:05:00.609, 18239 MiB, 45, 105.56 W, 2910 MHz, 13801 MHz, Not Active, Not Active, Not Active, Not Active, Not Active
2026/09/03 01:05:00.809, 18239 MiB, 45, 106.16 W, 2910 MHz, 13801 MHz, Not Active, Not Active, Not Active, Not Active, Not Active
2026/09/03 01:05:01.009, 18241 MiB, 45, 106.16 W, 2910 MHz, 13801 MHz, Not Active, Not Active, Not Active, Not Active, Not Active
2026/09/03 01:05:01.209, 18243 MiB, 45, 107.46 W, 2910 MHz, 13801 MHz, Not Active, Not Active, Not Active, Not Active, Not Active
2026/09/03 01:05:01.409, 18243 MiB, 45, 107.46 W, 2910 MHz, 13801 MHz, Not Active, Not Active, Not Active, Not Active, Not Active
2026/09/03 01:05:01.610, 18245 MiB, 45, 107.46 W, 2910 MHz, 13801 MHz, Not Active, Not Active, Not Active, Not Active, Not Active
2026/09/03 01:05:01.810, 18245 MiB, 45, 107.95 W, 2910 MHz, 13801 MHz, Not Active, Not Active, Not Active, Not Active, Not Active
2026/09/03 01:05:02.010, 18245 MiB, 45, 107.95 W, 2910 MHz, 13801 MHz, Not Active, Not Active, Not Active, Not Active, Not Active
2026/09/03 01:05:02.210, 18247 MiB, 45, 107.86 W, 2910 MHz, 13801 MHz, Not Active, Not Active, Not Active, Not Active, Not Active
2026/09/03 01:05:02.410, 18247 MiB, 45, 107.86 W, 2910 MHz, 13801 MHz, Not Active, Not Active, Not Active, Not Active, Not Active
2026/09/03 01:05:02.611, 18247 MiB, 45, 107.86 W, 2910 MHz, 13801 MHz, Not Active, Not Active, Not Active, Not Active, Not Active
2026/09/03 01:05:02.811, 18247 MiB, 45, 106.97 W, 2835 MHz, 13801 MHz, Not Active, Not Active, Not Active, Not Active, Not Active
2026/09/03 01:05:03.011, 18247 MiB, 45, 106.97 W, 2835 MHz, 13801 MHz, Not Active, Not Active, Not Active, Not Active, Not Active
2026/09/03 01:05:03.211, 18247 MiB, 45, 105.85 W, 2910 MHz, 13801 MHz, Not Active, Not Active, Not Active, Not Active, Not Active
2026/09/03 01:05:03.412, 18247 MiB, 45, 105.85 W, 2910 MHz, 13801 MHz, Not Active, Not Active, Not Active, Not Active, Not Active
2026/09/03 01:05:03.612, 18247 MiB, 45, 105.85 W, 2910 MHz, 13801 MHz, Not Active, Not Active, Not Active, Not Active, Not Active
2026/09/03 01:05:03.812, 18249 MiB, 45, 106.73 W, 2910 MHz, 13801 MHz, Not Active, Not Active, Not Active, Not Active, Not Active
2026/09/03 01:05:04.012, 18249 MiB, 45, 106.73 W, 2910 MHz, 13801 MHz, Not Active, Not Active, Not Active, Not Active, Not Active
2026/09/03 01:05:04.213, 18251 MiB, 45, 108.13 W, 2910 MHz, 13801 MHz, Not Active, Not Active, Not Active, Not Active, Not Active
2026/09/03 01:05:04.413, 18251 MiB, 45, 108.13 W, 2910 MHz, 13801 MHz, Not Active, Not Active, Not Active, Not Active, Not Active
2026/09/03 01:05:04.613, 18251 MiB, 45, 108.13 W, 2910 MHz, 13801 MHz, Not Active, Not Active, Not Active, Not Active, Not Active
2026/09/03 01:05:04.813, 18251 MiB, 45, 107.61 W, 2910 MHz, 13801 MHz, Not Active, Not Active, Not Active, Not Active, Not Active
2026/09/03 01:05:05.013, 18253 MiB, 45, 107.61 W, 2910 MHz, 13801 MHz, Not Active, Not Active, Not Active, Not Active, Not Active
2026/09/03 01:05:05.214, 18253 MiB, 45, 107.65 W, 2910 MHz, 13801 MHz, Not Active, Not Active, Not Active, Not Active, Not Active
2026/09/03 01:05:05.414, 18253 MiB, 45, 107.65 W, 2910 MHz, 13801 MHz, Not Active, Not Active, Not Active, Not Active, Not Active
2026/09/03 01:05:05.614, 18253 MiB, 45, 107.65 W, 2910 MHz, 13801 MHz, Not Active, Not Active, Not Active, Not Active, Not Active
2026/09/03 01:05:05.814, 18253 MiB, 44, 105.47 W, 2835 MHz, 13801 MHz, Not Active, Not Active, Not Active, Not Active, Not Active
2026/09/03 01:05:06.015, 18253 MiB, 44, 105.47 W, 2835 MHz, 13801 MHz, Not Active, Not Active, Not Active, Not Active, Not Active
2026/09/03 01:05:06.215, 18253 MiB, 45, 105.65 W, 2910 MHz, 13801 MHz, Not Active, Not Active, Not Active, Not Active, Not Active
2026/09/03 01:05:06.415, 18253 MiB, 45, 105.65 W, 2910 MHz, 13801 MHz, Not Active, Not Active, Not Active, Not Active, Not Active
2026/09/03 01:05:06.615, 18255 MiB, 45, 105.65 W, 2910 MHz, 13801 MHz, Not Active, Not Active, Not Active, Not Active, Not Active
2026/09/03 01:05:06.816, 18255 MiB, 44, 107.68 W, 2910 MHz, 13801 MHz, Not Active, Not Active, Not Active, Not Active, Not Active
2026/09/03 01:05:07.016, 18255 MiB, 44, 107.68 W, 2910 MHz, 13801 MHz, Not Active, Not Active, Not Active, Not Active, Not Active
2026/09/03 01:05:07.216, 18257 MiB, 45, 107.93 W, 2910 MHz, 13801 MHz, Not Active, Not Active, Not Active, Not Active, Not Active
2026/09/03 01:05:07.416, 18259 MiB, 45, 107.93 W, 2910 MHz, 13801 MHz, Not Active, Not Active, Not Active, Not Active, Not Active
2026/09/03 01:05:07.617, 18259 MiB, 45, 107.93 W, 2910 MHz, 13801 MHz, Not Active, Not Active, Not Active, Not Active, Not Active
2026/09/03 01:05:07.817, 18259 MiB, 45, 107.75 W, 2910 MHz, 13801 MHz, Not Active, Not Active, Not Active, Not Active, Not Active
2026/09/03 01:05:08.017, 18259 MiB, 45, 107.75 W, 2910 MHz, 13801 MHz, Not Active, Not Active, Not Active, Not Active, Not Active
2026/09/03 01:05:08.217, 18259 MiB, 44, 106.41 W, 2910 MHz, 13801 MHz, Not Active, Not Active, Not Active, Not Active, Not Active
2026/09/03 01:05:08.417, 18259 MiB, 44, 106.41 W, 2910 MHz, 13801 MHz, Not Active, Not Active, Not Active, Not Active, Not Active
2026/09/03 01:05:08.618, 18259 MiB, 44, 106.41 W, 2910 MHz, 13801 MHz, Not Active, Not Active, Not Active, Not Active, Not Active
2026/09/03 01:05:08.818, 18259 MiB, 44, 104.75 W, 2910 MHz, 13801 MHz, Not Active, Not Active, Not Active, Not Active, Not Active
2026/09/03 01:05:09.018, 18259 MiB, 44, 104.75 W, 2910 MHz, 13801 MHz, Not Active, Not Active, Not Active, Not Active, Not Active
2026/09/03 01:05:09.219, 18259 MiB, 44, 105.23 W, 2910 MHz, 13801 MHz, Not Active, Not Active, Not Active, Not Active, Not Active
2026/09/03 01:05:09.419, 18261 MiB, 44, 105.23 W, 2910 MHz, 13801 MHz, Not Active, Not Active, Not Active, Not Active, Not Active
2026/09/03 01:05:09.619, 18263 MiB, 44, 105.23 W, 2910 MHz, 13801 MHz, Not Active, Not Active, Not Active, Not Active, Not Active
2026/09/03 01:05:09.819, 18263 MiB, 44, 107.68 W, 2910 MHz, 13801 MHz, Not Active, Not Active, Not Active, Not Active, Not Active
2026/09/03 01:05:10.019, 18263 MiB, 44, 107.68 W, 2910 MHz, 13801 MHz, Not Active, Not Active, Not Active, Not Active, Not Active
2026/09/03 01:05:10.220, 18265 MiB, 44, 107.81 W, 2910 MHz, 13801 MHz, Not Active, Not Active, Not Active, Not Active, Not Active
2026/09/03 01:05:10.420, 18265 MiB, 44, 107.81 W, 2910 MHz, 13801 MHz, Not Active, Not Active, Not Active, Not Active, Not Active
2026/09/03 01:05:10.620, 18265 MiB, 44, 107.81 W, 2910 MHz, 13801 MHz, Not Active, Not Active, Not Active, Not Active, Not Active
2026/09/03 01:05:10.820, 18265 MiB, 44, 108.03 W, 2910 MHz, 13801 MHz, Not Active, Not Active, Not Active, Not Active, Not Active
2026/09/03 01:05:11.020, 18265 MiB, 44, 108.03 W, 2910 MHz, 13801 MHz, Not Active, Not Active, Not Active, Not Active, Not Active
2026/09/03 01:05:11.221, 18265 MiB, 44, 106.62 W, 2835 MHz, 13801 MHz, Not Active, Not Active, Not Active, Not Active, Not Active
2026/09/03 01:05:11.421, 18265 MiB, 44, 106.62 W, 2835 MHz, 13801 MHz, Not Active, Not Active, Not Active, Not Active, Not Active
2026/09/03 01:05:11.621, 18265 MiB, 44, 106.62 W, 2835 MHz, 13801 MHz, Not Active, Not Active, Not Active, Not Active, Not Active
2026/09/03 01:05:11.822, 18267 MiB, 44, 105.98 W, 2910 MHz, 13801 MHz, Not Active, Not Active, Not Active, Not Active, Not Active
2026/09/03 01:05:12.022, 18267 MiB, 44, 105.98 W, 2910 MHz, 13801 MHz, Not Active, Not Active, Not Active, Not Active, Not Active
2026/09/03 01:05:12.222, 18267 MiB, 44, 107.30 W, 2910 MHz, 13801 MHz, Not Active, Not Active, Not Active, Not Active, Not Active
2026/09/03 01:05:12.422, 18269 MiB, 44, 107.30 W, 2910 MHz, 13801 MHz, Not Active, Not Active, Not Active, Not Active, Not Active
2026/09/03 01:05:12.623, 18269 MiB, 44, 107.30 W, 2910 MHz, 13801 MHz, Not Active, Not Active, Not Active, Not Active, Not Active
2026/09/03 01:05:12.823, 18271 MiB, 44, 107.47 W, 2910 MHz, 13801 MHz, Not Active, Not Active, Not Active, Not Active, Not Active
2026/09/03 01:05:13.023, 18271 MiB, 44, 107.47 W, 2910 MHz, 13801 MHz, Not Active, Not Active, Not Active, Not Active, Not Active
2026/09/03 01:05:13.223, 18271 MiB, 44, 107.49 W, 2910 MHz, 13801 MHz, Not Active, Not Active, Not Active, Not Active, Not Active
2026/09/03 01:05:13.424, 18273 MiB, 44, 107.49 W, 2910 MHz, 13801 MHz, Not Active, Not Active, Not Active, Not Active, Not Active
2026/09/03 01:05:13.624, 18273 MiB, 44, 107.49 W, 2910 MHz, 13801 MHz, Not Active, Not Active, Not Active, Not Active, Not Active
2026/09/03 01:05:13.824, 18273 MiB, 44, 107.37 W, 2910 MHz, 13801 MHz, Not Active, Not Active, Not Active, Not Active, Not Active
2026/09/03 01:05:14.024, 18273 MiB, 44, 107.37 W, 2910 MHz, 13801 MHz, Not Active, Not Active, Not Active, Not Active, Not Active
2026/09/03 01:05:14.225, 18273 MiB, 44, 104.71 W, 2910 MHz, 13801 MHz, Not Active, Not Active, Not Active, Not Active, Not Active
2026/09/03 01:05:14.425, 18273 MiB, 44, 104.71 W, 2910 MHz, 13801 MHz, Not Active, Not Active, Not Active, Not Active, Not Active
2026/09/03 01:05:14.625, 18273 MiB, 44, 104.71 W, 2910 MHz, 13801 MHz, Not Active, Not Active, Not Active, Not Active, Not Active
2026/09/03 01:05:14.825, 18273 MiB, 44, 105.44 W, 2910 MHz, 13801 MHz, Not Active, Not Active, Not Active, Not Active, Not Active
2026/09/03 01:05:15.025, 18275 MiB, 44, 105.44 W, 2910 MHz, 13801 MHz, Not Active, Not Active, Not Active, Not Active, Not Active
2026/09/03 01:05:15.226, 18275 MiB, 44, 107.91 W, 2910 MHz, 13801 MHz, Not Active, Not Active, Not Active, Not Active, Not Active
2026/09/03 01:05:15.426, 18275 MiB, 44, 107.91 W, 2910 MHz, 13801 MHz, Not Active, Not Active, Not Active, Not Active, Not Active
2026/09/03 01:05:15.626, 18277 MiB, 44, 107.91 W, 2910 MHz, 13801 MHz, Not Active, Not Active, Not Active, Not Active, Not Active
2026/09/03 01:05:15.827, 18277 MiB, 44, 107.88 W, 2910 MHz, 13801 MHz, Not Active, Not Active, Not Active, Not Active, Not Active
2026/09/03 01:05:16.027, 18277 MiB, 44, 107.88 W, 2910 MHz, 13801 MHz, Not Active, Not Active, Not Active, Not Active, Not Active
2026/09/03 01:05:16.227, 18279 MiB, 44, 107.81 W, 2910 MHz, 13801 MHz, Not Active, Not Active, Not Active, Not Active, Not Active
2026/09/03 01:05:16.427, 18279 MiB, 44, 107.81 W, 2910 MHz, 13801 MHz, Not Active, Not Active, Not Active, Not Active, Not Active
2026/09/03 01:05:16.628, 18279 MiB, 44, 107.81 W, 2910 MHz, 13801 MHz, Not Active, Not Active, Not Active, Not Active, Not Active
2026/09/03 01:05:16.828, 18279 MiB, 44, 106.64 W, 2842 MHz, 13801 MHz, Not Active, Not Active, Not Active, Not Active, Not Active
2026/09/03 01:05:17.028, 18279 MiB, 44, 106.64 W, 2842 MHz, 13801 MHz, Not Active, Not Active, Not Active, Not Active, Not Active
2026/09/03 01:05:17.228, 18279 MiB, 44, 105.98 W, 2910 MHz, 13801 MHz, Not Active, Not Active, Not Active, Not Active, Not Active
2026/09/03 01:05:17.429, 18281 MiB, 44, 105.98 W, 2910 MHz, 13801 MHz, Not Active, Not Active, Not Active, Not Active, Not Active
2026/09/03 01:05:17.629, 18281 MiB, 44, 105.98 W, 2910 MHz, 13801 MHz, Not Active, Not Active, Not Active, Not Active, Not Active
2026/09/03 01:05:17.829, 18281 MiB, 44, 106.97 W, 2910 MHz, 13801 MHz, Not Active, Not Active, Not Active, Not Active, Not Active
2026/09/03 01:05:18.030, 18283 MiB, 44, 106.97 W, 2910 MHz, 13801 MHz, Not Active, Not Active, Not Active, Not Active, Not Active
2026/09/03 01:05:18.230, 18283 MiB, 44, 107.78 W, 2910 MHz, 13801 MHz, Not Active, Not Active, Not Active, Not Active, Not Active
2026/09/03 01:05:18.430, 18283 MiB, 44, 107.78 W, 2910 MHz, 13801 MHz, Not Active, Not Active, Not Active, Not Active, Not Active
2026/09/03 01:05:18.630, 18285 MiB, 44, 107.78 W, 2910 MHz, 13801 MHz, Not Active, Not Active, Not Active, Not Active, Not Active
2026/09/03 01:05:18.830, 18285 MiB, 44, 107.51 W, 2910 MHz, 13801 MHz, Not Active, Not Active, Not Active, Not Active, Not Active
2026/09/03 01:05:19.030, 18285 MiB, 44, 107.51 W, 2910 MHz, 13801 MHz, Not Active, Not Active, Not Active, Not Active, Not Active
2026/09/03 01:05:19.231, 18287 MiB, 44, 107.79 W, 2910 MHz, 13801 MHz, Not Active, Not Active, Not Active, Not Active, Not Active
2026/09/03 01:05:19.431, 18287 MiB, 44, 107.79 W, 2910 MHz, 13801 MHz, Not Active, Not Active, Not Active, Not Active, Not Active
2026/09/03 01:05:19.631, 18287 MiB, 44, 107.79 W, 2910 MHz, 13801 MHz, Not Active, Not Active, Not Active, Not Active, Not Active
2026/09/03 01:05:19.832, 18287 MiB, 44, 105.33 W, 2872 MHz, 13801 MHz, Not Active, Not Active, Not Active, Not Active, Not Active
2026/09/03 01:05:20.032, 18287 MiB, 44, 105.33 W, 2872 MHz, 13801 MHz, Not Active, Not Active, Not Active, Not Active, Not Active
2026/09/03 01:05:20.232, 18287 MiB, 44, 105.19 W, 2910 MHz, 13801 MHz, Not Active, Not Active, Not Active, Not Active, Not Active
2026/09/03 01:05:20.433, 18287 MiB, 44, 105.19 W, 2910 MHz, 13801 MHz, Not Active, Not Active, Not Active, Not Active, Not Active
2026/09/03 01:05:20.633, 18287 MiB, 44, 105.19 W, 2910 MHz, 13801 MHz, Not Active, Not Active, Not Active, Not Active, Not Active
2026/09/03 01:05:20.833, 18289 MiB, 44, 107.69 W, 2910 MHz, 13801 MHz, Not Active, Not Active, Not Active, Not Active, Not Active
2026/09/03 01:05:21.034, 18289 MiB, 44, 107.69 W, 2910 MHz, 13801 MHz, Not Active, Not Active, Not Active, Not Active, Not Active
2026/09/03 01:05:21.234, 18291 MiB, 44, 107.84 W, 2910 MHz, 13801 MHz, Not Active, Not Active, Not Active, Not Active, Not Active
2026/09/03 01:05:21.434, 18291 MiB, 44, 107.84 W, 2910 MHz, 13801 MHz, Not Active, Not Active, Not Active, Not Active, Not Active
2026/09/03 01:05:21.634, 18291 MiB, 44, 107.84 W, 2910 MHz, 13801 MHz, Not Active, Not Active, Not Active, Not Active, Not Active
2026/09/03 01:05:21.835, 18291 MiB, 44, 107.90 W, 2910 MHz, 13801 MHz, Not Active, Not Active, Not Active, Not Active, Not Active
2026/09/03 01:05:22.035, 18293 MiB, 44, 107.90 W, 2910 MHz, 13801 MHz, Not Active, Not Active, Not Active, Not Active, Not Active
2026/09/03 01:05:22.235, 18293 MiB, 44, 106.67 W, 2872 MHz, 13801 MHz, Not Active, Not Active, Not Active, Not Active, Not Active
2026/09/03 01:05:22.436, 18293 MiB, 44, 106.67 W, 2872 MHz, 13801 MHz, Not Active, Not Active, Not Active, Not Active, Not Active
2026/09/03 01:05:22.636, 18293 MiB, 44, 106.67 W, 2872 MHz, 13801 MHz, Not Active, Not Active, Not Active, Not Active, Not Active
2026/09/03 01:05:22.836, 18293 MiB, 44, 106.14 W, 2910 MHz, 13801 MHz, Not Active, Not Active, Not Active, Not Active, Not Active
2026/09/03 01:05:23.037, 18293 MiB, 44, 106.14 W, 2910 MHz, 13801 MHz, Not Active, Not Active, Not Active, Not Active, Not Active
2026/09/03 01:05:23.237, 18293 MiB, 44, 107.27 W, 2910 MHz, 13801 MHz, Not Active, Not Active, Not Active, Not Active, Not Active
2026/09/03 01:05:23.437, 18295 MiB, 44, 107.27 W, 2910 MHz, 13801 MHz, Not Active, Not Active, Not Active, Not Active, Not Active
2026/09/03 01:05:23.637, 18295 MiB, 44, 107.27 W, 2910 MHz, 13801 MHz, Not Active, Not Active, Not Active, Not Active, Not Active
2026/09/03 01:05:23.838, 18297 MiB, 44, 107.78 W, 2910 MHz, 13801 MHz, Not Active, Not Active, Not Active, Not Active, Not Active
2026/09/03 01:05:24.038, 18297 MiB, 44, 107.78 W, 2910 MHz, 13801 MHz, Not Active, Not Active, Not Active, Not Active, Not Active
2026/09/03 01:05:24.238, 18297 MiB, 44, 107.04 W, 2910 MHz, 13801 MHz, Not Active, Not Active, Not Active, Not Active, Not Active
2026/09/03 01:05:24.439, 18299 MiB, 44, 107.04 W, 2910 MHz, 13801 MHz, Not Active, Not Active, Not Active, Not Active, Not Active
2026/09/03 01:05:24.639, 18299 MiB, 44, 107.04 W, 2910 MHz, 13801 MHz, Not Active, Not Active, Not Active, Not Active, Not Active
2026/09/03 01:05:24.839, 18299 MiB, 44, 106.90 W, 2910 MHz, 13801 MHz, Not Active, Not Active, Not Active, Not Active, Not Active
2026/09/03 01:05:25.039, 18299 MiB, 44, 106.90 W, 2910 MHz, 13801 MHz, Not Active, Not Active, Not Active, Not Active, Not Active
2026/09/03 01:05:25.239, 18299 MiB, 43, 105.94 W, 2835 MHz, 13801 MHz, Not Active, Not Active, Not Active, Not Active, Not Active
2026/09/03 01:05:25.440, 18299 MiB, 43, 105.94 W, 2835 MHz, 13801 MHz, Not Active, Not Active, Not Active, Not Active, Not Active
2026/09/03 01:05:25.640, 18299 MiB, 43, 105.94 W, 2835 MHz, 13801 MHz, Not Active, Not Active, Not Active, Not Active, Not Active
2026/09/03 01:05:25.840, 18299 MiB, 44, 105.76 W, 2910 MHz, 13801 MHz, Not Active, Not Active, Not Active, Not Active, Not Active
2026/09/03 01:05:26.040, 18299 MiB, 44, 105.76 W, 2910 MHz, 13801 MHz, Not Active, Not Active, Not Active, Not Active, Not Active
2026/09/03 01:05:26.241, 18301 MiB, 43, 106.96 W, 2910 MHz, 13801 MHz, Not Active, Not Active, Not Active, Not Active, Not Active
2026/09/03 01:05:26.441, 18303 MiB, 43, 106.96 W, 2910 MHz, 13801 MHz, Not Active, Not Active, Not Active, Not Active, Not Active
2026/09/03 01:05:26.641, 18303 MiB, 43, 106.96 W, 2910 MHz, 13801 MHz, Not Active, Not Active, Not Active, Not Active, Not Active
2026/09/03 01:05:26.841, 18305 MiB, 44, 107.42 W, 2910 MHz, 13801 MHz, Not Active, Not Active, Not Active, Not Active, Not Active
2026/09/03 01:05:27.041, 18305 MiB, 44, 107.42 W, 2910 MHz, 13801 MHz, Not Active, Not Active, Not Active, Not Active, Not Active
2026/09/03 01:05:27.242, 18305 MiB, 43, 107.24 W, 2910 MHz, 13801 MHz, Not Active, Not Active, Not Active, Not Active, Not Active
2026/09/03 01:05:27.442, 18305 MiB, 43, 107.24 W, 2910 MHz, 13801 MHz, Not Active, Not Active, Not Active, Not Active, Not Active
2026/09/03 01:05:27.642, 18305 MiB, 43, 107.24 W, 2910 MHz, 13801 MHz, Not Active, Not Active, Not Active, Not Active, Not Active
2026/09/03 01:05:27.842, 18305 MiB, 43, 105.77 W, 2910 MHz, 13801 MHz, Not Active, Not Active, Not Active, Not Active, Not Active
2026/09/03 01:05:28.043, 18305 MiB, 43, 105.77 W, 2910 MHz, 13801 MHz, Not Active, Not Active, Not Active, Not Active, Not Active
2026/09/03 01:05:28.243, 18305 MiB, 43, 104.72 W, 2925 MHz, 13801 MHz, Not Active, Not Active, Not Active, Not Active, Not Active
2026/09/03 01:05:28.443, 18305 MiB, 43, 104.72 W, 2925 MHz, 13801 MHz, Not Active, Not Active, Not Active, Not Active, Not Active
2026/09/03 01:05:28.644, 18307 MiB, 43, 104.72 W, 2925 MHz, 13801 MHz, Not Active, Not Active, Not Active, Not Active, Not Active
2026/09/03 01:05:28.844, 18307 MiB, 43, 107.05 W, 2925 MHz, 13801 MHz, Not Active, Not Active, Not Active, Not Active, Not Active
2026/09/03 01:05:29.044, 18307 MiB, 43, 107.05 W, 2925 MHz, 13801 MHz, Not Active, Not Active, Not Active, Not Active, Not Active
2026/09/03 01:05:29.244, 18309 MiB, 43, 107.80 W, 2925 MHz, 13801 MHz, Not Active, Not Active, Not Active, Not Active, Not Active
2026/09/03 01:05:29.444, 18311 MiB, 43, 107.80 W, 2925 MHz, 13801 MHz, Not Active, Not Active, Not Active, Not Active, Not Active
2026/09/03 01:05:29.645, 18311 MiB, 43, 107.80 W, 2925 MHz, 13801 MHz, Not Active, Not Active, Not Active, Not Active, Not Active
2026/09/03 01:05:29.845, 18311 MiB, 43, 107.66 W, 2925 MHz, 13801 MHz, Not Active, Not Active, Not Active, Not Active, Not Active
2026/09/03 01:05:30.045, 18311 MiB, 43, 107.66 W, 2925 MHz, 13801 MHz, Not Active, Not Active, Not Active, Not Active, Not Active
2026/09/03 01:05:30.245, 18313 MiB, 43, 107.71 W, 2925 MHz, 13801 MHz, Not Active, Not Active, Not Active, Not Active, Not Active
2026/09/03 01:05:30.446, 18313 MiB, 43, 107.71 W, 2925 MHz, 13801 MHz, Not Active, Not Active, Not Active, Not Active, Not Active
2026/09/03 01:05:30.646, 18313 MiB, 43, 107.71 W, 2925 MHz, 13801 MHz, Not Active, Not Active, Not Active, Not Active, Not Active
2026/09/03 01:05:30.846, 18313 MiB, 43, 105.88 W, 2850 MHz, 13801 MHz, Not Active, Not Active, Not Active, Not Active, Not Active
2026/09/03 01:05:31.046, 18313 MiB, 43, 105.88 W, 2850 MHz, 13801 MHz, Not Active, Not Active, Not Active, Not Active, Not Active
2026/09/03 01:05:31.247, 18313 MiB, 43, 105.32 W, 2925 MHz, 13801 MHz, Not Active, Not Active, Not Active, Not Active, Not Active
2026/09/03 01:05:31.447, 18313 MiB, 43, 105.32 W, 2925 MHz, 13801 MHz, Not Active, Not Active, Not Active, Not Active, Not Active
2026/09/03 01:05:31.647, 18313 MiB, 43, 105.32 W, 2925 MHz, 13801 MHz, Not Active, Not Active, Not Active, Not Active, Not Active
2026/09/03 01:05:31.848, 18315 MiB, 43, 106.49 W, 2925 MHz, 13801 MHz, Not Active, Not Active, Not Active, Not Active, Not Active
2026/09/03 01:05:32.048, 18315 MiB, 43, 106.49 W, 2925 MHz, 13801 MHz, Not Active, Not Active, Not Active, Not Active, Not Active
2026/09/03 01:05:32.248, 18317 MiB, 43, 107.42 W, 2925 MHz, 13801 MHz, Not Active, Not Active, Not Active, Not Active, Not Active
2026/09/03 01:05:32.448, 18317 MiB, 43, 107.42 W, 2925 MHz, 13801 MHz, Not Active, Not Active, Not Active, Not Active, Not Active
2026/09/03 01:05:32.649, 18319 MiB, 43, 107.42 W, 2925 MHz, 13801 MHz, Not Active, Not Active, Not Active, Not Active, Not Active
2026/09/03 01:05:32.849, 18319 MiB, 43, 107.52 W, 2925 MHz, 13801 MHz, Not Active, Not Active, Not Active, Not Active, Not Active
2026/09/03 01:05:33.049, 18319 MiB, 43, 107.52 W, 2925 MHz, 13801 MHz, Not Active, Not Active, Not Active, Not Active, Not Active
2026/09/03 01:05:33.250, 18319 MiB, 43, 107.42 W, 2925 MHz, 13801 MHz, Not Active, Not Active, Not Active, Not Active, Not Active
2026/09/03 01:05:33.450, 18319 MiB, 43, 107.42 W, 2925 MHz, 13801 MHz, Not Active, Not Active, Not Active, Not Active, Not Active
2026/09/03 01:05:33.650, 18319 MiB, 43, 107.42 W, 2925 MHz, 13801 MHz, Not Active, Not Active, Not Active, Not Active, Not Active
2026/09/03 01:05:33.850, 18319 MiB, 43, 104.94 W, 2925 MHz, 13801 MHz, Not Active, Not Active, Not Active, Not Active, Not Active
2026/09/03 01:05:34.051, 18319 MiB, 43, 104.94 W, 2925 MHz, 13801 MHz, Not Active, Not Active, Not Active, Not Active, Not Active
2026/09/03 01:05:34.251, 18319 MiB, 43, 104.97 W, 2925 MHz, 13801 MHz, Not Active, Not Active, Not Active, Not Active, Not Active
2026/09/03 01:05:34.451, 18319 MiB, 43, 104.97 W, 2925 MHz, 13801 MHz, Not Active, Not Active, Not Active, Not Active, Not Active
2026/09/03 01:05:34.651, 18321 MiB, 43, 104.97 W, 2925 MHz, 13801 MHz, Not Active, Not Active, Not Active, Not Active, Not Active
2026/09/03 01:05:34.852, 18323 MiB, 43, 106.83 W, 2925 MHz, 13801 MHz, Not Active, Not Active, Not Active, Not Active, Not Active
2026/09/03 01:05:35.052, 18323 MiB, 43, 106.83 W, 2925 MHz, 13801 MHz, Not Active, Not Active, Not Active, Not Active, Not Active
2026/09/03 01:05:35.252, 18323 MiB, 43, 107.11 W, 2925 MHz, 13801 MHz, Not Active, Not Active, Not Active, Not Active, Not Active
2026/09/03 01:05:35.453, 18325 MiB, 43, 107.11 W, 2925 MHz, 13801 MHz, Not Active, Not Active, Not Active, Not Active, Not Active
2026/09/03 01:05:35.653, 18325 MiB, 43, 107.11 W, 2925 MHz, 13801 MHz, Not Active, Not Active, Not Active, Not Active, Not Active
2026/09/03 01:05:35.853, 18325 MiB, 43, 107.31 W, 2925 MHz, 13801 MHz, Not Active, Not Active, Not Active, Not Active, Not Active
2026/09/03 01:05:36.053, 18325 MiB, 43, 107.31 W, 2925 MHz, 13801 MHz, Not Active, Not Active, Not Active, Not Active, Not Active
2026/09/03 01:05:36.254, 18325 MiB, 43, 105.99 W, 2850 MHz, 13801 MHz, Not Active, Not Active, Not Active, Not Active, Not Active
2026/09/03 01:05:36.454, 18325 MiB, 43, 105.99 W, 2850 MHz, 13801 MHz, Not Active, Not Active, Not Active, Not Active, Not Active
2026/09/03 01:05:36.654, 18325 MiB, 43, 105.99 W, 2850 MHz, 13801 MHz, Not Active, Not Active, Not Active, Not Active, Not Active
2026/09/03 01:05:36.854, 18325 MiB, 43, 105.36 W, 2925 MHz, 13801 MHz, Not Active, Not Active, Not Active, Not Active, Not Active
2026/09/03 01:05:37.055, 18325 MiB, 43, 105.36 W, 2925 MHz, 13801 MHz, Not Active, Not Active, Not Active, Not Active, Not Active
2026/09/03 01:05:37.255, 18327 MiB, 43, 106.48 W, 2925 MHz, 13801 MHz, Not Active, Not Active, Not Active, Not Active, Not Active
2026/09/03 01:05:37.455, 18327 MiB, 43, 106.48 W, 2925 MHz, 13801 MHz, Not Active, Not Active, Not Active, Not Active, Not Active
2026/09/03 01:05:37.656, 18329 MiB, 43, 106.48 W, 2925 MHz, 13801 MHz, Not Active, Not Active, Not Active, Not Active, Not Active
2026/09/03 01:05:37.856, 18329 MiB, 43, 107.83 W, 2925 MHz, 13801 MHz, Not Active, Not Active, Not Active, Not Active, Not Active
2026/09/03 01:05:38.056, 18331 MiB, 43, 107.83 W, 2925 MHz, 13801 MHz, Not Active, Not Active, Not Active, Not Active, Not Active
2026/09/03 01:05:38.256, 18331 MiB, 43, 107.14 W, 2925 MHz, 13801 MHz, Not Active, Not Active, Not Active, Not Active, Not Active
2026/09/03 01:05:38.456, 18331 MiB, 43, 107.14 W, 2925 MHz, 13801 MHz, Not Active, Not Active, Not Active, Not Active, Not Active
2026/09/03 01:05:38.657, 18333 MiB, 43, 107.14 W, 2925 MHz, 13801 MHz, Not Active, Not Active, Not Active, Not Active, Not Active
2026/09/03 01:05:38.857, 18333 MiB, 43, 107.08 W, 2925 MHz, 13801 MHz, Not Active, Not Active, Not Active, Not Active, Not Active
2026/09/03 01:05:39.057, 18333 MiB, 43, 107.08 W, 2925 MHz, 13801 MHz, Not Active, Not Active, Not Active, Not Active, Not Active
2026/09/03 01:05:39.258, 18333 MiB, 43, 105.25 W, 2850 MHz, 13801 MHz, Not Active, Not Active, Not Active, Not Active, Not Active
2026/09/03 01:05:39.458, 18333 MiB, 43, 105.25 W, 2850 MHz, 13801 MHz, Not Active, Not Active, Not Active, Not Active, Not Active
2026/09/03 01:05:39.658, 18333 MiB, 43, 105.25 W, 2850 MHz, 13801 MHz, Not Active, Not Active, Not Active, Not Active, Not Active
2026/09/03 01:05:39.858, 18333 MiB, 43, 105.21 W, 2925 MHz, 13801 MHz, Not Active, Not Active, Not Active, Not Active, Not Active
2026/09/03 01:05:40.059, 18333 MiB, 43, 105.21 W, 2925 MHz, 13801 MHz, Not Active, Not Active, Not Active, Not Active, Not Active
2026/09/03 01:05:40.259, 18335 MiB, 43, 107.49 W, 2925 MHz, 13801 MHz, Not Active, Not Active, Not Active, Not Active, Not Active
2026/09/03 01:05:40.459, 18335 MiB, 43, 107.49 W, 2925 MHz, 13801 MHz, Not Active, Not Active, Not Active, Not Active, Not Active
2026/09/03 01:05:40.659, 18337 MiB, 43, 107.49 W, 2925 MHz, 13801 MHz, Not Active, Not Active, Not Active, Not Active, Not Active
2026/09/03 01:05:40.860, 18337 MiB, 43, 107.45 W, 2925 MHz, 13801 MHz, Not Active, Not Active, Not Active, Not Active, Not Active
2026/09/03 01:05:41.060, 18337 MiB, 43, 107.45 W, 2925 MHz, 13801 MHz, Not Active, Not Active, Not Active, Not Active, Not Active
2026/09/03 01:05:41.260, 18337 MiB, 43, 107.49 W, 2925 MHz, 13801 MHz, Not Active, Not Active, Not Active, Not Active, Not Active
2026/09/03 01:05:41.461, 18339 MiB, 43, 107.49 W, 2925 MHz, 13801 MHz, Not Active, Not Active, Not Active, Not Active, Not Active
2026/09/03 01:05:41.661, 18339 MiB, 43, 107.49 W, 2925 MHz, 13801 MHz, Not Active, Not Active, Not Active, Not Active, Not Active
2026/09/03 01:05:41.861, 18339 MiB, 42, 105.63 W, 2925 MHz, 13801 MHz, Not Active, Not Active, Not Active, Not Active, Not Active
2026/09/03 01:05:42.062, 18339 MiB, 42, 105.63 W, 2925 MHz, 13801 MHz, Not Active, Not Active, Not Active, Not Active, Not Active
2026/09/03 01:05:42.262, 18339 MiB, 43, 105.22 W, 2925 MHz, 13801 MHz, Not Active, Not Active, Not Active, Not Active, Not Active
2026/09/03 01:05:42.462, 18339 MiB, 43, 105.22 W, 2925 MHz, 13801 MHz, Not Active, Not Active, Not Active, Not Active, Not Active
2026/09/03 01:05:42.662, 18339 MiB, 43, 105.22 W, 2925 MHz, 13801 MHz, Not Active, Not Active, Not Active, Not Active, Not Active
2026/09/03 01:05:42.862, 18341 MiB, 43, 106.58 W, 2925 MHz, 13801 MHz, Not Active, Not Active, Not Active, Not Active, Not Active
2026/09/03 01:05:43.063, 18343 MiB, 43, 106.58 W, 2925 MHz, 13801 MHz, Not Active, Not Active, Not Active, Not Active, Not Active
2026/09/03 01:05:43.263, 18343 MiB, 43, 107.10 W, 2925 MHz, 13801 MHz, Not Active, Not Active, Not Active, Not Active, Not Active
2026/09/03 01:05:43.463, 18343 MiB, 43, 107.10 W, 2925 MHz, 13801 MHz, Not Active, Not Active, Not Active, Not Active, Not Active
2026/09/03 01:05:43.663, 18343 MiB, 43, 107.10 W, 2925 MHz, 13801 MHz, Not Active, Not Active, Not Active, Not Active, Not Active
2026/09/03 01:05:43.864, 18343 MiB, 43, 106.67 W, 2925 MHz, 13801 MHz, Not Active, Not Active, Not Active, Not Active, Not Active
2026/09/03 01:05:44.064, 18345 MiB, 43, 106.67 W, 2925 MHz, 13801 MHz, Not Active, Not Active, Not Active, Not Active, Not Active
2026/09/03 01:05:44.264, 18345 MiB, 43, 106.51 W, 2917 MHz, 13801 MHz, Not Active, Not Active, Not Active, Not Active, Not Active
2026/09/03 01:05:44.464, 18345 MiB, 43, 106.51 W, 2917 MHz, 13801 MHz, Not Active, Not Active, Not Active, Not Active, Not Active
2026/09/03 01:05:44.665, 18345 MiB, 43, 106.51 W, 2917 MHz, 13801 MHz, Not Active, Not Active, Not Active, Not Active, Not Active
2026/09/03 01:05:44.865, 18345 MiB, 43, 104.61 W, 2850 MHz, 13801 MHz, Not Active, Not Active, Not Active, Not Active, Not Active
2026/09/03 01:05:45.065, 18347 MiB, 43, 104.61 W, 2850 MHz, 13801 MHz, Not Active, Not Active, Not Active, Not Active, Not Active
2026/09/03 01:05:45.266, 18347 MiB, 43, 104.68 W, 2925 MHz, 13801 MHz, Not Active, Not Active, Not Active, Not Active, Not Active
2026/09/03 01:05:45.466, 18347 MiB, 43, 104.68 W, 2925 MHz, 13801 MHz, Not Active, Not Active, Not Active, Not Active, Not Active
2026/09/03 01:05:45.666, 18347 MiB, 43, 104.68 W, 2925 MHz, 13801 MHz, Not Active, Not Active, Not Active, Not Active, Not Active
2026/09/03 01:05:45.866, 18347 MiB, 43, 106.13 W, 2925 MHz, 13801 MHz, Not Active, Not Active, Not Active, Not Active, Not Active
2026/09/03 01:05:46.067, 18349 MiB, 43, 106.13 W, 2925 MHz, 13801 MHz, Not Active, Not Active, Not Active, Not Active, Not Active
2026/09/03 01:05:46.267, 18349 MiB, 43, 106.85 W, 2925 MHz, 13801 MHz, Not Active, Not Active, Not Active, Not Active, Not Active
2026/09/03 01:05:46.467, 18351 MiB, 43, 106.85 W, 2925 MHz, 13801 MHz, Not Active, Not Active, Not Active, Not Active, Not Active
2026/09/03 01:05:46.667, 18351 MiB, 43, 106.85 W, 2925 MHz, 13801 MHz, Not Active, Not Active, Not Active, Not Active, Not Active
2026/09/03 01:05:46.868, 18351 MiB, 43, 106.30 W, 2925 MHz, 13801 MHz, Not Active, Not Active, Not Active, Not Active, Not Active
2026/09/03 01:05:47.068, 18353 MiB, 43, 106.30 W, 2925 MHz, 13801 MHz, Not Active, Not Active, Not Active, Not Active, Not Active
2026/09/03 01:05:47.268, 18353 MiB, 43, 105.13 W, 2925 MHz, 13801 MHz, Not Active, Not Active, Not Active, Not Active, Not Active
2026/09/03 01:05:47.469, 18353 MiB, 43, 105.13 W, 2925 MHz, 13801 MHz, Not Active, Not Active, Not Active, Not Active, Not Active
2026/09/03 01:05:47.669, 18353 MiB, 43, 105.13 W, 2925 MHz, 13801 MHz, Not Active, Not Active, Not Active, Not Active, Not Active
2026/09/03 01:05:47.869, 18353 MiB, 43, 104.14 W, 2925 MHz, 13801 MHz, Not Active, Not Active, Not Active, Not Active, Not Active
2026/09/03 01:05:48.069, 18353 MiB, 43, 104.14 W, 2925 MHz, 13801 MHz, Not Active, Not Active, Not Active, Not Active, Not Active
2026/09/03 01:05:48.270, 18353 MiB, 43, 105.00 W, 2925 MHz, 13801 MHz, Not Active, Not Active, Not Active, Not Active, Not Active
2026/09/03 01:05:48.470, 18355 MiB, 43, 105.00 W, 2925 MHz, 13801 MHz, Not Active, Not Active, Not Active, Not Active, Not Active
2026/09/03 01:05:48.670, 18355 MiB, 43, 105.00 W, 2925 MHz, 13801 MHz, Not Active, Not Active, Not Active, Not Active, Not Active
2026/09/03 01:05:48.871, 18357 MiB, 43, 107.32 W, 2925 MHz, 13801 MHz, Not Active, Not Active, Not Active, Not Active, Not Active
2026/09/03 01:05:49.071, 18357 MiB, 43, 107.32 W, 2925 MHz, 13801 MHz, Not Active, Not Active, Not Active, Not Active, Not Active
2026/09/03 01:05:49.271, 18357 MiB, 43, 106.81 W, 2925 MHz, 13801 MHz, Not Active, Not Active, Not Active, Not Active, Not Active
2026/09/03 01:05:49.471, 18359 MiB, 43, 106.81 W, 2925 MHz, 13801 MHz, Not Active, Not Active, Not Active, Not Active, Not Active
2026/09/03 01:05:49.671, 18359 MiB, 43, 106.81 W, 2925 MHz, 13801 MHz, Not Active, Not Active, Not Active, Not Active, Not Active
2026/09/03 01:05:49.872, 18359 MiB, 43, 107.01 W, 2925 MHz, 13801 MHz, Not Active, Not Active, Not Active, Not Active, Not Active
2026/09/03 01:05:50.072, 18359 MiB, 43, 107.01 W, 2925 MHz, 13801 MHz, Not Active, Not Active, Not Active, Not Active, Not Active
2026/09/03 01:05:50.272, 18359 MiB, 42, 105.14 W, 2850 MHz, 13801 MHz, Not Active, Not Active, Not Active, Not Active, Not Active
2026/09/03 01:05:50.472, 18359 MiB, 42, 105.14 W, 2850 MHz, 13801 MHz, Not Active, Not Active, Not Active, Not Active, Not Active
2026/09/03 01:05:50.672, 18359 MiB, 42, 105.14 W, 2850 MHz, 13801 MHz, Not Active, Not Active, Not Active, Not Active, Not Active
2026/09/03 01:05:50.873, 18359 MiB, 43, 104.89 W, 2925 MHz, 13801 MHz, Not Active, Not Active, Not Active, Not Active, Not Active
2026/09/03 01:05:51.073, 18359 MiB, 43, 104.89 W, 2925 MHz, 13801 MHz, Not Active, Not Active, Not Active, Not Active, Not Active
2026/09/03 01:05:51.273, 18361 MiB, 42, 105.61 W, 2925 MHz, 13801 MHz, Not Active, Not Active, Not Active, Not Active, Not Active
2026/09/03 01:05:51.473, 18361 MiB, 42, 105.61 W, 2925 MHz, 13801 MHz, Not Active, Not Active, Not Active, Not Active, Not Active
2026/09/03 01:05:51.673, 18363 MiB, 42, 105.61 W, 2925 MHz, 13801 MHz, Not Active, Not Active, Not Active, Not Active, Not Active
2026/09/03 01:05:51.874, 18363 MiB, 42, 106.68 W, 2925 MHz, 13801 MHz, Not Active, Not Active, Not Active, Not Active, Not Active
2026/09/03 01:05:52.074, 18365 MiB, 42, 106.68 W, 2925 MHz, 13801 MHz, Not Active, Not Active, Not Active, Not Active, Not Active
2026/09/03 01:05:52.274, 18365 MiB, 42, 107.06 W, 2925 MHz, 13801 MHz, Not Active, Not Active, Not Active, Not Active, Not Active
2026/09/03 01:05:52.474, 18365 MiB, 42, 107.06 W, 2925 MHz, 13801 MHz, Not Active, Not Active, Not Active, Not Active, Not Active
2026/09/03 01:05:52.674, 18365 MiB, 42, 107.06 W, 2925 MHz, 13801 MHz, Not Active, Not Active, Not Active, Not Active, Not Active
2026/09/03 01:05:52.874, 18365 MiB, 42, 106.20 W, 2925 MHz, 13801 MHz, Not Active, Not Active, Not Active, Not Active, Not Active
2026/09/03 01:05:53.075, 18365 MiB, 42, 106.20 W, 2925 MHz, 13801 MHz, Not Active, Not Active, Not Active, Not Active, Not Active
2026/09/03 01:05:53.275, 18365 MiB, 42, 103.48 W, 2925 MHz, 13801 MHz, Not Active, Not Active, Not Active, Not Active, Not Active
2026/09/03 01:05:53.475, 18365 MiB, 42, 103.48 W, 2925 MHz, 13801 MHz, Not Active, Not Active, Not Active, Not Active, Not Active
2026/09/03 01:05:53.676, 18367 MiB, 42, 103.48 W, 2925 MHz, 13801 MHz, Not Active, Not Active, Not Active, Not Active, Not Active
2026/09/03 01:05:53.876, 18367 MiB, 42, 104.75 W, 2925 MHz, 13801 MHz, Not Active, Not Active, Not Active, Not Active, Not Active
2026/09/03 01:05:54.076, 18367 MiB, 42, 104.75 W, 2925 MHz, 13801 MHz, Not Active, Not Active, Not Active, Not Active, Not Active
2026/09/03 01:05:54.276, 18369 MiB, 42, 106.97 W, 2925 MHz, 13801 MHz, Not Active, Not Active, Not Active, Not Active, Not Active
2026/09/03 01:05:54.476, 18369 MiB, 42, 106.97 W, 2925 MHz, 13801 MHz, Not Active, Not Active, Not Active, Not Active, Not Active
2026/09/03 01:05:54.677, 18371 MiB, 42, 106.97 W, 2925 MHz, 13801 MHz, Not Active, Not Active, Not Active, Not Active, Not Active
2026/09/03 01:05:54.877, 18371 MiB, 42, 106.07 W, 2925 MHz, 13801 MHz, Not Active, Not Active, Not Active, Not Active, Not Active
2026/09/03 01:05:55.077, 18371 MiB, 42, 106.07 W, 2925 MHz, 13801 MHz, Not Active, Not Active, Not Active, Not Active, Not Active
2026/09/03 01:05:55.277, 18373 MiB, 42, 106.50 W, 2925 MHz, 13801 MHz, Not Active, Not Active, Not Active, Not Active, Not Active
2026/09/03 01:05:55.478, 18373 MiB, 42, 106.50 W, 2925 MHz, 13801 MHz, Not Active, Not Active, Not Active, Not Active, Not Active
2026/09/03 01:05:55.678, 18373 MiB, 42, 104.73 W, 2850 MHz, 13801 MHz, Not Active, Not Active, Not Active, Not Active, Not Active
2026/09/03 01:05:55.878, 18373 MiB, 42, 104.73 W, 2850 MHz, 13801 MHz, Not Active, Not Active, Not Active, Not Active, Not Active
2026/09/03 01:05:56.078, 18373 MiB, 42, 104.73 W, 2850 MHz, 13801 MHz, Not Active, Not Active, Not Active, Not Active, Not Active
2026/09/03 01:05:56.279, 18373 MiB, 42, 105.02 W, 2925 MHz, 13801 MHz, Not Active, Not Active, Not Active, Not Active, Not Active
2026/09/03 01:05:56.479, 18373 MiB, 42, 105.02 W, 2925 MHz, 13801 MHz, Not Active, Not Active, Not Active, Not Active, Not Active
2026/09/03 01:05:56.679, 18373 MiB, 42, 106.46 W, 2925 MHz, 13801 MHz, Not Active, Not Active, Not Active, Not Active, Not Active
2026/09/03 01:05:56.879, 18375 MiB, 42, 106.46 W, 2925 MHz, 13801 MHz, Not Active, Not Active, Not Active, Not Active, Not Active
2026/09/03 01:05:57.080, 18375 MiB, 42, 106.46 W, 2925 MHz, 13801 MHz, Not Active, Not Active, Not Active, Not Active, Not Active
2026/09/03 01:05:57.280, 18377 MiB, 42, 106.64 W, 2925 MHz, 13801 MHz, Not Active, Not Active, Not Active, Not Active, Not Active
2026/09/03 01:05:57.480, 18377 MiB, 42, 106.64 W, 2925 MHz, 13801 MHz, Not Active, Not Active, Not Active, Not Active, Not Active
2026/09/03 01:05:57.680, 18377 MiB, 42, 106.79 W, 2925 MHz, 13801 MHz, Not Active, Not Active, Not Active, Not Active, Not Active
2026/09/03 01:05:57.881, 18379 MiB, 42, 106.79 W, 2925 MHz, 13801 MHz, Not Active, Not Active, Not Active, Not Active, Not Active
2026/09/03 01:05:58.081, 18379 MiB, 42, 106.79 W, 2925 MHz, 13801 MHz, Not Active, Not Active, Not Active, Not Active, Not Active
2026/09/03 01:05:58.281, 18379 MiB, 42, 106.27 W, 2925 MHz, 13801 MHz, Not Active, Not Active, Not Active, Not Active, Not Active
2026/09/03 01:05:58.481, 18379 MiB, 42, 106.27 W, 2925 MHz, 13801 MHz, Not Active, Not Active, Not Active, Not Active, Not Active
2026/09/03 01:05:58.682, 18379 MiB, 42, 104.18 W, 2925 MHz, 13801 MHz, Not Active, Not Active, Not Active, Not Active, Not Active
2026/09/03 01:05:58.882, 18379 MiB, 42, 104.18 W, 2925 MHz, 13801 MHz, Not Active, Not Active, Not Active, Not Active, Not Active
2026/09/03 01:05:59.082, 18379 MiB, 42, 104.18 W, 2925 MHz, 13801 MHz, Not Active, Not Active, Not Active, Not Active, Not Active
2026/09/03 01:05:59.282, 18379 MiB, 42, 104.57 W, 2925 MHz, 13801 MHz, Not Active, Not Active, Not Active, Not Active, Not Active
2026/09/03 01:05:59.483, 18381 MiB, 42, 104.57 W, 2925 MHz, 13801 MHz, Not Active, Not Active, Not Active, Not Active, Not Active
2026/09/03 01:05:59.683, 18381 MiB, 42, 107.33 W, 2925 MHz, 13801 MHz, Not Active, Not Active, Not Active, Not Active, Not Active
2026/09/03 01:05:59.884, 18381 MiB, 42, 107.33 W, 2925 MHz, 13801 MHz, Not Active, Not Active, Not Active, Not Active, Not Active
2026/09/03 01:06:00.084, 18383 MiB, 42, 107.33 W, 2925 MHz, 13801 MHz, Not Active, Not Active, Not Active, Not Active, Not Active
2026/09/03 01:06:00.284, 18383 MiB, 42, 106.61 W, 2925 MHz, 13801 MHz, Not Active, Not Active, Not Active, Not Active, Not Active
2026/09/03 01:06:00.485, 18385 MiB, 42, 106.61 W, 2925 MHz, 13801 MHz, Not Active, Not Active, Not Active, Not Active, Not Active
2026/09/03 01:06:00.685, 18385 MiB, 42, 106.77 W, 2925 MHz, 13801 MHz, Not Active, Not Active, Not Active, Not Active, Not Active
2026/09/03 01:06:00.885, 18385 MiB, 42, 106.77 W, 2925 MHz, 13801 MHz, Not Active, Not Active, Not Active, Not Active, Not Active
2026/09/03 01:06:01.085, 18385 MiB, 42, 106.77 W, 2925 MHz, 13801 MHz, Not Active, Not Active, Not Active, Not Active, Not Active
2026/09/03 01:06:01.286, 18385 MiB, 42, 104.92 W, 2850 MHz, 13801 MHz, Not Active, Not Active, Not Active, Not Active, Not Active
2026/09/03 01:06:01.486, 18385 MiB, 42, 104.92 W, 2850 MHz, 13801 MHz, Not Active, Not Active, Not Active, Not Active, Not Active
2026/09/03 01:06:01.686, 18385 MiB, 42, 104.32 W, 2925 MHz, 13801 MHz, Not Active, Not Active, Not Active, Not Active, Not Active
2026/09/03 01:06:01.887, 18385 MiB, 42, 104.32 W, 2925 MHz, 13801 MHz, Not Active, Not Active, Not Active, Not Active, Not Active
2026/09/03 01:06:02.087, 18385 MiB, 42, 104.32 W, 2925 MHz, 13801 MHz, Not Active, Not Active, Not Active, Not Active, Not Active
2026/09/03 01:06:02.287, 18387 MiB, 42, 105.57 W, 2925 MHz, 13801 MHz, Not Active, Not Active, Not Active, Not Active, Not Active
2026/09/03 01:06:02.488, 18387 MiB, 42, 105.57 W, 2925 MHz, 13801 MHz, Not Active, Not Active, Not Active, Not Active, Not Active
2026/09/03 01:06:02.688, 18389 MiB, 42, 106.12 W, 2925 MHz, 13801 MHz, Not Active, Not Active, Not Active, Not Active, Not Active
2026/09/03 01:06:02.888, 18389 MiB, 42, 106.12 W, 2925 MHz, 13801 MHz, Not Active, Not Active, Not Active, Not Active, Not Active
2026/09/03 01:06:03.088, 18389 MiB, 42, 106.12 W, 2925 MHz, 13801 MHz, Not Active, Not Active, Not Active, Not Active, Not Active
2026/09/03 01:06:03.289, 18391 MiB, 42, 106.62 W, 2925 MHz, 13801 MHz, Not Active, Not Active, Not Active, Not Active, Not Active
2026/09/03 01:06:03.489, 18391 MiB, 42, 106.62 W, 2925 MHz, 13801 MHz, Not Active, Not Active, Not Active, Not Active, Not Active
2026/09/03 01:06:03.690, 18391 MiB, 42, 106.64 W, 2925 MHz, 13801 MHz, Not Active, Not Active, Not Active, Not Active, Not Active
2026/09/03 01:06:03.890, 18391 MiB, 42, 106.64 W, 2925 MHz, 13801 MHz, Not Active, Not Active, Not Active, Not Active, Not Active
2026/09/03 01:06:04.090, 18391 MiB, 42, 106.64 W, 2925 MHz, 13801 MHz, Not Active, Not Active, Not Active, Not Active, Not Active
2026/09/03 01:06:04.291, 18391 MiB, 42, 104.10 W, 2925 MHz, 13801 MHz, Not Active, Not Active, Not Active, Not Active, Not Active
2026/09/03 01:06:04.491, 18391 MiB, 42, 104.10 W, 2925 MHz, 13801 MHz, Not Active, Not Active, Not Active, Not Active, Not Active
2026/09/03 01:06:04.691, 18391 MiB, 42, 104.41 W, 2925 MHz, 13801 MHz, Not Active, Not Active, Not Active, Not Active, Not Active
2026/09/03 01:06:04.891, 18393 MiB, 42, 104.41 W, 2925 MHz, 13801 MHz, Not Active, Not Active, Not Active, Not Active, Not Active
2026/09/03 01:06:05.092, 18395 MiB, 42, 104.41 W, 2925 MHz, 13801 MHz, Not Active, Not Active, Not Active, Not Active, Not Active
2026/09/03 01:06:05.292, 18395 MiB, 42, 106.55 W, 2925 MHz, 13801 MHz, Not Active, Not Active, Not Active, Not Active, Not Active
2026/09/03 01:06:05.492, 18395 MiB, 42, 106.55 W, 2925 MHz, 13801 MHz, Not Active, Not Active, Not Active, Not Active, Not Active
2026/09/03 01:06:05.692, 18395 MiB, 42, 106.48 W, 2925 MHz, 13801 MHz, Not Active, Not Active, Not Active, Not Active, Not Active
2026/09/03 01:06:05.893, 18397 MiB, 42, 106.48 W, 2925 MHz, 13801 MHz, Not Active, Not Active, Not Active, Not Active, Not Active
2026/09/03 01:06:06.093, 18397 MiB, 42, 106.48 W, 2925 MHz, 13801 MHz, Not Active, Not Active, Not Active, Not Active, Not Active
2026/09/03 01:06:06.293, 18397 MiB, 42, 106.36 W, 2925 MHz, 13801 MHz, Not Active, Not Active, Not Active, Not Active, Not Active
2026/09/03 01:06:06.493, 18399 MiB, 42, 106.36 W, 2925 MHz, 13801 MHz, Not Active, Not Active, Not Active, Not Active, Not Active
2026/09/03 01:06:06.694, 18399 MiB, 41, 97.29 W, 2820 MHz, 13801 MHz, Not Active, Not Active, Not Active, Not Active, Not Active
2026/09/03 01:06:06.894, 18399 MiB, 41, 97.29 W, 2820 MHz, 13801 MHz, Not Active, Not Active, Not Active, Not Active, Not Active
2026/09/03 01:06:07.094, 18399 MiB, 41, 97.29 W, 2820 MHz, 13801 MHz, Not Active, Not Active, Not Active, Not Active, Not Active
2026/09/03 01:06:07.295, 18399 MiB, 41, 74.56 W, 2400 MHz, 13801 MHz, Not Active, Not Active, Not Active, Not Active, Not Active
2026/09/03 01:06:07.495, 18399 MiB, 41, 74.56 W, 2400 MHz, 13801 MHz, Not Active, Not Active, Not Active, Not Active, Not Active
2026/09/03 01:06:07.695, 18399 MiB, 40, 54.63 W, 2407 MHz, 13801 MHz, Not Active, Not Active, Not Active, Not Active, Not Active
2026/09/03 01:06:07.895, 18377 MiB, 40, 54.63 W, 2407 MHz, 13801 MHz, Not Active, Not Active, Not Active, Not Active, Not Active
2026/09/03 01:06:08.095, 18339 MiB, 40, 54.63 W, 2407 MHz, 13801 MHz, Not Active, Not Active, Not Active, Not Active, Not Active
2026/09/03 01:06:08.296, 18339 MiB, 40, 55.15 W, 2400 MHz, 13801 MHz, Not Active, Not Active, Not Active, Not Active, Not Active
2026/09/03 01:06:08.496, 18339 MiB, 40, 55.15 W, 2400 MHz, 13801 MHz, Not Active, Not Active, Not Active, Not Active, Not Active
2026/09/03 01:06:08.696, 18339 MiB, 40, 55.10 W, 2400 MHz, 13801 MHz, Not Active, Not Active, Not Active, Not Active, Not Active
2026/09/03 01:06:08.896, 15 MiB, 40, 57.04 W, 2400 MHz, 13801 MHz, Not Active, Not Active, Not Active, Not Active, Not Active
