timestamp, memory.used [MiB], temperature.gpu, power.draw [W], clocks.current.sm [MHz], clocks.current.memory [MHz], clocks_event_reasons.sw_power_cap, clocks_event_reasons.hw_slowdown, clocks_event_reasons.hw_thermal_slowdown, clocks_event_reasons.hw_power_brake_slowdown, clocks_event_reasons.sw_thermal_slowdown
2026/09/04 09:01:56.741, 15 MiB, 51, 13.81 W, 22 MHz, 405 MHz, Not Active, Not Active, Not Active, Not Active, Not Active
2026/09/04 09:01:56.949, 15 MiB, 51, 13.81 W, 22 MHz, 405 MHz, Not Active, Not Active, Not Active, Not Active, Not Active
2026/09/04 09:01:57.149, 15 MiB, 51, 13.81 W, 22 MHz, 405 MHz, Not Active, Not Active, Not Active, Not Active, Not Active
2026/09/04 09:01:57.350, 15 MiB, 51, 13.81 W, 22 MHz, 405 MHz, Not Active, Not Active, Not Active, Not Active, Not Active
2026/09/04 09:01:57.560, 519 MiB, 51, 13.81 W, 22 MHz, 405 MHz, Not Active, Not Active, Not Active, Not Active, Not Active
2026/09/04 09:01:57.760, 519 MiB, 52, 25.10 W, 832 MHz, 13801 MHz, Not Active, Not Active, Not Active, Not Active, Not Active
2026/09/04 09:01:57.961, 519 MiB, 52, 25.10 W, 832 MHz, 13801 MHz, Not Active, Not Active, Not Active, Not Active, Not Active
2026/09/04 09:01:58.161, 519 MiB, 52, 25.10 W, 832 MHz, 13801 MHz, Not Active, Not Active, Not Active, Not Active, Not Active
2026/09/04 09:01:58.361, 519 MiB, 52, 35.07 W, 2400 MHz, 13801 MHz, Not Active, Not Active, Not Active, Not Active, Not Active
2026/09/04 09:01:58.562, 519 MiB, 52, 35.07 W, 2400 MHz, 13801 MHz, Not Active, Not Active, Not Active, Not Active, Not Active
2026/09/04 09:01:58.762, 519 MiB, 52, 58.81 W, 2400 MHz, 13801 MHz, Not Active, Not Active, Not Active, Not Active, Not Active
2026/09/04 09:01:58.962, 519 MiB, 52, 58.81 W, 2400 MHz, 13801 MHz, Not Active, Not Active, Not Active, Not Active, Not Active
2026/09/04 09:01:59.162, 519 MiB, 52, 58.81 W, 2400 MHz, 13801 MHz, Not Active, Not Active, Not Active, Not Active, Not Active
2026/09/04 09:01:59.362, 519 MiB, 52, 59.06 W, 2400 MHz, 13801 MHz, Not Active, Not Active, Not Active, Not Active, Not Active
2026/09/04 09:01:59.563, 519 MiB, 52, 59.06 W, 2400 MHz, 13801 MHz, Not Active, Not Active, Not Active, Not Active, Not Active
2026/09/04 09:01:59.763, 519 MiB, 52, 59.33 W, 2400 MHz, 13801 MHz, Not Active, Not Active, Not Active, Not Active, Not Active
2026/09/04 09:01:59.963, 519 MiB, 52, 59.33 W, 2400 MHz, 13801 MHz, Not Active, Not Active, Not Active, Not Active, Not Active
2026/09/04 09:02:00.163, 536 MiB, 52, 59.33 W, 2400 MHz, 13801 MHz, Not Active, Not Active, Not Active, Not Active, Not Active
2026/09/04 09:02:00.364, 1023 MiB, 53, 59.62 W, 2400 MHz, 13801 MHz, Not Active, Not Active, Not Active, Not Active, Not Active
2026/09/04 09:02:00.564, 1023 MiB, 53, 59.62 W, 2400 MHz, 13801 MHz, Not Active, Not Active, Not Active, Not Active, Not Active
2026/09/04 09:02:00.764, 1023 MiB, 52, 60.36 W, 2400 MHz, 13801 MHz, Not Active, Not Active, Not Active, Not Active, Not Active
2026/09/04 09:02:00.964, 1023 MiB, 52, 60.36 W, 2400 MHz, 13801 MHz, Not Active, Not Active, Not Active, Not Active, Not Active
2026/09/04 09:02:01.165, 1023 MiB, 52, 60.36 W, 2400 MHz, 13801 MHz, Not Active, Not Active, Not Active, Not Active, Not Active
2026/09/04 09:02:01.365, 1023 MiB, 52, 60.25 W, 2400 MHz, 13801 MHz, Not Active, Not Active, Not Active, Not Active, Not Active
2026/09/04 09:02:01.565, 1023 MiB, 52, 60.25 W, 2400 MHz, 13801 MHz, Not Active, Not Active, Not Active, Not Active, Not Active
2026/09/04 09:02:01.765, 1023 MiB, 53, 58.81 W, 2400 MHz, 13801 MHz, Not Active, Not Active, Not Active, Not Active, Not Active
2026/09/04 09:02:01.966, 1023 MiB, 53, 58.81 W, 2400 MHz, 13801 MHz, Not Active, Not Active, Not Active, Not Active, Not Active
2026/09/04 09:02:02.166, 1023 MiB, 53, 58.81 W, 2400 MHz, 13801 MHz, Not Active, Not Active, Not Active, Not Active, Not Active
2026/09/04 09:02:02.366, 1023 MiB, 53, 58.71 W, 2400 MHz, 13801 MHz, Not Active, Not Active, Not Active, Not Active, Not Active
2026/09/04 09:02:02.566, 1023 MiB, 53, 58.71 W, 2400 MHz, 13801 MHz, Not Active, Not Active, Not Active, Not Active, Not Active
2026/09/04 09:02:02.766, 1023 MiB, 52, 58.84 W, 2400 MHz, 13801 MHz, Not Active, Not Active, Not Active, Not Active, Not Active
2026/09/04 09:02:02.967, 1023 MiB, 52, 58.84 W, 2400 MHz, 13801 MHz, Not Active, Not Active, Not Active, Not Active, Not Active
2026/09/04 09:02:03.167, 1023 MiB, 52, 58.84 W, 2400 MHz, 13801 MHz, Not Active, Not Active, Not Active, Not Active, Not Active
2026/09/04 09:02:03.367, 1023 MiB, 53, 58.96 W, 2400 MHz, 13801 MHz, Not Active, Not Active, Not Active, Not Active, Not Active
2026/09/04 09:02:03.567, 1023 MiB, 53, 58.96 W, 2400 MHz, 13801 MHz, Not Active, Not Active, Not Active, Not Active, Not Active
2026/09/04 09:02:03.767, 1023 MiB, 53, 58.97 W, 2400 MHz, 13801 MHz, Not Active, Not Active, Not Active, Not Active, Not Active
2026/09/04 09:02:03.968, 1023 MiB, 53, 58.97 W, 2400 MHz, 13801 MHz, Not Active, Not Active, Not Active, Not Active, Not Active
2026/09/04 09:02:04.168, 1023 MiB, 53, 58.97 W, 2400 MHz, 13801 MHz, Not Active, Not Active, Not Active, Not Active, Not Active
2026/09/04 09:02:04.368, 1023 MiB, 53, 58.95 W, 2400 MHz, 13801 MHz, Not Active, Not Active, Not Active, Not Active, Not Active
2026/09/04 09:02:04.568, 1023 MiB, 53, 58.95 W, 2400 MHz, 13801 MHz, Not Active, Not Active, Not Active, Not Active, Not Active
2026/09/04 09:02:04.769, 1023 MiB, 53, 59.01 W, 2400 MHz, 13801 MHz, Not Active, Not Active, Not Active, Not Active, Not Active
2026/09/04 09:02:04.969, 1023 MiB, 53, 59.01 W, 2400 MHz, 13801 MHz, Not Active, Not Active, Not Active, Not Active, Not Active
2026/09/04 09:02:05.169, 1023 MiB, 53, 59.01 W, 2400 MHz, 13801 MHz, Not Active, Not Active, Not Active, Not Active, Not Active
2026/09/04 09:02:05.369, 1023 MiB, 53, 58.88 W, 2400 MHz, 13801 MHz, Not Active, Not Active, Not Active, Not Active, Not Active
2026/09/04 09:02:05.569, 1023 MiB, 53, 58.88 W, 2400 MHz, 13801 MHz, Not Active, Not Active, Not Active, Not Active, Not Active
2026/09/04 09:02:05.770, 1023 MiB, 53, 58.84 W, 2400 MHz, 13801 MHz, Not Active, Not Active, Not Active, Not Active, Not Active
2026/09/04 09:02:05.970, 1023 MiB, 53, 58.84 W, 2400 MHz, 13801 MHz, Not Active, Not Active, Not Active, Not Active, Not Active
2026/09/04 09:02:06.170, 1023 MiB, 53, 58.84 W, 2400 MHz, 13801 MHz, Not Active, Not Active, Not Active, Not Active, Not Active
2026/09/04 09:02:06.370, 1023 MiB, 53, 58.97 W, 2400 MHz, 13801 MHz, Not Active, Not Active, Not Active, Not Active, Not Active
2026/09/04 09:02:06.570, 1023 MiB, 53, 58.97 W, 2400 MHz, 13801 MHz, Not Active, Not Active, Not Active, Not Active, Not Active
2026/09/04 09:02:06.771, 1023 MiB, 53, 58.84 W, 2400 MHz, 13801 MHz, Not Active, Not Active, Not Active, Not Active, Not Active
2026/09/04 09:02:06.971, 1023 MiB, 53, 58.84 W, 2400 MHz, 13801 MHz, Not Active, Not Active, Not Active, Not Active, Not Active
2026/09/04 09:02:07.171, 1023 MiB, 53, 58.84 W, 2400 MHz, 13801 MHz, Not Active, Not Active, Not Active, Not Active, Not Active
2026/09/04 09:02:07.371, 1023 MiB, 53, 58.79 W, 2400 MHz, 13801 MHz, Not Active, Not Active, Not Active, Not Active, Not Active
2026/09/04 09:02:07.572, 1023 MiB, 53, 58.79 W, 2400 MHz, 13801 MHz, Not Active, Not Active, Not Active, Not Active, Not Active
2026/09/04 09:02:07.772, 1023 MiB, 53, 58.73 W, 2400 MHz, 13801 MHz, Not Active, Not Active, Not Active, Not Active, Not Active
2026/09/04 09:02:07.972, 1023 MiB, 53, 58.73 W, 2400 MHz, 13801 MHz, Not Active, Not Active, Not Active, Not Active, Not Active
2026/09/04 09:02:08.172, 1023 MiB, 53, 58.73 W, 2400 MHz, 13801 MHz, Not Active, Not Active, Not Active, Not Active, Not Active
2026/09/04 09:02:08.372, 1023 MiB, 53, 58.80 W, 2400 MHz, 13801 MHz, Not Active, Not Active, Not Active, Not Active, Not Active
2026/09/04 09:02:08.573, 1023 MiB, 53, 58.80 W, 2400 MHz, 13801 MHz, Not Active, Not Active, Not Active, Not Active, Not Active
2026/09/04 09:02:08.773, 1023 MiB, 53, 59.02 W, 2400 MHz, 13801 MHz, Not Active, Not Active, Not Active, Not Active, Not Active
2026/09/04 09:02:08.973, 1023 MiB, 53, 59.02 W, 2400 MHz, 13801 MHz, Not Active, Not Active, Not Active, Not Active, Not Active
2026/09/04 09:02:09.173, 1023 MiB, 53, 59.02 W, 2400 MHz, 13801 MHz, Not Active, Not Active, Not Active, Not Active, Not Active
2026/09/04 09:02:09.374, 1023 MiB, 53, 58.98 W, 2400 MHz, 13801 MHz, Not Active, Not Active, Not Active, Not Active, Not Active
2026/09/04 09:02:09.574, 1023 MiB, 53, 58.98 W, 2400 MHz, 13801 MHz, Not Active, Not Active, Not Active, Not Active, Not Active
2026/09/04 09:02:09.774, 1023 MiB, 53, 58.96 W, 2400 MHz, 13801 MHz, Not Active, Not Active, Not Active, Not Active, Not Active
2026/09/04 09:02:09.974, 1023 MiB, 53, 58.96 W, 2400 MHz, 13801 MHz, Not Active, Not Active, Not Active, Not Active, Not Active
2026/09/04 09:02:10.174, 1023 MiB, 53, 58.96 W, 2400 MHz, 13801 MHz, Not Active, Not Active, Not Active, Not Active, Not Active
2026/09/04 09:02:10.375, 1023 MiB, 53, 58.99 W, 2400 MHz, 13801 MHz, Not Active, Not Active, Not Active, Not Active, Not Active
2026/09/04 09:02:10.575, 1023 MiB, 53, 58.99 W, 2400 MHz, 13801 MHz, Not Active, Not Active, Not Active, Not Active, Not Active
2026/09/04 09:02:10.775, 1023 MiB, 53, 58.83 W, 2400 MHz, 13801 MHz, Not Active, Not Active, Not Active, Not Active, Not Active
2026/09/04 09:02:10.975, 1023 MiB, 53, 58.83 W, 2400 MHz, 13801 MHz, Not Active, Not Active, Not Active, Not Active, Not Active
2026/09/04 09:02:11.175, 1023 MiB, 53, 58.83 W, 2400 MHz, 13801 MHz, Not Active, Not Active, Not Active, Not Active, Not Active
2026/09/04 09:02:11.376, 1023 MiB, 53, 58.66 W, 2400 MHz, 13801 MHz, Not Active, Not Active, Not Active, Not Active, Not Active
2026/09/04 09:02:11.576, 1023 MiB, 53, 58.66 W, 2400 MHz, 13801 MHz, Not Active, Not Active, Not Active, Not Active, Not Active
2026/09/04 09:02:11.776, 1023 MiB, 53, 58.74 W, 2400 MHz, 13801 MHz, Not Active, Not Active, Not Active, Not Active, Not Active
2026/09/04 09:02:11.976, 1023 MiB, 53, 58.74 W, 2400 MHz, 13801 MHz, Not Active, Not Active, Not Active, Not Active, Not Active
2026/09/04 09:02:12.176, 1023 MiB, 53, 58.74 W, 2400 MHz, 13801 MHz, Not Active, Not Active, Not Active, Not Active, Not Active
2026/09/04 09:02:12.377, 1023 MiB, 53, 59.01 W, 2400 MHz, 13801 MHz, Not Active, Not Active, Not Active, Not Active, Not Active
2026/09/04 09:02:12.577, 1023 MiB, 53, 59.01 W, 2400 MHz, 13801 MHz, Not Active, Not Active, Not Active, Not Active, Not Active
2026/09/04 09:02:12.777, 1023 MiB, 53, 59.05 W, 2400 MHz, 13801 MHz, Not Active, Not Active, Not Active, Not Active, Not Active
2026/09/04 09:02:12.978, 1023 MiB, 53, 59.05 W, 2400 MHz, 13801 MHz, Not Active, Not Active, Not Active, Not Active, Not Active
2026/09/04 09:02:13.178, 1023 MiB, 53, 59.05 W, 2400 MHz, 13801 MHz, Not Active, Not Active, Not Active, Not Active, Not Active
2026/09/04 09:02:13.378, 1023 MiB, 53, 58.92 W, 2400 MHz, 13801 MHz, Not Active, Not Active, Not Active, Not Active, Not Active
2026/09/04 09:02:13.578, 1023 MiB, 53, 58.92 W, 2400 MHz, 13801 MHz, Not Active, Not Active, Not Active, Not Active, Not Active
2026/09/04 09:02:13.778, 1023 MiB, 53, 58.83 W, 2400 MHz, 13801 MHz, Not Active, Not Active, Not Active, Not Active, Not Active
2026/09/04 09:02:13.979, 1023 MiB, 53, 58.83 W, 2400 MHz, 13801 MHz, Not Active, Not Active, Not Active, Not Active, Not Active
2026/09/04 09:02:14.179, 1023 MiB, 53, 58.83 W, 2400 MHz, 13801 MHz, Not Active, Not Active, Not Active, Not Active, Not Active
2026/09/04 09:02:14.379, 1023 MiB, 53, 59.10 W, 2400 MHz, 13801 MHz, Not Active, Not Active, Not Active, Not Active, Not Active
2026/09/04 09:02:14.579, 1023 MiB, 53, 59.10 W, 2400 MHz, 13801 MHz, Not Active, Not Active, Not Active, Not Active, Not Active
2026/09/04 09:02:14.780, 1023 MiB, 53, 59.41 W, 2400 MHz, 13801 MHz, Not Active, Not Active, Not Active, Not Active, Not Active
2026/09/04 09:02:14.980, 1023 MiB, 53, 59.41 W, 2400 MHz, 13801 MHz, Not Active, Not Active, Not Active, Not Active, Not Active
2026/09/04 09:02:15.180, 1023 MiB, 53, 59.41 W, 2400 MHz, 13801 MHz, Not Active, Not Active, Not Active, Not Active, Not Active
2026/09/04 09:02:15.380, 1023 MiB, 53, 59.49 W, 2400 MHz, 13801 MHz, Not Active, Not Active, Not Active, Not Active, Not Active
2026/09/04 09:02:15.581, 1023 MiB, 53, 59.49 W, 2400 MHz, 13801 MHz, Not Active, Not Active, Not Active, Not Active, Not Active
2026/09/04 09:02:15.781, 1023 MiB, 53, 59.31 W, 2400 MHz, 13801 MHz, Not Active, Not Active, Not Active, Not Active, Not Active
2026/09/04 09:02:15.981, 1023 MiB, 53, 59.31 W, 2400 MHz, 13801 MHz, Not Active, Not Active, Not Active, Not Active, Not Active
2026/09/04 09:02:16.181, 1023 MiB, 53, 59.31 W, 2400 MHz, 13801 MHz, Not Active, Not Active, Not Active, Not Active, Not Active
2026/09/04 09:02:16.381, 1023 MiB, 53, 59.31 W, 2400 MHz, 13801 MHz, Not Active, Not Active, Not Active, Not Active, Not Active
2026/09/04 09:02:16.582, 1023 MiB, 53, 59.31 W, 2400 MHz, 13801 MHz, Not Active, Not Active, Not Active, Not Active, Not Active
2026/09/04 09:02:16.782, 1023 MiB, 53, 59.56 W, 2400 MHz, 13801 MHz, Not Active, Not Active, Not Active, Not Active, Not Active
2026/09/04 09:02:16.982, 1023 MiB, 53, 59.56 W, 2400 MHz, 13801 MHz, Not Active, Not Active, Not Active, Not Active, Not Active
2026/09/04 09:02:17.182, 1023 MiB, 53, 59.56 W, 2400 MHz, 13801 MHz, Not Active, Not Active, Not Active, Not Active, Not Active
2026/09/04 09:02:17.382, 1023 MiB, 52, 47.73 W, 175 MHz, 810 MHz, Not Active, Not Active, Not Active, Not Active, Not Active
2026/09/04 09:02:17.582, 1023 MiB, 52, 47.73 W, 175 MHz, 810 MHz, Not Active, Not Active, Not Active, Not Active, Not Active
2026/09/04 09:02:17.783, 1023 MiB, 52, 26.91 W, 48 MHz, 810 MHz, Not Active, Not Active, Not Active, Not Active, Not Active
2026/09/04 09:02:17.983, 1023 MiB, 52, 26.91 W, 48 MHz, 810 MHz, Not Active, Not Active, Not Active, Not Active, Not Active
2026/09/04 09:02:18.183, 1023 MiB, 52, 26.91 W, 48 MHz, 810 MHz, Not Active, Not Active, Not Active, Not Active, Not Active
2026/09/04 09:02:18.383, 1023 MiB, 52, 22.77 W, 42 MHz, 810 MHz, Not Active, Not Active, Not Active, Not Active, Not Active
2026/09/04 09:02:18.583, 1023 MiB, 52, 22.77 W, 42 MHz, 810 MHz, Not Active, Not Active, Not Active, Not Active, Not Active
2026/09/04 09:02:18.784, 1023 MiB, 52, 22.77 W, 42 MHz, 810 MHz, Not Active, Not Active, Not Active, Not Active, Not Active
2026/09/04 09:02:18.984, 1023 MiB, 52, 22.77 W, 42 MHz, 810 MHz, Not Active, Not Active, Not Active, Not Active, Not Active
2026/09/04 09:02:19.184, 1023 MiB, 52, 22.77 W, 42 MHz, 810 MHz, Not Active, Not Active, Not Active, Not Active, Not Active
2026/09/04 09:02:19.384, 1023 MiB, 52, 15.08 W, 23 MHz, 405 MHz, Not Active, Not Active, Not Active, Not Active, Not Active
2026/09/04 09:02:19.584, 1023 MiB, 52, 15.08 W, 23 MHz, 405 MHz, Not Active, Not Active, Not Active, Not Active, Not Active
2026/09/04 09:02:19.785, 1023 MiB, 52, 15.08 W, 23 MHz, 405 MHz, Not Active, Not Active, Not Active, Not Active, Not Active
2026/09/04 09:02:19.985, 1023 MiB, 52, 15.08 W, 23 MHz, 405 MHz, Not Active, Not Active, Not Active, Not Active, Not Active
2026/09/04 09:02:20.185, 1023 MiB, 52, 15.08 W, 23 MHz, 405 MHz, Not Active, Not Active, Not Active, Not Active, Not Active
2026/09/04 09:02:20.385, 1023 MiB, 52, 14.42 W, 22 MHz, 405 MHz, Not Active, Not Active, Not Active, Not Active, Not Active
2026/09/04 09:02:20.585, 1023 MiB, 52, 14.42 W, 22 MHz, 405 MHz, Not Active, Not Active, Not Active, Not Active, Not Active
2026/09/04 09:02:20.786, 1023 MiB, 52, 14.42 W, 22 MHz, 405 MHz, Not Active, Not Active, Not Active, Not Active, Not Active
2026/09/04 09:02:20.986, 1023 MiB, 52, 14.42 W, 22 MHz, 405 MHz, Not Active, Not Active, Not Active, Not Active, Not Active
2026/09/04 09:02:21.186, 1023 MiB, 52, 14.42 W, 22 MHz, 405 MHz, Not Active, Not Active, Not Active, Not Active, Not Active
2026/09/04 09:02:21.386, 1023 MiB, 52, 14.13 W, 22 MHz, 405 MHz, Not Active, Not Active, Not Active, Not Active, Not Active
2026/09/04 09:02:21.586, 1023 MiB, 52, 14.13 W, 22 MHz, 405 MHz, Not Active, Not Active, Not Active, Not Active, Not Active
2026/09/04 09:02:21.787, 1023 MiB, 52, 14.13 W, 22 MHz, 405 MHz, Not Active, Not Active, Not Active, Not Active, Not Active
2026/09/04 09:02:21.987, 1023 MiB, 52, 14.13 W, 22 MHz, 405 MHz, Not Active, Not Active, Not Active, Not Active, Not Active
2026/09/04 09:02:22.187, 1023 MiB, 52, 14.13 W, 22 MHz, 405 MHz, Not Active, Not Active, Not Active, Not Active, Not Active
2026/09/04 09:02:22.387, 1023 MiB, 52, 13.83 W, 22 MHz, 405 MHz, Not Active, Not Active, Not Active, Not Active, Not Active
2026/09/04 09:02:22.588, 1023 MiB, 52, 13.83 W, 22 MHz, 405 MHz, Not Active, Not Active, Not Active, Not Active, Not Active
2026/09/04 09:02:22.788, 1023 MiB, 52, 14.45 W, 22 MHz, 405 MHz, Not Active, Not Active, Not Active, Not Active, Not Active
2026/09/04 09:02:22.988, 1023 MiB, 52, 14.45 W, 22 MHz, 405 MHz, Not Active, Not Active, Not Active, Not Active, Not Active
2026/09/04 09:02:23.188, 1023 MiB, 52, 14.45 W, 22 MHz, 405 MHz, Not Active, Not Active, Not Active, Not Active, Not Active
2026/09/04 09:02:23.388, 1023 MiB, 52, 16.22 W, 22 MHz, 405 MHz, Not Active, Not Active, Not Active, Not Active, Not Active
2026/09/04 09:02:23.588, 1023 MiB, 52, 16.22 W, 22 MHz, 405 MHz, Not Active, Not Active, Not Active, Not Active, Not Active
2026/09/04 09:02:23.789, 1023 MiB, 52, 16.22 W, 22 MHz, 405 MHz, Not Active, Not Active, Not Active, Not Active, Not Active
2026/09/04 09:02:23.989, 1023 MiB, 52, 16.22 W, 22 MHz, 405 MHz, Not Active, Not Active, Not Active, Not Active, Not Active
2026/09/04 09:02:24.189, 1023 MiB, 52, 16.22 W, 22 MHz, 405 MHz, Not Active, Not Active, Not Active, Not Active, Not Active
2026/09/04 09:02:24.389, 1023 MiB, 52, 13.81 W, 22 MHz, 405 MHz, Not Active, Not Active, Not Active, Not Active, Not Active
2026/09/04 09:02:24.590, 1023 MiB, 52, 13.81 W, 22 MHz, 405 MHz, Not Active, Not Active, Not Active, Not Active, Not Active
2026/09/04 09:02:24.790, 1023 MiB, 52, 13.81 W, 22 MHz, 405 MHz, Not Active, Not Active, Not Active, Not Active, Not Active
2026/09/04 09:02:24.990, 1023 MiB, 52, 13.81 W, 22 MHz, 405 MHz, Not Active, Not Active, Not Active, Not Active, Not Active
2026/09/04 09:02:25.190, 1023 MiB, 52, 13.81 W, 22 MHz, 405 MHz, Not Active, Not Active, Not Active, Not Active, Not Active
2026/09/04 09:02:25.390, 1023 MiB, 51, 13.82 W, 22 MHz, 405 MHz, Not Active, Not Active, Not Active, Not Active, Not Active
2026/09/04 09:02:25.591, 1023 MiB, 51, 13.82 W, 22 MHz, 405 MHz, Not Active, Not Active, Not Active, Not Active, Not Active
2026/09/04 09:02:25.791, 1023 MiB, 51, 13.82 W, 22 MHz, 405 MHz, Not Active, Not Active, Not Active, Not Active, Not Active
2026/09/04 09:02:25.991, 1023 MiB, 51, 13.82 W, 22 MHz, 405 MHz, Not Active, Not Active, Not Active, Not Active, Not Active
2026/09/04 09:02:26.191, 1023 MiB, 51, 13.82 W, 22 MHz, 405 MHz, Not Active, Not Active, Not Active, Not Active, Not Active
2026/09/04 09:02:26.391, 1023 MiB, 52, 13.63 W, 22 MHz, 405 MHz, Not Active, Not Active, Not Active, Not Active, Not Active
2026/09/04 09:02:26.592, 1023 MiB, 52, 13.63 W, 22 MHz, 405 MHz, Not Active, Not Active, Not Active, Not Active, Not Active
2026/09/04 09:02:26.792, 1023 MiB, 52, 13.63 W, 22 MHz, 405 MHz, Not Active, Not Active, Not Active, Not Active, Not Active
2026/09/04 09:02:26.992, 1023 MiB, 52, 13.63 W, 22 MHz, 405 MHz, Not Active, Not Active, Not Active, Not Active, Not Active
2026/09/04 09:02:27.192, 1023 MiB, 52, 13.63 W, 22 MHz, 405 MHz, Not Active, Not Active, Not Active, Not Active, Not Active
2026/09/04 09:02:27.393, 1023 MiB, 51, 13.77 W, 22 MHz, 405 MHz, Not Active, Not Active, Not Active, Not Active, Not Active
2026/09/04 09:02:27.593, 1023 MiB, 51, 13.77 W, 22 MHz, 405 MHz, Not Active, Not Active, Not Active, Not Active, Not Active
2026/09/04 09:02:27.793, 1023 MiB, 51, 13.77 W, 22 MHz, 405 MHz, Not Active, Not Active, Not Active, Not Active, Not Active
2026/09/04 09:02:27.993, 1023 MiB, 51, 13.77 W, 22 MHz, 405 MHz, Not Active, Not Active, Not Active, Not Active, Not Active
2026/09/04 09:02:28.194, 1023 MiB, 51, 13.77 W, 22 MHz, 405 MHz, Not Active, Not Active, Not Active, Not Active, Not Active
2026/09/04 09:02:28.394, 1023 MiB, 51, 13.65 W, 22 MHz, 405 MHz, Not Active, Not Active, Not Active, Not Active, Not Active
2026/09/04 09:02:28.595, 1023 MiB, 51, 13.65 W, 22 MHz, 405 MHz, Not Active, Not Active, Not Active, Not Active, Not Active
2026/09/04 09:02:28.795, 1023 MiB, 51, 13.65 W, 22 MHz, 405 MHz, Not Active, Not Active, Not Active, Not Active, Not Active
2026/09/04 09:02:28.997, 1023 MiB, 51, 13.65 W, 22 MHz, 405 MHz, Not Active, Not Active, Not Active, Not Active, Not Active
2026/09/04 09:02:29.198, 1023 MiB, 51, 13.65 W, 22 MHz, 405 MHz, Not Active, Not Active, Not Active, Not Active, Not Active
2026/09/04 09:02:29.398, 1023 MiB, 51, 13.66 W, 22 MHz, 405 MHz, Not Active, Not Active, Not Active, Not Active, Not Active
2026/09/04 09:02:29.599, 1023 MiB, 51, 13.66 W, 22 MHz, 405 MHz, Not Active, Not Active, Not Active, Not Active, Not Active
2026/09/04 09:02:29.799, 1023 MiB, 51, 14.15 W, 24 MHz, 405 MHz, Not Active, Not Active, Not Active, Not Active, Not Active
2026/09/04 09:02:29.999, 1023 MiB, 51, 14.15 W, 24 MHz, 405 MHz, Not Active, Not Active, Not Active, Not Active, Not Active
2026/09/04 09:02:30.200, 1023 MiB, 51, 14.15 W, 24 MHz, 405 MHz, Not Active, Not Active, Not Active, Not Active, Not Active
2026/09/04 09:02:30.400, 1023 MiB, 51, 14.58 W, 22 MHz, 405 MHz, Not Active, Not Active, Not Active, Not Active, Not Active
2026/09/04 09:02:30.600, 1023 MiB, 51, 14.58 W, 22 MHz, 405 MHz, Not Active, Not Active, Not Active, Not Active, Not Active
2026/09/04 09:02:30.801, 1023 MiB, 51, 15.50 W, 22 MHz, 405 MHz, Not Active, Not Active, Not Active, Not Active, Not Active
2026/09/04 09:02:31.001, 1023 MiB, 51, 15.50 W, 22 MHz, 405 MHz, Not Active, Not Active, Not Active, Not Active, Not Active
2026/09/04 09:02:31.201, 1023 MiB, 51, 15.50 W, 22 MHz, 405 MHz, Not Active, Not Active, Not Active, Not Active, Not Active
2026/09/04 09:02:31.402, 1023 MiB, 51, 15.50 W, 22 MHz, 405 MHz, Not Active, Not Active, Not Active, Not Active, Not Active
2026/09/04 09:02:31.602, 1023 MiB, 51, 15.50 W, 22 MHz, 405 MHz, Not Active, Not Active, Not Active, Not Active, Not Active
2026/09/04 09:02:31.802, 1023 MiB, 51, 13.55 W, 22 MHz, 405 MHz, Not Active, Not Active, Not Active, Not Active, Not Active
2026/09/04 09:02:32.003, 1023 MiB, 51, 13.55 W, 22 MHz, 405 MHz, Not Active, Not Active, Not Active, Not Active, Not Active
2026/09/04 09:02:32.203, 1023 MiB, 51, 13.55 W, 22 MHz, 405 MHz, Not Active, Not Active, Not Active, Not Active, Not Active
2026/09/04 09:02:32.403, 1023 MiB, 51, 13.55 W, 22 MHz, 405 MHz, Not Active, Not Active, Not Active, Not Active, Not Active
2026/09/04 09:02:32.603, 1023 MiB, 51, 13.55 W, 22 MHz, 405 MHz, Not Active, Not Active, Not Active, Not Active, Not Active
2026/09/04 09:02:32.804, 1023 MiB, 51, 13.61 W, 22 MHz, 405 MHz, Not Active, Not Active, Not Active, Not Active, Not Active
2026/09/04 09:02:33.004, 1023 MiB, 51, 13.61 W, 22 MHz, 405 MHz, Not Active, Not Active, Not Active, Not Active, Not Active
2026/09/04 09:02:33.205, 1023 MiB, 51, 13.61 W, 22 MHz, 405 MHz, Not Active, Not Active, Not Active, Not Active, Not Active
2026/09/04 09:02:33.405, 1023 MiB, 51, 13.61 W, 22 MHz, 405 MHz, Not Active, Not Active, Not Active, Not Active, Not Active
2026/09/04 09:02:33.606, 1023 MiB, 51, 13.61 W, 22 MHz, 405 MHz, Not Active, Not Active, Not Active, Not Active, Not Active
2026/09/04 09:02:33.806, 1023 MiB, 51, 13.53 W, 22 MHz, 405 MHz, Not Active, Not Active, Not Active, Not Active, Not Active
2026/09/04 09:02:34.006, 1023 MiB, 51, 13.53 W, 22 MHz, 405 MHz, Not Active, Not Active, Not Active, Not Active, Not Active
2026/09/04 09:02:34.207, 1023 MiB, 51, 13.53 W, 22 MHz, 405 MHz, Not Active, Not Active, Not Active, Not Active, Not Active
2026/09/04 09:02:34.407, 1023 MiB, 51, 13.53 W, 22 MHz, 405 MHz, Not Active, Not Active, Not Active, Not Active, Not Active
2026/09/04 09:02:34.607, 1023 MiB, 51, 13.53 W, 22 MHz, 405 MHz, Not Active, Not Active, Not Active, Not Active, Not Active
2026/09/04 09:02:34.808, 1023 MiB, 51, 13.66 W, 22 MHz, 405 MHz, Not Active, Not Active, Not Active, Not Active, Not Active
2026/09/04 09:02:35.008, 1023 MiB, 51, 13.66 W, 22 MHz, 405 MHz, Not Active, Not Active, Not Active, Not Active, Not Active
2026/09/04 09:02:35.208, 1023 MiB, 51, 13.66 W, 22 MHz, 405 MHz, Not Active, Not Active, Not Active, Not Active, Not Active
2026/09/04 09:02:35.410, 1023 MiB, 51, 13.66 W, 22 MHz, 405 MHz, Not Active, Not Active, Not Active, Not Active, Not Active
2026/09/04 09:02:35.611, 1023 MiB, 51, 13.66 W, 22 MHz, 405 MHz, Not Active, Not Active, Not Active, Not Active, Not Active
2026/09/04 09:02:35.811, 1023 MiB, 51, 13.53 W, 22 MHz, 405 MHz, Not Active, Not Active, Not Active, Not Active, Not Active
2026/09/04 09:02:36.011, 1023 MiB, 51, 13.53 W, 22 MHz, 405 MHz, Not Active, Not Active, Not Active, Not Active, Not Active
2026/09/04 09:02:36.212, 1023 MiB, 51, 13.53 W, 22 MHz, 405 MHz, Not Active, Not Active, Not Active, Not Active, Not Active
2026/09/04 09:02:36.412, 1023 MiB, 51, 13.53 W, 22 MHz, 405 MHz, Not Active, Not Active, Not Active, Not Active, Not Active
2026/09/04 09:02:36.613, 1023 MiB, 51, 13.53 W, 22 MHz, 405 MHz, Not Active, Not Active, Not Active, Not Active, Not Active
2026/09/04 09:02:36.813, 1023 MiB, 51, 13.82 W, 24 MHz, 405 MHz, Not Active, Not Active, Not Active, Not Active, Not Active
2026/09/04 09:02:37.014, 1023 MiB, 51, 13.82 W, 24 MHz, 405 MHz, Not Active, Not Active, Not Active, Not Active, Not Active
2026/09/04 09:02:37.214, 1023 MiB, 51, 13.82 W, 24 MHz, 405 MHz, Not Active, Not Active, Not Active, Not Active, Not Active
2026/09/04 09:02:37.414, 1023 MiB, 51, 14.34 W, 22 MHz, 405 MHz, Not Active, Not Active, Not Active, Not Active, Not Active
2026/09/04 09:02:37.615, 1023 MiB, 51, 14.34 W, 22 MHz, 405 MHz, Not Active, Not Active, Not Active, Not Active, Not Active
2026/09/04 09:02:37.815, 1023 MiB, 51, 15.41 W, 22 MHz, 405 MHz, Not Active, Not Active, Not Active, Not Active, Not Active
2026/09/04 09:02:38.015, 1023 MiB, 51, 15.41 W, 22 MHz, 405 MHz, Not Active, Not Active, Not Active, Not Active, Not Active
2026/09/04 09:02:38.216, 1023 MiB, 51, 15.41 W, 22 MHz, 405 MHz, Not Active, Not Active, Not Active, Not Active, Not Active
2026/09/04 09:02:38.416, 1023 MiB, 51, 15.41 W, 22 MHz, 405 MHz, Not Active, Not Active, Not Active, Not Active, Not Active
2026/09/04 09:02:38.616, 1023 MiB, 51, 15.41 W, 22 MHz, 405 MHz, Not Active, Not Active, Not Active, Not Active, Not Active
2026/09/04 09:02:38.817, 1023 MiB, 51, 13.82 W, 22 MHz, 405 MHz, Not Active, Not Active, Not Active, Not Active, Not Active
2026/09/04 09:02:39.017, 1023 MiB, 51, 13.82 W, 22 MHz, 405 MHz, Not Active, Not Active, Not Active, Not Active, Not Active
2026/09/04 09:02:39.217, 1023 MiB, 51, 13.82 W, 22 MHz, 405 MHz, Not Active, Not Active, Not Active, Not Active, Not Active
2026/09/04 09:02:39.417, 1023 MiB, 51, 13.82 W, 22 MHz, 405 MHz, Not Active, Not Active, Not Active, Not Active, Not Active
2026/09/04 09:02:39.618, 1023 MiB, 51, 13.82 W, 22 MHz, 405 MHz, Not Active, Not Active, Not Active, Not Active, Not Active
2026/09/04 09:02:39.818, 1023 MiB, 51, 13.75 W, 22 MHz, 405 MHz, Not Active, Not Active, Not Active, Not Active, Not Active
2026/09/04 09:02:40.019, 1023 MiB, 51, 13.75 W, 22 MHz, 405 MHz, Not Active, Not Active, Not Active, Not Active, Not Active
2026/09/04 09:02:40.220, 1023 MiB, 51, 13.75 W, 22 MHz, 405 MHz, Not Active, Not Active, Not Active, Not Active, Not Active
2026/09/04 09:02:40.420, 1023 MiB, 51, 13.75 W, 22 MHz, 405 MHz, Not Active, Not Active, Not Active, Not Active, Not Active
2026/09/04 09:02:40.620, 1023 MiB, 51, 13.75 W, 22 MHz, 405 MHz, Not Active, Not Active, Not Active, Not Active, Not Active
2026/09/04 09:02:40.821, 1023 MiB, 51, 13.94 W, 22 MHz, 405 MHz, Not Active, Not Active, Not Active, Not Active, Not Active
2026/09/04 09:02:41.021, 1023 MiB, 51, 13.94 W, 22 MHz, 405 MHz, Not Active, Not Active, Not Active, Not Active, Not Active
2026/09/04 09:02:41.221, 1023 MiB, 51, 13.94 W, 22 MHz, 405 MHz, Not Active, Not Active, Not Active, Not Active, Not Active
2026/09/04 09:02:41.421, 1023 MiB, 51, 13.94 W, 22 MHz, 405 MHz, Not Active, Not Active, Not Active, Not Active, Not Active
2026/09/04 09:02:41.622, 1023 MiB, 51, 13.94 W, 22 MHz, 405 MHz, Not Active, Not Active, Not Active, Not Active, Not Active
2026/09/04 09:02:41.822, 1023 MiB, 51, 13.90 W, 22 MHz, 405 MHz, Not Active, Not Active, Not Active, Not Active, Not Active
2026/09/04 09:02:42.023, 1023 MiB, 51, 13.90 W, 22 MHz, 405 MHz, Not Active, Not Active, Not Active, Not Active, Not Active
2026/09/04 09:02:42.224, 1023 MiB, 51, 13.90 W, 22 MHz, 405 MHz, Not Active, Not Active, Not Active, Not Active, Not Active
2026/09/04 09:02:42.424, 1023 MiB, 51, 13.90 W, 22 MHz, 405 MHz, Not Active, Not Active, Not Active, Not Active, Not Active
2026/09/04 09:02:42.624, 1023 MiB, 51, 13.90 W, 22 MHz, 405 MHz, Not Active, Not Active, Not Active, Not Active, Not Active
2026/09/04 09:02:42.825, 1023 MiB, 51, 13.82 W, 22 MHz, 405 MHz, Not Active, Not Active, Not Active, Not Active, Not Active
2026/09/04 09:02:43.025, 1023 MiB, 51, 13.82 W, 22 MHz, 405 MHz, Not Active, Not Active, Not Active, Not Active, Not Active
2026/09/04 09:02:43.225, 1023 MiB, 51, 13.82 W, 22 MHz, 405 MHz, Not Active, Not Active, Not Active, Not Active, Not Active
2026/09/04 09:02:43.426, 1023 MiB, 51, 13.82 W, 22 MHz, 405 MHz, Not Active, Not Active, Not Active, Not Active, Not Active
2026/09/04 09:02:43.627, 1023 MiB, 51, 13.82 W, 22 MHz, 405 MHz, Not Active, Not Active, Not Active, Not Active, Not Active
2026/09/04 09:02:43.827, 1023 MiB, 51, 13.62 W, 24 MHz, 405 MHz, Not Active, Not Active, Not Active, Not Active, Not Active
2026/09/04 09:02:44.027, 1023 MiB, 51, 13.62 W, 24 MHz, 405 MHz, Not Active, Not Active, Not Active, Not Active, Not Active
2026/09/04 09:02:44.228, 1023 MiB, 51, 13.62 W, 24 MHz, 405 MHz, Not Active, Not Active, Not Active, Not Active, Not Active
2026/09/04 09:02:44.428, 1023 MiB, 51, 14.24 W, 22 MHz, 405 MHz, Not Active, Not Active, Not Active, Not Active, Not Active
2026/09/04 09:02:44.628, 1023 MiB, 51, 14.24 W, 22 MHz, 405 MHz, Not Active, Not Active, Not Active, Not Active, Not Active
2026/09/04 09:02:44.829, 1023 MiB, 51, 15.64 W, 22 MHz, 405 MHz, Not Active, Not Active, Not Active, Not Active, Not Active
2026/09/04 09:02:45.030, 1023 MiB, 51, 15.64 W, 22 MHz, 405 MHz, Not Active, Not Active, Not Active, Not Active, Not Active
2026/09/04 09:02:45.230, 1023 MiB, 51, 15.64 W, 22 MHz, 405 MHz, Not Active, Not Active, Not Active, Not Active, Not Active
2026/09/04 09:02:45.431, 1023 MiB, 51, 15.64 W, 22 MHz, 405 MHz, Not Active, Not Active, Not Active, Not Active, Not Active
2026/09/04 09:02:45.631, 1023 MiB, 51, 15.64 W, 22 MHz, 405 MHz, Not Active, Not Active, Not Active, Not Active, Not Active
2026/09/04 09:02:45.831, 1023 MiB, 51, 13.76 W, 22 MHz, 405 MHz, Not Active, Not Active, Not Active, Not Active, Not Active
2026/09/04 09:02:46.031, 1023 MiB, 51, 13.76 W, 22 MHz, 405 MHz, Not Active, Not Active, Not Active, Not Active, Not Active
2026/09/04 09:02:46.232, 1023 MiB, 51, 13.76 W, 22 MHz, 405 MHz, Not Active, Not Active, Not Active, Not Active, Not Active
2026/09/04 09:02:46.432, 1023 MiB, 51, 13.76 W, 22 MHz, 405 MHz, Not Active, Not Active, Not Active, Not Active, Not Active
2026/09/04 09:02:46.633, 1023 MiB, 51, 13.76 W, 22 MHz, 405 MHz, Not Active, Not Active, Not Active, Not Active, Not Active
2026/09/04 09:02:46.833, 1023 MiB, 51, 13.54 W, 22 MHz, 405 MHz, Not Active, Not Active, Not Active, Not Active, Not Active
2026/09/04 09:02:47.033, 1023 MiB, 51, 13.54 W, 22 MHz, 405 MHz, Not Active, Not Active, Not Active, Not Active, Not Active
2026/09/04 09:02:47.234, 1023 MiB, 51, 13.54 W, 22 MHz, 405 MHz, Not Active, Not Active, Not Active, Not Active, Not Active
2026/09/04 09:02:47.434, 1023 MiB, 51, 13.54 W, 22 MHz, 405 MHz, Not Active, Not Active, Not Active, Not Active, Not Active
2026/09/04 09:02:47.634, 1023 MiB, 51, 13.54 W, 22 MHz, 405 MHz, Not Active, Not Active, Not Active, Not Active, Not Active
2026/09/04 09:02:47.835, 1023 MiB, 51, 13.45 W, 22 MHz, 405 MHz, Not Active, Not Active, Not Active, Not Active, Not Active
2026/09/04 09:02:48.035, 1023 MiB, 51, 13.45 W, 22 MHz, 405 MHz, Not Active, Not Active, Not Active, Not Active, Not Active
2026/09/04 09:02:48.237, 1023 MiB, 51, 13.45 W, 22 MHz, 405 MHz, Not Active, Not Active, Not Active, Not Active, Not Active
2026/09/04 09:02:48.437, 1023 MiB, 51, 13.45 W, 22 MHz, 405 MHz, Not Active, Not Active, Not Active, Not Active, Not Active
2026/09/04 09:02:48.638, 1023 MiB, 51, 13.45 W, 22 MHz, 405 MHz, Not Active, Not Active, Not Active, Not Active, Not Active
2026/09/04 09:02:48.838, 1023 MiB, 51, 13.33 W, 22 MHz, 405 MHz, Not Active, Not Active, Not Active, Not Active, Not Active
2026/09/04 09:02:49.039, 1023 MiB, 51, 13.33 W, 22 MHz, 405 MHz, Not Active, Not Active, Not Active, Not Active, Not Active
2026/09/04 09:02:49.240, 1023 MiB, 51, 13.33 W, 22 MHz, 405 MHz, Not Active, Not Active, Not Active, Not Active, Not Active
2026/09/04 09:02:49.440, 1023 MiB, 51, 13.33 W, 22 MHz, 405 MHz, Not Active, Not Active, Not Active, Not Active, Not Active
2026/09/04 09:02:49.642, 1023 MiB, 51, 13.33 W, 22 MHz, 405 MHz, Not Active, Not Active, Not Active, Not Active, Not Active
2026/09/04 09:02:49.842, 1023 MiB, 51, 13.31 W, 22 MHz, 405 MHz, Not Active, Not Active, Not Active, Not Active, Not Active
2026/09/04 09:02:50.043, 1023 MiB, 51, 13.31 W, 22 MHz, 405 MHz, Not Active, Not Active, Not Active, Not Active, Not Active
2026/09/04 09:02:50.244, 1023 MiB, 51, 13.31 W, 22 MHz, 405 MHz, Not Active, Not Active, Not Active, Not Active, Not Active
2026/09/04 09:02:50.444, 1023 MiB, 51, 13.31 W, 22 MHz, 405 MHz, Not Active, Not Active, Not Active, Not Active, Not Active
2026/09/04 09:02:50.644, 1023 MiB, 51, 13.31 W, 22 MHz, 405 MHz, Not Active, Not Active, Not Active, Not Active, Not Active
2026/09/04 09:02:50.845, 1023 MiB, 51, 13.40 W, 22 MHz, 405 MHz, Not Active, Not Active, Not Active, Not Active, Not Active
2026/09/04 09:02:51.045, 1023 MiB, 51, 13.40 W, 22 MHz, 405 MHz, Not Active, Not Active, Not Active, Not Active, Not Active
2026/09/04 09:02:51.246, 1023 MiB, 51, 14.03 W, 22 MHz, 405 MHz, Not Active, Not Active, Not Active, Not Active, Not Active
2026/09/04 09:02:51.447, 1023 MiB, 51, 14.03 W, 22 MHz, 405 MHz, Not Active, Not Active, Not Active, Not Active, Not Active
2026/09/04 09:02:51.647, 1023 MiB, 51, 14.03 W, 22 MHz, 405 MHz, Not Active, Not Active, Not Active, Not Active, Not Active
2026/09/04 09:02:51.848, 1023 MiB, 51, 14.39 W, 22 MHz, 405 MHz, Not Active, Not Active, Not Active, Not Active, Not Active
2026/09/04 09:02:52.049, 1023 MiB, 51, 14.39 W, 22 MHz, 405 MHz, Not Active, Not Active, Not Active, Not Active, Not Active
2026/09/04 09:02:52.249, 1023 MiB, 51, 15.31 W, 22 MHz, 405 MHz, Not Active, Not Active, Not Active, Not Active, Not Active
2026/09/04 09:02:52.450, 1023 MiB, 51, 15.31 W, 22 MHz, 405 MHz, Not Active, Not Active, Not Active, Not Active, Not Active
2026/09/04 09:02:52.650, 1023 MiB, 51, 15.31 W, 22 MHz, 405 MHz, Not Active, Not Active, Not Active, Not Active, Not Active
2026/09/04 09:02:52.851, 1023 MiB, 51, 15.31 W, 22 MHz, 405 MHz, Not Active, Not Active, Not Active, Not Active, Not Active
2026/09/04 09:02:53.051, 1023 MiB, 51, 15.31 W, 22 MHz, 405 MHz, Not Active, Not Active, Not Active, Not Active, Not Active
2026/09/04 09:02:53.251, 1023 MiB, 51, 13.40 W, 22 MHz, 405 MHz, Not Active, Not Active, Not Active, Not Active, Not Active
2026/09/04 09:02:53.451, 1023 MiB, 51, 13.40 W, 22 MHz, 405 MHz, Not Active, Not Active, Not Active, Not Active, Not Active
2026/09/04 09:02:53.651, 1023 MiB, 51, 13.40 W, 22 MHz, 405 MHz, Not Active, Not Active, Not Active, Not Active, Not Active
2026/09/04 09:02:53.852, 1023 MiB, 51, 13.40 W, 22 MHz, 405 MHz, Not Active, Not Active, Not Active, Not Active, Not Active
2026/09/04 09:02:54.052, 1023 MiB, 51, 13.40 W, 22 MHz, 405 MHz, Not Active, Not Active, Not Active, Not Active, Not Active
2026/09/04 09:02:54.253, 1023 MiB, 51, 13.34 W, 22 MHz, 405 MHz, Not Active, Not Active, Not Active, Not Active, Not Active
2026/09/04 09:02:54.453, 1023 MiB, 51, 13.34 W, 22 MHz, 405 MHz, Not Active, Not Active, Not Active, Not Active, Not Active
2026/09/04 09:02:54.653, 1023 MiB, 51, 13.34 W, 22 MHz, 405 MHz, Not Active, Not Active, Not Active, Not Active, Not Active
2026/09/04 09:02:54.853, 1023 MiB, 51, 13.34 W, 22 MHz, 405 MHz, Not Active, Not Active, Not Active, Not Active, Not Active
2026/09/04 09:02:55.054, 1023 MiB, 51, 13.34 W, 22 MHz, 405 MHz, Not Active, Not Active, Not Active, Not Active, Not Active
2026/09/04 09:02:55.254, 1023 MiB, 51, 13.43 W, 22 MHz, 405 MHz, Not Active, Not Active, Not Active, Not Active, Not Active
2026/09/04 09:02:55.454, 1023 MiB, 51, 13.43 W, 22 MHz, 405 MHz, Not Active, Not Active, Not Active, Not Active, Not Active
2026/09/04 09:02:55.654, 1023 MiB, 51, 13.43 W, 22 MHz, 405 MHz, Not Active, Not Active, Not Active, Not Active, Not Active
2026/09/04 09:02:55.855, 1023 MiB, 51, 13.43 W, 22 MHz, 405 MHz, Not Active, Not Active, Not Active, Not Active, Not Active
2026/09/04 09:02:56.055, 1023 MiB, 51, 13.43 W, 22 MHz, 405 MHz, Not Active, Not Active, Not Active, Not Active, Not Active
2026/09/04 09:02:56.255, 1023 MiB, 51, 13.44 W, 22 MHz, 405 MHz, Not Active, Not Active, Not Active, Not Active, Not Active
2026/09/04 09:02:56.455, 1023 MiB, 51, 13.44 W, 22 MHz, 405 MHz, Not Active, Not Active, Not Active, Not Active, Not Active
2026/09/04 09:02:56.655, 1023 MiB, 51, 13.44 W, 22 MHz, 405 MHz, Not Active, Not Active, Not Active, Not Active, Not Active
2026/09/04 09:02:56.856, 1023 MiB, 51, 13.44 W, 22 MHz, 405 MHz, Not Active, Not Active, Not Active, Not Active, Not Active
2026/09/04 09:02:57.056, 1023 MiB, 51, 13.44 W, 22 MHz, 405 MHz, Not Active, Not Active, Not Active, Not Active, Not Active
2026/09/04 09:02:57.256, 1023 MiB, 51, 13.42 W, 22 MHz, 405 MHz, Not Active, Not Active, Not Active, Not Active, Not Active
2026/09/04 09:02:57.457, 1023 MiB, 51, 13.42 W, 22 MHz, 405 MHz, Not Active, Not Active, Not Active, Not Active, Not Active
2026/09/04 09:02:57.657, 1023 MiB, 51, 13.42 W, 22 MHz, 405 MHz, Not Active, Not Active, Not Active, Not Active, Not Active
2026/09/04 09:02:57.857, 1023 MiB, 51, 13.42 W, 22 MHz, 405 MHz, Not Active, Not Active, Not Active, Not Active, Not Active
2026/09/04 09:02:58.057, 1023 MiB, 51, 13.42 W, 22 MHz, 405 MHz, Not Active, Not Active, Not Active, Not Active, Not Active
2026/09/04 09:02:58.258, 1023 MiB, 51, 13.74 W, 24 MHz, 405 MHz, Not Active, Not Active, Not Active, Not Active, Not Active
2026/09/04 09:02:58.458, 1023 MiB, 51, 13.74 W, 24 MHz, 405 MHz, Not Active, Not Active, Not Active, Not Active, Not Active
2026/09/04 09:02:58.658, 1023 MiB, 51, 13.74 W, 24 MHz, 405 MHz, Not Active, Not Active, Not Active, Not Active, Not Active
2026/09/04 09:02:58.858, 1023 MiB, 51, 14.31 W, 22 MHz, 405 MHz, Not Active, Not Active, Not Active, Not Active, Not Active
2026/09/04 09:02:59.058, 1023 MiB, 51, 14.31 W, 22 MHz, 405 MHz, Not Active, Not Active, Not Active, Not Active, Not Active
2026/09/04 09:02:59.259, 1023 MiB, 51, 15.45 W, 22 MHz, 405 MHz, Not Active, Not Active, Not Active, Not Active, Not Active
2026/09/04 09:02:59.459, 1023 MiB, 51, 15.45 W, 22 MHz, 405 MHz, Not Active, Not Active, Not Active, Not Active, Not Active
2026/09/04 09:02:59.659, 1023 MiB, 51, 15.45 W, 22 MHz, 405 MHz, Not Active, Not Active, Not Active, Not Active, Not Active
2026/09/04 09:02:59.860, 1023 MiB, 51, 15.45 W, 22 MHz, 405 MHz, Not Active, Not Active, Not Active, Not Active, Not Active
2026/09/04 09:03:00.060, 1023 MiB, 51, 15.45 W, 22 MHz, 405 MHz, Not Active, Not Active, Not Active, Not Active, Not Active
2026/09/04 09:03:00.261, 1023 MiB, 51, 13.50 W, 22 MHz, 405 MHz, Not Active, Not Active, Not Active, Not Active, Not Active
2026/09/04 09:03:00.461, 1023 MiB, 51, 13.50 W, 22 MHz, 405 MHz, Not Active, Not Active, Not Active, Not Active, Not Active
2026/09/04 09:03:00.662, 1023 MiB, 51, 13.50 W, 22 MHz, 405 MHz, Not Active, Not Active, Not Active, Not Active, Not Active
2026/09/04 09:03:00.863, 1023 MiB, 51, 13.50 W, 22 MHz, 405 MHz, Not Active, Not Active, Not Active, Not Active, Not Active
2026/09/04 09:03:01.064, 1023 MiB, 51, 13.50 W, 22 MHz, 405 MHz, Not Active, Not Active, Not Active, Not Active, Not Active
2026/09/04 09:03:01.265, 1023 MiB, 51, 13.82 W, 22 MHz, 405 MHz, Not Active, Not Active, Not Active, Not Active, Not Active
2026/09/04 09:03:01.465, 1023 MiB, 51, 13.82 W, 22 MHz, 405 MHz, Not Active, Not Active, Not Active, Not Active, Not Active
2026/09/04 09:03:01.669, 1023 MiB, 51, 13.82 W, 22 MHz, 405 MHz, Not Active, Not Active, Not Active, Not Active, Not Active
2026/09/04 09:03:01.874, 1023 MiB, 51, 13.82 W, 22 MHz, 405 MHz, Not Active, Not Active, Not Active, Not Active, Not Active
2026/09/04 09:03:02.075, 1023 MiB, 51, 13.82 W, 22 MHz, 405 MHz, Not Active, Not Active, Not Active, Not Active, Not Active
2026/09/04 09:03:02.275, 1023 MiB, 51, 14.01 W, 22 MHz, 405 MHz, Not Active, Not Active, Not Active, Not Active, Not Active
2026/09/04 09:03:02.476, 1023 MiB, 51, 14.01 W, 22 MHz, 405 MHz, Not Active, Not Active, Not Active, Not Active, Not Active
2026/09/04 09:03:02.677, 1023 MiB, 51, 14.01 W, 22 MHz, 405 MHz, Not Active, Not Active, Not Active, Not Active, Not Active
2026/09/04 09:03:02.878, 1023 MiB, 51, 14.01 W, 22 MHz, 405 MHz, Not Active, Not Active, Not Active, Not Active, Not Active
2026/09/04 09:03:03.079, 1023 MiB, 51, 14.01 W, 22 MHz, 405 MHz, Not Active, Not Active, Not Active, Not Active, Not Active
2026/09/04 09:03:03.284, 1023 MiB, 51, 13.25 W, 22 MHz, 405 MHz, Not Active, Not Active, Not Active, Not Active, Not Active
2026/09/04 09:03:03.485, 1023 MiB, 51, 13.25 W, 22 MHz, 405 MHz, Not Active, Not Active, Not Active, Not Active, Not Active
2026/09/04 09:03:03.686, 1023 MiB, 51, 13.25 W, 22 MHz, 405 MHz, Not Active, Not Active, Not Active, Not Active, Not Active
2026/09/04 09:03:03.886, 1023 MiB, 51, 13.25 W, 22 MHz, 405 MHz, Not Active, Not Active, Not Active, Not Active, Not Active
2026/09/04 09:03:04.087, 1023 MiB, 51, 13.25 W, 22 MHz, 405 MHz, Not Active, Not Active, Not Active, Not Active, Not Active
2026/09/04 09:03:04.287, 1023 MiB, 51, 13.33 W, 22 MHz, 405 MHz, Not Active, Not Active, Not Active, Not Active, Not Active
2026/09/04 09:03:04.489, 1023 MiB, 51, 13.33 W, 22 MHz, 405 MHz, Not Active, Not Active, Not Active, Not Active, Not Active
2026/09/04 09:03:04.690, 1023 MiB, 51, 13.33 W, 22 MHz, 405 MHz, Not Active, Not Active, Not Active, Not Active, Not Active
2026/09/04 09:03:04.891, 1023 MiB, 51, 13.33 W, 22 MHz, 405 MHz, Not Active, Not Active, Not Active, Not Active, Not Active
2026/09/04 09:03:05.092, 1023 MiB, 51, 13.33 W, 22 MHz, 405 MHz, Not Active, Not Active, Not Active, Not Active, Not Active
2026/09/04 09:03:05.371, 1023 MiB, 51, 13.28 W, 24 MHz, 405 MHz, Not Active, Not Active, Not Active, Not Active, Not Active
2026/09/04 09:03:05.572, 1023 MiB, 51, 13.28 W, 24 MHz, 405 MHz, Not Active, Not Active, Not Active, Not Active, Not Active
2026/09/04 09:03:05.773, 1023 MiB, 51, 13.96 W, 22 MHz, 405 MHz, Not Active, Not Active, Not Active, Not Active, Not Active
2026/09/04 09:03:05.974, 1023 MiB, 51, 13.96 W, 22 MHz, 405 MHz, Not Active, Not Active, Not Active, Not Active, Not Active
2026/09/04 09:03:06.181, 1023 MiB, 51, 13.96 W, 22 MHz, 405 MHz, Not Active, Not Active, Not Active, Not Active, Not Active
2026/09/04 09:03:06.381, 1023 MiB, 51, 15.29 W, 22 MHz, 405 MHz, Not Active, Not Active, Not Active, Not Active, Not Active
2026/09/04 09:03:06.615, 1023 MiB, 51, 15.29 W, 22 MHz, 405 MHz, Not Active, Not Active, Not Active, Not Active, Not Active
2026/09/04 09:03:06.823, 1023 MiB, 51, 15.29 W, 22 MHz, 405 MHz, Not Active, Not Active, Not Active, Not Active, Not Active
2026/09/04 09:03:07.023, 1023 MiB, 51, 15.29 W, 22 MHz, 405 MHz, Not Active, Not Active, Not Active, Not Active, Not Active
2026/09/04 09:03:07.224, 1023 MiB, 51, 15.29 W, 22 MHz, 405 MHz, Not Active, Not Active, Not Active, Not Active, Not Active
2026/09/04 09:03:07.432, 1023 MiB, 51, 13.01 W, 22 MHz, 405 MHz, Not Active, Not Active, Not Active, Not Active, Not Active
2026/09/04 09:03:07.633, 1023 MiB, 51, 13.01 W, 22 MHz, 405 MHz, Not Active, Not Active, Not Active, Not Active, Not Active
2026/09/04 09:03:07.834, 1023 MiB, 51, 13.01 W, 22 MHz, 405 MHz, Not Active, Not Active, Not Active, Not Active, Not Active
2026/09/04 09:03:08.034, 1023 MiB, 51, 13.01 W, 22 MHz, 405 MHz, Not Active, Not Active, Not Active, Not Active, Not Active
2026/09/04 09:03:08.242, 1023 MiB, 51, 13.01 W, 22 MHz, 405 MHz, Not Active, Not Active, Not Active, Not Active, Not Active
2026/09/04 09:03:08.442, 1023 MiB, 51, 12.95 W, 22 MHz, 405 MHz, Not Active, Not Active, Not Active, Not Active, Not Active
2026/09/04 09:03:08.642, 1023 MiB, 51, 12.95 W, 22 MHz, 405 MHz, Not Active, Not Active, Not Active, Not Active, Not Active
2026/09/04 09:03:08.843, 1023 MiB, 51, 12.95 W, 22 MHz, 405 MHz, Not Active, Not Active, Not Active, Not Active, Not Active
2026/09/04 09:03:09.043, 1023 MiB, 51, 12.95 W, 22 MHz, 405 MHz, Not Active, Not Active, Not Active, Not Active, Not Active
2026/09/04 09:03:09.244, 1023 MiB, 51, 12.95 W, 22 MHz, 405 MHz, Not Active, Not Active, Not Active, Not Active, Not Active
2026/09/04 09:03:09.444, 1023 MiB, 51, 13.22 W, 22 MHz, 405 MHz, Not Active, Not Active, Not Active, Not Active, Not Active
2026/09/04 09:03:09.644, 1023 MiB, 51, 13.22 W, 22 MHz, 405 MHz, Not Active, Not Active, Not Active, Not Active, Not Active
2026/09/04 09:03:09.845, 1023 MiB, 51, 13.22 W, 22 MHz, 405 MHz, Not Active, Not Active, Not Active, Not Active, Not Active
2026/09/04 09:03:10.045, 1023 MiB, 51, 13.22 W, 22 MHz, 405 MHz, Not Active, Not Active, Not Active, Not Active, Not Active
2026/09/04 09:03:10.246, 1023 MiB, 51, 13.22 W, 22 MHz, 405 MHz, Not Active, Not Active, Not Active, Not Active, Not Active
2026/09/04 09:03:10.446, 1023 MiB, 50, 13.33 W, 22 MHz, 405 MHz, Not Active, Not Active, Not Active, Not Active, Not Active
2026/09/04 09:03:10.646, 1023 MiB, 50, 13.33 W, 22 MHz, 405 MHz, Not Active, Not Active, Not Active, Not Active, Not Active
2026/09/04 09:03:10.847, 1023 MiB, 50, 13.33 W, 22 MHz, 405 MHz, Not Active, Not Active, Not Active, Not Active, Not Active
2026/09/04 09:03:11.047, 1023 MiB, 50, 13.33 W, 22 MHz, 405 MHz, Not Active, Not Active, Not Active, Not Active, Not Active
2026/09/04 09:03:11.248, 1023 MiB, 50, 13.33 W, 22 MHz, 405 MHz, Not Active, Not Active, Not Active, Not Active, Not Active
2026/09/04 09:03:11.448, 1023 MiB, 50, 13.26 W, 22 MHz, 405 MHz, Not Active, Not Active, Not Active, Not Active, Not Active
2026/09/04 09:03:11.648, 1023 MiB, 50, 13.26 W, 22 MHz, 405 MHz, Not Active, Not Active, Not Active, Not Active, Not Active
2026/09/04 09:03:11.849, 1023 MiB, 50, 13.26 W, 22 MHz, 405 MHz, Not Active, Not Active, Not Active, Not Active, Not Active
2026/09/04 09:03:12.049, 1023 MiB, 50, 13.26 W, 22 MHz, 405 MHz, Not Active, Not Active, Not Active, Not Active, Not Active
2026/09/04 09:03:12.250, 1023 MiB, 50, 13.26 W, 22 MHz, 405 MHz, Not Active, Not Active, Not Active, Not Active, Not Active
2026/09/04 09:03:12.450, 1023 MiB, 50, 13.44 W, 22 MHz, 405 MHz, Not Active, Not Active, Not Active, Not Active, Not Active
2026/09/04 09:03:12.661, 1023 MiB, 50, 13.44 W, 22 MHz, 405 MHz, Not Active, Not Active, Not Active, Not Active, Not Active
2026/09/04 09:03:12.862, 1023 MiB, 50, 14.02 W, 22 MHz, 405 MHz, Not Active, Not Active, Not Active, Not Active, Not Active
2026/09/04 09:03:13.062, 1023 MiB, 50, 14.02 W, 22 MHz, 405 MHz, Not Active, Not Active, Not Active, Not Active, Not Active
2026/09/04 09:03:13.263, 1023 MiB, 50, 15.22 W, 22 MHz, 405 MHz, Not Active, Not Active, Not Active, Not Active, Not Active
2026/09/04 09:03:13.463, 1023 MiB, 50, 15.22 W, 22 MHz, 405 MHz, Not Active, Not Active, Not Active, Not Active, Not Active
2026/09/04 09:03:13.664, 1023 MiB, 50, 15.22 W, 22 MHz, 405 MHz, Not Active, Not Active, Not Active, Not Active, Not Active
2026/09/04 09:03:13.864, 1023 MiB, 50, 15.22 W, 22 MHz, 405 MHz, Not Active, Not Active, Not Active, Not Active, Not Active
2026/09/04 09:03:14.065, 1023 MiB, 50, 15.22 W, 22 MHz, 405 MHz, Not Active, Not Active, Not Active, Not Active, Not Active
2026/09/04 09:03:14.265, 1023 MiB, 50, 13.30 W, 22 MHz, 405 MHz, Not Active, Not Active, Not Active, Not Active, Not Active
2026/09/04 09:03:14.465, 1023 MiB, 50, 13.30 W, 22 MHz, 405 MHz, Not Active, Not Active, Not Active, Not Active, Not Active
2026/09/04 09:03:14.666, 1023 MiB, 50, 13.30 W, 22 MHz, 405 MHz, Not Active, Not Active, Not Active, Not Active, Not Active
2026/09/04 09:03:14.867, 1023 MiB, 50, 13.30 W, 22 MHz, 405 MHz, Not Active, Not Active, Not Active, Not Active, Not Active
2026/09/04 09:03:15.068, 1023 MiB, 50, 13.30 W, 22 MHz, 405 MHz, Not Active, Not Active, Not Active, Not Active, Not Active
2026/09/04 09:03:15.269, 1023 MiB, 50, 13.40 W, 22 MHz, 405 MHz, Not Active, Not Active, Not Active, Not Active, Not Active
2026/09/04 09:03:15.470, 1023 MiB, 50, 13.40 W, 22 MHz, 405 MHz, Not Active, Not Active, Not Active, Not Active, Not Active
2026/09/04 09:03:15.671, 1023 MiB, 50, 13.40 W, 22 MHz, 405 MHz, Not Active, Not Active, Not Active, Not Active, Not Active
2026/09/04 09:03:15.872, 1023 MiB, 50, 13.40 W, 22 MHz, 405 MHz, Not Active, Not Active, Not Active, Not Active, Not Active
2026/09/04 09:03:16.073, 1023 MiB, 50, 13.40 W, 22 MHz, 405 MHz, Not Active, Not Active, Not Active, Not Active, Not Active
2026/09/04 09:03:16.274, 1023 MiB, 50, 13.41 W, 22 MHz, 405 MHz, Not Active, Not Active, Not Active, Not Active, Not Active
2026/09/04 09:03:16.475, 1023 MiB, 50, 13.41 W, 22 MHz, 405 MHz, Not Active, Not Active, Not Active, Not Active, Not Active
2026/09/04 09:03:16.687, 1023 MiB, 50, 13.41 W, 22 MHz, 405 MHz, Not Active, Not Active, Not Active, Not Active, Not Active
2026/09/04 09:03:16.889, 1023 MiB, 50, 13.41 W, 22 MHz, 405 MHz, Not Active, Not Active, Not Active, Not Active, Not Active
2026/09/04 09:03:17.093, 1023 MiB, 50, 13.41 W, 22 MHz, 405 MHz, Not Active, Not Active, Not Active, Not Active, Not Active
2026/09/04 09:03:17.295, 1023 MiB, 50, 12.99 W, 22 MHz, 405 MHz, Not Active, Not Active, Not Active, Not Active, Not Active
2026/09/04 09:03:17.497, 1023 MiB, 50, 12.99 W, 22 MHz, 405 MHz, Not Active, Not Active, Not Active, Not Active, Not Active
2026/09/04 09:03:17.719, 1023 MiB, 50, 12.99 W, 22 MHz, 405 MHz, Not Active, Not Active, Not Active, Not Active, Not Active
2026/09/04 09:03:17.924, 1023 MiB, 50, 12.99 W, 22 MHz, 405 MHz, Not Active, Not Active, Not Active, Not Active, Not Active
2026/09/04 09:03:18.124, 1023 MiB, 50, 12.99 W, 22 MHz, 405 MHz, Not Active, Not Active, Not Active, Not Active, Not Active
2026/09/04 09:03:18.325, 1023 MiB, 50, 12.99 W, 22 MHz, 405 MHz, Not Active, Not Active, Not Active, Not Active, Not Active
2026/09/04 09:03:18.525, 1023 MiB, 50, 12.99 W, 22 MHz, 405 MHz, Not Active, Not Active, Not Active, Not Active, Not Active
2026/09/04 09:03:18.726, 1023 MiB, 50, 12.99 W, 22 MHz, 405 MHz, Not Active, Not Active, Not Active, Not Active, Not Active
2026/09/04 09:03:18.926, 1023 MiB, 50, 12.99 W, 22 MHz, 405 MHz, Not Active, Not Active, Not Active, Not Active, Not Active
2026/09/04 09:03:19.136, 1023 MiB, 50, 12.99 W, 22 MHz, 405 MHz, Not Active, Not Active, Not Active, Not Active, Not Active
2026/09/04 09:03:19.336, 1023 MiB, 50, 13.09 W, 22 MHz, 405 MHz, Not Active, Not Active, Not Active, Not Active, Not Active
2026/09/04 09:03:19.561, 1023 MiB, 50, 13.09 W, 22 MHz, 405 MHz, Not Active, Not Active, Not Active, Not Active, Not Active
2026/09/04 09:03:19.762, 1023 MiB, 50, 13.09 W, 22 MHz, 405 MHz, Not Active, Not Active, Not Active, Not Active, Not Active
2026/09/04 09:03:19.962, 1023 MiB, 50, 13.69 W, 24 MHz, 405 MHz, Not Active, Not Active, Not Active, Not Active, Not Active
2026/09/04 09:03:20.166, 1023 MiB, 50, 13.69 W, 24 MHz, 405 MHz, Not Active, Not Active, Not Active, Not Active, Not Active
2026/09/04 09:03:20.388, 1023 MiB, 50, 14.15 W, 22 MHz, 405 MHz, Not Active, Not Active, Not Active, Not Active, Not Active
2026/09/04 09:03:20.592, 1023 MiB, 50, 14.15 W, 22 MHz, 405 MHz, Not Active, Not Active, Not Active, Not Active, Not Active
2026/09/04 09:03:20.797, 1023 MiB, 50, 15.21 W, 22 MHz, 405 MHz, Not Active, Not Active, Not Active, Not Active, Not Active
2026/09/04 09:03:20.997, 1023 MiB, 50, 15.21 W, 22 MHz, 405 MHz, Not Active, Not Active, Not Active, Not Active, Not Active
2026/09/04 09:03:21.207, 1023 MiB, 50, 15.21 W, 22 MHz, 405 MHz, Not Active, Not Active, Not Active, Not Active, Not Active
2026/09/04 09:03:21.408, 1023 MiB, 50, 15.21 W, 22 MHz, 405 MHz, Not Active, Not Active, Not Active, Not Active, Not Active
2026/09/04 09:03:21.626, 1023 MiB, 50, 15.21 W, 22 MHz, 405 MHz, Not Active, Not Active, Not Active, Not Active, Not Active
2026/09/04 09:03:21.830, 1023 MiB, 50, 13.07 W, 22 MHz, 405 MHz, Not Active, Not Active, Not Active, Not Active, Not Active
2026/09/04 09:03:22.030, 1023 MiB, 50, 13.07 W, 22 MHz, 405 MHz, Not Active, Not Active, Not Active, Not Active, Not Active
2026/09/04 09:03:22.231, 1023 MiB, 50, 13.07 W, 22 MHz, 405 MHz, Not Active, Not Active, Not Active, Not Active, Not Active
2026/09/04 09:03:22.431, 1023 MiB, 50, 13.07 W, 22 MHz, 405 MHz, Not Active, Not Active, Not Active, Not Active, Not Active
2026/09/04 09:03:23.391, 1023 MiB, 50, 13.36 W, 22 MHz, 405 MHz, Not Active, Not Active, Not Active, Not Active, Not Active
2026/09/04 09:03:23.592, 1023 MiB, 50, 13.36 W, 22 MHz, 405 MHz, Not Active, Not Active, Not Active, Not Active, Not Active
2026/09/04 09:03:23.793, 1023 MiB, 50, 13.27 W, 22 MHz, 405 MHz, Not Active, Not Active, Not Active, Not Active, Not Active
2026/09/04 09:03:23.994, 1023 MiB, 50, 13.27 W, 22 MHz, 405 MHz, Not Active, Not Active, Not Active, Not Active, Not Active
2026/09/04 09:03:24.195, 1023 MiB, 50, 13.27 W, 22 MHz, 405 MHz, Not Active, Not Active, Not Active, Not Active, Not Active
2026/09/04 09:03:24.396, 1023 MiB, 50, 13.27 W, 22 MHz, 405 MHz, Not Active, Not Active, Not Active, Not Active, Not Active
2026/09/04 09:03:24.597, 1023 MiB, 50, 13.27 W, 22 MHz, 405 MHz, Not Active, Not Active, Not Active, Not Active, Not Active
2026/09/04 09:03:24.797, 1023 MiB, 50, 13.06 W, 22 MHz, 405 MHz, Not Active, Not Active, Not Active, Not Active, Not Active
2026/09/04 09:03:24.998, 1023 MiB, 50, 13.06 W, 22 MHz, 405 MHz, Not Active, Not Active, Not Active, Not Active, Not Active
2026/09/04 09:03:25.199, 1023 MiB, 50, 13.06 W, 22 MHz, 405 MHz, Not Active, Not Active, Not Active, Not Active, Not Active
2026/09/04 09:03:25.400, 1023 MiB, 50, 13.06 W, 22 MHz, 405 MHz, Not Active, Not Active, Not Active, Not Active, Not Active
2026/09/04 09:03:25.601, 1023 MiB, 50, 13.06 W, 22 MHz, 405 MHz, Not Active, Not Active, Not Active, Not Active, Not Active
2026/09/04 09:03:25.802, 1023 MiB, 50, 12.83 W, 21 MHz, 405 MHz, Not Active, Not Active, Not Active, Not Active, Not Active
2026/09/04 09:03:26.004, 1023 MiB, 50, 12.83 W, 21 MHz, 405 MHz, Not Active, Not Active, Not Active, Not Active, Not Active
2026/09/04 09:03:26.204, 1023 MiB, 50, 12.83 W, 21 MHz, 405 MHz, Not Active, Not Active, Not Active, Not Active, Not Active
2026/09/04 09:03:26.405, 1023 MiB, 50, 12.83 W, 21 MHz, 405 MHz, Not Active, Not Active, Not Active, Not Active, Not Active
2026/09/04 09:03:26.606, 1023 MiB, 50, 12.83 W, 21 MHz, 405 MHz, Not Active, Not Active, Not Active, Not Active, Not Active
2026/09/04 09:03:26.806, 1023 MiB, 50, 13.06 W, 24 MHz, 405 MHz, Not Active, Not Active, Not Active, Not Active, Not Active
2026/09/04 09:03:27.024, 1023 MiB, 50, 13.06 W, 24 MHz, 405 MHz, Not Active, Not Active, Not Active, Not Active, Not Active
2026/09/04 09:03:27.225, 1023 MiB, 50, 13.06 W, 24 MHz, 405 MHz, Not Active, Not Active, Not Active, Not Active, Not Active
2026/09/04 09:03:27.425, 1023 MiB, 50, 13.53 W, 22 MHz, 405 MHz, Not Active, Not Active, Not Active, Not Active, Not Active
2026/09/04 09:03:27.626, 1023 MiB, 50, 13.53 W, 22 MHz, 405 MHz, Not Active, Not Active, Not Active, Not Active, Not Active
2026/09/04 09:03:27.830, 1023 MiB, 50, 14.70 W, 22 MHz, 405 MHz, Not Active, Not Active, Not Active, Not Active, Not Active
2026/09/04 09:03:28.030, 1023 MiB, 50, 14.70 W, 22 MHz, 405 MHz, Not Active, Not Active, Not Active, Not Active, Not Active
2026/09/04 09:03:28.231, 1023 MiB, 50, 14.70 W, 22 MHz, 405 MHz, Not Active, Not Active, Not Active, Not Active, Not Active
2026/09/04 09:03:28.431, 1023 MiB, 50, 14.70 W, 22 MHz, 405 MHz, Not Active, Not Active, Not Active, Not Active, Not Active
2026/09/04 09:03:28.632, 1023 MiB, 50, 14.70 W, 22 MHz, 405 MHz, Not Active, Not Active, Not Active, Not Active, Not Active
2026/09/04 09:03:28.832, 1023 MiB, 50, 13.01 W, 22 MHz, 405 MHz, Not Active, Not Active, Not Active, Not Active, Not Active
2026/09/04 09:03:29.032, 1023 MiB, 50, 13.01 W, 22 MHz, 405 MHz, Not Active, Not Active, Not Active, Not Active, Not Active
2026/09/04 09:03:29.233, 1023 MiB, 50, 13.01 W, 22 MHz, 405 MHz, Not Active, Not Active, Not Active, Not Active, Not Active
2026/09/04 09:03:29.434, 1023 MiB, 50, 13.01 W, 22 MHz, 405 MHz, Not Active, Not Active, Not Active, Not Active, Not Active
2026/09/04 09:03:29.634, 1023 MiB, 50, 13.01 W, 22 MHz, 405 MHz, Not Active, Not Active, Not Active, Not Active, Not Active
2026/09/04 09:03:29.835, 1023 MiB, 50, 13.00 W, 22 MHz, 405 MHz, Not Active, Not Active, Not Active, Not Active, Not Active
2026/09/04 09:03:30.037, 1023 MiB, 50, 13.00 W, 22 MHz, 405 MHz, Not Active, Not Active, Not Active, Not Active, Not Active
2026/09/04 09:03:30.237, 1023 MiB, 50, 13.00 W, 22 MHz, 405 MHz, Not Active, Not Active, Not Active, Not Active, Not Active
2026/09/04 09:03:30.437, 1023 MiB, 50, 13.00 W, 22 MHz, 405 MHz, Not Active, Not Active, Not Active, Not Active, Not Active
2026/09/04 09:03:30.638, 1023 MiB, 50, 13.00 W, 22 MHz, 405 MHz, Not Active, Not Active, Not Active, Not Active, Not Active
2026/09/04 09:03:30.838, 1023 MiB, 50, 12.95 W, 22 MHz, 405 MHz, Not Active, Not Active, Not Active, Not Active, Not Active
2026/09/04 09:03:31.039, 1023 MiB, 50, 12.95 W, 22 MHz, 405 MHz, Not Active, Not Active, Not Active, Not Active, Not Active
2026/09/04 09:03:31.240, 1023 MiB, 50, 12.95 W, 22 MHz, 405 MHz, Not Active, Not Active, Not Active, Not Active, Not Active
2026/09/04 09:03:31.440, 1023 MiB, 50, 12.95 W, 22 MHz, 405 MHz, Not Active, Not Active, Not Active, Not Active, Not Active
2026/09/04 09:03:31.640, 1023 MiB, 50, 12.95 W, 22 MHz, 405 MHz, Not Active, Not Active, Not Active, Not Active, Not Active
2026/09/04 09:03:31.841, 1023 MiB, 50, 13.02 W, 22 MHz, 405 MHz, Not Active, Not Active, Not Active, Not Active, Not Active
2026/09/04 09:03:32.041, 1023 MiB, 50, 13.02 W, 22 MHz, 405 MHz, Not Active, Not Active, Not Active, Not Active, Not Active
2026/09/04 09:03:32.242, 1023 MiB, 50, 13.02 W, 22 MHz, 405 MHz, Not Active, Not Active, Not Active, Not Active, Not Active
2026/09/04 09:03:32.442, 1023 MiB, 50, 13.02 W, 22 MHz, 405 MHz, Not Active, Not Active, Not Active, Not Active, Not Active
2026/09/04 09:03:32.643, 1023 MiB, 50, 13.02 W, 22 MHz, 405 MHz, Not Active, Not Active, Not Active, Not Active, Not Active
2026/09/04 09:03:32.843, 1023 MiB, 50, 13.00 W, 22 MHz, 405 MHz, Not Active, Not Active, Not Active, Not Active, Not Active
2026/09/04 09:03:33.043, 1023 MiB, 50, 13.00 W, 22 MHz, 405 MHz, Not Active, Not Active, Not Active, Not Active, Not Active
2026/09/04 09:03:33.244, 1023 MiB, 50, 13.00 W, 22 MHz, 405 MHz, Not Active, Not Active, Not Active, Not Active, Not Active
2026/09/04 09:03:33.444, 1023 MiB, 50, 13.00 W, 22 MHz, 405 MHz, Not Active, Not Active, Not Active, Not Active, Not Active
2026/09/04 09:03:33.645, 1023 MiB, 50, 13.00 W, 22 MHz, 405 MHz, Not Active, Not Active, Not Active, Not Active, Not Active
2026/09/04 09:03:33.845, 1023 MiB, 50, 13.04 W, 22 MHz, 405 MHz, Not Active, Not Active, Not Active, Not Active, Not Active
2026/09/04 09:03:34.045, 1023 MiB, 50, 13.04 W, 22 MHz, 405 MHz, Not Active, Not Active, Not Active, Not Active, Not Active
2026/09/04 09:03:34.246, 1023 MiB, 50, 13.04 W, 22 MHz, 405 MHz, Not Active, Not Active, Not Active, Not Active, Not Active
2026/09/04 09:03:34.457, 1023 MiB, 50, 13.84 W, 22 MHz, 405 MHz, Not Active, Not Active, Not Active, Not Active, Not Active
2026/09/04 09:03:34.657, 1023 MiB, 50, 13.84 W, 22 MHz, 405 MHz, Not Active, Not Active, Not Active, Not Active, Not Active
2026/09/04 09:03:34.858, 1023 MiB, 50, 15.02 W, 22 MHz, 405 MHz, Not Active, Not Active, Not Active, Not Active, Not Active
2026/09/04 09:03:35.059, 1023 MiB, 50, 15.02 W, 22 MHz, 405 MHz, Not Active, Not Active, Not Active, Not Active, Not Active
2026/09/04 09:03:35.260, 1023 MiB, 50, 15.02 W, 22 MHz, 405 MHz, Not Active, Not Active, Not Active, Not Active, Not Active
2026/09/04 09:03:35.460, 1023 MiB, 50, 15.02 W, 22 MHz, 405 MHz, Not Active, Not Active, Not Active, Not Active, Not Active
2026/09/04 09:03:35.987, 1023 MiB, 50, 13.05 W, 22 MHz, 405 MHz, Not Active, Not Active, Not Active, Not Active, Not Active
2026/09/04 09:03:36.190, 1023 MiB, 50, 13.05 W, 22 MHz, 405 MHz, Not Active, Not Active, Not Active, Not Active, Not Active
2026/09/04 09:03:36.390, 1023 MiB, 50, 13.05 W, 22 MHz, 405 MHz, Not Active, Not Active, Not Active, Not Active, Not Active
2026/09/04 09:03:36.591, 1023 MiB, 50, 13.05 W, 22 MHz, 405 MHz, Not Active, Not Active, Not Active, Not Active, Not Active
2026/09/04 09:03:36.795, 1023 MiB, 50, 12.80 W, 22 MHz, 405 MHz, Not Active, Not Active, Not Active, Not Active, Not Active
2026/09/04 09:03:37.000, 1023 MiB, 50, 12.80 W, 22 MHz, 405 MHz, Not Active, Not Active, Not Active, Not Active, Not Active
2026/09/04 09:03:37.200, 1023 MiB, 50, 12.80 W, 22 MHz, 405 MHz, Not Active, Not Active, Not Active, Not Active, Not Active
2026/09/04 09:03:37.401, 1023 MiB, 50, 12.80 W, 22 MHz, 405 MHz, Not Active, Not Active, Not Active, Not Active, Not Active
2026/09/04 09:03:37.601, 1023 MiB, 50, 12.80 W, 22 MHz, 405 MHz, Not Active, Not Active, Not Active, Not Active, Not Active
2026/09/04 09:03:37.803, 1023 MiB, 50, 12.82 W, 22 MHz, 405 MHz, Not Active, Not Active, Not Active, Not Active, Not Active
2026/09/04 09:03:38.004, 1023 MiB, 50, 12.82 W, 22 MHz, 405 MHz, Not Active, Not Active, Not Active, Not Active, Not Active
2026/09/04 09:03:38.205, 1023 MiB, 50, 12.82 W, 22 MHz, 405 MHz, Not Active, Not Active, Not Active, Not Active, Not Active
2026/09/04 09:03:38.405, 1023 MiB, 50, 12.82 W, 22 MHz, 405 MHz, Not Active, Not Active, Not Active, Not Active, Not Active
2026/09/04 09:03:38.606, 1023 MiB, 50, 12.82 W, 22 MHz, 405 MHz, Not Active, Not Active, Not Active, Not Active, Not Active
2026/09/04 09:03:38.806, 1023 MiB, 50, 12.93 W, 22 MHz, 405 MHz, Not Active, Not Active, Not Active, Not Active, Not Active
2026/09/04 09:03:39.008, 1023 MiB, 50, 12.93 W, 22 MHz, 405 MHz, Not Active, Not Active, Not Active, Not Active, Not Active
2026/09/04 09:03:39.208, 1023 MiB, 50, 12.93 W, 22 MHz, 405 MHz, Not Active, Not Active, Not Active, Not Active, Not Active
2026/09/04 09:03:39.409, 1023 MiB, 50, 12.93 W, 22 MHz, 405 MHz, Not Active, Not Active, Not Active, Not Active, Not Active
2026/09/04 09:03:39.609, 1023 MiB, 50, 12.93 W, 22 MHz, 405 MHz, Not Active, Not Active, Not Active, Not Active, Not Active
2026/09/04 09:03:39.811, 1023 MiB, 50, 12.94 W, 22 MHz, 405 MHz, Not Active, Not Active, Not Active, Not Active, Not Active
2026/09/04 09:03:40.012, 1023 MiB, 50, 12.94 W, 22 MHz, 405 MHz, Not Active, Not Active, Not Active, Not Active, Not Active
2026/09/04 09:03:40.213, 1023 MiB, 50, 12.94 W, 22 MHz, 405 MHz, Not Active, Not Active, Not Active, Not Active, Not Active
2026/09/04 09:03:40.414, 1023 MiB, 50, 12.94 W, 21 MHz, 405 MHz, Not Active, Not Active, Not Active, Not Active, Not Active
2026/09/04 09:03:40.617, 1023 MiB, 50, 12.94 W, 21 MHz, 405 MHz, Not Active, Not Active, Not Active, Not Active, Not Active
2026/09/04 09:03:40.818, 1023 MiB, 50, 12.88 W, 21 MHz, 405 MHz, Not Active, Not Active, Not Active, Not Active, Not Active
2026/09/04 09:03:41.019, 1023 MiB, 50, 12.88 W, 21 MHz, 405 MHz, Not Active, Not Active, Not Active, Not Active, Not Active
2026/09/04 09:03:41.220, 1023 MiB, 50, 12.88 W, 21 MHz, 405 MHz, Not Active, Not Active, Not Active, Not Active, Not Active
2026/09/04 09:03:41.421, 1023 MiB, 50, 13.25 W, 24 MHz, 405 MHz, Not Active, Not Active, Not Active, Not Active, Not Active
2026/09/04 09:03:41.622, 1023 MiB, 50, 13.25 W, 24 MHz, 405 MHz, Not Active, Not Active, Not Active, Not Active, Not Active
2026/09/04 09:03:41.823, 1023 MiB, 50, 13.64 W, 22 MHz, 405 MHz, Not Active, Not Active, Not Active, Not Active, Not Active
2026/09/04 09:03:42.023, 1023 MiB, 50, 13.64 W, 22 MHz, 405 MHz, Not Active, Not Active, Not Active, Not Active, Not Active
2026/09/04 09:03:42.223, 1023 MiB, 50, 13.64 W, 22 MHz, 405 MHz, Not Active, Not Active, Not Active, Not Active, Not Active
2026/09/04 09:03:42.424, 1023 MiB, 50, 14.53 W, 22 MHz, 405 MHz, Not Active, Not Active, Not Active, Not Active, Not Active
2026/09/04 09:03:42.624, 1023 MiB, 50, 14.53 W, 22 MHz, 405 MHz, Not Active, Not Active, Not Active, Not Active, Not Active
2026/09/04 09:03:42.825, 1023 MiB, 50, 14.53 W, 22 MHz, 405 MHz, Not Active, Not Active, Not Active, Not Active, Not Active
2026/09/04 09:03:43.154, 1023 MiB, 50, 14.53 W, 22 MHz, 405 MHz, Not Active, Not Active, Not Active, Not Active, Not Active
2026/09/04 09:03:43.355, 1023 MiB, 50, 12.66 W, 22 MHz, 405 MHz, Not Active, Not Active, Not Active, Not Active, Not Active
2026/09/04 09:03:43.556, 1023 MiB, 50, 12.66 W, 22 MHz, 405 MHz, Not Active, Not Active, Not Active, Not Active, Not Active
2026/09/04 09:03:43.757, 1023 MiB, 50, 12.66 W, 22 MHz, 405 MHz, Not Active, Not Active, Not Active, Not Active, Not Active
2026/09/04 09:03:43.958, 1023 MiB, 50, 12.66 W, 22 MHz, 405 MHz, Not Active, Not Active, Not Active, Not Active, Not Active
2026/09/04 09:03:44.160, 1023 MiB, 50, 12.66 W, 22 MHz, 405 MHz, Not Active, Not Active, Not Active, Not Active, Not Active
2026/09/04 09:03:44.391, 1023 MiB, 50, 12.83 W, 22 MHz, 405 MHz, Not Active, Not Active, Not Active, Not Active, Not Active
2026/09/04 09:03:44.618, 1023 MiB, 50, 12.83 W, 22 MHz, 405 MHz, Not Active, Not Active, Not Active, Not Active, Not Active
2026/09/04 09:03:44.819, 1023 MiB, 50, 12.83 W, 22 MHz, 405 MHz, Not Active, Not Active, Not Active, Not Active, Not Active
2026/09/04 09:03:45.020, 1023 MiB, 50, 12.83 W, 22 MHz, 405 MHz, Not Active, Not Active, Not Active, Not Active, Not Active
2026/09/04 09:03:45.221, 1023 MiB, 50, 12.83 W, 22 MHz, 405 MHz, Not Active, Not Active, Not Active, Not Active, Not Active
2026/09/04 09:03:45.421, 1023 MiB, 50, 12.94 W, 22 MHz, 405 MHz, Not Active, Not Active, Not Active, Not Active, Not Active
2026/09/04 09:03:45.648, 1023 MiB, 50, 12.94 W, 22 MHz, 405 MHz, Not Active, Not Active, Not Active, Not Active, Not Active
2026/09/04 09:03:45.849, 1023 MiB, 50, 12.94 W, 22 MHz, 405 MHz, Not Active, Not Active, Not Active, Not Active, Not Active
2026/09/04 09:03:46.050, 1023 MiB, 50, 12.94 W, 22 MHz, 405 MHz, Not Active, Not Active, Not Active, Not Active, Not Active
2026/09/04 09:03:46.251, 1023 MiB, 50, 12.94 W, 22 MHz, 405 MHz, Not Active, Not Active, Not Active, Not Active, Not Active
2026/09/04 09:03:46.452, 1023 MiB, 50, 13.01 W, 22 MHz, 405 MHz, Not Active, Not Active, Not Active, Not Active, Not Active
2026/09/04 09:03:46.652, 1023 MiB, 50, 13.01 W, 22 MHz, 405 MHz, Not Active, Not Active, Not Active, Not Active, Not Active
2026/09/04 09:03:46.853, 1023 MiB, 50, 13.01 W, 22 MHz, 405 MHz, Not Active, Not Active, Not Active, Not Active, Not Active
2026/09/04 09:03:47.054, 1023 MiB, 50, 13.01 W, 22 MHz, 405 MHz, Not Active, Not Active, Not Active, Not Active, Not Active
2026/09/04 09:03:47.257, 1023 MiB, 50, 13.01 W, 22 MHz, 405 MHz, Not Active, Not Active, Not Active, Not Active, Not Active
2026/09/04 09:03:47.458, 1023 MiB, 50, 13.04 W, 22 MHz, 405 MHz, Not Active, Not Active, Not Active, Not Active, Not Active
2026/09/04 09:03:47.660, 1023 MiB, 50, 13.04 W, 22 MHz, 405 MHz, Not Active, Not Active, Not Active, Not Active, Not Active
2026/09/04 09:03:47.860, 1023 MiB, 50, 13.04 W, 22 MHz, 405 MHz, Not Active, Not Active, Not Active, Not Active, Not Active
2026/09/04 09:03:48.061, 1023 MiB, 50, 13.04 W, 22 MHz, 405 MHz, Not Active, Not Active, Not Active, Not Active, Not Active
2026/09/04 09:03:48.261, 1023 MiB, 50, 13.04 W, 22 MHz, 405 MHz, Not Active, Not Active, Not Active, Not Active, Not Active
2026/09/04 09:03:48.462, 1023 MiB, 50, 13.26 W, 24 MHz, 405 MHz, Not Active, Not Active, Not Active, Not Active, Not Active
2026/09/04 09:03:48.666, 1023 MiB, 50, 13.26 W, 24 MHz, 405 MHz, Not Active, Not Active, Not Active, Not Active, Not Active
2026/09/04 09:03:48.877, 1023 MiB, 50, 13.95 W, 22 MHz, 405 MHz, Not Active, Not Active, Not Active, Not Active, Not Active
2026/09/04 09:03:49.079, 1023 MiB, 50, 13.95 W, 22 MHz, 405 MHz, Not Active, Not Active, Not Active, Not Active, Not Active
2026/09/04 09:03:49.285, 1023 MiB, 50, 15.36 W, 22 MHz, 405 MHz, Not Active, Not Active, Not Active, Not Active, Not Active
2026/09/04 09:03:49.485, 1023 MiB, 50, 15.36 W, 22 MHz, 405 MHz, Not Active, Not Active, Not Active, Not Active, Not Active
2026/09/04 09:03:49.686, 1023 MiB, 50, 15.36 W, 22 MHz, 405 MHz, Not Active, Not Active, Not Active, Not Active, Not Active
2026/09/04 09:03:49.887, 1023 MiB, 50, 15.36 W, 22 MHz, 405 MHz, Not Active, Not Active, Not Active, Not Active, Not Active
2026/09/04 09:03:50.087, 1023 MiB, 50, 15.36 W, 22 MHz, 405 MHz, Not Active, Not Active, Not Active, Not Active, Not Active
2026/09/04 09:03:50.288, 1023 MiB, 50, 13.05 W, 22 MHz, 405 MHz, Not Active, Not Active, Not Active, Not Active, Not Active
2026/09/04 09:03:50.489, 1023 MiB, 50, 13.05 W, 22 MHz, 405 MHz, Not Active, Not Active, Not Active, Not Active, Not Active
2026/09/04 09:03:50.690, 1023 MiB, 50, 13.05 W, 22 MHz, 405 MHz, Not Active, Not Active, Not Active, Not Active, Not Active
2026/09/04 09:03:50.891, 1023 MiB, 50, 13.05 W, 22 MHz, 405 MHz, Not Active, Not Active, Not Active, Not Active, Not Active
2026/09/04 09:03:51.096, 1023 MiB, 50, 13.05 W, 22 MHz, 405 MHz, Not Active, Not Active, Not Active, Not Active, Not Active
2026/09/04 09:03:51.296, 1023 MiB, 50, 12.69 W, 22 MHz, 405 MHz, Not Active, Not Active, Not Active, Not Active, Not Active
2026/09/04 09:03:51.497, 1023 MiB, 50, 12.69 W, 22 MHz, 405 MHz, Not Active, Not Active, Not Active, Not Active, Not Active
2026/09/04 09:03:51.697, 1023 MiB, 50, 12.69 W, 22 MHz, 405 MHz, Not Active, Not Active, Not Active, Not Active, Not Active
2026/09/04 09:03:51.899, 1023 MiB, 50, 12.69 W, 22 MHz, 405 MHz, Not Active, Not Active, Not Active, Not Active, Not Active
2026/09/04 09:03:52.100, 1023 MiB, 50, 12.69 W, 22 MHz, 405 MHz, Not Active, Not Active, Not Active, Not Active, Not Active
2026/09/04 09:03:52.301, 1023 MiB, 50, 12.45 W, 22 MHz, 405 MHz, Not Active, Not Active, Not Active, Not Active, Not Active
2026/09/04 09:03:52.501, 1023 MiB, 50, 12.45 W, 22 MHz, 405 MHz, Not Active, Not Active, Not Active, Not Active, Not Active
2026/09/04 09:03:52.702, 1023 MiB, 50, 12.45 W, 22 MHz, 405 MHz, Not Active, Not Active, Not Active, Not Active, Not Active
2026/09/04 09:03:52.902, 1023 MiB, 50, 12.45 W, 22 MHz, 405 MHz, Not Active, Not Active, Not Active, Not Active, Not Active
2026/09/04 09:03:53.102, 1023 MiB, 50, 12.45 W, 22 MHz, 405 MHz, Not Active, Not Active, Not Active, Not Active, Not Active
2026/09/04 09:03:53.303, 1023 MiB, 50, 12.70 W, 22 MHz, 405 MHz, Not Active, Not Active, Not Active, Not Active, Not Active
2026/09/04 09:03:53.503, 1023 MiB, 50, 12.70 W, 22 MHz, 405 MHz, Not Active, Not Active, Not Active, Not Active, Not Active
2026/09/04 09:03:53.704, 1023 MiB, 50, 12.70 W, 22 MHz, 405 MHz, Not Active, Not Active, Not Active, Not Active, Not Active
2026/09/04 09:03:53.904, 1023 MiB, 50, 12.70 W, 22 MHz, 405 MHz, Not Active, Not Active, Not Active, Not Active, Not Active
2026/09/04 09:03:54.104, 1023 MiB, 50, 12.70 W, 22 MHz, 405 MHz, Not Active, Not Active, Not Active, Not Active, Not Active
2026/09/04 09:03:54.305, 1023 MiB, 50, 12.91 W, 22 MHz, 405 MHz, Not Active, Not Active, Not Active, Not Active, Not Active
2026/09/04 09:03:54.505, 1023 MiB, 50, 12.91 W, 22 MHz, 405 MHz, Not Active, Not Active, Not Active, Not Active, Not Active
2026/09/04 09:03:54.706, 1023 MiB, 50, 12.91 W, 22 MHz, 405 MHz, Not Active, Not Active, Not Active, Not Active, Not Active
2026/09/04 09:03:54.907, 1023 MiB, 50, 12.91 W, 22 MHz, 405 MHz, Not Active, Not Active, Not Active, Not Active, Not Active
2026/09/04 09:03:55.107, 1023 MiB, 50, 12.91 W, 22 MHz, 405 MHz, Not Active, Not Active, Not Active, Not Active, Not Active
2026/09/04 09:03:55.308, 1023 MiB, 50, 13.01 W, 22 MHz, 405 MHz, Not Active, Not Active, Not Active, Not Active, Not Active
2026/09/04 09:03:55.513, 1023 MiB, 50, 13.01 W, 22 MHz, 405 MHz, Not Active, Not Active, Not Active, Not Active, Not Active
2026/09/04 09:03:55.714, 1023 MiB, 50, 13.01 W, 22 MHz, 405 MHz, Not Active, Not Active, Not Active, Not Active, Not Active
2026/09/04 09:03:55.914, 1023 MiB, 50, 13.95 W, 22 MHz, 405 MHz, Not Active, Not Active, Not Active, Not Active, Not Active
2026/09/04 09:03:56.117, 1023 MiB, 50, 13.95 W, 22 MHz, 405 MHz, Not Active, Not Active, Not Active, Not Active, Not Active
2026/09/04 09:03:56.318, 1023 MiB, 49, 15.42 W, 22 MHz, 405 MHz, Not Active, Not Active, Not Active, Not Active, Not Active
2026/09/04 09:03:56.519, 1023 MiB, 49, 15.42 W, 22 MHz, 405 MHz, Not Active, Not Active, Not Active, Not Active, Not Active
2026/09/04 09:03:56.722, 1023 MiB, 49, 15.42 W, 22 MHz, 405 MHz, Not Active, Not Active, Not Active, Not Active, Not Active
2026/09/04 09:03:56.925, 1023 MiB, 49, 15.42 W, 22 MHz, 405 MHz, Not Active, Not Active, Not Active, Not Active, Not Active
2026/09/04 09:03:57.125, 1023 MiB, 49, 15.42 W, 22 MHz, 405 MHz, Not Active, Not Active, Not Active, Not Active, Not Active
2026/09/04 09:03:57.326, 1023 MiB, 49, 13.28 W, 22 MHz, 405 MHz, Not Active, Not Active, Not Active, Not Active, Not Active
2026/09/04 09:03:57.544, 1023 MiB, 49, 13.28 W, 22 MHz, 405 MHz, Not Active, Not Active, Not Active, Not Active, Not Active
2026/09/04 09:03:57.744, 1023 MiB, 49, 13.28 W, 22 MHz, 405 MHz, Not Active, Not Active, Not Active, Not Active, Not Active
2026/09/04 09:03:57.945, 1023 MiB, 49, 13.28 W, 22 MHz, 405 MHz, Not Active, Not Active, Not Active, Not Active, Not Active
2026/09/04 09:03:58.145, 1023 MiB, 49, 13.28 W, 22 MHz, 405 MHz, Not Active, Not Active, Not Active, Not Active, Not Active
2026/09/04 09:03:58.346, 1023 MiB, 49, 13.04 W, 22 MHz, 405 MHz, Not Active, Not Active, Not Active, Not Active, Not Active
2026/09/04 09:03:58.546, 1023 MiB, 49, 13.04 W, 22 MHz, 405 MHz, Not Active, Not Active, Not Active, Not Active, Not Active
2026/09/04 09:03:58.757, 1023 MiB, 49, 13.04 W, 22 MHz, 405 MHz, Not Active, Not Active, Not Active, Not Active, Not Active
2026/09/04 09:03:58.958, 1023 MiB, 49, 13.04 W, 22 MHz, 405 MHz, Not Active, Not Active, Not Active, Not Active, Not Active
2026/09/04 09:03:59.158, 1023 MiB, 49, 13.04 W, 22 MHz, 405 MHz, Not Active, Not Active, Not Active, Not Active, Not Active
2026/09/04 09:03:59.388, 1023 MiB, 49, 13.23 W, 22 MHz, 405 MHz, Not Active, Not Active, Not Active, Not Active, Not Active
2026/09/04 09:03:59.590, 1023 MiB, 49, 13.23 W, 22 MHz, 405 MHz, Not Active, Not Active, Not Active, Not Active, Not Active
2026/09/04 09:03:59.791, 1023 MiB, 49, 13.23 W, 22 MHz, 405 MHz, Not Active, Not Active, Not Active, Not Active, Not Active
2026/09/04 09:03:59.998, 1023 MiB, 49, 13.23 W, 22 MHz, 405 MHz, Not Active, Not Active, Not Active, Not Active, Not Active
2026/09/04 09:04:00.201, 1023 MiB, 49, 13.23 W, 22 MHz, 405 MHz, Not Active, Not Active, Not Active, Not Active, Not Active
2026/09/04 09:04:00.401, 1023 MiB, 49, 13.65 W, 22 MHz, 405 MHz, Not Active, Not Active, Not Active, Not Active, Not Active
2026/09/04 09:04:00.601, 1023 MiB, 49, 13.65 W, 22 MHz, 405 MHz, Not Active, Not Active, Not Active, Not Active, Not Active
2026/09/04 09:04:00.802, 1023 MiB, 49, 13.65 W, 22 MHz, 405 MHz, Not Active, Not Active, Not Active, Not Active, Not Active
2026/09/04 09:04:01.002, 1023 MiB, 49, 13.65 W, 22 MHz, 405 MHz, Not Active, Not Active, Not Active, Not Active, Not Active
2026/09/04 09:04:01.202, 1023 MiB, 49, 13.65 W, 22 MHz, 405 MHz, Not Active, Not Active, Not Active, Not Active, Not Active
2026/09/04 09:04:01.402, 1023 MiB, 49, 13.22 W, 22 MHz, 405 MHz, Not Active, Not Active, Not Active, Not Active, Not Active
2026/09/04 09:04:01.603, 1023 MiB, 49, 13.22 W, 22 MHz, 405 MHz, Not Active, Not Active, Not Active, Not Active, Not Active
2026/09/04 09:04:01.803, 1023 MiB, 49, 13.22 W, 22 MHz, 405 MHz, Not Active, Not Active, Not Active, Not Active, Not Active
2026/09/04 09:04:02.004, 1023 MiB, 49, 13.22 W, 22 MHz, 405 MHz, Not Active, Not Active, Not Active, Not Active, Not Active
2026/09/04 09:04:02.205, 1023 MiB, 49, 13.22 W, 22 MHz, 405 MHz, Not Active, Not Active, Not Active, Not Active, Not Active
2026/09/04 09:04:02.406, 1023 MiB, 49, 13.14 W, 22 MHz, 405 MHz, Not Active, Not Active, Not Active, Not Active, Not Active
2026/09/04 09:04:02.607, 1023 MiB, 49, 13.14 W, 22 MHz, 405 MHz, Not Active, Not Active, Not Active, Not Active, Not Active
2026/09/04 09:04:02.808, 1023 MiB, 49, 13.58 W, 24 MHz, 405 MHz, Not Active, Not Active, Not Active, Not Active, Not Active
2026/09/04 09:04:03.010, 1023 MiB, 49, 13.58 W, 24 MHz, 405 MHz, Not Active, Not Active, Not Active, Not Active, Not Active
2026/09/04 09:04:03.210, 1023 MiB, 49, 13.58 W, 24 MHz, 405 MHz, Not Active, Not Active, Not Active, Not Active, Not Active
2026/09/04 09:04:03.411, 1023 MiB, 49, 14.07 W, 22 MHz, 405 MHz, Not Active, Not Active, Not Active, Not Active, Not Active
2026/09/04 09:04:03.611, 1023 MiB, 49, 14.07 W, 22 MHz, 405 MHz, Not Active, Not Active, Not Active, Not Active, Not Active
2026/09/04 09:04:03.812, 1023 MiB, 49, 15.13 W, 22 MHz, 405 MHz, Not Active, Not Active, Not Active, Not Active, Not Active
2026/09/04 09:04:04.012, 1023 MiB, 49, 15.13 W, 22 MHz, 405 MHz, Not Active, Not Active, Not Active, Not Active, Not Active
2026/09/04 09:04:04.212, 1023 MiB, 49, 15.13 W, 22 MHz, 405 MHz, Not Active, Not Active, Not Active, Not Active, Not Active
2026/09/04 09:04:04.413, 1023 MiB, 49, 15.13 W, 22 MHz, 405 MHz, Not Active, Not Active, Not Active, Not Active, Not Active
2026/09/04 09:04:04.613, 1023 MiB, 49, 15.13 W, 22 MHz, 405 MHz, Not Active, Not Active, Not Active, Not Active, Not Active
2026/09/04 09:04:04.813, 1023 MiB, 49, 13.48 W, 22 MHz, 405 MHz, Not Active, Not Active, Not Active, Not Active, Not Active
2026/09/04 09:04:05.013, 1023 MiB, 49, 13.48 W, 22 MHz, 405 MHz, Not Active, Not Active, Not Active, Not Active, Not Active
2026/09/04 09:04:05.213, 1023 MiB, 49, 13.48 W, 22 MHz, 405 MHz, Not Active, Not Active, Not Active, Not Active, Not Active
2026/09/04 09:04:05.414, 1023 MiB, 49, 13.48 W, 22 MHz, 405 MHz, Not Active, Not Active, Not Active, Not Active, Not Active
2026/09/04 09:04:05.614, 1023 MiB, 49, 13.48 W, 22 MHz, 405 MHz, Not Active, Not Active, Not Active, Not Active, Not Active
2026/09/04 09:04:05.815, 1023 MiB, 49, 13.25 W, 22 MHz, 405 MHz, Not Active, Not Active, Not Active, Not Active, Not Active
2026/09/04 09:04:06.015, 1023 MiB, 49, 13.25 W, 22 MHz, 405 MHz, Not Active, Not Active, Not Active, Not Active, Not Active
2026/09/04 09:04:06.216, 1023 MiB, 49, 13.25 W, 22 MHz, 405 MHz, Not Active, Not Active, Not Active, Not Active, Not Active
2026/09/04 09:04:06.416, 1023 MiB, 49, 13.25 W, 22 MHz, 405 MHz, Not Active, Not Active, Not Active, Not Active, Not Active
2026/09/04 09:04:06.617, 1023 MiB, 49, 13.25 W, 22 MHz, 405 MHz, Not Active, Not Active, Not Active, Not Active, Not Active
2026/09/04 09:04:06.817, 1023 MiB, 49, 13.14 W, 22 MHz, 405 MHz, Not Active, Not Active, Not Active, Not Active, Not Active
2026/09/04 09:04:07.017, 1023 MiB, 49, 13.14 W, 22 MHz, 405 MHz, Not Active, Not Active, Not Active, Not Active, Not Active
2026/09/04 09:04:07.217, 1023 MiB, 49, 13.14 W, 22 MHz, 405 MHz, Not Active, Not Active, Not Active, Not Active, Not Active
2026/09/04 09:04:07.418, 1023 MiB, 49, 13.14 W, 22 MHz, 405 MHz, Not Active, Not Active, Not Active, Not Active, Not Active
2026/09/04 09:04:07.621, 1023 MiB, 49, 13.14 W, 22 MHz, 405 MHz, Not Active, Not Active, Not Active, Not Active, Not Active
2026/09/04 09:04:07.821, 1023 MiB, 49, 13.18 W, 22 MHz, 405 MHz, Not Active, Not Active, Not Active, Not Active, Not Active
2026/09/04 09:04:08.021, 1023 MiB, 49, 13.18 W, 22 MHz, 405 MHz, Not Active, Not Active, Not Active, Not Active, Not Active
2026/09/04 09:04:08.221, 1023 MiB, 49, 13.18 W, 22 MHz, 405 MHz, Not Active, Not Active, Not Active, Not Active, Not Active
2026/09/04 09:04:08.421, 1023 MiB, 49, 13.18 W, 22 MHz, 405 MHz, Not Active, Not Active, Not Active, Not Active, Not Active
2026/09/04 09:04:08.622, 1023 MiB, 49, 13.18 W, 22 MHz, 405 MHz, Not Active, Not Active, Not Active, Not Active, Not Active
2026/09/04 09:04:08.822, 1023 MiB, 49, 12.94 W, 22 MHz, 405 MHz, Not Active, Not Active, Not Active, Not Active, Not Active
2026/09/04 09:04:09.022, 1023 MiB, 49, 12.94 W, 22 MHz, 405 MHz, Not Active, Not Active, Not Active, Not Active, Not Active
2026/09/04 09:04:09.222, 1023 MiB, 49, 12.94 W, 22 MHz, 405 MHz, Not Active, Not Active, Not Active, Not Active, Not Active
2026/09/04 09:04:09.423, 1023 MiB, 49, 12.94 W, 22 MHz, 405 MHz, Not Active, Not Active, Not Active, Not Active, Not Active
2026/09/04 09:04:09.623, 1023 MiB, 49, 12.94 W, 22 MHz, 405 MHz, Not Active, Not Active, Not Active, Not Active, Not Active
2026/09/04 09:04:09.823, 1023 MiB, 49, 13.32 W, 24 MHz, 405 MHz, Not Active, Not Active, Not Active, Not Active, Not Active
2026/09/04 09:04:10.023, 1023 MiB, 49, 13.32 W, 24 MHz, 405 MHz, Not Active, Not Active, Not Active, Not Active, Not Active
2026/09/04 09:04:10.224, 1023 MiB, 49, 13.32 W, 24 MHz, 405 MHz, Not Active, Not Active, Not Active, Not Active, Not Active
2026/09/04 09:04:10.424, 1023 MiB, 49, 13.84 W, 22 MHz, 405 MHz, Not Active, Not Active, Not Active, Not Active, Not Active
2026/09/04 09:04:10.624, 1023 MiB, 49, 13.84 W, 22 MHz, 405 MHz, Not Active, Not Active, Not Active, Not Active, Not Active
2026/09/04 09:04:10.825, 1023 MiB, 49, 14.86 W, 22 MHz, 405 MHz, Not Active, Not Active, Not Active, Not Active, Not Active
2026/09/04 09:04:11.025, 1023 MiB, 49, 14.86 W, 22 MHz, 405 MHz, Not Active, Not Active, Not Active, Not Active, Not Active
2026/09/04 09:04:11.226, 1023 MiB, 49, 14.86 W, 22 MHz, 405 MHz, Not Active, Not Active, Not Active, Not Active, Not Active
2026/09/04 09:04:11.426, 1023 MiB, 49, 14.86 W, 22 MHz, 405 MHz, Not Active, Not Active, Not Active, Not Active, Not Active
2026/09/04 09:04:11.626, 1023 MiB, 49, 14.86 W, 22 MHz, 405 MHz, Not Active, Not Active, Not Active, Not Active, Not Active
2026/09/04 09:04:11.826, 1023 MiB, 49, 13.14 W, 22 MHz, 405 MHz, Not Active, Not Active, Not Active, Not Active, Not Active
2026/09/04 09:04:12.028, 1023 MiB, 49, 13.14 W, 22 MHz, 405 MHz, Not Active, Not Active, Not Active, Not Active, Not Active
2026/09/04 09:04:12.228, 1023 MiB, 49, 13.14 W, 22 MHz, 405 MHz, Not Active, Not Active, Not Active, Not Active, Not Active
2026/09/04 09:04:12.428, 1023 MiB, 49, 13.14 W, 22 MHz, 405 MHz, Not Active, Not Active, Not Active, Not Active, Not Active
2026/09/04 09:04:12.629, 1023 MiB, 49, 13.14 W, 22 MHz, 405 MHz, Not Active, Not Active, Not Active, Not Active, Not Active
2026/09/04 09:04:12.830, 1023 MiB, 49, 12.91 W, 22 MHz, 405 MHz, Not Active, Not Active, Not Active, Not Active, Not Active
2026/09/04 09:04:13.030, 1023 MiB, 49, 12.91 W, 22 MHz, 405 MHz, Not Active, Not Active, Not Active, Not Active, Not Active
2026/09/04 09:04:13.231, 1023 MiB, 49, 12.91 W, 22 MHz, 405 MHz, Not Active, Not Active, Not Active, Not Active, Not Active
2026/09/04 09:04:13.431, 1023 MiB, 49, 12.91 W, 22 MHz, 405 MHz, Not Active, Not Active, Not Active, Not Active, Not Active
2026/09/04 09:04:13.631, 1023 MiB, 49, 12.91 W, 22 MHz, 405 MHz, Not Active, Not Active, Not Active, Not Active, Not Active
2026/09/04 09:04:13.831, 1023 MiB, 49, 13.03 W, 22 MHz, 405 MHz, Not Active, Not Active, Not Active, Not Active, Not Active
2026/09/04 09:04:14.032, 1023 MiB, 49, 13.03 W, 22 MHz, 405 MHz, Not Active, Not Active, Not Active, Not Active, Not Active
2026/09/04 09:04:14.232, 1023 MiB, 49, 13.03 W, 22 MHz, 405 MHz, Not Active, Not Active, Not Active, Not Active, Not Active
2026/09/04 09:04:14.432, 1023 MiB, 49, 13.03 W, 22 MHz, 405 MHz, Not Active, Not Active, Not Active, Not Active, Not Active
2026/09/04 09:04:14.632, 1023 MiB, 49, 13.03 W, 22 MHz, 405 MHz, Not Active, Not Active, Not Active, Not Active, Not Active
2026/09/04 09:04:14.832, 1023 MiB, 49, 12.91 W, 22 MHz, 405 MHz, Not Active, Not Active, Not Active, Not Active, Not Active
2026/09/04 09:04:15.033, 1023 MiB, 49, 12.91 W, 22 MHz, 405 MHz, Not Active, Not Active, Not Active, Not Active, Not Active
2026/09/04 09:04:15.233, 1023 MiB, 49, 12.91 W, 22 MHz, 405 MHz, Not Active, Not Active, Not Active, Not Active, Not Active
2026/09/04 09:04:15.433, 1023 MiB, 49, 12.91 W, 22 MHz, 405 MHz, Not Active, Not Active, Not Active, Not Active, Not Active
2026/09/04 09:04:15.633, 1023 MiB, 49, 12.91 W, 22 MHz, 405 MHz, Not Active, Not Active, Not Active, Not Active, Not Active
2026/09/04 09:04:15.834, 1023 MiB, 49, 12.82 W, 22 MHz, 405 MHz, Not Active, Not Active, Not Active, Not Active, Not Active
2026/09/04 09:04:16.034, 1023 MiB, 49, 12.82 W, 22 MHz, 405 MHz, Not Active, Not Active, Not Active, Not Active, Not Active
2026/09/04 09:04:16.234, 1023 MiB, 49, 12.82 W, 22 MHz, 405 MHz, Not Active, Not Active, Not Active, Not Active, Not Active
2026/09/04 09:04:16.434, 1023 MiB, 49, 12.82 W, 22 MHz, 405 MHz, Not Active, Not Active, Not Active, Not Active, Not Active
2026/09/04 09:04:16.634, 1023 MiB, 49, 12.82 W, 22 MHz, 405 MHz, Not Active, Not Active, Not Active, Not Active, Not Active
2026/09/04 09:04:16.835, 1023 MiB, 49, 12.98 W, 22 MHz, 405 MHz, Not Active, Not Active, Not Active, Not Active, Not Active
2026/09/04 09:04:17.035, 1023 MiB, 49, 12.98 W, 22 MHz, 405 MHz, Not Active, Not Active, Not Active, Not Active, Not Active
2026/09/04 09:04:17.235, 1023 MiB, 49, 12.98 W, 22 MHz, 405 MHz, Not Active, Not Active, Not Active, Not Active, Not Active
2026/09/04 09:04:17.436, 1023 MiB, 49, 13.72 W, 22 MHz, 405 MHz, Not Active, Not Active, Not Active, Not Active, Not Active
2026/09/04 09:04:17.636, 1023 MiB, 49, 13.72 W, 22 MHz, 405 MHz, Not Active, Not Active, Not Active, Not Active, Not Active
2026/09/04 09:04:17.836, 1023 MiB, 49, 14.81 W, 22 MHz, 405 MHz, Not Active, Not Active, Not Active, Not Active, Not Active
2026/09/04 09:04:18.036, 1023 MiB, 49, 14.81 W, 22 MHz, 405 MHz, Not Active, Not Active, Not Active, Not Active, Not Active
2026/09/04 09:04:18.237, 1023 MiB, 49, 14.81 W, 22 MHz, 405 MHz, Not Active, Not Active, Not Active, Not Active, Not Active
2026/09/04 09:04:18.437, 1023 MiB, 49, 14.81 W, 22 MHz, 405 MHz, Not Active, Not Active, Not Active, Not Active, Not Active
2026/09/04 09:04:18.637, 1023 MiB, 49, 14.81 W, 22 MHz, 405 MHz, Not Active, Not Active, Not Active, Not Active, Not Active
2026/09/04 09:04:18.838, 1023 MiB, 49, 13.38 W, 22 MHz, 405 MHz, Not Active, Not Active, Not Active, Not Active, Not Active
2026/09/04 09:04:19.038, 1023 MiB, 49, 13.38 W, 22 MHz, 405 MHz, Not Active, Not Active, Not Active, Not Active, Not Active
2026/09/04 09:04:19.238, 1023 MiB, 49, 13.38 W, 22 MHz, 405 MHz, Not Active, Not Active, Not Active, Not Active, Not Active
2026/09/04 09:04:19.438, 1023 MiB, 49, 13.38 W, 22 MHz, 405 MHz, Not Active, Not Active, Not Active, Not Active, Not Active
2026/09/04 09:04:19.638, 1023 MiB, 49, 13.38 W, 22 MHz, 405 MHz, Not Active, Not Active, Not Active, Not Active, Not Active
2026/09/04 09:04:19.839, 1023 MiB, 49, 12.98 W, 22 MHz, 405 MHz, Not Active, Not Active, Not Active, Not Active, Not Active
2026/09/04 09:04:20.039, 1023 MiB, 49, 12.98 W, 22 MHz, 405 MHz, Not Active, Not Active, Not Active, Not Active, Not Active
2026/09/04 09:04:20.240, 1023 MiB, 49, 12.98 W, 22 MHz, 405 MHz, Not Active, Not Active, Not Active, Not Active, Not Active
2026/09/04 09:04:20.440, 1023 MiB, 49, 12.98 W, 22 MHz, 405 MHz, Not Active, Not Active, Not Active, Not Active, Not Active
2026/09/04 09:04:20.641, 1023 MiB, 49, 12.98 W, 22 MHz, 405 MHz, Not Active, Not Active, Not Active, Not Active, Not Active
2026/09/04 09:04:20.842, 1023 MiB, 49, 12.81 W, 22 MHz, 405 MHz, Not Active, Not Active, Not Active, Not Active, Not Active
2026/09/04 09:04:21.042, 1023 MiB, 49, 12.81 W, 22 MHz, 405 MHz, Not Active, Not Active, Not Active, Not Active, Not Active
2026/09/04 09:04:21.242, 1023 MiB, 49, 12.81 W, 22 MHz, 405 MHz, Not Active, Not Active, Not Active, Not Active, Not Active
2026/09/04 09:04:21.442, 1023 MiB, 49, 12.81 W, 22 MHz, 405 MHz, Not Active, Not Active, Not Active, Not Active, Not Active
2026/09/04 09:04:21.642, 1023 MiB, 49, 12.81 W, 22 MHz, 405 MHz, Not Active, Not Active, Not Active, Not Active, Not Active
2026/09/04 09:04:21.843, 1023 MiB, 49, 12.68 W, 22 MHz, 405 MHz, Not Active, Not Active, Not Active, Not Active, Not Active
2026/09/04 09:04:22.043, 1023 MiB, 49, 12.68 W, 22 MHz, 405 MHz, Not Active, Not Active, Not Active, Not Active, Not Active
2026/09/04 09:04:22.243, 1023 MiB, 49, 12.68 W, 22 MHz, 405 MHz, Not Active, Not Active, Not Active, Not Active, Not Active
2026/09/04 09:04:22.443, 1023 MiB, 49, 12.68 W, 22 MHz, 405 MHz, Not Active, Not Active, Not Active, Not Active, Not Active
2026/09/04 09:04:22.644, 1023 MiB, 49, 12.68 W, 22 MHz, 405 MHz, Not Active, Not Active, Not Active, Not Active, Not Active
2026/09/04 09:04:22.844, 1023 MiB, 49, 12.81 W, 22 MHz, 405 MHz, Not Active, Not Active, Not Active, Not Active, Not Active
2026/09/04 09:04:23.044, 1023 MiB, 49, 12.81 W, 22 MHz, 405 MHz, Not Active, Not Active, Not Active, Not Active, Not Active
2026/09/04 09:04:23.244, 1023 MiB, 49, 12.81 W, 22 MHz, 405 MHz, Not Active, Not Active, Not Active, Not Active, Not Active
2026/09/04 09:04:23.445, 1023 MiB, 49, 12.81 W, 22 MHz, 405 MHz, Not Active, Not Active, Not Active, Not Active, Not Active
2026/09/04 09:04:23.645, 1023 MiB, 49, 12.81 W, 22 MHz, 405 MHz, Not Active, Not Active, Not Active, Not Active, Not Active
2026/09/04 09:04:23.845, 1023 MiB, 49, 12.84 W, 22 MHz, 405 MHz, Not Active, Not Active, Not Active, Not Active, Not Active
2026/09/04 09:04:24.045, 1023 MiB, 49, 12.84 W, 22 MHz, 405 MHz, Not Active, Not Active, Not Active, Not Active, Not Active
2026/09/04 09:04:24.245, 1023 MiB, 49, 12.84 W, 22 MHz, 405 MHz, Not Active, Not Active, Not Active, Not Active, Not Active
2026/09/04 09:04:24.446, 1023 MiB, 49, 13.28 W, 24 MHz, 405 MHz, Not Active, Not Active, Not Active, Not Active, Not Active
2026/09/04 09:04:24.646, 1023 MiB, 49, 13.28 W, 24 MHz, 405 MHz, Not Active, Not Active, Not Active, Not Active, Not Active
2026/09/04 09:04:24.846, 1023 MiB, 49, 13.66 W, 22 MHz, 405 MHz, Not Active, Not Active, Not Active, Not Active, Not Active
2026/09/04 09:04:25.046, 1023 MiB, 49, 13.66 W, 22 MHz, 405 MHz, Not Active, Not Active, Not Active, Not Active, Not Active
2026/09/04 09:04:25.247, 1023 MiB, 49, 13.66 W, 22 MHz, 405 MHz, Not Active, Not Active, Not Active, Not Active, Not Active
2026/09/04 09:04:25.447, 1023 MiB, 49, 14.66 W, 22 MHz, 405 MHz, Not Active, Not Active, Not Active, Not Active, Not Active
2026/09/04 09:04:25.647, 1023 MiB, 49, 14.66 W, 22 MHz, 405 MHz, Not Active, Not Active, Not Active, Not Active, Not Active
2026/09/04 09:04:25.847, 1023 MiB, 49, 14.66 W, 22 MHz, 405 MHz, Not Active, Not Active, Not Active, Not Active, Not Active
2026/09/04 09:04:26.047, 1023 MiB, 49, 14.66 W, 22 MHz, 405 MHz, Not Active, Not Active, Not Active, Not Active, Not Active
2026/09/04 09:04:26.248, 1023 MiB, 49, 14.66 W, 22 MHz, 405 MHz, Not Active, Not Active, Not Active, Not Active, Not Active
2026/09/04 09:04:26.448, 1023 MiB, 49, 13.03 W, 22 MHz, 405 MHz, Not Active, Not Active, Not Active, Not Active, Not Active
2026/09/04 09:04:26.648, 1023 MiB, 49, 13.03 W, 22 MHz, 405 MHz, Not Active, Not Active, Not Active, Not Active, Not Active
2026/09/04 09:04:26.849, 1023 MiB, 49, 13.03 W, 22 MHz, 405 MHz, Not Active, Not Active, Not Active, Not Active, Not Active
2026/09/04 09:04:27.049, 1023 MiB, 49, 13.03 W, 22 MHz, 405 MHz, Not Active, Not Active, Not Active, Not Active, Not Active
2026/09/04 09:04:27.249, 1023 MiB, 49, 13.03 W, 22 MHz, 405 MHz, Not Active, Not Active, Not Active, Not Active, Not Active
2026/09/04 09:04:27.449, 1023 MiB, 49, 12.85 W, 22 MHz, 405 MHz, Not Active, Not Active, Not Active, Not Active, Not Active
2026/09/04 09:04:27.649, 1023 MiB, 49, 12.85 W, 22 MHz, 405 MHz, Not Active, Not Active, Not Active, Not Active, Not Active
2026/09/04 09:04:27.850, 1023 MiB, 49, 12.85 W, 22 MHz, 405 MHz, Not Active, Not Active, Not Active, Not Active, Not Active
2026/09/04 09:04:28.050, 1023 MiB, 49, 12.85 W, 22 MHz, 405 MHz, Not Active, Not Active, Not Active, Not Active, Not Active
2026/09/04 09:04:28.250, 1023 MiB, 49, 12.85 W, 22 MHz, 405 MHz, Not Active, Not Active, Not Active, Not Active, Not Active
2026/09/04 09:04:28.450, 1023 MiB, 49, 12.99 W, 22 MHz, 405 MHz, Not Active, Not Active, Not Active, Not Active, Not Active
2026/09/04 09:04:28.651, 1023 MiB, 49, 12.99 W, 22 MHz, 405 MHz, Not Active, Not Active, Not Active, Not Active, Not Active
2026/09/04 09:04:28.851, 1023 MiB, 49, 12.99 W, 22 MHz, 405 MHz, Not Active, Not Active, Not Active, Not Active, Not Active
2026/09/04 09:04:29.051, 1023 MiB, 49, 12.99 W, 22 MHz, 405 MHz, Not Active, Not Active, Not Active, Not Active, Not Active
2026/09/04 09:04:29.251, 1023 MiB, 49, 12.99 W, 22 MHz, 405 MHz, Not Active, Not Active, Not Active, Not Active, Not Active
2026/09/04 09:04:29.451, 1023 MiB, 49, 12.98 W, 22 MHz, 405 MHz, Not Active, Not Active, Not Active, Not Active, Not Active
2026/09/04 09:04:29.652, 1023 MiB, 49, 12.98 W, 22 MHz, 405 MHz, Not Active, Not Active, Not Active, Not Active, Not Active
2026/09/04 09:04:29.852, 1023 MiB, 49, 12.98 W, 22 MHz, 405 MHz, Not Active, Not Active, Not Active, Not Active, Not Active
2026/09/04 09:04:30.053, 1023 MiB, 49, 12.98 W, 22 MHz, 405 MHz, Not Active, Not Active, Not Active, Not Active, Not Active
2026/09/04 09:04:30.254, 1023 MiB, 49, 12.98 W, 22 MHz, 405 MHz, Not Active, Not Active, Not Active, Not Active, Not Active
2026/09/04 09:04:30.454, 1023 MiB, 49, 12.98 W, 22 MHz, 405 MHz, Not Active, Not Active, Not Active, Not Active, Not Active
2026/09/04 09:04:30.655, 1023 MiB, 49, 12.98 W, 22 MHz, 405 MHz, Not Active, Not Active, Not Active, Not Active, Not Active
2026/09/04 09:04:30.855, 1023 MiB, 49, 12.98 W, 22 MHz, 405 MHz, Not Active, Not Active, Not Active, Not Active, Not Active
2026/09/04 09:04:31.055, 1023 MiB, 49, 12.98 W, 22 MHz, 405 MHz, Not Active, Not Active, Not Active, Not Active, Not Active
2026/09/04 09:04:31.255, 1023 MiB, 49, 12.98 W, 22 MHz, 405 MHz, Not Active, Not Active, Not Active, Not Active, Not Active
2026/09/04 09:04:31.456, 1023 MiB, 49, 13.06 W, 24 MHz, 405 MHz, Not Active, Not Active, Not Active, Not Active, Not Active
2026/09/04 09:04:31.656, 1023 MiB, 49, 13.06 W, 24 MHz, 405 MHz, Not Active, Not Active, Not Active, Not Active, Not Active
2026/09/04 09:04:31.857, 1023 MiB, 49, 13.74 W, 22 MHz, 405 MHz, Not Active, Not Active, Not Active, Not Active, Not Active
2026/09/04 09:04:32.057, 1681 MiB, 49, 13.74 W, 22 MHz, 405 MHz, Not Active, Not Active, Not Active, Not Active, Not Active
2026/09/04 09:04:32.257, 5623 MiB, 49, 13.74 W, 22 MHz, 405 MHz, Not Active, Not Active, Not Active, Not Active, Not Active
2026/09/04 09:04:32.457, 5651 MiB, 51, 42.53 W, 2685 MHz, 13801 MHz, Not Active, Not Active, Not Active, Not Active, Not Active
2026/09/04 09:04:32.657, 5651 MiB, 51, 42.53 W, 2685 MHz, 13801 MHz, Not Active, Not Active, Not Active, Not Active, Not Active
2026/09/04 09:04:32.858, 5651 MiB, 52, 90.66 W, 2910 MHz, 13801 MHz, Not Active, Not Active, Not Active, Not Active, Not Active
2026/09/04 09:04:33.058, 5651 MiB, 52, 90.66 W, 2910 MHz, 13801 MHz, Not Active, Not Active, Not Active, Not Active, Not Active
2026/09/04 09:04:33.258, 5651 MiB, 52, 90.66 W, 2910 MHz, 13801 MHz, Not Active, Not Active, Not Active, Not Active, Not Active
2026/09/04 09:04:33.458, 5651 MiB, 52, 125.27 W, 2910 MHz, 13801 MHz, Not Active, Not Active, Not Active, Not Active, Not Active
2026/09/04 09:04:33.659, 5651 MiB, 52, 125.27 W, 2910 MHz, 13801 MHz, Not Active, Not Active, Not Active, Not Active, Not Active
2026/09/04 09:04:33.859, 5651 MiB, 52, 127.82 W, 2910 MHz, 13801 MHz, Not Active, Not Active, Not Active, Not Active, Not Active
2026/09/04 09:04:34.060, 5651 MiB, 52, 127.82 W, 2910 MHz, 13801 MHz, Not Active, Not Active, Not Active, Not Active, Not Active
2026/09/04 09:04:34.260, 5651 MiB, 52, 127.82 W, 2910 MHz, 13801 MHz, Not Active, Not Active, Not Active, Not Active, Not Active
2026/09/04 09:04:34.460, 5651 MiB, 53, 128.18 W, 2910 MHz, 13801 MHz, Not Active, Not Active, Not Active, Not Active, Not Active
2026/09/04 09:04:34.660, 5651 MiB, 53, 128.18 W, 2910 MHz, 13801 MHz, Not Active, Not Active, Not Active, Not Active, Not Active
2026/09/04 09:04:34.861, 5651 MiB, 53, 128.06 W, 2910 MHz, 13801 MHz, Not Active, Not Active, Not Active, Not Active, Not Active
2026/09/04 09:04:35.061, 5651 MiB, 53, 128.06 W, 2910 MHz, 13801 MHz, Not Active, Not Active, Not Active, Not Active, Not Active
2026/09/04 09:04:35.261, 5651 MiB, 53, 128.06 W, 2910 MHz, 13801 MHz, Not Active, Not Active, Not Active, Not Active, Not Active
2026/09/04 09:04:35.461, 5651 MiB, 53, 127.86 W, 2910 MHz, 13801 MHz, Not Active, Not Active, Not Active, Not Active, Not Active
2026/09/04 09:04:35.661, 5651 MiB, 53, 127.86 W, 2910 MHz, 13801 MHz, Not Active, Not Active, Not Active, Not Active, Not Active
2026/09/04 09:04:35.862, 5651 MiB, 53, 127.66 W, 2910 MHz, 13801 MHz, Not Active, Not Active, Not Active, Not Active, Not Active
2026/09/04 09:04:36.062, 5651 MiB, 53, 127.66 W, 2910 MHz, 13801 MHz, Not Active, Not Active, Not Active, Not Active, Not Active
2026/09/04 09:04:36.264, 5651 MiB, 53, 127.66 W, 2910 MHz, 13801 MHz, Not Active, Not Active, Not Active, Not Active, Not Active
2026/09/04 09:04:36.464, 5651 MiB, 53, 127.49 W, 2910 MHz, 13801 MHz, Not Active, Not Active, Not Active, Not Active, Not Active
2026/09/04 09:04:36.665, 5651 MiB, 53, 127.49 W, 2910 MHz, 13801 MHz, Not Active, Not Active, Not Active, Not Active, Not Active
2026/09/04 09:04:36.865, 5651 MiB, 53, 128.12 W, 2910 MHz, 13801 MHz, Not Active, Not Active, Not Active, Not Active, Not Active
2026/09/04 09:04:37.065, 5651 MiB, 53, 128.12 W, 2910 MHz, 13801 MHz, Not Active, Not Active, Not Active, Not Active, Not Active
2026/09/04 09:04:37.265, 5651 MiB, 53, 128.12 W, 2910 MHz, 13801 MHz, Not Active, Not Active, Not Active, Not Active, Not Active
2026/09/04 09:04:37.465, 5651 MiB, 53, 128.64 W, 2910 MHz, 13801 MHz, Not Active, Not Active, Not Active, Not Active, Not Active
2026/09/04 09:04:37.666, 5651 MiB, 53, 128.64 W, 2910 MHz, 13801 MHz, Not Active, Not Active, Not Active, Not Active, Not Active
2026/09/04 09:04:37.866, 5651 MiB, 53, 128.55 W, 2910 MHz, 13801 MHz, Not Active, Not Active, Not Active, Not Active, Not Active
2026/09/04 09:04:38.066, 5651 MiB, 53, 128.55 W, 2910 MHz, 13801 MHz, Not Active, Not Active, Not Active, Not Active, Not Active
2026/09/04 09:04:38.266, 5651 MiB, 53, 128.55 W, 2910 MHz, 13801 MHz, Not Active, Not Active, Not Active, Not Active, Not Active
2026/09/04 09:04:38.466, 5651 MiB, 53, 128.71 W, 2910 MHz, 13801 MHz, Not Active, Not Active, Not Active, Not Active, Not Active
2026/09/04 09:04:38.667, 5651 MiB, 53, 128.71 W, 2910 MHz, 13801 MHz, Not Active, Not Active, Not Active, Not Active, Not Active
2026/09/04 09:04:38.867, 5651 MiB, 53, 128.78 W, 2910 MHz, 13801 MHz, Not Active, Not Active, Not Active, Not Active, Not Active
2026/09/04 09:04:39.067, 5651 MiB, 53, 128.78 W, 2910 MHz, 13801 MHz, Not Active, Not Active, Not Active, Not Active, Not Active
2026/09/04 09:04:39.267, 5651 MiB, 53, 128.78 W, 2910 MHz, 13801 MHz, Not Active, Not Active, Not Active, Not Active, Not Active
2026/09/04 09:04:39.468, 5651 MiB, 53, 128.61 W, 2910 MHz, 13801 MHz, Not Active, Not Active, Not Active, Not Active, Not Active
2026/09/04 09:04:39.668, 5651 MiB, 53, 128.61 W, 2910 MHz, 13801 MHz, Not Active, Not Active, Not Active, Not Active, Not Active
2026/09/04 09:04:39.868, 5651 MiB, 53, 128.46 W, 2910 MHz, 13801 MHz, Not Active, Not Active, Not Active, Not Active, Not Active
2026/09/04 09:04:40.068, 5651 MiB, 53, 128.46 W, 2910 MHz, 13801 MHz, Not Active, Not Active, Not Active, Not Active, Not Active
2026/09/04 09:04:40.268, 4929 MiB, 53, 128.46 W, 2910 MHz, 13801 MHz, Not Active, Not Active, Not Active, Not Active, Not Active
2026/09/04 09:04:40.468, 4929 MiB, 54, 127.60 W, 2895 MHz, 13801 MHz, Not Active, Not Active, Not Active, Not Active, Not Active
2026/09/04 09:04:40.669, 519 MiB, 54, 127.60 W, 2895 MHz, 13801 MHz, Not Active, Not Active, Not Active, Not Active, Not Active
2026/09/04 09:04:40.882, 519 MiB, 52, 111.55 W, 2910 MHz, 13801 MHz, Not Active, Not Active, Not Active, Not Active, Not Active
2026/09/04 09:04:41.083, 519 MiB, 52, 111.55 W, 2910 MHz, 13801 MHz, Not Active, Not Active, Not Active, Not Active, Not Active
2026/09/04 09:04:41.283, 519 MiB, 52, 111.55 W, 2910 MHz, 13801 MHz, Not Active, Not Active, Not Active, Not Active, Not Active
2026/09/04 09:04:41.483, 519 MiB, 52, 94.62 W, 2910 MHz, 13801 MHz, Not Active, Not Active, Not Active, Not Active, Not Active
2026/09/04 09:04:41.683, 519 MiB, 52, 94.62 W, 2910 MHz, 13801 MHz, Not Active, Not Active, Not Active, Not Active, Not Active
2026/09/04 09:04:41.884, 519 MiB, 52, 92.86 W, 2910 MHz, 13801 MHz, Not Active, Not Active, Not Active, Not Active, Not Active
2026/09/04 09:04:42.084, 519 MiB, 52, 92.86 W, 2910 MHz, 13801 MHz, Not Active, Not Active, Not Active, Not Active, Not Active
2026/09/04 09:04:42.284, 519 MiB, 52, 92.86 W, 2910 MHz, 13801 MHz, Not Active, Not Active, Not Active, Not Active, Not Active
2026/09/04 09:04:42.484, 519 MiB, 51, 82.38 W, 1500 MHz, 7001 MHz, Not Active, Not Active, Not Active, Not Active, Not Active
2026/09/04 09:04:42.684, 519 MiB, 51, 82.38 W, 1500 MHz, 7001 MHz, Not Active, Not Active, Not Active, Not Active, Not Active
2026/09/04 09:04:42.885, 519 MiB, 51, 49.76 W, 75 MHz, 810 MHz, Not Active, Not Active, Not Active, Not Active, Not Active
2026/09/04 09:04:43.085, 519 MiB, 51, 49.76 W, 75 MHz, 810 MHz, Not Active, Not Active, Not Active, Not Active, Not Active
2026/09/04 09:04:43.285, 519 MiB, 51, 49.76 W, 75 MHz, 810 MHz, Not Active, Not Active, Not Active, Not Active, Not Active
2026/09/04 09:04:43.485, 519 MiB, 51, 28.01 W, 540 MHz, 810 MHz, Not Active, Not Active, Not Active, Not Active, Not Active
2026/09/04 09:04:43.685, 519 MiB, 51, 28.01 W, 540 MHz, 810 MHz, Not Active, Not Active, Not Active, Not Active, Not Active
2026/09/04 09:04:43.886, 519 MiB, 51, 28.01 W, 67 MHz, 810 MHz, Not Active, Not Active, Not Active, Not Active, Not Active
2026/09/04 09:04:44.086, 519 MiB, 51, 28.01 W, 67 MHz, 810 MHz, Not Active, Not Active, Not Active, Not Active, Not Active
2026/09/04 09:04:44.286, 519 MiB, 51, 28.01 W, 67 MHz, 810 MHz, Not Active, Not Active, Not Active, Not Active, Not Active
2026/09/04 09:04:44.486, 519 MiB, 50, 16.66 W, 39 MHz, 810 MHz, Not Active, Not Active, Not Active, Not Active, Not Active
2026/09/04 09:04:44.687, 519 MiB, 50, 16.66 W, 39 MHz, 810 MHz, Not Active, Not Active, Not Active, Not Active, Not Active
2026/09/04 09:04:44.887, 519 MiB, 50, 16.66 W, 39 MHz, 810 MHz, Not Active, Not Active, Not Active, Not Active, Not Active
2026/09/04 09:04:45.087, 519 MiB, 50, 16.66 W, 39 MHz, 810 MHz, Not Active, Not Active, Not Active, Not Active, Not Active
2026/09/04 09:04:45.287, 519 MiB, 50, 16.66 W, 39 MHz, 810 MHz, Not Active, Not Active, Not Active, Not Active, Not Active
2026/09/04 09:04:45.487, 519 MiB, 50, 15.06 W, 23 MHz, 405 MHz, Not Active, Not Active, Not Active, Not Active, Not Active
2026/09/04 09:04:45.687, 517 MiB, 50, 15.06 W, 23 MHz, 405 MHz, Not Active, Not Active, Not Active, Not Active, Not Active
