timestamp, memory.used [MiB], temperature.gpu, power.draw [W], clocks.current.sm [MHz], clocks.current.memory [MHz], clocks_event_reasons.sw_power_cap, clocks_event_reasons.hw_slowdown, clocks_event_reasons.hw_thermal_slowdown, clocks_event_reasons.hw_power_brake_slowdown, clocks_event_reasons.sw_thermal_slowdown
2026/09/03 20:56:55.250, 15 MiB, 51, 20.49 W, 43 MHz, 810 MHz, Not Active, Not Active, Not Active, Not Active, Not Active
2026/09/03 20:56:55.453, 15 MiB, 51, 20.49 W, 43 MHz, 810 MHz, Not Active, Not Active, Not Active, Not Active, Not Active
2026/09/03 20:56:55.653, 15 MiB, 51, 20.49 W, 43 MHz, 810 MHz, Not Active, Not Active, Not Active, Not Active, Not Active
2026/09/03 20:56:55.857, 35 MiB, 51, 15.50 W, 22 MHz, 405 MHz, Not Active, Not Active, Not Active, Not Active, Not Active
2026/09/03 20:56:56.057, 519 MiB, 51, 15.50 W, 22 MHz, 405 MHz, Not Active, Not Active, Not Active, Not Active, Not Active
2026/09/03 20:56:56.257, 519 MiB, 51, 15.50 W, 22 MHz, 405 MHz, Not Active, Not Active, Not Active, Not Active, Not Active
2026/09/03 20:56:56.458, 519 MiB, 52, 30.84 W, 2430 MHz, 13801 MHz, Not Active, Not Active, Not Active, Not Active, Not Active
2026/09/03 20:56:56.658, 519 MiB, 52, 30.84 W, 2430 MHz, 13801 MHz, Not Active, Not Active, Not Active, Not Active, Not Active
2026/09/03 20:56:56.858, 519 MiB, 52, 56.21 W, 2400 MHz, 13801 MHz, Not Active, Not Active, Not Active, Not Active, Not Active
2026/09/03 20:56:57.058, 519 MiB, 52, 56.21 W, 2400 MHz, 13801 MHz, Not Active, Not Active, Not Active, Not Active, Not Active
2026/09/03 20:56:57.259, 519 MiB, 52, 56.21 W, 2400 MHz, 13801 MHz, Not Active, Not Active, Not Active, Not Active, Not Active
2026/09/03 20:56:57.459, 519 MiB, 52, 58.83 W, 2400 MHz, 13801 MHz, Not Active, Not Active, Not Active, Not Active, Not Active
2026/09/03 20:56:57.659, 519 MiB, 52, 58.83 W, 2400 MHz, 13801 MHz, Not Active, Not Active, Not Active, Not Active, Not Active
2026/09/03 20:56:57.860, 519 MiB, 52, 58.51 W, 2400 MHz, 13801 MHz, Not Active, Not Active, Not Active, Not Active, Not Active
2026/09/03 20:56:58.060, 519 MiB, 52, 58.51 W, 2400 MHz, 13801 MHz, Not Active, Not Active, Not Active, Not Active, Not Active
2026/09/03 20:56:58.260, 519 MiB, 52, 58.51 W, 2400 MHz, 13801 MHz, Not Active, Not Active, Not Active, Not Active, Not Active
2026/09/03 20:56:58.461, 519 MiB, 52, 58.08 W, 2400 MHz, 13801 MHz, Not Active, Not Active, Not Active, Not Active, Not Active
2026/09/03 20:56:58.661, 519 MiB, 52, 58.08 W, 2400 MHz, 13801 MHz, Not Active, Not Active, Not Active, Not Active, Not Active
2026/09/03 20:56:58.862, 519 MiB, 52, 58.24 W, 2400 MHz, 13801 MHz, Not Active, Not Active, Not Active, Not Active, Not Active
2026/09/03 20:56:59.062, 519 MiB, 52, 58.24 W, 2400 MHz, 13801 MHz, Not Active, Not Active, Not Active, Not Active, Not Active
2026/09/03 20:56:59.262, 519 MiB, 52, 58.24 W, 2400 MHz, 13801 MHz, Not Active, Not Active, Not Active, Not Active, Not Active
2026/09/03 20:56:59.462, 519 MiB, 52, 58.22 W, 2400 MHz, 13801 MHz, Not Active, Not Active, Not Active, Not Active, Not Active
2026/09/03 20:56:59.663, 519 MiB, 52, 58.22 W, 2400 MHz, 13801 MHz, Not Active, Not Active, Not Active, Not Active, Not Active
2026/09/03 20:56:59.863, 519 MiB, 52, 58.09 W, 2400 MHz, 13801 MHz, Not Active, Not Active, Not Active, Not Active, Not Active
2026/09/03 20:57:00.063, 519 MiB, 52, 58.09 W, 2400 MHz, 13801 MHz, Not Active, Not Active, Not Active, Not Active, Not Active
2026/09/03 20:57:00.263, 519 MiB, 52, 58.09 W, 2400 MHz, 13801 MHz, Not Active, Not Active, Not Active, Not Active, Not Active
2026/09/03 20:57:00.464, 519 MiB, 52, 58.29 W, 2400 MHz, 13801 MHz, Not Active, Not Active, Not Active, Not Active, Not Active
2026/09/03 20:57:00.664, 519 MiB, 52, 58.29 W, 2400 MHz, 13801 MHz, Not Active, Not Active, Not Active, Not Active, Not Active
2026/09/03 20:57:00.864, 519 MiB, 52, 58.32 W, 2400 MHz, 13801 MHz, Not Active, Not Active, Not Active, Not Active, Not Active
2026/09/03 20:57:01.064, 519 MiB, 52, 58.32 W, 2400 MHz, 13801 MHz, Not Active, Not Active, Not Active, Not Active, Not Active
2026/09/03 20:57:01.265, 519 MiB, 52, 58.22 W, 2400 MHz, 13801 MHz, Not Active, Not Active, Not Active, Not Active, Not Active
2026/09/03 20:57:01.465, 519 MiB, 52, 58.22 W, 2400 MHz, 13801 MHz, Not Active, Not Active, Not Active, Not Active, Not Active
2026/09/03 20:57:01.665, 519 MiB, 52, 58.22 W, 2400 MHz, 13801 MHz, Not Active, Not Active, Not Active, Not Active, Not Active
2026/09/03 20:57:01.866, 519 MiB, 52, 58.19 W, 2400 MHz, 13801 MHz, Not Active, Not Active, Not Active, Not Active, Not Active
2026/09/03 20:57:02.066, 519 MiB, 52, 58.19 W, 2400 MHz, 13801 MHz, Not Active, Not Active, Not Active, Not Active, Not Active
2026/09/03 20:57:02.266, 519 MiB, 52, 58.25 W, 2400 MHz, 13801 MHz, Not Active, Not Active, Not Active, Not Active, Not Active
2026/09/03 20:57:02.467, 519 MiB, 52, 58.25 W, 2400 MHz, 13801 MHz, Not Active, Not Active, Not Active, Not Active, Not Active
2026/09/03 20:57:02.667, 519 MiB, 52, 58.25 W, 2400 MHz, 13801 MHz, Not Active, Not Active, Not Active, Not Active, Not Active
2026/09/03 20:57:02.868, 519 MiB, 52, 58.16 W, 2400 MHz, 13801 MHz, Not Active, Not Active, Not Active, Not Active, Not Active
2026/09/03 20:57:03.068, 519 MiB, 52, 58.16 W, 2400 MHz, 13801 MHz, Not Active, Not Active, Not Active, Not Active, Not Active
2026/09/03 20:57:03.268, 519 MiB, 52, 58.00 W, 2400 MHz, 13801 MHz, Not Active, Not Active, Not Active, Not Active, Not Active
2026/09/03 20:57:03.468, 519 MiB, 52, 58.00 W, 2400 MHz, 13801 MHz, Not Active, Not Active, Not Active, Not Active, Not Active
2026/09/03 20:57:03.669, 519 MiB, 52, 58.00 W, 2400 MHz, 13801 MHz, Not Active, Not Active, Not Active, Not Active, Not Active
2026/09/03 20:57:03.869, 519 MiB, 52, 58.14 W, 2400 MHz, 13801 MHz, Not Active, Not Active, Not Active, Not Active, Not Active
2026/09/03 20:57:04.069, 519 MiB, 52, 58.14 W, 2400 MHz, 13801 MHz, Not Active, Not Active, Not Active, Not Active, Not Active
2026/09/03 20:57:04.269, 519 MiB, 52, 58.30 W, 2400 MHz, 13801 MHz, Not Active, Not Active, Not Active, Not Active, Not Active
2026/09/03 20:57:04.470, 519 MiB, 52, 58.30 W, 2400 MHz, 13801 MHz, Not Active, Not Active, Not Active, Not Active, Not Active
2026/09/03 20:57:04.670, 519 MiB, 52, 58.30 W, 2400 MHz, 13801 MHz, Not Active, Not Active, Not Active, Not Active, Not Active
2026/09/03 20:57:04.870, 519 MiB, 52, 58.42 W, 2400 MHz, 13801 MHz, Not Active, Not Active, Not Active, Not Active, Not Active
2026/09/03 20:57:05.070, 519 MiB, 52, 58.42 W, 2400 MHz, 13801 MHz, Not Active, Not Active, Not Active, Not Active, Not Active
2026/09/03 20:57:05.270, 519 MiB, 52, 58.57 W, 2400 MHz, 13801 MHz, Not Active, Not Active, Not Active, Not Active, Not Active
2026/09/03 20:57:05.471, 519 MiB, 52, 58.57 W, 2400 MHz, 13801 MHz, Not Active, Not Active, Not Active, Not Active, Not Active
2026/09/03 20:57:05.671, 519 MiB, 52, 58.57 W, 2400 MHz, 13801 MHz, Not Active, Not Active, Not Active, Not Active, Not Active
2026/09/03 20:57:05.871, 519 MiB, 52, 58.74 W, 2400 MHz, 13801 MHz, Not Active, Not Active, Not Active, Not Active, Not Active
2026/09/03 20:57:06.071, 519 MiB, 52, 58.74 W, 2400 MHz, 13801 MHz, Not Active, Not Active, Not Active, Not Active, Not Active
2026/09/03 20:57:06.272, 519 MiB, 52, 58.92 W, 2400 MHz, 13801 MHz, Not Active, Not Active, Not Active, Not Active, Not Active
2026/09/03 20:57:06.472, 519 MiB, 52, 58.92 W, 2400 MHz, 13801 MHz, Not Active, Not Active, Not Active, Not Active, Not Active
2026/09/03 20:57:06.672, 519 MiB, 52, 58.92 W, 2400 MHz, 13801 MHz, Not Active, Not Active, Not Active, Not Active, Not Active
2026/09/03 20:57:06.872, 519 MiB, 52, 59.03 W, 2400 MHz, 13801 MHz, Not Active, Not Active, Not Active, Not Active, Not Active
2026/09/03 20:57:07.073, 519 MiB, 52, 59.03 W, 2400 MHz, 13801 MHz, Not Active, Not Active, Not Active, Not Active, Not Active
2026/09/03 20:57:07.273, 519 MiB, 52, 59.00 W, 2400 MHz, 13801 MHz, Not Active, Not Active, Not Active, Not Active, Not Active
2026/09/03 20:57:07.473, 519 MiB, 52, 59.00 W, 2400 MHz, 13801 MHz, Not Active, Not Active, Not Active, Not Active, Not Active
2026/09/03 20:57:07.674, 519 MiB, 52, 59.00 W, 2400 MHz, 13801 MHz, Not Active, Not Active, Not Active, Not Active, Not Active
2026/09/03 20:57:07.874, 519 MiB, 52, 59.09 W, 2400 MHz, 13801 MHz, Not Active, Not Active, Not Active, Not Active, Not Active
2026/09/03 20:57:08.074, 519 MiB, 52, 59.09 W, 2400 MHz, 13801 MHz, Not Active, Not Active, Not Active, Not Active, Not Active
2026/09/03 20:57:08.274, 519 MiB, 52, 59.06 W, 2400 MHz, 13801 MHz, Not Active, Not Active, Not Active, Not Active, Not Active
2026/09/03 20:57:08.475, 519 MiB, 52, 59.06 W, 2400 MHz, 13801 MHz, Not Active, Not Active, Not Active, Not Active, Not Active
2026/09/03 20:57:08.675, 519 MiB, 52, 59.06 W, 2400 MHz, 13801 MHz, Not Active, Not Active, Not Active, Not Active, Not Active
2026/09/03 20:57:08.875, 519 MiB, 52, 58.93 W, 2400 MHz, 13801 MHz, Not Active, Not Active, Not Active, Not Active, Not Active
2026/09/03 20:57:09.075, 519 MiB, 52, 58.93 W, 2400 MHz, 13801 MHz, Not Active, Not Active, Not Active, Not Active, Not Active
2026/09/03 20:57:09.276, 519 MiB, 52, 58.79 W, 2400 MHz, 13801 MHz, Not Active, Not Active, Not Active, Not Active, Not Active
2026/09/03 20:57:09.476, 519 MiB, 52, 58.79 W, 2400 MHz, 13801 MHz, Not Active, Not Active, Not Active, Not Active, Not Active
2026/09/03 20:57:09.676, 519 MiB, 52, 58.79 W, 2400 MHz, 13801 MHz, Not Active, Not Active, Not Active, Not Active, Not Active
2026/09/03 20:57:09.876, 519 MiB, 52, 58.73 W, 2400 MHz, 13801 MHz, Not Active, Not Active, Not Active, Not Active, Not Active
2026/09/03 20:57:10.077, 519 MiB, 52, 58.73 W, 2400 MHz, 13801 MHz, Not Active, Not Active, Not Active, Not Active, Not Active
2026/09/03 20:57:10.277, 519 MiB, 52, 59.09 W, 2400 MHz, 13801 MHz, Not Active, Not Active, Not Active, Not Active, Not Active
2026/09/03 20:57:10.477, 519 MiB, 52, 59.09 W, 2400 MHz, 13801 MHz, Not Active, Not Active, Not Active, Not Active, Not Active
2026/09/03 20:57:10.677, 519 MiB, 52, 59.09 W, 2400 MHz, 13801 MHz, Not Active, Not Active, Not Active, Not Active, Not Active
2026/09/03 20:57:10.878, 519 MiB, 52, 59.51 W, 2400 MHz, 13801 MHz, Not Active, Not Active, Not Active, Not Active, Not Active
2026/09/03 20:57:11.078, 519 MiB, 52, 59.51 W, 2400 MHz, 13801 MHz, Not Active, Not Active, Not Active, Not Active, Not Active
2026/09/03 20:57:11.278, 519 MiB, 52, 59.47 W, 2400 MHz, 13801 MHz, Not Active, Not Active, Not Active, Not Active, Not Active
2026/09/03 20:57:11.478, 519 MiB, 52, 59.47 W, 2400 MHz, 13801 MHz, Not Active, Not Active, Not Active, Not Active, Not Active
2026/09/03 20:57:11.679, 519 MiB, 52, 59.47 W, 2400 MHz, 13801 MHz, Not Active, Not Active, Not Active, Not Active, Not Active
2026/09/03 20:57:11.879, 519 MiB, 52, 59.08 W, 2400 MHz, 13801 MHz, Not Active, Not Active, Not Active, Not Active, Not Active
2026/09/03 20:57:12.079, 519 MiB, 52, 59.08 W, 2400 MHz, 13801 MHz, Not Active, Not Active, Not Active, Not Active, Not Active
2026/09/03 20:57:12.280, 519 MiB, 52, 58.81 W, 2400 MHz, 13801 MHz, Not Active, Not Active, Not Active, Not Active, Not Active
2026/09/03 20:57:12.480, 519 MiB, 52, 58.81 W, 2400 MHz, 13801 MHz, Not Active, Not Active, Not Active, Not Active, Not Active
2026/09/03 20:57:12.680, 519 MiB, 52, 58.81 W, 2400 MHz, 13801 MHz, Not Active, Not Active, Not Active, Not Active, Not Active
2026/09/03 20:57:12.880, 519 MiB, 52, 59.02 W, 2400 MHz, 13801 MHz, Not Active, Not Active, Not Active, Not Active, Not Active
2026/09/03 20:57:13.081, 519 MiB, 52, 59.02 W, 2400 MHz, 13801 MHz, Not Active, Not Active, Not Active, Not Active, Not Active
2026/09/03 20:57:13.281, 519 MiB, 52, 53.40 W, 300 MHz, 810 MHz, Not Active, Not Active, Not Active, Not Active, Not Active
2026/09/03 20:57:13.481, 519 MiB, 52, 53.40 W, 300 MHz, 810 MHz, Not Active, Not Active, Not Active, Not Active, Not Active
2026/09/03 20:57:13.681, 519 MiB, 52, 53.40 W, 300 MHz, 810 MHz, Not Active, Not Active, Not Active, Not Active, Not Active
2026/09/03 20:57:13.882, 519 MiB, 51, 34.13 W, 53 MHz, 810 MHz, Not Active, Not Active, Not Active, Not Active, Not Active
2026/09/03 20:57:14.082, 519 MiB, 51, 34.13 W, 53 MHz, 810 MHz, Not Active, Not Active, Not Active, Not Active, Not Active
2026/09/03 20:57:14.282, 519 MiB, 51, 21.99 W, 40 MHz, 810 MHz, Not Active, Not Active, Not Active, Not Active, Not Active
2026/09/03 20:57:14.482, 519 MiB, 51, 21.99 W, 40 MHz, 810 MHz, Not Active, Not Active, Not Active, Not Active, Not Active
2026/09/03 20:57:14.683, 519 MiB, 51, 21.99 W, 40 MHz, 810 MHz, Not Active, Not Active, Not Active, Not Active, Not Active
2026/09/03 20:57:14.883, 519 MiB, 51, 21.99 W, 40 MHz, 810 MHz, Not Active, Not Active, Not Active, Not Active, Not Active
2026/09/03 20:57:15.083, 519 MiB, 51, 21.99 W, 40 MHz, 810 MHz, Not Active, Not Active, Not Active, Not Active, Not Active
2026/09/03 20:57:15.283, 519 MiB, 51, 14.54 W, 23 MHz, 405 MHz, Not Active, Not Active, Not Active, Not Active, Not Active
2026/09/03 20:57:15.484, 519 MiB, 51, 14.54 W, 23 MHz, 405 MHz, Not Active, Not Active, Not Active, Not Active, Not Active
2026/09/03 20:57:15.684, 519 MiB, 51, 14.54 W, 23 MHz, 405 MHz, Not Active, Not Active, Not Active, Not Active, Not Active
2026/09/03 20:57:15.884, 519 MiB, 51, 14.54 W, 23 MHz, 405 MHz, Not Active, Not Active, Not Active, Not Active, Not Active
2026/09/03 20:57:16.084, 519 MiB, 51, 14.54 W, 23 MHz, 405 MHz, Not Active, Not Active, Not Active, Not Active, Not Active
2026/09/03 20:57:16.285, 519 MiB, 51, 13.90 W, 22 MHz, 405 MHz, Not Active, Not Active, Not Active, Not Active, Not Active
2026/09/03 20:57:16.485, 519 MiB, 51, 13.90 W, 22 MHz, 405 MHz, Not Active, Not Active, Not Active, Not Active, Not Active
2026/09/03 20:57:16.685, 519 MiB, 51, 13.90 W, 22 MHz, 405 MHz, Not Active, Not Active, Not Active, Not Active, Not Active
2026/09/03 20:57:16.886, 519 MiB, 51, 13.90 W, 22 MHz, 405 MHz, Not Active, Not Active, Not Active, Not Active, Not Active
2026/09/03 20:57:17.086, 519 MiB, 51, 13.90 W, 22 MHz, 405 MHz, Not Active, Not Active, Not Active, Not Active, Not Active
2026/09/03 20:57:17.286, 519 MiB, 51, 13.57 W, 22 MHz, 405 MHz, Not Active, Not Active, Not Active, Not Active, Not Active
2026/09/03 20:57:17.486, 519 MiB, 51, 13.57 W, 22 MHz, 405 MHz, Not Active, Not Active, Not Active, Not Active, Not Active
2026/09/03 20:57:17.686, 519 MiB, 51, 13.57 W, 22 MHz, 405 MHz, Not Active, Not Active, Not Active, Not Active, Not Active
2026/09/03 20:57:17.887, 519 MiB, 51, 13.57 W, 22 MHz, 405 MHz, Not Active, Not Active, Not Active, Not Active, Not Active
2026/09/03 20:57:18.087, 519 MiB, 51, 13.57 W, 22 MHz, 405 MHz, Not Active, Not Active, Not Active, Not Active, Not Active
2026/09/03 20:57:18.287, 519 MiB, 51, 14.67 W, 22 MHz, 405 MHz, Not Active, Not Active, Not Active, Not Active, Not Active
2026/09/03 20:57:18.487, 519 MiB, 51, 14.67 W, 22 MHz, 405 MHz, Not Active, Not Active, Not Active, Not Active, Not Active
2026/09/03 20:57:18.687, 519 MiB, 51, 14.67 W, 22 MHz, 405 MHz, Not Active, Not Active, Not Active, Not Active, Not Active
2026/09/03 20:57:18.888, 519 MiB, 51, 15.08 W, 22 MHz, 405 MHz, Not Active, Not Active, Not Active, Not Active, Not Active
2026/09/03 20:57:19.088, 519 MiB, 51, 15.08 W, 22 MHz, 405 MHz, Not Active, Not Active, Not Active, Not Active, Not Active
2026/09/03 20:57:19.288, 519 MiB, 51, 15.08 W, 22 MHz, 405 MHz, Not Active, Not Active, Not Active, Not Active, Not Active
2026/09/03 20:57:19.489, 519 MiB, 51, 15.08 W, 22 MHz, 405 MHz, Not Active, Not Active, Not Active, Not Active, Not Active
2026/09/03 20:57:19.689, 519 MiB, 51, 15.08 W, 22 MHz, 405 MHz, Not Active, Not Active, Not Active, Not Active, Not Active
2026/09/03 20:57:19.889, 519 MiB, 51, 13.55 W, 22 MHz, 405 MHz, Not Active, Not Active, Not Active, Not Active, Not Active
2026/09/03 20:57:20.090, 519 MiB, 51, 13.55 W, 22 MHz, 405 MHz, Not Active, Not Active, Not Active, Not Active, Not Active
2026/09/03 20:57:20.290, 519 MiB, 51, 13.55 W, 22 MHz, 405 MHz, Not Active, Not Active, Not Active, Not Active, Not Active
2026/09/03 20:57:20.490, 519 MiB, 51, 13.55 W, 22 MHz, 405 MHz, Not Active, Not Active, Not Active, Not Active, Not Active
2026/09/03 20:57:20.690, 519 MiB, 51, 13.55 W, 22 MHz, 405 MHz, Not Active, Not Active, Not Active, Not Active, Not Active
2026/09/03 20:57:20.891, 519 MiB, 51, 13.31 W, 22 MHz, 405 MHz, Not Active, Not Active, Not Active, Not Active, Not Active
2026/09/03 20:57:21.091, 519 MiB, 51, 13.31 W, 22 MHz, 405 MHz, Not Active, Not Active, Not Active, Not Active, Not Active
2026/09/03 20:57:21.291, 519 MiB, 51, 13.31 W, 22 MHz, 405 MHz, Not Active, Not Active, Not Active, Not Active, Not Active
2026/09/03 20:57:21.492, 519 MiB, 51, 13.31 W, 22 MHz, 405 MHz, Not Active, Not Active, Not Active, Not Active, Not Active
2026/09/03 20:57:21.692, 519 MiB, 51, 13.31 W, 22 MHz, 405 MHz, Not Active, Not Active, Not Active, Not Active, Not Active
2026/09/03 20:57:21.892, 519 MiB, 51, 13.30 W, 22 MHz, 405 MHz, Not Active, Not Active, Not Active, Not Active, Not Active
2026/09/03 20:57:22.092, 519 MiB, 51, 13.30 W, 22 MHz, 405 MHz, Not Active, Not Active, Not Active, Not Active, Not Active
2026/09/03 20:57:22.293, 519 MiB, 51, 13.30 W, 22 MHz, 405 MHz, Not Active, Not Active, Not Active, Not Active, Not Active
2026/09/03 20:57:22.493, 519 MiB, 51, 13.30 W, 22 MHz, 405 MHz, Not Active, Not Active, Not Active, Not Active, Not Active
2026/09/03 20:57:22.693, 519 MiB, 51, 13.30 W, 22 MHz, 405 MHz, Not Active, Not Active, Not Active, Not Active, Not Active
2026/09/03 20:57:22.893, 519 MiB, 51, 13.37 W, 22 MHz, 405 MHz, Not Active, Not Active, Not Active, Not Active, Not Active
2026/09/03 20:57:23.094, 519 MiB, 51, 13.37 W, 22 MHz, 405 MHz, Not Active, Not Active, Not Active, Not Active, Not Active
2026/09/03 20:57:23.294, 519 MiB, 51, 13.37 W, 22 MHz, 405 MHz, Not Active, Not Active, Not Active, Not Active, Not Active
2026/09/03 20:57:23.494, 519 MiB, 51, 13.37 W, 22 MHz, 405 MHz, Not Active, Not Active, Not Active, Not Active, Not Active
2026/09/03 20:57:23.694, 519 MiB, 51, 13.37 W, 22 MHz, 405 MHz, Not Active, Not Active, Not Active, Not Active, Not Active
2026/09/03 20:57:23.894, 519 MiB, 51, 13.39 W, 22 MHz, 405 MHz, Not Active, Not Active, Not Active, Not Active, Not Active
2026/09/03 20:57:24.095, 519 MiB, 51, 13.39 W, 22 MHz, 405 MHz, Not Active, Not Active, Not Active, Not Active, Not Active
2026/09/03 20:57:24.295, 519 MiB, 51, 13.39 W, 22 MHz, 405 MHz, Not Active, Not Active, Not Active, Not Active, Not Active
2026/09/03 20:57:24.495, 519 MiB, 51, 13.39 W, 22 MHz, 405 MHz, Not Active, Not Active, Not Active, Not Active, Not Active
2026/09/03 20:57:24.695, 519 MiB, 51, 13.39 W, 22 MHz, 405 MHz, Not Active, Not Active, Not Active, Not Active, Not Active
2026/09/03 20:57:24.895, 519 MiB, 51, 13.38 W, 22 MHz, 405 MHz, Not Active, Not Active, Not Active, Not Active, Not Active
2026/09/03 20:57:25.096, 519 MiB, 51, 13.38 W, 22 MHz, 405 MHz, Not Active, Not Active, Not Active, Not Active, Not Active
2026/09/03 20:57:25.296, 519 MiB, 51, 13.98 W, 24 MHz, 405 MHz, Not Active, Not Active, Not Active, Not Active, Not Active
2026/09/03 20:57:25.496, 519 MiB, 51, 13.98 W, 24 MHz, 405 MHz, Not Active, Not Active, Not Active, Not Active, Not Active
2026/09/03 20:57:25.696, 519 MiB, 51, 13.98 W, 24 MHz, 405 MHz, Not Active, Not Active, Not Active, Not Active, Not Active
2026/09/03 20:57:25.897, 519 MiB, 51, 14.44 W, 22 MHz, 405 MHz, Not Active, Not Active, Not Active, Not Active, Not Active
2026/09/03 20:57:26.097, 519 MiB, 51, 14.44 W, 22 MHz, 405 MHz, Not Active, Not Active, Not Active, Not Active, Not Active
2026/09/03 20:57:26.297, 519 MiB, 51, 15.59 W, 22 MHz, 405 MHz, Not Active, Not Active, Not Active, Not Active, Not Active
2026/09/03 20:57:26.497, 519 MiB, 51, 15.59 W, 22 MHz, 405 MHz, Not Active, Not Active, Not Active, Not Active, Not Active
2026/09/03 20:57:26.698, 519 MiB, 51, 15.59 W, 22 MHz, 405 MHz, Not Active, Not Active, Not Active, Not Active, Not Active
2026/09/03 20:57:26.898, 519 MiB, 51, 15.59 W, 22 MHz, 405 MHz, Not Active, Not Active, Not Active, Not Active, Not Active
2026/09/03 20:57:27.098, 519 MiB, 51, 15.59 W, 22 MHz, 405 MHz, Not Active, Not Active, Not Active, Not Active, Not Active
2026/09/03 20:57:27.299, 519 MiB, 51, 13.39 W, 22 MHz, 405 MHz, Not Active, Not Active, Not Active, Not Active, Not Active
2026/09/03 20:57:27.499, 519 MiB, 51, 13.39 W, 22 MHz, 405 MHz, Not Active, Not Active, Not Active, Not Active, Not Active
2026/09/03 20:57:27.699, 519 MiB, 51, 13.39 W, 22 MHz, 405 MHz, Not Active, Not Active, Not Active, Not Active, Not Active
2026/09/03 20:57:27.900, 519 MiB, 51, 13.39 W, 22 MHz, 405 MHz, Not Active, Not Active, Not Active, Not Active, Not Active
2026/09/03 20:57:28.100, 519 MiB, 51, 13.39 W, 22 MHz, 405 MHz, Not Active, Not Active, Not Active, Not Active, Not Active
2026/09/03 20:57:28.300, 519 MiB, 51, 13.31 W, 22 MHz, 405 MHz, Not Active, Not Active, Not Active, Not Active, Not Active
2026/09/03 20:57:28.500, 519 MiB, 51, 13.31 W, 22 MHz, 405 MHz, Not Active, Not Active, Not Active, Not Active, Not Active
2026/09/03 20:57:28.701, 519 MiB, 51, 13.31 W, 22 MHz, 405 MHz, Not Active, Not Active, Not Active, Not Active, Not Active
2026/09/03 20:57:28.901, 519 MiB, 51, 13.31 W, 22 MHz, 405 MHz, Not Active, Not Active, Not Active, Not Active, Not Active
2026/09/03 20:57:29.101, 519 MiB, 51, 13.31 W, 22 MHz, 405 MHz, Not Active, Not Active, Not Active, Not Active, Not Active
2026/09/03 20:57:29.302, 519 MiB, 51, 13.37 W, 22 MHz, 405 MHz, Not Active, Not Active, Not Active, Not Active, Not Active
2026/09/03 20:57:29.502, 519 MiB, 51, 13.37 W, 22 MHz, 405 MHz, Not Active, Not Active, Not Active, Not Active, Not Active
2026/09/03 20:57:29.702, 519 MiB, 51, 13.37 W, 22 MHz, 405 MHz, Not Active, Not Active, Not Active, Not Active, Not Active
2026/09/03 20:57:29.902, 519 MiB, 51, 13.37 W, 22 MHz, 405 MHz, Not Active, Not Active, Not Active, Not Active, Not Active
2026/09/03 20:57:30.103, 519 MiB, 51, 13.37 W, 22 MHz, 405 MHz, Not Active, Not Active, Not Active, Not Active, Not Active
2026/09/03 20:57:30.303, 519 MiB, 51, 13.55 W, 22 MHz, 405 MHz, Not Active, Not Active, Not Active, Not Active, Not Active
2026/09/03 20:57:30.503, 519 MiB, 51, 13.55 W, 22 MHz, 405 MHz, Not Active, Not Active, Not Active, Not Active, Not Active
2026/09/03 20:57:30.703, 519 MiB, 51, 13.55 W, 22 MHz, 405 MHz, Not Active, Not Active, Not Active, Not Active, Not Active
2026/09/03 20:57:30.904, 519 MiB, 51, 13.55 W, 22 MHz, 405 MHz, Not Active, Not Active, Not Active, Not Active, Not Active
2026/09/03 20:57:31.104, 519 MiB, 51, 13.55 W, 22 MHz, 405 MHz, Not Active, Not Active, Not Active, Not Active, Not Active
2026/09/03 20:57:31.304, 519 MiB, 51, 13.59 W, 22 MHz, 405 MHz, Not Active, Not Active, Not Active, Not Active, Not Active
2026/09/03 20:57:31.505, 519 MiB, 51, 13.59 W, 22 MHz, 405 MHz, Not Active, Not Active, Not Active, Not Active, Not Active
2026/09/03 20:57:31.705, 519 MiB, 51, 13.59 W, 22 MHz, 405 MHz, Not Active, Not Active, Not Active, Not Active, Not Active
2026/09/03 20:57:31.905, 519 MiB, 51, 13.59 W, 22 MHz, 405 MHz, Not Active, Not Active, Not Active, Not Active, Not Active
2026/09/03 20:57:32.106, 519 MiB, 51, 13.59 W, 22 MHz, 405 MHz, Not Active, Not Active, Not Active, Not Active, Not Active
2026/09/03 20:57:32.306, 519 MiB, 51, 13.93 W, 22 MHz, 405 MHz, Not Active, Not Active, Not Active, Not Active, Not Active
2026/09/03 20:57:32.506, 519 MiB, 51, 13.93 W, 22 MHz, 405 MHz, Not Active, Not Active, Not Active, Not Active, Not Active
2026/09/03 20:57:32.707, 519 MiB, 51, 13.93 W, 22 MHz, 405 MHz, Not Active, Not Active, Not Active, Not Active, Not Active
2026/09/03 20:57:32.907, 519 MiB, 51, 14.45 W, 22 MHz, 405 MHz, Not Active, Not Active, Not Active, Not Active, Not Active
2026/09/03 20:57:33.107, 519 MiB, 51, 14.45 W, 22 MHz, 405 MHz, Not Active, Not Active, Not Active, Not Active, Not Active
2026/09/03 20:57:33.308, 519 MiB, 51, 15.52 W, 22 MHz, 405 MHz, Not Active, Not Active, Not Active, Not Active, Not Active
2026/09/03 20:57:33.508, 519 MiB, 51, 15.52 W, 22 MHz, 405 MHz, Not Active, Not Active, Not Active, Not Active, Not Active
2026/09/03 20:57:33.708, 519 MiB, 51, 15.52 W, 22 MHz, 405 MHz, Not Active, Not Active, Not Active, Not Active, Not Active
2026/09/03 20:57:33.908, 519 MiB, 51, 15.52 W, 22 MHz, 405 MHz, Not Active, Not Active, Not Active, Not Active, Not Active
2026/09/03 20:57:34.109, 519 MiB, 51, 15.52 W, 22 MHz, 405 MHz, Not Active, Not Active, Not Active, Not Active, Not Active
2026/09/03 20:57:34.309, 519 MiB, 51, 13.70 W, 22 MHz, 405 MHz, Not Active, Not Active, Not Active, Not Active, Not Active
2026/09/03 20:57:34.509, 519 MiB, 51, 13.70 W, 22 MHz, 405 MHz, Not Active, Not Active, Not Active, Not Active, Not Active
2026/09/03 20:57:34.709, 519 MiB, 51, 13.70 W, 22 MHz, 405 MHz, Not Active, Not Active, Not Active, Not Active, Not Active
2026/09/03 20:57:34.910, 519 MiB, 51, 13.70 W, 22 MHz, 405 MHz, Not Active, Not Active, Not Active, Not Active, Not Active
2026/09/03 20:57:35.110, 519 MiB, 51, 13.70 W, 22 MHz, 405 MHz, Not Active, Not Active, Not Active, Not Active, Not Active
2026/09/03 20:57:35.310, 519 MiB, 51, 13.54 W, 22 MHz, 405 MHz, Not Active, Not Active, Not Active, Not Active, Not Active
2026/09/03 20:57:35.511, 519 MiB, 51, 13.54 W, 22 MHz, 405 MHz, Not Active, Not Active, Not Active, Not Active, Not Active
2026/09/03 20:57:35.711, 519 MiB, 51, 13.54 W, 22 MHz, 405 MHz, Not Active, Not Active, Not Active, Not Active, Not Active
2026/09/03 20:57:35.911, 519 MiB, 51, 13.54 W, 22 MHz, 405 MHz, Not Active, Not Active, Not Active, Not Active, Not Active
2026/09/03 20:57:36.111, 519 MiB, 51, 13.54 W, 22 MHz, 405 MHz, Not Active, Not Active, Not Active, Not Active, Not Active
2026/09/03 20:57:36.312, 519 MiB, 50, 13.33 W, 22 MHz, 405 MHz, Not Active, Not Active, Not Active, Not Active, Not Active
2026/09/03 20:57:36.512, 519 MiB, 50, 13.33 W, 22 MHz, 405 MHz, Not Active, Not Active, Not Active, Not Active, Not Active
2026/09/03 20:57:36.712, 519 MiB, 50, 13.33 W, 22 MHz, 405 MHz, Not Active, Not Active, Not Active, Not Active, Not Active
2026/09/03 20:57:36.912, 519 MiB, 50, 13.33 W, 22 MHz, 405 MHz, Not Active, Not Active, Not Active, Not Active, Not Active
2026/09/03 20:57:37.113, 519 MiB, 50, 13.33 W, 22 MHz, 405 MHz, Not Active, Not Active, Not Active, Not Active, Not Active
2026/09/03 20:57:37.313, 519 MiB, 50, 13.40 W, 22 MHz, 405 MHz, Not Active, Not Active, Not Active, Not Active, Not Active
2026/09/03 20:57:37.513, 519 MiB, 50, 13.40 W, 22 MHz, 405 MHz, Not Active, Not Active, Not Active, Not Active, Not Active
2026/09/03 20:57:37.714, 519 MiB, 50, 13.40 W, 22 MHz, 405 MHz, Not Active, Not Active, Not Active, Not Active, Not Active
2026/09/03 20:57:37.914, 519 MiB, 50, 13.40 W, 22 MHz, 405 MHz, Not Active, Not Active, Not Active, Not Active, Not Active
2026/09/03 20:57:38.114, 519 MiB, 50, 13.40 W, 22 MHz, 405 MHz, Not Active, Not Active, Not Active, Not Active, Not Active
2026/09/03 20:57:38.314, 519 MiB, 50, 13.49 W, 22 MHz, 405 MHz, Not Active, Not Active, Not Active, Not Active, Not Active
2026/09/03 20:57:38.514, 519 MiB, 50, 13.49 W, 22 MHz, 405 MHz, Not Active, Not Active, Not Active, Not Active, Not Active
2026/09/03 20:57:38.715, 519 MiB, 50, 13.49 W, 22 MHz, 405 MHz, Not Active, Not Active, Not Active, Not Active, Not Active
2026/09/03 20:57:38.915, 519 MiB, 50, 13.49 W, 22 MHz, 405 MHz, Not Active, Not Active, Not Active, Not Active, Not Active
2026/09/03 20:57:39.115, 519 MiB, 50, 13.49 W, 22 MHz, 405 MHz, Not Active, Not Active, Not Active, Not Active, Not Active
2026/09/03 20:57:39.315, 519 MiB, 50, 13.61 W, 22 MHz, 405 MHz, Not Active, Not Active, Not Active, Not Active, Not Active
2026/09/03 20:57:39.515, 519 MiB, 50, 13.61 W, 22 MHz, 405 MHz, Not Active, Not Active, Not Active, Not Active, Not Active
2026/09/03 20:57:39.716, 519 MiB, 50, 13.61 W, 22 MHz, 405 MHz, Not Active, Not Active, Not Active, Not Active, Not Active
2026/09/03 20:57:39.916, 519 MiB, 50, 14.33 W, 22 MHz, 405 MHz, Not Active, Not Active, Not Active, Not Active, Not Active
2026/09/03 20:57:40.116, 519 MiB, 50, 14.33 W, 22 MHz, 405 MHz, Not Active, Not Active, Not Active, Not Active, Not Active
2026/09/03 20:57:40.316, 519 MiB, 50, 15.55 W, 22 MHz, 405 MHz, Not Active, Not Active, Not Active, Not Active, Not Active
2026/09/03 20:57:40.517, 519 MiB, 50, 15.55 W, 22 MHz, 405 MHz, Not Active, Not Active, Not Active, Not Active, Not Active
2026/09/03 20:57:40.717, 519 MiB, 50, 15.55 W, 22 MHz, 405 MHz, Not Active, Not Active, Not Active, Not Active, Not Active
2026/09/03 20:57:40.917, 519 MiB, 50, 15.55 W, 22 MHz, 405 MHz, Not Active, Not Active, Not Active, Not Active, Not Active
2026/09/03 20:57:41.118, 519 MiB, 50, 15.55 W, 22 MHz, 405 MHz, Not Active, Not Active, Not Active, Not Active, Not Active
2026/09/03 20:57:41.318, 519 MiB, 50, 13.64 W, 22 MHz, 405 MHz, Not Active, Not Active, Not Active, Not Active, Not Active
2026/09/03 20:57:41.518, 519 MiB, 50, 13.64 W, 22 MHz, 405 MHz, Not Active, Not Active, Not Active, Not Active, Not Active
2026/09/03 20:57:41.718, 519 MiB, 50, 13.64 W, 22 MHz, 405 MHz, Not Active, Not Active, Not Active, Not Active, Not Active
2026/09/03 20:57:41.919, 519 MiB, 50, 13.64 W, 22 MHz, 405 MHz, Not Active, Not Active, Not Active, Not Active, Not Active
2026/09/03 20:57:42.119, 519 MiB, 50, 13.64 W, 22 MHz, 405 MHz, Not Active, Not Active, Not Active, Not Active, Not Active
2026/09/03 20:57:42.319, 519 MiB, 50, 13.73 W, 22 MHz, 405 MHz, Not Active, Not Active, Not Active, Not Active, Not Active
2026/09/03 20:57:42.519, 519 MiB, 50, 13.73 W, 22 MHz, 405 MHz, Not Active, Not Active, Not Active, Not Active, Not Active
2026/09/03 20:57:42.720, 519 MiB, 50, 13.73 W, 22 MHz, 405 MHz, Not Active, Not Active, Not Active, Not Active, Not Active
2026/09/03 20:57:42.920, 519 MiB, 50, 13.73 W, 22 MHz, 405 MHz, Not Active, Not Active, Not Active, Not Active, Not Active
2026/09/03 20:57:43.120, 519 MiB, 50, 13.73 W, 22 MHz, 405 MHz, Not Active, Not Active, Not Active, Not Active, Not Active
2026/09/03 20:57:43.320, 519 MiB, 50, 13.68 W, 22 MHz, 405 MHz, Not Active, Not Active, Not Active, Not Active, Not Active
2026/09/03 20:57:43.521, 519 MiB, 50, 13.68 W, 22 MHz, 405 MHz, Not Active, Not Active, Not Active, Not Active, Not Active
2026/09/03 20:57:43.721, 519 MiB, 50, 13.68 W, 22 MHz, 405 MHz, Not Active, Not Active, Not Active, Not Active, Not Active
2026/09/03 20:57:43.921, 519 MiB, 50, 13.68 W, 22 MHz, 405 MHz, Not Active, Not Active, Not Active, Not Active, Not Active
2026/09/03 20:57:44.121, 519 MiB, 50, 13.68 W, 22 MHz, 405 MHz, Not Active, Not Active, Not Active, Not Active, Not Active
2026/09/03 20:57:44.322, 519 MiB, 50, 13.36 W, 22 MHz, 405 MHz, Not Active, Not Active, Not Active, Not Active, Not Active
2026/09/03 20:57:44.522, 519 MiB, 50, 13.36 W, 22 MHz, 405 MHz, Not Active, Not Active, Not Active, Not Active, Not Active
2026/09/03 20:57:44.722, 519 MiB, 50, 13.36 W, 22 MHz, 405 MHz, Not Active, Not Active, Not Active, Not Active, Not Active
2026/09/03 20:57:44.922, 519 MiB, 50, 13.36 W, 22 MHz, 405 MHz, Not Active, Not Active, Not Active, Not Active, Not Active
2026/09/03 20:57:45.123, 519 MiB, 50, 13.36 W, 22 MHz, 405 MHz, Not Active, Not Active, Not Active, Not Active, Not Active
2026/09/03 20:57:45.323, 519 MiB, 50, 13.47 W, 22 MHz, 405 MHz, Not Active, Not Active, Not Active, Not Active, Not Active
2026/09/03 20:57:45.523, 519 MiB, 50, 13.47 W, 22 MHz, 405 MHz, Not Active, Not Active, Not Active, Not Active, Not Active
2026/09/03 20:57:45.723, 519 MiB, 50, 13.47 W, 22 MHz, 405 MHz, Not Active, Not Active, Not Active, Not Active, Not Active
2026/09/03 20:57:45.924, 519 MiB, 50, 13.47 W, 22 MHz, 405 MHz, Not Active, Not Active, Not Active, Not Active, Not Active
2026/09/03 20:57:46.124, 519 MiB, 50, 13.47 W, 22 MHz, 405 MHz, Not Active, Not Active, Not Active, Not Active, Not Active
2026/09/03 20:57:46.324, 519 MiB, 50, 13.48 W, 22 MHz, 405 MHz, Not Active, Not Active, Not Active, Not Active, Not Active
2026/09/03 20:57:46.524, 519 MiB, 50, 13.48 W, 22 MHz, 405 MHz, Not Active, Not Active, Not Active, Not Active, Not Active
2026/09/03 20:57:46.724, 519 MiB, 50, 13.48 W, 22 MHz, 405 MHz, Not Active, Not Active, Not Active, Not Active, Not Active
2026/09/03 20:57:46.925, 519 MiB, 50, 13.95 W, 24 MHz, 405 MHz, Not Active, Not Active, Not Active, Not Active, Not Active
2026/09/03 20:57:47.125, 519 MiB, 50, 13.95 W, 24 MHz, 405 MHz, Not Active, Not Active, Not Active, Not Active, Not Active
2026/09/03 20:57:47.325, 519 MiB, 50, 14.43 W, 22 MHz, 405 MHz, Not Active, Not Active, Not Active, Not Active, Not Active
2026/09/03 20:57:47.526, 519 MiB, 50, 14.43 W, 22 MHz, 405 MHz, Not Active, Not Active, Not Active, Not Active, Not Active
2026/09/03 20:57:47.726, 519 MiB, 50, 14.43 W, 22 MHz, 405 MHz, Not Active, Not Active, Not Active, Not Active, Not Active
2026/09/03 20:57:47.926, 519 MiB, 50, 15.55 W, 22 MHz, 405 MHz, Not Active, Not Active, Not Active, Not Active, Not Active
2026/09/03 20:57:48.126, 519 MiB, 50, 15.55 W, 22 MHz, 405 MHz, Not Active, Not Active, Not Active, Not Active, Not Active
2026/09/03 20:57:48.327, 519 MiB, 50, 15.55 W, 22 MHz, 405 MHz, Not Active, Not Active, Not Active, Not Active, Not Active
2026/09/03 20:57:48.527, 519 MiB, 50, 15.55 W, 22 MHz, 405 MHz, Not Active, Not Active, Not Active, Not Active, Not Active
2026/09/03 20:57:48.727, 519 MiB, 50, 15.55 W, 22 MHz, 405 MHz, Not Active, Not Active, Not Active, Not Active, Not Active
2026/09/03 20:57:48.927, 519 MiB, 50, 13.74 W, 22 MHz, 405 MHz, Not Active, Not Active, Not Active, Not Active, Not Active
2026/09/03 20:57:49.127, 519 MiB, 50, 13.74 W, 22 MHz, 405 MHz, Not Active, Not Active, Not Active, Not Active, Not Active
2026/09/03 20:57:49.328, 519 MiB, 50, 13.74 W, 22 MHz, 405 MHz, Not Active, Not Active, Not Active, Not Active, Not Active
2026/09/03 20:57:49.528, 519 MiB, 50, 13.74 W, 22 MHz, 405 MHz, Not Active, Not Active, Not Active, Not Active, Not Active
2026/09/03 20:57:49.728, 519 MiB, 50, 13.74 W, 22 MHz, 405 MHz, Not Active, Not Active, Not Active, Not Active, Not Active
2026/09/03 20:57:49.928, 519 MiB, 50, 13.71 W, 22 MHz, 405 MHz, Not Active, Not Active, Not Active, Not Active, Not Active
2026/09/03 20:57:50.129, 519 MiB, 50, 13.71 W, 22 MHz, 405 MHz, Not Active, Not Active, Not Active, Not Active, Not Active
2026/09/03 20:57:50.329, 519 MiB, 50, 13.71 W, 22 MHz, 405 MHz, Not Active, Not Active, Not Active, Not Active, Not Active
2026/09/03 20:57:50.529, 519 MiB, 50, 13.71 W, 22 MHz, 405 MHz, Not Active, Not Active, Not Active, Not Active, Not Active
2026/09/03 20:57:50.729, 519 MiB, 50, 13.71 W, 22 MHz, 405 MHz, Not Active, Not Active, Not Active, Not Active, Not Active
2026/09/03 20:57:50.929, 519 MiB, 50, 13.64 W, 22 MHz, 405 MHz, Not Active, Not Active, Not Active, Not Active, Not Active
2026/09/03 20:57:51.130, 519 MiB, 50, 13.64 W, 22 MHz, 405 MHz, Not Active, Not Active, Not Active, Not Active, Not Active
2026/09/03 20:57:51.330, 519 MiB, 50, 13.64 W, 22 MHz, 405 MHz, Not Active, Not Active, Not Active, Not Active, Not Active
2026/09/03 20:57:51.530, 519 MiB, 50, 13.64 W, 22 MHz, 405 MHz, Not Active, Not Active, Not Active, Not Active, Not Active
2026/09/03 20:57:51.730, 519 MiB, 50, 13.64 W, 22 MHz, 405 MHz, Not Active, Not Active, Not Active, Not Active, Not Active
2026/09/03 20:57:51.931, 519 MiB, 50, 13.87 W, 22 MHz, 405 MHz, Not Active, Not Active, Not Active, Not Active, Not Active
2026/09/03 20:57:52.131, 519 MiB, 50, 13.87 W, 22 MHz, 405 MHz, Not Active, Not Active, Not Active, Not Active, Not Active
2026/09/03 20:57:52.331, 519 MiB, 50, 13.87 W, 22 MHz, 405 MHz, Not Active, Not Active, Not Active, Not Active, Not Active
2026/09/03 20:57:52.531, 519 MiB, 50, 13.87 W, 22 MHz, 405 MHz, Not Active, Not Active, Not Active, Not Active, Not Active
2026/09/03 20:57:52.731, 519 MiB, 50, 13.87 W, 22 MHz, 405 MHz, Not Active, Not Active, Not Active, Not Active, Not Active
2026/09/03 20:57:52.932, 519 MiB, 50, 13.78 W, 22 MHz, 405 MHz, Not Active, Not Active, Not Active, Not Active, Not Active
2026/09/03 20:57:53.132, 519 MiB, 50, 13.78 W, 22 MHz, 405 MHz, Not Active, Not Active, Not Active, Not Active, Not Active
2026/09/03 20:57:53.332, 519 MiB, 50, 13.78 W, 22 MHz, 405 MHz, Not Active, Not Active, Not Active, Not Active, Not Active
2026/09/03 20:57:53.532, 519 MiB, 50, 13.78 W, 22 MHz, 405 MHz, Not Active, Not Active, Not Active, Not Active, Not Active
2026/09/03 20:57:53.732, 519 MiB, 50, 13.78 W, 22 MHz, 405 MHz, Not Active, Not Active, Not Active, Not Active, Not Active
2026/09/03 20:57:53.933, 519 MiB, 50, 14.05 W, 22 MHz, 405 MHz, Not Active, Not Active, Not Active, Not Active, Not Active
2026/09/03 20:57:54.133, 519 MiB, 50, 14.05 W, 22 MHz, 405 MHz, Not Active, Not Active, Not Active, Not Active, Not Active
2026/09/03 20:57:54.333, 519 MiB, 50, 14.58 W, 22 MHz, 405 MHz, Not Active, Not Active, Not Active, Not Active, Not Active
2026/09/03 20:57:54.534, 519 MiB, 50, 14.58 W, 22 MHz, 405 MHz, Not Active, Not Active, Not Active, Not Active, Not Active
2026/09/03 20:57:54.734, 519 MiB, 50, 14.58 W, 22 MHz, 405 MHz, Not Active, Not Active, Not Active, Not Active, Not Active
2026/09/03 20:57:54.934, 519 MiB, 50, 15.57 W, 22 MHz, 405 MHz, Not Active, Not Active, Not Active, Not Active, Not Active
2026/09/03 20:57:55.134, 519 MiB, 50, 15.57 W, 22 MHz, 405 MHz, Not Active, Not Active, Not Active, Not Active, Not Active
2026/09/03 20:57:55.335, 519 MiB, 50, 15.57 W, 22 MHz, 405 MHz, Not Active, Not Active, Not Active, Not Active, Not Active
2026/09/03 20:57:55.535, 519 MiB, 50, 15.57 W, 22 MHz, 405 MHz, Not Active, Not Active, Not Active, Not Active, Not Active
2026/09/03 20:57:55.735, 519 MiB, 50, 15.57 W, 22 MHz, 405 MHz, Not Active, Not Active, Not Active, Not Active, Not Active
2026/09/03 20:57:55.935, 519 MiB, 50, 13.66 W, 22 MHz, 405 MHz, Not Active, Not Active, Not Active, Not Active, Not Active
2026/09/03 20:57:56.136, 519 MiB, 50, 13.66 W, 22 MHz, 405 MHz, Not Active, Not Active, Not Active, Not Active, Not Active
2026/09/03 20:57:56.336, 519 MiB, 50, 13.66 W, 22 MHz, 405 MHz, Not Active, Not Active, Not Active, Not Active, Not Active
2026/09/03 20:57:56.536, 519 MiB, 50, 13.66 W, 22 MHz, 405 MHz, Not Active, Not Active, Not Active, Not Active, Not Active
2026/09/03 20:57:56.736, 519 MiB, 50, 13.66 W, 22 MHz, 405 MHz, Not Active, Not Active, Not Active, Not Active, Not Active
2026/09/03 20:57:56.937, 519 MiB, 50, 13.52 W, 22 MHz, 405 MHz, Not Active, Not Active, Not Active, Not Active, Not Active
2026/09/03 20:57:57.137, 519 MiB, 50, 13.52 W, 22 MHz, 405 MHz, Not Active, Not Active, Not Active, Not Active, Not Active
2026/09/03 20:57:57.337, 519 MiB, 50, 13.52 W, 22 MHz, 405 MHz, Not Active, Not Active, Not Active, Not Active, Not Active
2026/09/03 20:57:57.537, 519 MiB, 50, 13.52 W, 22 MHz, 405 MHz, Not Active, Not Active, Not Active, Not Active, Not Active
2026/09/03 20:57:57.738, 519 MiB, 50, 13.52 W, 22 MHz, 405 MHz, Not Active, Not Active, Not Active, Not Active, Not Active
2026/09/03 20:57:57.938, 519 MiB, 50, 13.42 W, 22 MHz, 405 MHz, Not Active, Not Active, Not Active, Not Active, Not Active
2026/09/03 20:57:58.138, 519 MiB, 50, 13.42 W, 22 MHz, 405 MHz, Not Active, Not Active, Not Active, Not Active, Not Active
2026/09/03 20:57:58.338, 519 MiB, 50, 13.42 W, 22 MHz, 405 MHz, Not Active, Not Active, Not Active, Not Active, Not Active
2026/09/03 20:57:58.539, 519 MiB, 50, 13.42 W, 22 MHz, 405 MHz, Not Active, Not Active, Not Active, Not Active, Not Active
2026/09/03 20:57:58.739, 519 MiB, 50, 13.42 W, 22 MHz, 405 MHz, Not Active, Not Active, Not Active, Not Active, Not Active
2026/09/03 20:57:58.939, 519 MiB, 50, 13.26 W, 22 MHz, 405 MHz, Not Active, Not Active, Not Active, Not Active, Not Active
2026/09/03 20:57:59.140, 519 MiB, 50, 13.26 W, 22 MHz, 405 MHz, Not Active, Not Active, Not Active, Not Active, Not Active
2026/09/03 20:57:59.340, 519 MiB, 50, 13.26 W, 22 MHz, 405 MHz, Not Active, Not Active, Not Active, Not Active, Not Active
2026/09/03 20:57:59.540, 519 MiB, 50, 13.26 W, 22 MHz, 405 MHz, Not Active, Not Active, Not Active, Not Active, Not Active
2026/09/03 20:57:59.740, 519 MiB, 50, 13.26 W, 22 MHz, 405 MHz, Not Active, Not Active, Not Active, Not Active, Not Active
2026/09/03 20:57:59.941, 519 MiB, 50, 13.28 W, 22 MHz, 405 MHz, Not Active, Not Active, Not Active, Not Active, Not Active
2026/09/03 20:58:00.141, 519 MiB, 50, 13.28 W, 22 MHz, 405 MHz, Not Active, Not Active, Not Active, Not Active, Not Active
2026/09/03 20:58:00.341, 519 MiB, 50, 13.28 W, 22 MHz, 405 MHz, Not Active, Not Active, Not Active, Not Active, Not Active
2026/09/03 20:58:00.541, 519 MiB, 50, 13.28 W, 22 MHz, 405 MHz, Not Active, Not Active, Not Active, Not Active, Not Active
2026/09/03 20:58:00.742, 519 MiB, 50, 13.28 W, 22 MHz, 405 MHz, Not Active, Not Active, Not Active, Not Active, Not Active
2026/09/03 20:58:00.942, 519 MiB, 50, 13.14 W, 21 MHz, 405 MHz, Not Active, Not Active, Not Active, Not Active, Not Active
2026/09/03 20:58:01.142, 519 MiB, 50, 13.14 W, 21 MHz, 405 MHz, Not Active, Not Active, Not Active, Not Active, Not Active
2026/09/03 20:58:01.342, 519 MiB, 50, 13.82 W, 22 MHz, 405 MHz, Not Active, Not Active, Not Active, Not Active, Not Active
2026/09/03 20:58:01.543, 519 MiB, 50, 13.82 W, 22 MHz, 405 MHz, Not Active, Not Active, Not Active, Not Active, Not Active
2026/09/03 20:58:01.743, 519 MiB, 50, 13.82 W, 22 MHz, 405 MHz, Not Active, Not Active, Not Active, Not Active, Not Active
2026/09/03 20:58:01.943, 519 MiB, 50, 15.39 W, 22 MHz, 405 MHz, Not Active, Not Active, Not Active, Not Active, Not Active
2026/09/03 20:58:02.144, 519 MiB, 50, 15.39 W, 22 MHz, 405 MHz, Not Active, Not Active, Not Active, Not Active, Not Active
2026/09/03 20:58:02.344, 519 MiB, 50, 15.39 W, 22 MHz, 405 MHz, Not Active, Not Active, Not Active, Not Active, Not Active
2026/09/03 20:58:02.544, 519 MiB, 50, 15.39 W, 22 MHz, 405 MHz, Not Active, Not Active, Not Active, Not Active, Not Active
2026/09/03 20:58:02.744, 519 MiB, 50, 15.39 W, 22 MHz, 405 MHz, Not Active, Not Active, Not Active, Not Active, Not Active
2026/09/03 20:58:02.945, 519 MiB, 50, 13.65 W, 22 MHz, 405 MHz, Not Active, Not Active, Not Active, Not Active, Not Active
2026/09/03 20:58:03.145, 519 MiB, 50, 13.65 W, 22 MHz, 405 MHz, Not Active, Not Active, Not Active, Not Active, Not Active
2026/09/03 20:58:03.345, 519 MiB, 50, 13.65 W, 22 MHz, 405 MHz, Not Active, Not Active, Not Active, Not Active, Not Active
2026/09/03 20:58:03.545, 519 MiB, 50, 13.65 W, 22 MHz, 405 MHz, Not Active, Not Active, Not Active, Not Active, Not Active
2026/09/03 20:58:03.745, 519 MiB, 50, 13.65 W, 22 MHz, 405 MHz, Not Active, Not Active, Not Active, Not Active, Not Active
2026/09/03 20:58:03.946, 519 MiB, 50, 13.57 W, 22 MHz, 405 MHz, Not Active, Not Active, Not Active, Not Active, Not Active
2026/09/03 20:58:04.146, 519 MiB, 50, 13.57 W, 22 MHz, 405 MHz, Not Active, Not Active, Not Active, Not Active, Not Active
2026/09/03 20:58:04.346, 519 MiB, 50, 13.57 W, 22 MHz, 405 MHz, Not Active, Not Active, Not Active, Not Active, Not Active
2026/09/03 20:58:04.546, 519 MiB, 50, 13.57 W, 22 MHz, 405 MHz, Not Active, Not Active, Not Active, Not Active, Not Active
2026/09/03 20:58:04.747, 519 MiB, 50, 13.57 W, 22 MHz, 405 MHz, Not Active, Not Active, Not Active, Not Active, Not Active
2026/09/03 20:58:04.947, 519 MiB, 50, 13.51 W, 22 MHz, 405 MHz, Not Active, Not Active, Not Active, Not Active, Not Active
2026/09/03 20:58:05.147, 519 MiB, 50, 13.51 W, 22 MHz, 405 MHz, Not Active, Not Active, Not Active, Not Active, Not Active
2026/09/03 20:58:05.348, 519 MiB, 50, 13.51 W, 22 MHz, 405 MHz, Not Active, Not Active, Not Active, Not Active, Not Active
2026/09/03 20:58:05.548, 519 MiB, 50, 13.51 W, 22 MHz, 405 MHz, Not Active, Not Active, Not Active, Not Active, Not Active
2026/09/03 20:58:05.748, 519 MiB, 50, 13.51 W, 22 MHz, 405 MHz, Not Active, Not Active, Not Active, Not Active, Not Active
2026/09/03 20:58:05.948, 519 MiB, 50, 13.65 W, 22 MHz, 405 MHz, Not Active, Not Active, Not Active, Not Active, Not Active
2026/09/03 20:58:06.149, 519 MiB, 50, 13.65 W, 22 MHz, 405 MHz, Not Active, Not Active, Not Active, Not Active, Not Active
2026/09/03 20:58:06.349, 519 MiB, 50, 13.65 W, 22 MHz, 405 MHz, Not Active, Not Active, Not Active, Not Active, Not Active
2026/09/03 20:58:06.549, 519 MiB, 50, 13.65 W, 22 MHz, 405 MHz, Not Active, Not Active, Not Active, Not Active, Not Active
2026/09/03 20:58:06.749, 519 MiB, 50, 13.65 W, 22 MHz, 405 MHz, Not Active, Not Active, Not Active, Not Active, Not Active
2026/09/03 20:58:06.950, 519 MiB, 50, 13.44 W, 22 MHz, 405 MHz, Not Active, Not Active, Not Active, Not Active, Not Active
2026/09/03 20:58:07.150, 519 MiB, 50, 13.44 W, 22 MHz, 405 MHz, Not Active, Not Active, Not Active, Not Active, Not Active
2026/09/03 20:58:07.350, 519 MiB, 50, 13.44 W, 22 MHz, 405 MHz, Not Active, Not Active, Not Active, Not Active, Not Active
2026/09/03 20:58:07.550, 519 MiB, 50, 13.44 W, 22 MHz, 405 MHz, Not Active, Not Active, Not Active, Not Active, Not Active
2026/09/03 20:58:07.751, 519 MiB, 50, 13.44 W, 22 MHz, 405 MHz, Not Active, Not Active, Not Active, Not Active, Not Active
2026/09/03 20:58:07.951, 519 MiB, 50, 13.38 W, 22 MHz, 405 MHz, Not Active, Not Active, Not Active, Not Active, Not Active
2026/09/03 20:58:08.151, 519 MiB, 50, 13.38 W, 22 MHz, 405 MHz, Not Active, Not Active, Not Active, Not Active, Not Active
2026/09/03 20:58:08.351, 519 MiB, 50, 14.01 W, 24 MHz, 405 MHz, Not Active, Not Active, Not Active, Not Active, Not Active
2026/09/03 20:58:08.552, 519 MiB, 50, 14.01 W, 24 MHz, 405 MHz, Not Active, Not Active, Not Active, Not Active, Not Active
2026/09/03 20:58:08.752, 519 MiB, 50, 14.01 W, 24 MHz, 405 MHz, Not Active, Not Active, Not Active, Not Active, Not Active
2026/09/03 20:58:08.952, 519 MiB, 50, 14.50 W, 22 MHz, 405 MHz, Not Active, Not Active, Not Active, Not Active, Not Active
2026/09/03 20:58:09.153, 519 MiB, 50, 14.50 W, 22 MHz, 405 MHz, Not Active, Not Active, Not Active, Not Active, Not Active
2026/09/03 20:58:09.353, 519 MiB, 50, 15.73 W, 22 MHz, 405 MHz, Not Active, Not Active, Not Active, Not Active, Not Active
2026/09/03 20:58:09.553, 519 MiB, 50, 15.73 W, 22 MHz, 405 MHz, Not Active, Not Active, Not Active, Not Active, Not Active
2026/09/03 20:58:09.754, 519 MiB, 50, 15.73 W, 22 MHz, 405 MHz, Not Active, Not Active, Not Active, Not Active, Not Active
2026/09/03 20:58:09.954, 519 MiB, 50, 15.73 W, 22 MHz, 405 MHz, Not Active, Not Active, Not Active, Not Active, Not Active
2026/09/03 20:58:10.154, 519 MiB, 50, 15.73 W, 22 MHz, 405 MHz, Not Active, Not Active, Not Active, Not Active, Not Active
2026/09/03 20:58:10.354, 519 MiB, 50, 13.90 W, 22 MHz, 405 MHz, Not Active, Not Active, Not Active, Not Active, Not Active
2026/09/03 20:58:10.555, 519 MiB, 50, 13.90 W, 22 MHz, 405 MHz, Not Active, Not Active, Not Active, Not Active, Not Active
2026/09/03 20:58:10.755, 519 MiB, 50, 13.90 W, 22 MHz, 405 MHz, Not Active, Not Active, Not Active, Not Active, Not Active
2026/09/03 20:58:10.955, 519 MiB, 50, 13.90 W, 22 MHz, 405 MHz, Not Active, Not Active, Not Active, Not Active, Not Active
2026/09/03 20:58:11.155, 519 MiB, 50, 13.90 W, 22 MHz, 405 MHz, Not Active, Not Active, Not Active, Not Active, Not Active
2026/09/03 20:58:11.356, 519 MiB, 50, 13.75 W, 22 MHz, 405 MHz, Not Active, Not Active, Not Active, Not Active, Not Active
2026/09/03 20:58:11.556, 519 MiB, 50, 13.75 W, 22 MHz, 405 MHz, Not Active, Not Active, Not Active, Not Active, Not Active
2026/09/03 20:58:11.756, 519 MiB, 50, 13.75 W, 22 MHz, 405 MHz, Not Active, Not Active, Not Active, Not Active, Not Active
2026/09/03 20:58:11.957, 519 MiB, 50, 13.75 W, 22 MHz, 405 MHz, Not Active, Not Active, Not Active, Not Active, Not Active
2026/09/03 20:58:12.157, 519 MiB, 50, 13.75 W, 22 MHz, 405 MHz, Not Active, Not Active, Not Active, Not Active, Not Active
2026/09/03 20:58:12.357, 519 MiB, 50, 13.66 W, 22 MHz, 405 MHz, Not Active, Not Active, Not Active, Not Active, Not Active
2026/09/03 20:58:12.557, 519 MiB, 50, 13.66 W, 22 MHz, 405 MHz, Not Active, Not Active, Not Active, Not Active, Not Active
2026/09/03 20:58:12.758, 519 MiB, 50, 13.66 W, 22 MHz, 405 MHz, Not Active, Not Active, Not Active, Not Active, Not Active
2026/09/03 20:58:12.958, 519 MiB, 50, 13.66 W, 22 MHz, 405 MHz, Not Active, Not Active, Not Active, Not Active, Not Active
2026/09/03 20:58:13.158, 519 MiB, 50, 13.66 W, 22 MHz, 405 MHz, Not Active, Not Active, Not Active, Not Active, Not Active
2026/09/03 20:58:13.358, 519 MiB, 50, 13.56 W, 22 MHz, 405 MHz, Not Active, Not Active, Not Active, Not Active, Not Active
2026/09/03 20:58:13.559, 519 MiB, 50, 13.56 W, 22 MHz, 405 MHz, Not Active, Not Active, Not Active, Not Active, Not Active
2026/09/03 20:58:13.759, 519 MiB, 50, 13.56 W, 22 MHz, 405 MHz, Not Active, Not Active, Not Active, Not Active, Not Active
2026/09/03 20:58:13.959, 519 MiB, 50, 13.56 W, 22 MHz, 405 MHz, Not Active, Not Active, Not Active, Not Active, Not Active
2026/09/03 20:58:14.160, 519 MiB, 50, 13.56 W, 22 MHz, 405 MHz, Not Active, Not Active, Not Active, Not Active, Not Active
2026/09/03 20:58:14.360, 519 MiB, 50, 13.14 W, 22 MHz, 405 MHz, Not Active, Not Active, Not Active, Not Active, Not Active
2026/09/03 20:58:14.560, 519 MiB, 50, 13.14 W, 22 MHz, 405 MHz, Not Active, Not Active, Not Active, Not Active, Not Active
2026/09/03 20:58:14.760, 519 MiB, 50, 13.14 W, 22 MHz, 405 MHz, Not Active, Not Active, Not Active, Not Active, Not Active
2026/09/03 20:58:14.961, 519 MiB, 50, 13.14 W, 22 MHz, 405 MHz, Not Active, Not Active, Not Active, Not Active, Not Active
2026/09/03 20:58:15.161, 519 MiB, 50, 13.14 W, 22 MHz, 405 MHz, Not Active, Not Active, Not Active, Not Active, Not Active
2026/09/03 20:58:15.361, 519 MiB, 50, 13.78 W, 22 MHz, 405 MHz, Not Active, Not Active, Not Active, Not Active, Not Active
2026/09/03 20:58:15.562, 519 MiB, 50, 13.78 W, 22 MHz, 405 MHz, Not Active, Not Active, Not Active, Not Active, Not Active
2026/09/03 20:58:15.762, 519 MiB, 50, 13.78 W, 22 MHz, 405 MHz, Not Active, Not Active, Not Active, Not Active, Not Active
2026/09/03 20:58:15.962, 519 MiB, 50, 14.23 W, 22 MHz, 405 MHz, Not Active, Not Active, Not Active, Not Active, Not Active
2026/09/03 20:58:16.162, 519 MiB, 50, 14.23 W, 22 MHz, 405 MHz, Not Active, Not Active, Not Active, Not Active, Not Active
2026/09/03 20:58:16.363, 519 MiB, 50, 15.10 W, 22 MHz, 405 MHz, Not Active, Not Active, Not Active, Not Active, Not Active
2026/09/03 20:58:16.563, 519 MiB, 50, 15.10 W, 22 MHz, 405 MHz, Not Active, Not Active, Not Active, Not Active, Not Active
2026/09/03 20:58:16.763, 519 MiB, 50, 15.10 W, 22 MHz, 405 MHz, Not Active, Not Active, Not Active, Not Active, Not Active
2026/09/03 20:58:16.964, 519 MiB, 50, 15.10 W, 22 MHz, 405 MHz, Not Active, Not Active, Not Active, Not Active, Not Active
2026/09/03 20:58:17.164, 519 MiB, 50, 15.10 W, 22 MHz, 405 MHz, Not Active, Not Active, Not Active, Not Active, Not Active
2026/09/03 20:58:17.364, 519 MiB, 50, 13.60 W, 22 MHz, 405 MHz, Not Active, Not Active, Not Active, Not Active, Not Active
2026/09/03 20:58:17.564, 519 MiB, 50, 13.60 W, 22 MHz, 405 MHz, Not Active, Not Active, Not Active, Not Active, Not Active
2026/09/03 20:58:17.765, 519 MiB, 50, 13.60 W, 22 MHz, 405 MHz, Not Active, Not Active, Not Active, Not Active, Not Active
2026/09/03 20:58:17.965, 519 MiB, 50, 13.60 W, 22 MHz, 405 MHz, Not Active, Not Active, Not Active, Not Active, Not Active
2026/09/03 20:58:18.165, 519 MiB, 50, 13.60 W, 22 MHz, 405 MHz, Not Active, Not Active, Not Active, Not Active, Not Active
2026/09/03 20:58:18.366, 519 MiB, 50, 13.50 W, 22 MHz, 405 MHz, Not Active, Not Active, Not Active, Not Active, Not Active
2026/09/03 20:58:18.566, 519 MiB, 50, 13.50 W, 22 MHz, 405 MHz, Not Active, Not Active, Not Active, Not Active, Not Active
2026/09/03 20:58:18.767, 519 MiB, 50, 13.50 W, 22 MHz, 405 MHz, Not Active, Not Active, Not Active, Not Active, Not Active
2026/09/03 20:58:18.967, 519 MiB, 50, 13.50 W, 22 MHz, 405 MHz, Not Active, Not Active, Not Active, Not Active, Not Active
2026/09/03 20:58:19.168, 519 MiB, 50, 13.50 W, 22 MHz, 405 MHz, Not Active, Not Active, Not Active, Not Active, Not Active
2026/09/03 20:58:19.368, 519 MiB, 49, 13.62 W, 22 MHz, 405 MHz, Not Active, Not Active, Not Active, Not Active, Not Active
2026/09/03 20:58:19.568, 519 MiB, 49, 13.62 W, 22 MHz, 405 MHz, Not Active, Not Active, Not Active, Not Active, Not Active
2026/09/03 20:58:19.769, 519 MiB, 49, 13.62 W, 22 MHz, 405 MHz, Not Active, Not Active, Not Active, Not Active, Not Active
2026/09/03 20:58:19.969, 519 MiB, 49, 13.62 W, 22 MHz, 405 MHz, Not Active, Not Active, Not Active, Not Active, Not Active
2026/09/03 20:58:20.169, 519 MiB, 49, 13.62 W, 22 MHz, 405 MHz, Not Active, Not Active, Not Active, Not Active, Not Active
2026/09/03 20:58:20.369, 519 MiB, 49, 13.57 W, 22 MHz, 405 MHz, Not Active, Not Active, Not Active, Not Active, Not Active
2026/09/03 20:58:20.570, 519 MiB, 49, 13.57 W, 22 MHz, 405 MHz, Not Active, Not Active, Not Active, Not Active, Not Active
2026/09/03 20:58:20.770, 519 MiB, 49, 13.57 W, 22 MHz, 405 MHz, Not Active, Not Active, Not Active, Not Active, Not Active
2026/09/03 20:58:20.970, 519 MiB, 49, 13.57 W, 22 MHz, 405 MHz, Not Active, Not Active, Not Active, Not Active, Not Active
2026/09/03 20:58:21.170, 519 MiB, 49, 13.57 W, 22 MHz, 405 MHz, Not Active, Not Active, Not Active, Not Active, Not Active
2026/09/03 20:58:21.371, 519 MiB, 49, 13.59 W, 22 MHz, 405 MHz, Not Active, Not Active, Not Active, Not Active, Not Active
2026/09/03 20:58:21.571, 519 MiB, 49, 13.59 W, 22 MHz, 405 MHz, Not Active, Not Active, Not Active, Not Active, Not Active
2026/09/03 20:58:21.771, 519 MiB, 49, 13.59 W, 22 MHz, 405 MHz, Not Active, Not Active, Not Active, Not Active, Not Active
2026/09/03 20:58:21.972, 519 MiB, 49, 13.59 W, 22 MHz, 405 MHz, Not Active, Not Active, Not Active, Not Active, Not Active
2026/09/03 20:58:22.172, 519 MiB, 49, 13.59 W, 22 MHz, 405 MHz, Not Active, Not Active, Not Active, Not Active, Not Active
2026/09/03 20:58:22.372, 519 MiB, 49, 13.51 W, 22 MHz, 405 MHz, Not Active, Not Active, Not Active, Not Active, Not Active
2026/09/03 20:58:22.573, 519 MiB, 49, 13.51 W, 22 MHz, 405 MHz, Not Active, Not Active, Not Active, Not Active, Not Active
2026/09/03 20:58:22.773, 519 MiB, 49, 13.51 W, 22 MHz, 405 MHz, Not Active, Not Active, Not Active, Not Active, Not Active
2026/09/03 20:58:22.973, 519 MiB, 49, 14.17 W, 22 MHz, 405 MHz, Not Active, Not Active, Not Active, Not Active, Not Active
2026/09/03 20:58:23.173, 519 MiB, 49, 14.17 W, 22 MHz, 405 MHz, Not Active, Not Active, Not Active, Not Active, Not Active
2026/09/03 20:58:23.374, 519 MiB, 49, 15.51 W, 22 MHz, 405 MHz, Not Active, Not Active, Not Active, Not Active, Not Active
2026/09/03 20:58:23.574, 519 MiB, 49, 15.51 W, 22 MHz, 405 MHz, Not Active, Not Active, Not Active, Not Active, Not Active
2026/09/03 20:58:23.774, 519 MiB, 49, 15.51 W, 22 MHz, 405 MHz, Not Active, Not Active, Not Active, Not Active, Not Active
2026/09/03 20:58:23.974, 519 MiB, 49, 15.51 W, 22 MHz, 405 MHz, Not Active, Not Active, Not Active, Not Active, Not Active
2026/09/03 20:58:24.175, 519 MiB, 49, 15.51 W, 22 MHz, 405 MHz, Not Active, Not Active, Not Active, Not Active, Not Active
2026/09/03 20:58:24.375, 519 MiB, 49, 13.59 W, 22 MHz, 405 MHz, Not Active, Not Active, Not Active, Not Active, Not Active
2026/09/03 20:58:24.575, 519 MiB, 49, 13.59 W, 22 MHz, 405 MHz, Not Active, Not Active, Not Active, Not Active, Not Active
2026/09/03 20:58:24.776, 519 MiB, 49, 13.59 W, 22 MHz, 405 MHz, Not Active, Not Active, Not Active, Not Active, Not Active
2026/09/03 20:58:24.976, 519 MiB, 49, 13.59 W, 22 MHz, 405 MHz, Not Active, Not Active, Not Active, Not Active, Not Active
2026/09/03 20:58:25.176, 519 MiB, 49, 13.59 W, 22 MHz, 405 MHz, Not Active, Not Active, Not Active, Not Active, Not Active
2026/09/03 20:58:25.376, 519 MiB, 49, 13.72 W, 22 MHz, 405 MHz, Not Active, Not Active, Not Active, Not Active, Not Active
2026/09/03 20:58:25.577, 519 MiB, 49, 13.72 W, 22 MHz, 405 MHz, Not Active, Not Active, Not Active, Not Active, Not Active
2026/09/03 20:58:25.777, 519 MiB, 49, 13.72 W, 22 MHz, 405 MHz, Not Active, Not Active, Not Active, Not Active, Not Active
2026/09/03 20:58:25.977, 519 MiB, 49, 13.72 W, 22 MHz, 405 MHz, Not Active, Not Active, Not Active, Not Active, Not Active
2026/09/03 20:58:26.178, 519 MiB, 49, 13.72 W, 22 MHz, 405 MHz, Not Active, Not Active, Not Active, Not Active, Not Active
2026/09/03 20:58:26.378, 519 MiB, 49, 13.95 W, 22 MHz, 405 MHz, Not Active, Not Active, Not Active, Not Active, Not Active
2026/09/03 20:58:26.578, 519 MiB, 49, 13.95 W, 22 MHz, 405 MHz, Not Active, Not Active, Not Active, Not Active, Not Active
2026/09/03 20:58:26.779, 519 MiB, 49, 13.95 W, 22 MHz, 405 MHz, Not Active, Not Active, Not Active, Not Active, Not Active
2026/09/03 20:58:26.979, 519 MiB, 49, 13.95 W, 22 MHz, 405 MHz, Not Active, Not Active, Not Active, Not Active, Not Active
2026/09/03 20:58:27.179, 519 MiB, 49, 13.95 W, 22 MHz, 405 MHz, Not Active, Not Active, Not Active, Not Active, Not Active
2026/09/03 20:58:27.379, 519 MiB, 49, 14.18 W, 22 MHz, 405 MHz, Not Active, Not Active, Not Active, Not Active, Not Active
2026/09/03 20:58:27.580, 519 MiB, 49, 14.18 W, 22 MHz, 405 MHz, Not Active, Not Active, Not Active, Not Active, Not Active
2026/09/03 20:58:27.780, 519 MiB, 49, 14.18 W, 22 MHz, 405 MHz, Not Active, Not Active, Not Active, Not Active, Not Active
2026/09/03 20:58:27.980, 519 MiB, 49, 14.18 W, 22 MHz, 405 MHz, Not Active, Not Active, Not Active, Not Active, Not Active
2026/09/03 20:58:28.180, 519 MiB, 49, 14.18 W, 22 MHz, 405 MHz, Not Active, Not Active, Not Active, Not Active, Not Active
2026/09/03 20:58:28.381, 519 MiB, 49, 14.07 W, 22 MHz, 405 MHz, Not Active, Not Active, Not Active, Not Active, Not Active
2026/09/03 20:58:28.582, 519 MiB, 49, 14.07 W, 22 MHz, 405 MHz, Not Active, Not Active, Not Active, Not Active, Not Active
2026/09/03 20:58:28.782, 519 MiB, 49, 14.07 W, 22 MHz, 405 MHz, Not Active, Not Active, Not Active, Not Active, Not Active
2026/09/03 20:58:28.982, 519 MiB, 49, 14.07 W, 22 MHz, 405 MHz, Not Active, Not Active, Not Active, Not Active, Not Active
2026/09/03 20:58:29.182, 519 MiB, 49, 14.07 W, 22 MHz, 405 MHz, Not Active, Not Active, Not Active, Not Active, Not Active
2026/09/03 20:58:29.383, 519 MiB, 49, 13.96 W, 22 MHz, 405 MHz, Not Active, Not Active, Not Active, Not Active, Not Active
2026/09/03 20:58:29.583, 519 MiB, 49, 13.96 W, 22 MHz, 405 MHz, Not Active, Not Active, Not Active, Not Active, Not Active
2026/09/03 20:58:29.783, 519 MiB, 49, 13.96 W, 22 MHz, 405 MHz, Not Active, Not Active, Not Active, Not Active, Not Active
2026/09/03 20:58:29.984, 519 MiB, 49, 14.52 W, 24 MHz, 405 MHz, Not Active, Not Active, Not Active, Not Active, Not Active
2026/09/03 20:58:30.184, 519 MiB, 49, 14.52 W, 24 MHz, 405 MHz, Not Active, Not Active, Not Active, Not Active, Not Active
2026/09/03 20:58:30.384, 519 MiB, 49, 14.94 W, 22 MHz, 405 MHz, Not Active, Not Active, Not Active, Not Active, Not Active
2026/09/03 20:58:30.584, 519 MiB, 49, 14.94 W, 22 MHz, 405 MHz, Not Active, Not Active, Not Active, Not Active, Not Active
2026/09/03 20:58:30.785, 519 MiB, 49, 14.94 W, 22 MHz, 405 MHz, Not Active, Not Active, Not Active, Not Active, Not Active
2026/09/03 20:58:30.985, 519 MiB, 49, 15.99 W, 22 MHz, 405 MHz, Not Active, Not Active, Not Active, Not Active, Not Active
2026/09/03 20:58:31.185, 519 MiB, 49, 15.99 W, 22 MHz, 405 MHz, Not Active, Not Active, Not Active, Not Active, Not Active
2026/09/03 20:58:31.386, 519 MiB, 49, 15.99 W, 22 MHz, 405 MHz, Not Active, Not Active, Not Active, Not Active, Not Active
2026/09/03 20:58:31.586, 519 MiB, 49, 15.99 W, 22 MHz, 405 MHz, Not Active, Not Active, Not Active, Not Active, Not Active
2026/09/03 20:58:31.786, 519 MiB, 49, 15.99 W, 22 MHz, 405 MHz, Not Active, Not Active, Not Active, Not Active, Not Active
2026/09/03 20:58:31.986, 519 MiB, 49, 14.03 W, 22 MHz, 405 MHz, Not Active, Not Active, Not Active, Not Active, Not Active
2026/09/03 20:58:32.187, 519 MiB, 49, 14.03 W, 22 MHz, 405 MHz, Not Active, Not Active, Not Active, Not Active, Not Active
2026/09/03 20:58:32.387, 519 MiB, 49, 14.03 W, 22 MHz, 405 MHz, Not Active, Not Active, Not Active, Not Active, Not Active
2026/09/03 20:58:32.587, 519 MiB, 49, 14.03 W, 22 MHz, 405 MHz, Not Active, Not Active, Not Active, Not Active, Not Active
2026/09/03 20:58:32.787, 519 MiB, 49, 14.03 W, 22 MHz, 405 MHz, Not Active, Not Active, Not Active, Not Active, Not Active
2026/09/03 20:58:32.988, 519 MiB, 49, 13.86 W, 22 MHz, 405 MHz, Not Active, Not Active, Not Active, Not Active, Not Active
2026/09/03 20:58:33.188, 519 MiB, 49, 13.86 W, 22 MHz, 405 MHz, Not Active, Not Active, Not Active, Not Active, Not Active
2026/09/03 20:58:33.388, 519 MiB, 49, 13.86 W, 22 MHz, 405 MHz, Not Active, Not Active, Not Active, Not Active, Not Active
2026/09/03 20:58:33.588, 519 MiB, 49, 13.86 W, 22 MHz, 405 MHz, Not Active, Not Active, Not Active, Not Active, Not Active
2026/09/03 20:58:33.788, 519 MiB, 49, 13.86 W, 22 MHz, 405 MHz, Not Active, Not Active, Not Active, Not Active, Not Active
2026/09/03 20:58:33.989, 519 MiB, 49, 13.99 W, 22 MHz, 405 MHz, Not Active, Not Active, Not Active, Not Active, Not Active
2026/09/03 20:58:34.189, 519 MiB, 49, 13.99 W, 22 MHz, 405 MHz, Not Active, Not Active, Not Active, Not Active, Not Active
2026/09/03 20:58:34.389, 519 MiB, 49, 13.99 W, 22 MHz, 405 MHz, Not Active, Not Active, Not Active, Not Active, Not Active
2026/09/03 20:58:34.590, 519 MiB, 49, 13.99 W, 22 MHz, 405 MHz, Not Active, Not Active, Not Active, Not Active, Not Active
2026/09/03 20:58:34.790, 519 MiB, 49, 13.99 W, 22 MHz, 405 MHz, Not Active, Not Active, Not Active, Not Active, Not Active
2026/09/03 20:58:34.990, 519 MiB, 49, 13.73 W, 22 MHz, 405 MHz, Not Active, Not Active, Not Active, Not Active, Not Active
2026/09/03 20:58:35.190, 519 MiB, 49, 13.73 W, 22 MHz, 405 MHz, Not Active, Not Active, Not Active, Not Active, Not Active
2026/09/03 20:58:35.391, 519 MiB, 49, 13.73 W, 22 MHz, 405 MHz, Not Active, Not Active, Not Active, Not Active, Not Active
2026/09/03 20:58:35.591, 519 MiB, 49, 13.73 W, 22 MHz, 405 MHz, Not Active, Not Active, Not Active, Not Active, Not Active
2026/09/03 20:58:35.791, 519 MiB, 49, 13.73 W, 22 MHz, 405 MHz, Not Active, Not Active, Not Active, Not Active, Not Active
2026/09/03 20:58:35.992, 519 MiB, 49, 13.64 W, 22 MHz, 405 MHz, Not Active, Not Active, Not Active, Not Active, Not Active
2026/09/03 20:58:36.192, 519 MiB, 49, 13.64 W, 22 MHz, 405 MHz, Not Active, Not Active, Not Active, Not Active, Not Active
2026/09/03 20:58:36.392, 519 MiB, 49, 13.64 W, 22 MHz, 405 MHz, Not Active, Not Active, Not Active, Not Active, Not Active
2026/09/03 20:58:36.592, 519 MiB, 49, 13.64 W, 22 MHz, 405 MHz, Not Active, Not Active, Not Active, Not Active, Not Active
2026/09/03 20:58:36.793, 519 MiB, 49, 13.64 W, 22 MHz, 405 MHz, Not Active, Not Active, Not Active, Not Active, Not Active
2026/09/03 20:58:36.993, 519 MiB, 49, 13.95 W, 22 MHz, 405 MHz, Not Active, Not Active, Not Active, Not Active, Not Active
2026/09/03 20:58:37.193, 519 MiB, 49, 13.95 W, 22 MHz, 405 MHz, Not Active, Not Active, Not Active, Not Active, Not Active
2026/09/03 20:58:37.393, 519 MiB, 49, 14.54 W, 22 MHz, 405 MHz, Not Active, Not Active, Not Active, Not Active, Not Active
2026/09/03 20:58:37.594, 519 MiB, 49, 14.54 W, 22 MHz, 405 MHz, Not Active, Not Active, Not Active, Not Active, Not Active
2026/09/03 20:58:37.794, 519 MiB, 49, 14.54 W, 22 MHz, 405 MHz, Not Active, Not Active, Not Active, Not Active, Not Active
2026/09/03 20:58:37.994, 519 MiB, 49, 15.64 W, 22 MHz, 405 MHz, Not Active, Not Active, Not Active, Not Active, Not Active
2026/09/03 20:58:38.195, 519 MiB, 49, 15.64 W, 22 MHz, 405 MHz, Not Active, Not Active, Not Active, Not Active, Not Active
2026/09/03 20:58:38.395, 519 MiB, 49, 15.64 W, 22 MHz, 405 MHz, Not Active, Not Active, Not Active, Not Active, Not Active
2026/09/03 20:58:38.595, 519 MiB, 49, 15.64 W, 22 MHz, 405 MHz, Not Active, Not Active, Not Active, Not Active, Not Active
2026/09/03 20:58:38.795, 519 MiB, 49, 15.64 W, 22 MHz, 405 MHz, Not Active, Not Active, Not Active, Not Active, Not Active
2026/09/03 20:58:38.996, 519 MiB, 49, 13.67 W, 22 MHz, 405 MHz, Not Active, Not Active, Not Active, Not Active, Not Active
2026/09/03 20:58:39.196, 519 MiB, 49, 13.67 W, 22 MHz, 405 MHz, Not Active, Not Active, Not Active, Not Active, Not Active
2026/09/03 20:58:39.396, 519 MiB, 49, 13.67 W, 22 MHz, 405 MHz, Not Active, Not Active, Not Active, Not Active, Not Active
2026/09/03 20:58:39.597, 519 MiB, 49, 13.67 W, 22 MHz, 405 MHz, Not Active, Not Active, Not Active, Not Active, Not Active
2026/09/03 20:58:39.797, 519 MiB, 49, 13.67 W, 22 MHz, 405 MHz, Not Active, Not Active, Not Active, Not Active, Not Active
2026/09/03 20:58:39.997, 519 MiB, 49, 13.27 W, 22 MHz, 405 MHz, Not Active, Not Active, Not Active, Not Active, Not Active
2026/09/03 20:58:40.197, 519 MiB, 49, 13.27 W, 22 MHz, 405 MHz, Not Active, Not Active, Not Active, Not Active, Not Active
2026/09/03 20:58:40.398, 519 MiB, 49, 13.27 W, 22 MHz, 405 MHz, Not Active, Not Active, Not Active, Not Active, Not Active
2026/09/03 20:58:40.598, 519 MiB, 49, 13.27 W, 22 MHz, 405 MHz, Not Active, Not Active, Not Active, Not Active, Not Active
2026/09/03 20:58:40.798, 519 MiB, 49, 13.27 W, 22 MHz, 405 MHz, Not Active, Not Active, Not Active, Not Active, Not Active
2026/09/03 20:58:40.998, 519 MiB, 49, 13.35 W, 22 MHz, 405 MHz, Not Active, Not Active, Not Active, Not Active, Not Active
2026/09/03 20:58:41.199, 519 MiB, 49, 13.35 W, 22 MHz, 405 MHz, Not Active, Not Active, Not Active, Not Active, Not Active
2026/09/03 20:58:41.399, 519 MiB, 49, 13.35 W, 22 MHz, 405 MHz, Not Active, Not Active, Not Active, Not Active, Not Active
2026/09/03 20:58:41.599, 519 MiB, 49, 13.35 W, 22 MHz, 405 MHz, Not Active, Not Active, Not Active, Not Active, Not Active
2026/09/03 20:58:41.800, 519 MiB, 49, 13.35 W, 22 MHz, 405 MHz, Not Active, Not Active, Not Active, Not Active, Not Active
2026/09/03 20:58:42.000, 519 MiB, 49, 13.44 W, 22 MHz, 405 MHz, Not Active, Not Active, Not Active, Not Active, Not Active
2026/09/03 20:58:42.200, 519 MiB, 49, 13.44 W, 22 MHz, 405 MHz, Not Active, Not Active, Not Active, Not Active, Not Active
2026/09/03 20:58:42.400, 519 MiB, 49, 13.44 W, 22 MHz, 405 MHz, Not Active, Not Active, Not Active, Not Active, Not Active
2026/09/03 20:58:42.601, 519 MiB, 49, 13.44 W, 22 MHz, 405 MHz, Not Active, Not Active, Not Active, Not Active, Not Active
2026/09/03 20:58:42.801, 519 MiB, 49, 13.44 W, 22 MHz, 405 MHz, Not Active, Not Active, Not Active, Not Active, Not Active
2026/09/03 20:58:43.001, 519 MiB, 49, 13.31 W, 22 MHz, 405 MHz, Not Active, Not Active, Not Active, Not Active, Not Active
2026/09/03 20:58:43.202, 519 MiB, 49, 13.31 W, 22 MHz, 405 MHz, Not Active, Not Active, Not Active, Not Active, Not Active
2026/09/03 20:58:43.402, 519 MiB, 49, 13.31 W, 22 MHz, 405 MHz, Not Active, Not Active, Not Active, Not Active, Not Active
2026/09/03 20:58:43.602, 519 MiB, 49, 13.31 W, 22 MHz, 405 MHz, Not Active, Not Active, Not Active, Not Active, Not Active
2026/09/03 20:58:43.803, 519 MiB, 49, 13.31 W, 22 MHz, 405 MHz, Not Active, Not Active, Not Active, Not Active, Not Active
2026/09/03 20:58:44.003, 519 MiB, 49, 13.61 W, 22 MHz, 405 MHz, Not Active, Not Active, Not Active, Not Active, Not Active
2026/09/03 20:58:44.203, 519 MiB, 49, 13.61 W, 22 MHz, 405 MHz, Not Active, Not Active, Not Active, Not Active, Not Active
2026/09/03 20:58:44.403, 519 MiB, 49, 14.06 W, 22 MHz, 405 MHz, Not Active, Not Active, Not Active, Not Active, Not Active
2026/09/03 20:58:44.604, 519 MiB, 49, 14.06 W, 22 MHz, 405 MHz, Not Active, Not Active, Not Active, Not Active, Not Active
2026/09/03 20:58:44.804, 519 MiB, 49, 14.06 W, 22 MHz, 405 MHz, Not Active, Not Active, Not Active, Not Active, Not Active
2026/09/03 20:58:45.004, 519 MiB, 49, 14.89 W, 22 MHz, 405 MHz, Not Active, Not Active, Not Active, Not Active, Not Active
2026/09/03 20:58:45.205, 519 MiB, 49, 14.89 W, 22 MHz, 405 MHz, Not Active, Not Active, Not Active, Not Active, Not Active
2026/09/03 20:58:45.405, 519 MiB, 49, 14.89 W, 22 MHz, 405 MHz, Not Active, Not Active, Not Active, Not Active, Not Active
2026/09/03 20:58:45.605, 519 MiB, 49, 14.89 W, 22 MHz, 405 MHz, Not Active, Not Active, Not Active, Not Active, Not Active
2026/09/03 20:58:45.806, 519 MiB, 49, 14.89 W, 22 MHz, 405 MHz, Not Active, Not Active, Not Active, Not Active, Not Active
2026/09/03 20:58:46.006, 519 MiB, 49, 12.99 W, 22 MHz, 405 MHz, Not Active, Not Active, Not Active, Not Active, Not Active
2026/09/03 20:58:46.206, 519 MiB, 49, 12.99 W, 22 MHz, 405 MHz, Not Active, Not Active, Not Active, Not Active, Not Active
2026/09/03 20:58:46.407, 519 MiB, 49, 12.99 W, 22 MHz, 405 MHz, Not Active, Not Active, Not Active, Not Active, Not Active
2026/09/03 20:58:46.607, 519 MiB, 49, 12.99 W, 22 MHz, 405 MHz, Not Active, Not Active, Not Active, Not Active, Not Active
2026/09/03 20:58:46.807, 519 MiB, 49, 12.99 W, 22 MHz, 405 MHz, Not Active, Not Active, Not Active, Not Active, Not Active
2026/09/03 20:58:47.007, 519 MiB, 49, 13.06 W, 22 MHz, 405 MHz, Not Active, Not Active, Not Active, Not Active, Not Active
2026/09/03 20:58:47.208, 519 MiB, 49, 13.06 W, 22 MHz, 405 MHz, Not Active, Not Active, Not Active, Not Active, Not Active
2026/09/03 20:58:47.408, 519 MiB, 49, 13.06 W, 22 MHz, 405 MHz, Not Active, Not Active, Not Active, Not Active, Not Active
2026/09/03 20:58:47.608, 519 MiB, 49, 13.06 W, 22 MHz, 405 MHz, Not Active, Not Active, Not Active, Not Active, Not Active
2026/09/03 20:58:47.808, 519 MiB, 49, 13.06 W, 22 MHz, 405 MHz, Not Active, Not Active, Not Active, Not Active, Not Active
2026/09/03 20:58:48.009, 519 MiB, 49, 12.84 W, 22 MHz, 405 MHz, Not Active, Not Active, Not Active, Not Active, Not Active
2026/09/03 20:58:48.209, 519 MiB, 49, 12.84 W, 22 MHz, 405 MHz, Not Active, Not Active, Not Active, Not Active, Not Active
2026/09/03 20:58:48.409, 519 MiB, 49, 12.84 W, 22 MHz, 405 MHz, Not Active, Not Active, Not Active, Not Active, Not Active
2026/09/03 20:58:48.609, 519 MiB, 49, 12.84 W, 22 MHz, 405 MHz, Not Active, Not Active, Not Active, Not Active, Not Active
2026/09/03 20:58:48.809, 519 MiB, 49, 12.84 W, 22 MHz, 405 MHz, Not Active, Not Active, Not Active, Not Active, Not Active
2026/09/03 20:58:49.010, 519 MiB, 49, 13.03 W, 22 MHz, 405 MHz, Not Active, Not Active, Not Active, Not Active, Not Active
2026/09/03 20:58:49.210, 519 MiB, 49, 13.03 W, 22 MHz, 405 MHz, Not Active, Not Active, Not Active, Not Active, Not Active
2026/09/03 20:58:49.410, 519 MiB, 49, 13.03 W, 22 MHz, 405 MHz, Not Active, Not Active, Not Active, Not Active, Not Active
2026/09/03 20:58:49.611, 519 MiB, 49, 13.03 W, 22 MHz, 405 MHz, Not Active, Not Active, Not Active, Not Active, Not Active
2026/09/03 20:58:49.811, 519 MiB, 49, 13.03 W, 22 MHz, 405 MHz, Not Active, Not Active, Not Active, Not Active, Not Active
2026/09/03 20:58:50.011, 519 MiB, 49, 12.97 W, 22 MHz, 405 MHz, Not Active, Not Active, Not Active, Not Active, Not Active
2026/09/03 20:58:50.212, 519 MiB, 49, 12.97 W, 22 MHz, 405 MHz, Not Active, Not Active, Not Active, Not Active, Not Active
2026/09/03 20:58:50.412, 519 MiB, 49, 12.97 W, 22 MHz, 405 MHz, Not Active, Not Active, Not Active, Not Active, Not Active
2026/09/03 20:58:50.612, 519 MiB, 49, 12.97 W, 22 MHz, 405 MHz, Not Active, Not Active, Not Active, Not Active, Not Active
2026/09/03 20:58:50.812, 519 MiB, 49, 12.97 W, 22 MHz, 405 MHz, Not Active, Not Active, Not Active, Not Active, Not Active
2026/09/03 20:58:51.013, 519 MiB, 49, 12.92 W, 22 MHz, 405 MHz, Not Active, Not Active, Not Active, Not Active, Not Active
2026/09/03 20:58:51.213, 519 MiB, 49, 12.92 W, 22 MHz, 405 MHz, Not Active, Not Active, Not Active, Not Active, Not Active
2026/09/03 20:58:51.413, 519 MiB, 49, 13.53 W, 24 MHz, 405 MHz, Not Active, Not Active, Not Active, Not Active, Not Active
2026/09/03 20:58:51.614, 519 MiB, 49, 13.53 W, 24 MHz, 405 MHz, Not Active, Not Active, Not Active, Not Active, Not Active
2026/09/03 20:58:51.814, 519 MiB, 49, 13.53 W, 24 MHz, 405 MHz, Not Active, Not Active, Not Active, Not Active, Not Active
2026/09/03 20:58:52.014, 519 MiB, 49, 13.91 W, 22 MHz, 405 MHz, Not Active, Not Active, Not Active, Not Active, Not Active
2026/09/03 20:58:52.214, 519 MiB, 49, 13.91 W, 22 MHz, 405 MHz, Not Active, Not Active, Not Active, Not Active, Not Active
2026/09/03 20:58:52.415, 519 MiB, 49, 14.90 W, 22 MHz, 405 MHz, Not Active, Not Active, Not Active, Not Active, Not Active
2026/09/03 20:58:52.615, 519 MiB, 49, 14.90 W, 22 MHz, 405 MHz, Not Active, Not Active, Not Active, Not Active, Not Active
2026/09/03 20:58:52.815, 519 MiB, 49, 14.90 W, 22 MHz, 405 MHz, Not Active, Not Active, Not Active, Not Active, Not Active
2026/09/03 20:58:53.015, 519 MiB, 49, 14.90 W, 22 MHz, 405 MHz, Not Active, Not Active, Not Active, Not Active, Not Active
2026/09/03 20:58:53.216, 519 MiB, 49, 14.90 W, 22 MHz, 405 MHz, Not Active, Not Active, Not Active, Not Active, Not Active
2026/09/03 20:58:53.416, 519 MiB, 49, 13.20 W, 22 MHz, 405 MHz, Not Active, Not Active, Not Active, Not Active, Not Active
2026/09/03 20:58:53.617, 519 MiB, 49, 13.20 W, 22 MHz, 405 MHz, Not Active, Not Active, Not Active, Not Active, Not Active
2026/09/03 20:58:53.817, 519 MiB, 49, 13.20 W, 22 MHz, 405 MHz, Not Active, Not Active, Not Active, Not Active, Not Active
2026/09/03 20:58:54.017, 519 MiB, 49, 13.20 W, 22 MHz, 405 MHz, Not Active, Not Active, Not Active, Not Active, Not Active
2026/09/03 20:58:54.218, 519 MiB, 49, 13.20 W, 22 MHz, 405 MHz, Not Active, Not Active, Not Active, Not Active, Not Active
2026/09/03 20:58:54.418, 519 MiB, 49, 12.87 W, 22 MHz, 405 MHz, Not Active, Not Active, Not Active, Not Active, Not Active
2026/09/03 20:58:54.618, 519 MiB, 49, 12.87 W, 22 MHz, 405 MHz, Not Active, Not Active, Not Active, Not Active, Not Active
2026/09/03 20:58:54.818, 519 MiB, 49, 12.87 W, 22 MHz, 405 MHz, Not Active, Not Active, Not Active, Not Active, Not Active
2026/09/03 20:58:55.019, 519 MiB, 49, 12.87 W, 22 MHz, 405 MHz, Not Active, Not Active, Not Active, Not Active, Not Active
2026/09/03 20:58:55.219, 519 MiB, 49, 12.87 W, 22 MHz, 405 MHz, Not Active, Not Active, Not Active, Not Active, Not Active
2026/09/03 20:58:55.419, 519 MiB, 49, 12.95 W, 22 MHz, 405 MHz, Not Active, Not Active, Not Active, Not Active, Not Active
2026/09/03 20:58:55.620, 519 MiB, 49, 12.95 W, 22 MHz, 405 MHz, Not Active, Not Active, Not Active, Not Active, Not Active
2026/09/03 20:58:55.820, 519 MiB, 49, 12.95 W, 22 MHz, 405 MHz, Not Active, Not Active, Not Active, Not Active, Not Active
2026/09/03 20:58:56.020, 519 MiB, 49, 12.95 W, 22 MHz, 405 MHz, Not Active, Not Active, Not Active, Not Active, Not Active
2026/09/03 20:58:56.220, 519 MiB, 49, 12.95 W, 22 MHz, 405 MHz, Not Active, Not Active, Not Active, Not Active, Not Active
2026/09/03 20:58:56.421, 519 MiB, 49, 13.26 W, 22 MHz, 405 MHz, Not Active, Not Active, Not Active, Not Active, Not Active
2026/09/03 20:58:56.621, 519 MiB, 49, 13.26 W, 22 MHz, 405 MHz, Not Active, Not Active, Not Active, Not Active, Not Active
2026/09/03 20:58:56.821, 519 MiB, 49, 13.26 W, 22 MHz, 405 MHz, Not Active, Not Active, Not Active, Not Active, Not Active
2026/09/03 20:58:57.021, 519 MiB, 49, 13.26 W, 22 MHz, 405 MHz, Not Active, Not Active, Not Active, Not Active, Not Active
2026/09/03 20:58:57.222, 519 MiB, 49, 13.26 W, 22 MHz, 405 MHz, Not Active, Not Active, Not Active, Not Active, Not Active
2026/09/03 20:58:57.422, 519 MiB, 49, 13.28 W, 22 MHz, 405 MHz, Not Active, Not Active, Not Active, Not Active, Not Active
2026/09/03 20:58:57.622, 519 MiB, 49, 13.28 W, 22 MHz, 405 MHz, Not Active, Not Active, Not Active, Not Active, Not Active
2026/09/03 20:58:57.823, 519 MiB, 49, 13.28 W, 22 MHz, 405 MHz, Not Active, Not Active, Not Active, Not Active, Not Active
2026/09/03 20:58:58.023, 519 MiB, 49, 13.28 W, 22 MHz, 405 MHz, Not Active, Not Active, Not Active, Not Active, Not Active
2026/09/03 20:58:58.223, 519 MiB, 49, 13.28 W, 22 MHz, 405 MHz, Not Active, Not Active, Not Active, Not Active, Not Active
2026/09/03 20:58:58.423, 519 MiB, 49, 13.40 W, 22 MHz, 405 MHz, Not Active, Not Active, Not Active, Not Active, Not Active
2026/09/03 20:58:58.623, 519 MiB, 49, 13.40 W, 22 MHz, 405 MHz, Not Active, Not Active, Not Active, Not Active, Not Active
2026/09/03 20:58:58.824, 519 MiB, 49, 13.40 W, 22 MHz, 405 MHz, Not Active, Not Active, Not Active, Not Active, Not Active
2026/09/03 20:58:59.024, 519 MiB, 49, 13.92 W, 22 MHz, 405 MHz, Not Active, Not Active, Not Active, Not Active, Not Active
2026/09/03 20:58:59.224, 519 MiB, 49, 13.92 W, 22 MHz, 405 MHz, Not Active, Not Active, Not Active, Not Active, Not Active
2026/09/03 20:58:59.425, 519 MiB, 49, 15.08 W, 22 MHz, 405 MHz, Not Active, Not Active, Not Active, Not Active, Not Active
2026/09/03 20:58:59.625, 519 MiB, 49, 15.08 W, 22 MHz, 405 MHz, Not Active, Not Active, Not Active, Not Active, Not Active
2026/09/03 20:58:59.825, 519 MiB, 49, 15.08 W, 22 MHz, 405 MHz, Not Active, Not Active, Not Active, Not Active, Not Active
2026/09/03 20:59:00.025, 519 MiB, 49, 15.08 W, 22 MHz, 405 MHz, Not Active, Not Active, Not Active, Not Active, Not Active
2026/09/03 20:59:00.226, 519 MiB, 49, 15.08 W, 22 MHz, 405 MHz, Not Active, Not Active, Not Active, Not Active, Not Active
2026/09/03 20:59:00.426, 519 MiB, 49, 13.08 W, 22 MHz, 405 MHz, Not Active, Not Active, Not Active, Not Active, Not Active
2026/09/03 20:59:00.626, 519 MiB, 49, 13.08 W, 22 MHz, 405 MHz, Not Active, Not Active, Not Active, Not Active, Not Active
2026/09/03 20:59:00.827, 519 MiB, 49, 13.08 W, 22 MHz, 405 MHz, Not Active, Not Active, Not Active, Not Active, Not Active
2026/09/03 20:59:01.027, 519 MiB, 49, 13.08 W, 22 MHz, 405 MHz, Not Active, Not Active, Not Active, Not Active, Not Active
2026/09/03 20:59:01.227, 519 MiB, 49, 13.08 W, 22 MHz, 405 MHz, Not Active, Not Active, Not Active, Not Active, Not Active
2026/09/03 20:59:01.427, 519 MiB, 49, 12.93 W, 22 MHz, 405 MHz, Not Active, Not Active, Not Active, Not Active, Not Active
2026/09/03 20:59:01.628, 519 MiB, 49, 12.93 W, 22 MHz, 405 MHz, Not Active, Not Active, Not Active, Not Active, Not Active
2026/09/03 20:59:01.828, 519 MiB, 49, 12.93 W, 22 MHz, 405 MHz, Not Active, Not Active, Not Active, Not Active, Not Active
2026/09/03 20:59:02.028, 519 MiB, 49, 12.93 W, 22 MHz, 405 MHz, Not Active, Not Active, Not Active, Not Active, Not Active
2026/09/03 20:59:02.228, 519 MiB, 49, 12.93 W, 22 MHz, 405 MHz, Not Active, Not Active, Not Active, Not Active, Not Active
2026/09/03 20:59:02.429, 519 MiB, 49, 12.76 W, 22 MHz, 405 MHz, Not Active, Not Active, Not Active, Not Active, Not Active
2026/09/03 20:59:02.629, 519 MiB, 49, 12.76 W, 22 MHz, 405 MHz, Not Active, Not Active, Not Active, Not Active, Not Active
2026/09/03 20:59:02.829, 519 MiB, 49, 12.76 W, 22 MHz, 405 MHz, Not Active, Not Active, Not Active, Not Active, Not Active
2026/09/03 20:59:03.029, 519 MiB, 49, 12.76 W, 22 MHz, 405 MHz, Not Active, Not Active, Not Active, Not Active, Not Active
2026/09/03 20:59:03.230, 519 MiB, 49, 12.76 W, 22 MHz, 405 MHz, Not Active, Not Active, Not Active, Not Active, Not Active
2026/09/03 20:59:03.430, 519 MiB, 49, 12.88 W, 22 MHz, 405 MHz, Not Active, Not Active, Not Active, Not Active, Not Active
2026/09/03 20:59:03.630, 519 MiB, 49, 12.88 W, 22 MHz, 405 MHz, Not Active, Not Active, Not Active, Not Active, Not Active
2026/09/03 20:59:03.830, 519 MiB, 49, 12.88 W, 22 MHz, 405 MHz, Not Active, Not Active, Not Active, Not Active, Not Active
2026/09/03 20:59:04.031, 519 MiB, 49, 12.88 W, 22 MHz, 405 MHz, Not Active, Not Active, Not Active, Not Active, Not Active
2026/09/03 20:59:04.231, 519 MiB, 49, 12.88 W, 22 MHz, 405 MHz, Not Active, Not Active, Not Active, Not Active, Not Active
2026/09/03 20:59:04.431, 519 MiB, 49, 13.23 W, 21 MHz, 405 MHz, Not Active, Not Active, Not Active, Not Active, Not Active
2026/09/03 20:59:04.631, 519 MiB, 49, 13.23 W, 21 MHz, 405 MHz, Not Active, Not Active, Not Active, Not Active, Not Active
2026/09/03 20:59:04.831, 519 MiB, 49, 13.23 W, 21 MHz, 405 MHz, Not Active, Not Active, Not Active, Not Active, Not Active
2026/09/03 20:59:05.032, 519 MiB, 49, 13.23 W, 21 MHz, 405 MHz, Not Active, Not Active, Not Active, Not Active, Not Active
2026/09/03 20:59:05.232, 519 MiB, 49, 13.23 W, 21 MHz, 405 MHz, Not Active, Not Active, Not Active, Not Active, Not Active
2026/09/03 20:59:05.432, 519 MiB, 49, 13.01 W, 24 MHz, 405 MHz, Not Active, Not Active, Not Active, Not Active, Not Active
2026/09/03 20:59:05.632, 519 MiB, 49, 13.01 W, 24 MHz, 405 MHz, Not Active, Not Active, Not Active, Not Active, Not Active
2026/09/03 20:59:05.833, 519 MiB, 49, 13.55 W, 22 MHz, 405 MHz, Not Active, Not Active, Not Active, Not Active, Not Active
2026/09/03 20:59:06.033, 519 MiB, 49, 13.55 W, 22 MHz, 405 MHz, Not Active, Not Active, Not Active, Not Active, Not Active
2026/09/03 20:59:06.233, 519 MiB, 49, 13.55 W, 22 MHz, 405 MHz, Not Active, Not Active, Not Active, Not Active, Not Active
2026/09/03 20:59:06.434, 519 MiB, 49, 14.73 W, 22 MHz, 405 MHz, Not Active, Not Active, Not Active, Not Active, Not Active
2026/09/03 20:59:06.634, 519 MiB, 49, 14.73 W, 22 MHz, 405 MHz, Not Active, Not Active, Not Active, Not Active, Not Active
2026/09/03 20:59:06.834, 519 MiB, 49, 14.73 W, 22 MHz, 405 MHz, Not Active, Not Active, Not Active, Not Active, Not Active
2026/09/03 20:59:07.034, 519 MiB, 49, 14.73 W, 22 MHz, 405 MHz, Not Active, Not Active, Not Active, Not Active, Not Active
2026/09/03 20:59:07.235, 519 MiB, 49, 14.73 W, 22 MHz, 405 MHz, Not Active, Not Active, Not Active, Not Active, Not Active
2026/09/03 20:59:07.435, 519 MiB, 49, 12.99 W, 22 MHz, 405 MHz, Not Active, Not Active, Not Active, Not Active, Not Active
2026/09/03 20:59:07.635, 519 MiB, 49, 12.99 W, 22 MHz, 405 MHz, Not Active, Not Active, Not Active, Not Active, Not Active
2026/09/03 20:59:07.835, 519 MiB, 49, 12.99 W, 22 MHz, 405 MHz, Not Active, Not Active, Not Active, Not Active, Not Active
2026/09/03 20:59:08.036, 519 MiB, 49, 12.99 W, 22 MHz, 405 MHz, Not Active, Not Active, Not Active, Not Active, Not Active
2026/09/03 20:59:08.236, 519 MiB, 49, 12.99 W, 22 MHz, 405 MHz, Not Active, Not Active, Not Active, Not Active, Not Active
2026/09/03 20:59:08.436, 519 MiB, 49, 12.97 W, 22 MHz, 405 MHz, Not Active, Not Active, Not Active, Not Active, Not Active
2026/09/03 20:59:08.637, 519 MiB, 49, 12.97 W, 22 MHz, 405 MHz, Not Active, Not Active, Not Active, Not Active, Not Active
2026/09/03 20:59:08.837, 519 MiB, 49, 12.97 W, 22 MHz, 405 MHz, Not Active, Not Active, Not Active, Not Active, Not Active
2026/09/03 20:59:09.037, 519 MiB, 49, 12.97 W, 22 MHz, 405 MHz, Not Active, Not Active, Not Active, Not Active, Not Active
2026/09/03 20:59:09.237, 519 MiB, 49, 12.97 W, 22 MHz, 405 MHz, Not Active, Not Active, Not Active, Not Active, Not Active
2026/09/03 20:59:09.438, 519 MiB, 49, 13.22 W, 22 MHz, 405 MHz, Not Active, Not Active, Not Active, Not Active, Not Active
2026/09/03 20:59:09.638, 519 MiB, 49, 13.22 W, 22 MHz, 405 MHz, Not Active, Not Active, Not Active, Not Active, Not Active
2026/09/03 20:59:09.838, 519 MiB, 49, 13.22 W, 22 MHz, 405 MHz, Not Active, Not Active, Not Active, Not Active, Not Active
2026/09/03 20:59:10.038, 519 MiB, 49, 13.22 W, 22 MHz, 405 MHz, Not Active, Not Active, Not Active, Not Active, Not Active
2026/09/03 20:59:10.239, 519 MiB, 49, 13.22 W, 22 MHz, 405 MHz, Not Active, Not Active, Not Active, Not Active, Not Active
2026/09/03 20:59:10.439, 519 MiB, 49, 13.29 W, 22 MHz, 405 MHz, Not Active, Not Active, Not Active, Not Active, Not Active
2026/09/03 20:59:10.639, 519 MiB, 49, 13.29 W, 22 MHz, 405 MHz, Not Active, Not Active, Not Active, Not Active, Not Active
2026/09/03 20:59:10.839, 519 MiB, 49, 13.29 W, 22 MHz, 405 MHz, Not Active, Not Active, Not Active, Not Active, Not Active
2026/09/03 20:59:11.040, 519 MiB, 49, 13.29 W, 22 MHz, 405 MHz, Not Active, Not Active, Not Active, Not Active, Not Active
2026/09/03 20:59:11.240, 519 MiB, 49, 13.29 W, 22 MHz, 405 MHz, Not Active, Not Active, Not Active, Not Active, Not Active
2026/09/03 20:59:11.440, 519 MiB, 49, 13.29 W, 22 MHz, 405 MHz, Not Active, Not Active, Not Active, Not Active, Not Active
2026/09/03 20:59:11.640, 519 MiB, 49, 13.29 W, 22 MHz, 405 MHz, Not Active, Not Active, Not Active, Not Active, Not Active
2026/09/03 20:59:11.841, 519 MiB, 49, 13.29 W, 22 MHz, 405 MHz, Not Active, Not Active, Not Active, Not Active, Not Active
2026/09/03 20:59:12.041, 519 MiB, 49, 13.29 W, 22 MHz, 405 MHz, Not Active, Not Active, Not Active, Not Active, Not Active
2026/09/03 20:59:12.241, 519 MiB, 49, 13.29 W, 22 MHz, 405 MHz, Not Active, Not Active, Not Active, Not Active, Not Active
2026/09/03 20:59:12.442, 519 MiB, 49, 13.37 W, 22 MHz, 405 MHz, Not Active, Not Active, Not Active, Not Active, Not Active
2026/09/03 20:59:12.642, 519 MiB, 49, 13.37 W, 22 MHz, 405 MHz, Not Active, Not Active, Not Active, Not Active, Not Active
2026/09/03 20:59:12.842, 519 MiB, 49, 13.77 W, 22 MHz, 405 MHz, Not Active, Not Active, Not Active, Not Active, Not Active
2026/09/03 20:59:13.043, 519 MiB, 49, 13.77 W, 22 MHz, 405 MHz, Not Active, Not Active, Not Active, Not Active, Not Active
2026/09/03 20:59:13.243, 519 MiB, 49, 13.77 W, 22 MHz, 405 MHz, Not Active, Not Active, Not Active, Not Active, Not Active
2026/09/03 20:59:13.444, 519 MiB, 49, 14.09 W, 22 MHz, 405 MHz, Not Active, Not Active, Not Active, Not Active, Not Active
2026/09/03 20:59:13.644, 519 MiB, 49, 14.09 W, 22 MHz, 405 MHz, Not Active, Not Active, Not Active, Not Active, Not Active
2026/09/03 20:59:13.844, 519 MiB, 49, 14.87 W, 22 MHz, 405 MHz, Not Active, Not Active, Not Active, Not Active, Not Active
2026/09/03 20:59:14.044, 519 MiB, 49, 14.87 W, 22 MHz, 405 MHz, Not Active, Not Active, Not Active, Not Active, Not Active
2026/09/03 20:59:14.245, 519 MiB, 49, 14.87 W, 22 MHz, 405 MHz, Not Active, Not Active, Not Active, Not Active, Not Active
2026/09/03 20:59:14.445, 519 MiB, 49, 14.87 W, 22 MHz, 405 MHz, Not Active, Not Active, Not Active, Not Active, Not Active
2026/09/03 20:59:14.645, 519 MiB, 49, 14.87 W, 22 MHz, 405 MHz, Not Active, Not Active, Not Active, Not Active, Not Active
2026/09/03 20:59:14.846, 519 MiB, 49, 12.92 W, 22 MHz, 405 MHz, Not Active, Not Active, Not Active, Not Active, Not Active
2026/09/03 20:59:15.046, 519 MiB, 49, 12.92 W, 22 MHz, 405 MHz, Not Active, Not Active, Not Active, Not Active, Not Active
2026/09/03 20:59:15.246, 519 MiB, 49, 12.92 W, 22 MHz, 405 MHz, Not Active, Not Active, Not Active, Not Active, Not Active
2026/09/03 20:59:15.447, 519 MiB, 49, 12.92 W, 22 MHz, 405 MHz, Not Active, Not Active, Not Active, Not Active, Not Active
2026/09/03 20:59:15.647, 519 MiB, 49, 12.92 W, 22 MHz, 405 MHz, Not Active, Not Active, Not Active, Not Active, Not Active
2026/09/03 20:59:15.847, 519 MiB, 49, 13.03 W, 22 MHz, 405 MHz, Not Active, Not Active, Not Active, Not Active, Not Active
2026/09/03 20:59:16.047, 519 MiB, 49, 13.03 W, 22 MHz, 405 MHz, Not Active, Not Active, Not Active, Not Active, Not Active
2026/09/03 20:59:16.248, 519 MiB, 49, 13.03 W, 22 MHz, 405 MHz, Not Active, Not Active, Not Active, Not Active, Not Active
2026/09/03 20:59:16.448, 519 MiB, 49, 13.03 W, 22 MHz, 405 MHz, Not Active, Not Active, Not Active, Not Active, Not Active
2026/09/03 20:59:16.648, 519 MiB, 49, 13.03 W, 22 MHz, 405 MHz, Not Active, Not Active, Not Active, Not Active, Not Active
2026/09/03 20:59:16.848, 519 MiB, 49, 13.31 W, 22 MHz, 405 MHz, Not Active, Not Active, Not Active, Not Active, Not Active
2026/09/03 20:59:17.049, 519 MiB, 49, 13.31 W, 22 MHz, 405 MHz, Not Active, Not Active, Not Active, Not Active, Not Active
2026/09/03 20:59:17.249, 519 MiB, 49, 13.31 W, 22 MHz, 405 MHz, Not Active, Not Active, Not Active, Not Active, Not Active
2026/09/03 20:59:17.449, 519 MiB, 49, 13.31 W, 22 MHz, 405 MHz, Not Active, Not Active, Not Active, Not Active, Not Active
2026/09/03 20:59:17.649, 519 MiB, 49, 13.31 W, 22 MHz, 405 MHz, Not Active, Not Active, Not Active, Not Active, Not Active
2026/09/03 20:59:17.850, 519 MiB, 49, 13.02 W, 22 MHz, 405 MHz, Not Active, Not Active, Not Active, Not Active, Not Active
2026/09/03 20:59:18.050, 519 MiB, 49, 13.02 W, 22 MHz, 405 MHz, Not Active, Not Active, Not Active, Not Active, Not Active
2026/09/03 20:59:18.250, 519 MiB, 49, 13.02 W, 22 MHz, 405 MHz, Not Active, Not Active, Not Active, Not Active, Not Active
2026/09/03 20:59:18.451, 519 MiB, 49, 13.02 W, 22 MHz, 405 MHz, Not Active, Not Active, Not Active, Not Active, Not Active
2026/09/03 20:59:18.651, 519 MiB, 49, 13.02 W, 22 MHz, 405 MHz, Not Active, Not Active, Not Active, Not Active, Not Active
2026/09/03 20:59:18.851, 519 MiB, 49, 12.84 W, 22 MHz, 405 MHz, Not Active, Not Active, Not Active, Not Active, Not Active
2026/09/03 20:59:19.051, 519 MiB, 49, 12.84 W, 22 MHz, 405 MHz, Not Active, Not Active, Not Active, Not Active, Not Active
2026/09/03 20:59:19.252, 519 MiB, 49, 12.84 W, 22 MHz, 405 MHz, Not Active, Not Active, Not Active, Not Active, Not Active
2026/09/03 20:59:19.452, 519 MiB, 49, 12.84 W, 22 MHz, 405 MHz, Not Active, Not Active, Not Active, Not Active, Not Active
2026/09/03 20:59:19.652, 519 MiB, 49, 12.84 W, 22 MHz, 405 MHz, Not Active, Not Active, Not Active, Not Active, Not Active
2026/09/03 20:59:19.852, 519 MiB, 49, 13.55 W, 24 MHz, 405 MHz, Not Active, Not Active, Not Active, Not Active, Not Active
2026/09/03 20:59:20.053, 519 MiB, 49, 13.55 W, 24 MHz, 405 MHz, Not Active, Not Active, Not Active, Not Active, Not Active
2026/09/03 20:59:20.253, 519 MiB, 49, 13.55 W, 24 MHz, 405 MHz, Not Active, Not Active, Not Active, Not Active, Not Active
2026/09/03 20:59:20.453, 519 MiB, 49, 14.02 W, 22 MHz, 405 MHz, Not Active, Not Active, Not Active, Not Active, Not Active
2026/09/03 20:59:20.653, 519 MiB, 49, 14.02 W, 22 MHz, 405 MHz, Not Active, Not Active, Not Active, Not Active, Not Active
2026/09/03 20:59:20.854, 519 MiB, 49, 15.00 W, 22 MHz, 405 MHz, Not Active, Not Active, Not Active, Not Active, Not Active
2026/09/03 20:59:21.054, 519 MiB, 49, 15.00 W, 22 MHz, 405 MHz, Not Active, Not Active, Not Active, Not Active, Not Active
2026/09/03 20:59:21.254, 519 MiB, 49, 15.00 W, 22 MHz, 405 MHz, Not Active, Not Active, Not Active, Not Active, Not Active
2026/09/03 20:59:21.455, 519 MiB, 49, 15.00 W, 22 MHz, 405 MHz, Not Active, Not Active, Not Active, Not Active, Not Active
2026/09/03 20:59:21.655, 519 MiB, 49, 15.00 W, 22 MHz, 405 MHz, Not Active, Not Active, Not Active, Not Active, Not Active
2026/09/03 20:59:21.855, 519 MiB, 48, 13.15 W, 22 MHz, 405 MHz, Not Active, Not Active, Not Active, Not Active, Not Active
2026/09/03 20:59:22.055, 519 MiB, 48, 13.15 W, 22 MHz, 405 MHz, Not Active, Not Active, Not Active, Not Active, Not Active
2026/09/03 20:59:22.256, 519 MiB, 48, 13.15 W, 22 MHz, 405 MHz, Not Active, Not Active, Not Active, Not Active, Not Active
2026/09/03 20:59:22.456, 519 MiB, 48, 13.15 W, 22 MHz, 405 MHz, Not Active, Not Active, Not Active, Not Active, Not Active
2026/09/03 20:59:22.656, 519 MiB, 48, 13.15 W, 22 MHz, 405 MHz, Not Active, Not Active, Not Active, Not Active, Not Active
2026/09/03 20:59:22.856, 519 MiB, 48, 13.25 W, 22 MHz, 405 MHz, Not Active, Not Active, Not Active, Not Active, Not Active
2026/09/03 20:59:23.056, 519 MiB, 48, 13.25 W, 22 MHz, 405 MHz, Not Active, Not Active, Not Active, Not Active, Not Active
2026/09/03 20:59:23.257, 519 MiB, 48, 13.25 W, 22 MHz, 405 MHz, Not Active, Not Active, Not Active, Not Active, Not Active
2026/09/03 20:59:23.457, 519 MiB, 48, 13.25 W, 22 MHz, 405 MHz, Not Active, Not Active, Not Active, Not Active, Not Active
2026/09/03 20:59:23.657, 519 MiB, 48, 13.25 W, 22 MHz, 405 MHz, Not Active, Not Active, Not Active, Not Active, Not Active
2026/09/03 20:59:23.858, 519 MiB, 48, 12.92 W, 22 MHz, 405 MHz, Not Active, Not Active, Not Active, Not Active, Not Active
2026/09/03 20:59:24.058, 519 MiB, 48, 12.92 W, 22 MHz, 405 MHz, Not Active, Not Active, Not Active, Not Active, Not Active
2026/09/03 20:59:24.258, 519 MiB, 48, 12.92 W, 22 MHz, 405 MHz, Not Active, Not Active, Not Active, Not Active, Not Active
2026/09/03 20:59:24.458, 519 MiB, 48, 12.92 W, 22 MHz, 405 MHz, Not Active, Not Active, Not Active, Not Active, Not Active
2026/09/03 20:59:24.659, 519 MiB, 48, 12.92 W, 22 MHz, 405 MHz, Not Active, Not Active, Not Active, Not Active, Not Active
2026/09/03 20:59:24.859, 519 MiB, 48, 12.98 W, 22 MHz, 405 MHz, Not Active, Not Active, Not Active, Not Active, Not Active
2026/09/03 20:59:25.059, 519 MiB, 48, 12.98 W, 22 MHz, 405 MHz, Not Active, Not Active, Not Active, Not Active, Not Active
2026/09/03 20:59:25.260, 519 MiB, 48, 12.98 W, 22 MHz, 405 MHz, Not Active, Not Active, Not Active, Not Active, Not Active
2026/09/03 20:59:25.460, 519 MiB, 48, 12.98 W, 22 MHz, 405 MHz, Not Active, Not Active, Not Active, Not Active, Not Active
2026/09/03 20:59:25.660, 519 MiB, 48, 12.98 W, 22 MHz, 405 MHz, Not Active, Not Active, Not Active, Not Active, Not Active
2026/09/03 20:59:25.860, 519 MiB, 48, 13.16 W, 22 MHz, 405 MHz, Not Active, Not Active, Not Active, Not Active, Not Active
2026/09/03 20:59:26.060, 519 MiB, 48, 13.16 W, 22 MHz, 405 MHz, Not Active, Not Active, Not Active, Not Active, Not Active
2026/09/03 20:59:26.261, 519 MiB, 48, 13.16 W, 22 MHz, 405 MHz, Not Active, Not Active, Not Active, Not Active, Not Active
2026/09/03 20:59:26.461, 519 MiB, 48, 13.16 W, 22 MHz, 405 MHz, Not Active, Not Active, Not Active, Not Active, Not Active
2026/09/03 20:59:26.661, 519 MiB, 48, 13.16 W, 22 MHz, 405 MHz, Not Active, Not Active, Not Active, Not Active, Not Active
2026/09/03 20:59:26.861, 519 MiB, 48, 12.96 W, 24 MHz, 405 MHz, Not Active, Not Active, Not Active, Not Active, Not Active
2026/09/03 20:59:27.062, 519 MiB, 48, 12.96 W, 24 MHz, 405 MHz, Not Active, Not Active, Not Active, Not Active, Not Active
2026/09/03 20:59:27.262, 519 MiB, 48, 12.96 W, 24 MHz, 405 MHz, Not Active, Not Active, Not Active, Not Active, Not Active
2026/09/03 20:59:27.462, 519 MiB, 48, 13.55 W, 22 MHz, 405 MHz, Not Active, Not Active, Not Active, Not Active, Not Active
2026/09/03 20:59:27.663, 519 MiB, 48, 13.55 W, 22 MHz, 405 MHz, Not Active, Not Active, Not Active, Not Active, Not Active
2026/09/03 20:59:27.863, 519 MiB, 48, 14.87 W, 22 MHz, 405 MHz, Not Active, Not Active, Not Active, Not Active, Not Active
2026/09/03 20:59:28.063, 519 MiB, 48, 14.87 W, 22 MHz, 405 MHz, Not Active, Not Active, Not Active, Not Active, Not Active
2026/09/03 20:59:28.264, 519 MiB, 48, 14.87 W, 22 MHz, 405 MHz, Not Active, Not Active, Not Active, Not Active, Not Active
2026/09/03 20:59:28.464, 519 MiB, 48, 14.87 W, 22 MHz, 405 MHz, Not Active, Not Active, Not Active, Not Active, Not Active
2026/09/03 20:59:28.664, 519 MiB, 48, 14.87 W, 22 MHz, 405 MHz, Not Active, Not Active, Not Active, Not Active, Not Active
2026/09/03 20:59:28.865, 519 MiB, 48, 12.81 W, 22 MHz, 405 MHz, Not Active, Not Active, Not Active, Not Active, Not Active
2026/09/03 20:59:29.065, 519 MiB, 48, 12.81 W, 22 MHz, 405 MHz, Not Active, Not Active, Not Active, Not Active, Not Active
2026/09/03 20:59:29.265, 519 MiB, 48, 12.81 W, 22 MHz, 405 MHz, Not Active, Not Active, Not Active, Not Active, Not Active
2026/09/03 20:59:29.466, 519 MiB, 48, 12.81 W, 22 MHz, 405 MHz, Not Active, Not Active, Not Active, Not Active, Not Active
2026/09/03 20:59:29.666, 519 MiB, 48, 12.81 W, 22 MHz, 405 MHz, Not Active, Not Active, Not Active, Not Active, Not Active
2026/09/03 20:59:29.866, 519 MiB, 48, 12.93 W, 22 MHz, 405 MHz, Not Active, Not Active, Not Active, Not Active, Not Active
2026/09/03 20:59:30.066, 519 MiB, 48, 12.93 W, 22 MHz, 405 MHz, Not Active, Not Active, Not Active, Not Active, Not Active
2026/09/03 20:59:30.267, 519 MiB, 48, 12.93 W, 22 MHz, 405 MHz, Not Active, Not Active, Not Active, Not Active, Not Active
2026/09/03 20:59:30.467, 519 MiB, 48, 12.93 W, 22 MHz, 405 MHz, Not Active, Not Active, Not Active, Not Active, Not Active
2026/09/03 20:59:30.667, 519 MiB, 48, 12.93 W, 22 MHz, 405 MHz, Not Active, Not Active, Not Active, Not Active, Not Active
2026/09/03 20:59:30.868, 519 MiB, 48, 12.89 W, 22 MHz, 405 MHz, Not Active, Not Active, Not Active, Not Active, Not Active
2026/09/03 20:59:31.068, 519 MiB, 48, 12.89 W, 22 MHz, 405 MHz, Not Active, Not Active, Not Active, Not Active, Not Active
2026/09/03 20:59:31.268, 519 MiB, 48, 12.89 W, 22 MHz, 405 MHz, Not Active, Not Active, Not Active, Not Active, Not Active
2026/09/03 20:59:31.468, 519 MiB, 48, 12.89 W, 22 MHz, 405 MHz, Not Active, Not Active, Not Active, Not Active, Not Active
2026/09/03 20:59:31.669, 519 MiB, 48, 12.89 W, 22 MHz, 405 MHz, Not Active, Not Active, Not Active, Not Active, Not Active
2026/09/03 20:59:31.869, 519 MiB, 48, 12.96 W, 22 MHz, 405 MHz, Not Active, Not Active, Not Active, Not Active, Not Active
2026/09/03 20:59:32.069, 519 MiB, 48, 12.96 W, 22 MHz, 405 MHz, Not Active, Not Active, Not Active, Not Active, Not Active
2026/09/03 20:59:32.269, 519 MiB, 48, 12.96 W, 22 MHz, 405 MHz, Not Active, Not Active, Not Active, Not Active, Not Active
2026/09/03 20:59:32.470, 519 MiB, 48, 12.96 W, 22 MHz, 405 MHz, Not Active, Not Active, Not Active, Not Active, Not Active
2026/09/03 20:59:32.670, 519 MiB, 48, 12.96 W, 22 MHz, 405 MHz, Not Active, Not Active, Not Active, Not Active, Not Active
2026/09/03 20:59:32.870, 519 MiB, 48, 13.00 W, 22 MHz, 405 MHz, Not Active, Not Active, Not Active, Not Active, Not Active
2026/09/03 20:59:33.070, 519 MiB, 48, 13.00 W, 22 MHz, 405 MHz, Not Active, Not Active, Not Active, Not Active, Not Active
2026/09/03 20:59:33.271, 519 MiB, 48, 13.00 W, 22 MHz, 405 MHz, Not Active, Not Active, Not Active, Not Active, Not Active
2026/09/03 20:59:33.471, 519 MiB, 48, 13.00 W, 22 MHz, 405 MHz, Not Active, Not Active, Not Active, Not Active, Not Active
2026/09/03 20:59:33.671, 519 MiB, 48, 13.00 W, 22 MHz, 405 MHz, Not Active, Not Active, Not Active, Not Active, Not Active
2026/09/03 20:59:33.872, 519 MiB, 48, 12.80 W, 22 MHz, 405 MHz, Not Active, Not Active, Not Active, Not Active, Not Active
2026/09/03 20:59:34.072, 519 MiB, 48, 12.80 W, 22 MHz, 405 MHz, Not Active, Not Active, Not Active, Not Active, Not Active
2026/09/03 20:59:34.272, 519 MiB, 48, 12.80 W, 22 MHz, 405 MHz, Not Active, Not Active, Not Active, Not Active, Not Active
2026/09/03 20:59:34.473, 519 MiB, 48, 13.33 W, 22 MHz, 405 MHz, Not Active, Not Active, Not Active, Not Active, Not Active
2026/09/03 20:59:34.673, 519 MiB, 48, 13.33 W, 22 MHz, 405 MHz, Not Active, Not Active, Not Active, Not Active, Not Active
2026/09/03 20:59:34.873, 519 MiB, 48, 13.74 W, 22 MHz, 405 MHz, Not Active, Not Active, Not Active, Not Active, Not Active
2026/09/03 20:59:35.073, 519 MiB, 48, 13.74 W, 22 MHz, 405 MHz, Not Active, Not Active, Not Active, Not Active, Not Active
2026/09/03 20:59:35.274, 519 MiB, 48, 13.74 W, 22 MHz, 405 MHz, Not Active, Not Active, Not Active, Not Active, Not Active
2026/09/03 20:59:35.474, 519 MiB, 48, 14.76 W, 22 MHz, 405 MHz, Not Active, Not Active, Not Active, Not Active, Not Active
2026/09/03 20:59:35.674, 519 MiB, 48, 14.76 W, 22 MHz, 405 MHz, Not Active, Not Active, Not Active, Not Active, Not Active
2026/09/03 20:59:35.875, 519 MiB, 48, 14.76 W, 22 MHz, 405 MHz, Not Active, Not Active, Not Active, Not Active, Not Active
2026/09/03 20:59:36.075, 519 MiB, 48, 14.76 W, 22 MHz, 405 MHz, Not Active, Not Active, Not Active, Not Active, Not Active
2026/09/03 20:59:36.275, 519 MiB, 48, 14.76 W, 22 MHz, 405 MHz, Not Active, Not Active, Not Active, Not Active, Not Active
2026/09/03 20:59:36.475, 519 MiB, 48, 12.89 W, 22 MHz, 405 MHz, Not Active, Not Active, Not Active, Not Active, Not Active
2026/09/03 20:59:36.676, 519 MiB, 48, 12.89 W, 22 MHz, 405 MHz, Not Active, Not Active, Not Active, Not Active, Not Active
2026/09/03 20:59:36.876, 519 MiB, 48, 12.89 W, 22 MHz, 405 MHz, Not Active, Not Active, Not Active, Not Active, Not Active
2026/09/03 20:59:37.076, 519 MiB, 48, 12.89 W, 22 MHz, 405 MHz, Not Active, Not Active, Not Active, Not Active, Not Active
2026/09/03 20:59:37.276, 519 MiB, 48, 12.89 W, 22 MHz, 405 MHz, Not Active, Not Active, Not Active, Not Active, Not Active
2026/09/03 20:59:37.477, 519 MiB, 48, 12.83 W, 22 MHz, 405 MHz, Not Active, Not Active, Not Active, Not Active, Not Active
2026/09/03 20:59:37.677, 519 MiB, 48, 12.83 W, 22 MHz, 405 MHz, Not Active, Not Active, Not Active, Not Active, Not Active
2026/09/03 20:59:37.877, 519 MiB, 48, 12.83 W, 22 MHz, 405 MHz, Not Active, Not Active, Not Active, Not Active, Not Active
2026/09/03 20:59:38.078, 519 MiB, 48, 12.83 W, 22 MHz, 405 MHz, Not Active, Not Active, Not Active, Not Active, Not Active
2026/09/03 20:59:38.278, 519 MiB, 48, 12.83 W, 22 MHz, 405 MHz, Not Active, Not Active, Not Active, Not Active, Not Active
2026/09/03 20:59:38.478, 519 MiB, 48, 13.07 W, 22 MHz, 405 MHz, Not Active, Not Active, Not Active, Not Active, Not Active
2026/09/03 20:59:38.678, 519 MiB, 48, 13.07 W, 22 MHz, 405 MHz, Not Active, Not Active, Not Active, Not Active, Not Active
2026/09/03 20:59:38.879, 519 MiB, 48, 13.07 W, 22 MHz, 405 MHz, Not Active, Not Active, Not Active, Not Active, Not Active
2026/09/03 20:59:39.079, 519 MiB, 48, 13.07 W, 22 MHz, 405 MHz, Not Active, Not Active, Not Active, Not Active, Not Active
2026/09/03 20:59:39.279, 519 MiB, 48, 13.07 W, 22 MHz, 405 MHz, Not Active, Not Active, Not Active, Not Active, Not Active
2026/09/03 20:59:39.480, 519 MiB, 48, 13.12 W, 22 MHz, 405 MHz, Not Active, Not Active, Not Active, Not Active, Not Active
2026/09/03 20:59:39.680, 519 MiB, 48, 13.12 W, 22 MHz, 405 MHz, Not Active, Not Active, Not Active, Not Active, Not Active
2026/09/03 20:59:39.880, 519 MiB, 48, 13.12 W, 22 MHz, 405 MHz, Not Active, Not Active, Not Active, Not Active, Not Active
2026/09/03 20:59:40.080, 519 MiB, 48, 13.12 W, 22 MHz, 405 MHz, Not Active, Not Active, Not Active, Not Active, Not Active
2026/09/03 20:59:40.280, 519 MiB, 48, 13.12 W, 22 MHz, 405 MHz, Not Active, Not Active, Not Active, Not Active, Not Active
2026/09/03 20:59:40.481, 519 MiB, 48, 13.14 W, 22 MHz, 405 MHz, Not Active, Not Active, Not Active, Not Active, Not Active
2026/09/03 20:59:40.681, 519 MiB, 48, 13.14 W, 22 MHz, 405 MHz, Not Active, Not Active, Not Active, Not Active, Not Active
2026/09/03 20:59:40.881, 519 MiB, 48, 13.14 W, 22 MHz, 405 MHz, Not Active, Not Active, Not Active, Not Active, Not Active
2026/09/03 20:59:41.082, 519 MiB, 48, 13.14 W, 22 MHz, 405 MHz, Not Active, Not Active, Not Active, Not Active, Not Active
2026/09/03 20:59:41.282, 519 MiB, 48, 13.14 W, 22 MHz, 405 MHz, Not Active, Not Active, Not Active, Not Active, Not Active
2026/09/03 20:59:41.482, 519 MiB, 48, 13.54 W, 24 MHz, 405 MHz, Not Active, Not Active, Not Active, Not Active, Not Active
2026/09/03 20:59:41.682, 519 MiB, 48, 13.54 W, 24 MHz, 405 MHz, Not Active, Not Active, Not Active, Not Active, Not Active
2026/09/03 20:59:41.883, 519 MiB, 48, 13.91 W, 22 MHz, 405 MHz, Not Active, Not Active, Not Active, Not Active, Not Active
2026/09/03 20:59:42.083, 519 MiB, 48, 13.91 W, 22 MHz, 405 MHz, Not Active, Not Active, Not Active, Not Active, Not Active
2026/09/03 20:59:42.283, 519 MiB, 48, 13.91 W, 22 MHz, 405 MHz, Not Active, Not Active, Not Active, Not Active, Not Active
2026/09/03 20:59:42.483, 519 MiB, 48, 15.14 W, 22 MHz, 405 MHz, Not Active, Not Active, Not Active, Not Active, Not Active
2026/09/03 20:59:42.684, 519 MiB, 48, 15.14 W, 22 MHz, 405 MHz, Not Active, Not Active, Not Active, Not Active, Not Active
2026/09/03 20:59:42.884, 519 MiB, 48, 15.14 W, 22 MHz, 405 MHz, Not Active, Not Active, Not Active, Not Active, Not Active
2026/09/03 20:59:43.084, 519 MiB, 48, 15.14 W, 22 MHz, 405 MHz, Not Active, Not Active, Not Active, Not Active, Not Active
2026/09/03 20:59:43.284, 519 MiB, 48, 15.14 W, 22 MHz, 405 MHz, Not Active, Not Active, Not Active, Not Active, Not Active
2026/09/03 20:59:43.485, 519 MiB, 48, 13.21 W, 22 MHz, 405 MHz, Not Active, Not Active, Not Active, Not Active, Not Active
2026/09/03 20:59:43.685, 519 MiB, 48, 13.21 W, 22 MHz, 405 MHz, Not Active, Not Active, Not Active, Not Active, Not Active
2026/09/03 20:59:43.885, 519 MiB, 48, 13.21 W, 22 MHz, 405 MHz, Not Active, Not Active, Not Active, Not Active, Not Active
2026/09/03 20:59:44.086, 519 MiB, 48, 13.21 W, 22 MHz, 405 MHz, Not Active, Not Active, Not Active, Not Active, Not Active
2026/09/03 20:59:44.286, 519 MiB, 48, 13.21 W, 22 MHz, 405 MHz, Not Active, Not Active, Not Active, Not Active, Not Active
2026/09/03 20:59:44.486, 519 MiB, 48, 13.03 W, 22 MHz, 405 MHz, Not Active, Not Active, Not Active, Not Active, Not Active
2026/09/03 20:59:44.687, 519 MiB, 48, 13.03 W, 22 MHz, 405 MHz, Not Active, Not Active, Not Active, Not Active, Not Active
2026/09/03 20:59:44.887, 519 MiB, 48, 13.03 W, 22 MHz, 405 MHz, Not Active, Not Active, Not Active, Not Active, Not Active
2026/09/03 20:59:45.087, 519 MiB, 48, 13.03 W, 22 MHz, 405 MHz, Not Active, Not Active, Not Active, Not Active, Not Active
2026/09/03 20:59:45.287, 519 MiB, 48, 13.03 W, 22 MHz, 405 MHz, Not Active, Not Active, Not Active, Not Active, Not Active
2026/09/03 20:59:45.488, 519 MiB, 48, 13.10 W, 22 MHz, 405 MHz, Not Active, Not Active, Not Active, Not Active, Not Active
2026/09/03 20:59:45.688, 519 MiB, 48, 13.10 W, 22 MHz, 405 MHz, Not Active, Not Active, Not Active, Not Active, Not Active
2026/09/03 20:59:45.888, 519 MiB, 48, 13.10 W, 22 MHz, 405 MHz, Not Active, Not Active, Not Active, Not Active, Not Active
2026/09/03 20:59:46.088, 519 MiB, 48, 13.10 W, 22 MHz, 405 MHz, Not Active, Not Active, Not Active, Not Active, Not Active
2026/09/03 20:59:46.289, 519 MiB, 48, 13.10 W, 22 MHz, 405 MHz, Not Active, Not Active, Not Active, Not Active, Not Active
2026/09/03 20:59:46.489, 519 MiB, 48, 13.09 W, 22 MHz, 405 MHz, Not Active, Not Active, Not Active, Not Active, Not Active
2026/09/03 20:59:46.689, 519 MiB, 48, 13.09 W, 22 MHz, 405 MHz, Not Active, Not Active, Not Active, Not Active, Not Active
2026/09/03 20:59:46.889, 519 MiB, 48, 13.09 W, 22 MHz, 405 MHz, Not Active, Not Active, Not Active, Not Active, Not Active
2026/09/03 20:59:47.089, 519 MiB, 48, 13.09 W, 22 MHz, 405 MHz, Not Active, Not Active, Not Active, Not Active, Not Active
2026/09/03 20:59:47.290, 519 MiB, 48, 13.09 W, 22 MHz, 405 MHz, Not Active, Not Active, Not Active, Not Active, Not Active
2026/09/03 20:59:47.490, 519 MiB, 48, 12.97 W, 22 MHz, 405 MHz, Not Active, Not Active, Not Active, Not Active, Not Active
2026/09/03 20:59:47.690, 519 MiB, 48, 12.97 W, 22 MHz, 405 MHz, Not Active, Not Active, Not Active, Not Active, Not Active
2026/09/03 20:59:47.891, 519 MiB, 48, 12.97 W, 22 MHz, 405 MHz, Not Active, Not Active, Not Active, Not Active, Not Active
2026/09/03 20:59:48.091, 519 MiB, 48, 12.97 W, 22 MHz, 405 MHz, Not Active, Not Active, Not Active, Not Active, Not Active
2026/09/03 20:59:48.291, 519 MiB, 48, 12.97 W, 22 MHz, 405 MHz, Not Active, Not Active, Not Active, Not Active, Not Active
2026/09/03 20:59:48.492, 519 MiB, 48, 13.02 W, 24 MHz, 405 MHz, Not Active, Not Active, Not Active, Not Active, Not Active
2026/09/03 20:59:48.692, 519 MiB, 48, 13.02 W, 24 MHz, 405 MHz, Not Active, Not Active, Not Active, Not Active, Not Active
2026/09/03 20:59:48.892, 519 MiB, 48, 13.60 W, 22 MHz, 405 MHz, Not Active, Not Active, Not Active, Not Active, Not Active
2026/09/03 20:59:49.092, 519 MiB, 48, 13.60 W, 22 MHz, 405 MHz, Not Active, Not Active, Not Active, Not Active, Not Active
2026/09/03 20:59:49.293, 519 MiB, 48, 13.60 W, 22 MHz, 405 MHz, Not Active, Not Active, Not Active, Not Active, Not Active
2026/09/03 20:59:49.493, 519 MiB, 48, 14.69 W, 22 MHz, 405 MHz, Not Active, Not Active, Not Active, Not Active, Not Active
2026/09/03 20:59:49.693, 519 MiB, 48, 14.69 W, 22 MHz, 405 MHz, Not Active, Not Active, Not Active, Not Active, Not Active
2026/09/03 20:59:49.893, 519 MiB, 48, 14.69 W, 22 MHz, 405 MHz, Not Active, Not Active, Not Active, Not Active, Not Active
2026/09/03 20:59:50.094, 519 MiB, 48, 14.69 W, 22 MHz, 405 MHz, Not Active, Not Active, Not Active, Not Active, Not Active
2026/09/03 20:59:50.294, 519 MiB, 48, 14.69 W, 22 MHz, 405 MHz, Not Active, Not Active, Not Active, Not Active, Not Active
2026/09/03 20:59:50.494, 519 MiB, 48, 12.82 W, 22 MHz, 405 MHz, Not Active, Not Active, Not Active, Not Active, Not Active
2026/09/03 20:59:50.694, 519 MiB, 48, 12.82 W, 22 MHz, 405 MHz, Not Active, Not Active, Not Active, Not Active, Not Active
2026/09/03 20:59:50.895, 519 MiB, 48, 12.82 W, 22 MHz, 405 MHz, Not Active, Not Active, Not Active, Not Active, Not Active
2026/09/03 20:59:51.095, 519 MiB, 48, 12.82 W, 22 MHz, 405 MHz, Not Active, Not Active, Not Active, Not Active, Not Active
2026/09/03 20:59:51.295, 519 MiB, 48, 12.82 W, 22 MHz, 405 MHz, Not Active, Not Active, Not Active, Not Active, Not Active
2026/09/03 20:59:51.496, 519 MiB, 48, 12.65 W, 22 MHz, 405 MHz, Not Active, Not Active, Not Active, Not Active, Not Active
2026/09/03 20:59:51.696, 519 MiB, 48, 12.65 W, 22 MHz, 405 MHz, Not Active, Not Active, Not Active, Not Active, Not Active
2026/09/03 20:59:51.896, 519 MiB, 48, 12.65 W, 22 MHz, 405 MHz, Not Active, Not Active, Not Active, Not Active, Not Active
2026/09/03 20:59:52.096, 519 MiB, 48, 12.65 W, 22 MHz, 405 MHz, Not Active, Not Active, Not Active, Not Active, Not Active
2026/09/03 20:59:52.297, 519 MiB, 48, 12.65 W, 22 MHz, 405 MHz, Not Active, Not Active, Not Active, Not Active, Not Active
2026/09/03 20:59:52.497, 519 MiB, 48, 12.79 W, 22 MHz, 405 MHz, Not Active, Not Active, Not Active, Not Active, Not Active
2026/09/03 20:59:52.697, 519 MiB, 48, 12.79 W, 22 MHz, 405 MHz, Not Active, Not Active, Not Active, Not Active, Not Active
2026/09/03 20:59:52.897, 519 MiB, 48, 12.79 W, 22 MHz, 405 MHz, Not Active, Not Active, Not Active, Not Active, Not Active
2026/09/03 20:59:53.098, 519 MiB, 48, 12.79 W, 22 MHz, 405 MHz, Not Active, Not Active, Not Active, Not Active, Not Active
2026/09/03 20:59:53.298, 519 MiB, 48, 12.79 W, 22 MHz, 405 MHz, Not Active, Not Active, Not Active, Not Active, Not Active
2026/09/03 20:59:53.498, 519 MiB, 48, 12.82 W, 22 MHz, 405 MHz, Not Active, Not Active, Not Active, Not Active, Not Active
2026/09/03 20:59:53.698, 519 MiB, 48, 12.82 W, 22 MHz, 405 MHz, Not Active, Not Active, Not Active, Not Active, Not Active
2026/09/03 20:59:53.899, 519 MiB, 48, 12.82 W, 22 MHz, 405 MHz, Not Active, Not Active, Not Active, Not Active, Not Active
2026/09/03 20:59:54.099, 519 MiB, 48, 12.82 W, 22 MHz, 405 MHz, Not Active, Not Active, Not Active, Not Active, Not Active
2026/09/03 20:59:54.299, 519 MiB, 48, 12.82 W, 22 MHz, 405 MHz, Not Active, Not Active, Not Active, Not Active, Not Active
2026/09/03 20:59:54.499, 519 MiB, 48, 12.75 W, 22 MHz, 405 MHz, Not Active, Not Active, Not Active, Not Active, Not Active
2026/09/03 20:59:54.700, 519 MiB, 48, 12.75 W, 22 MHz, 405 MHz, Not Active, Not Active, Not Active, Not Active, Not Active
2026/09/03 20:59:54.900, 519 MiB, 48, 12.75 W, 22 MHz, 405 MHz, Not Active, Not Active, Not Active, Not Active, Not Active
2026/09/03 20:59:55.100, 519 MiB, 48, 12.75 W, 22 MHz, 405 MHz, Not Active, Not Active, Not Active, Not Active, Not Active
2026/09/03 20:59:55.300, 519 MiB, 48, 12.75 W, 22 MHz, 405 MHz, Not Active, Not Active, Not Active, Not Active, Not Active
2026/09/03 20:59:55.501, 519 MiB, 48, 12.86 W, 22 MHz, 405 MHz, Not Active, Not Active, Not Active, Not Active, Not Active
2026/09/03 20:59:55.701, 519 MiB, 48, 12.86 W, 22 MHz, 405 MHz, Not Active, Not Active, Not Active, Not Active, Not Active
2026/09/03 20:59:55.901, 519 MiB, 48, 13.49 W, 22 MHz, 405 MHz, Not Active, Not Active, Not Active, Not Active, Not Active
2026/09/03 20:59:56.102, 519 MiB, 48, 13.49 W, 22 MHz, 405 MHz, Not Active, Not Active, Not Active, Not Active, Not Active
2026/09/03 20:59:56.302, 519 MiB, 48, 13.49 W, 22 MHz, 405 MHz, Not Active, Not Active, Not Active, Not Active, Not Active
2026/09/03 20:59:56.503, 519 MiB, 48, 14.63 W, 22 MHz, 405 MHz, Not Active, Not Active, Not Active, Not Active, Not Active
2026/09/03 20:59:56.703, 519 MiB, 48, 14.63 W, 22 MHz, 405 MHz, Not Active, Not Active, Not Active, Not Active, Not Active
2026/09/03 20:59:56.903, 519 MiB, 48, 14.60 W, 22 MHz, 405 MHz, Not Active, Not Active, Not Active, Not Active, Not Active
2026/09/03 20:59:57.104, 519 MiB, 48, 14.60 W, 22 MHz, 405 MHz, Not Active, Not Active, Not Active, Not Active, Not Active
2026/09/03 20:59:57.304, 519 MiB, 48, 14.60 W, 22 MHz, 405 MHz, Not Active, Not Active, Not Active, Not Active, Not Active
2026/09/03 20:59:57.504, 519 MiB, 48, 14.60 W, 22 MHz, 405 MHz, Not Active, Not Active, Not Active, Not Active, Not Active
2026/09/03 20:59:57.704, 519 MiB, 48, 14.60 W, 22 MHz, 405 MHz, Not Active, Not Active, Not Active, Not Active, Not Active
2026/09/03 20:59:57.904, 519 MiB, 48, 12.74 W, 22 MHz, 405 MHz, Not Active, Not Active, Not Active, Not Active, Not Active
2026/09/03 20:59:58.105, 519 MiB, 48, 12.74 W, 22 MHz, 405 MHz, Not Active, Not Active, Not Active, Not Active, Not Active
2026/09/03 20:59:58.305, 519 MiB, 48, 12.74 W, 22 MHz, 405 MHz, Not Active, Not Active, Not Active, Not Active, Not Active
2026/09/03 20:59:58.505, 519 MiB, 48, 12.74 W, 22 MHz, 405 MHz, Not Active, Not Active, Not Active, Not Active, Not Active
2026/09/03 20:59:58.706, 519 MiB, 48, 12.74 W, 22 MHz, 405 MHz, Not Active, Not Active, Not Active, Not Active, Not Active
2026/09/03 20:59:58.906, 519 MiB, 48, 12.75 W, 22 MHz, 405 MHz, Not Active, Not Active, Not Active, Not Active, Not Active
2026/09/03 20:59:59.106, 519 MiB, 48, 12.75 W, 22 MHz, 405 MHz, Not Active, Not Active, Not Active, Not Active, Not Active
2026/09/03 20:59:59.306, 519 MiB, 48, 12.75 W, 22 MHz, 405 MHz, Not Active, Not Active, Not Active, Not Active, Not Active
2026/09/03 20:59:59.507, 519 MiB, 48, 12.75 W, 22 MHz, 405 MHz, Not Active, Not Active, Not Active, Not Active, Not Active
2026/09/03 20:59:59.707, 519 MiB, 48, 12.75 W, 22 MHz, 405 MHz, Not Active, Not Active, Not Active, Not Active, Not Active
2026/09/03 20:59:59.907, 519 MiB, 48, 12.91 W, 22 MHz, 405 MHz, Not Active, Not Active, Not Active, Not Active, Not Active
2026/09/03 21:00:00.108, 519 MiB, 48, 12.91 W, 22 MHz, 405 MHz, Not Active, Not Active, Not Active, Not Active, Not Active
2026/09/03 21:00:00.308, 519 MiB, 48, 12.91 W, 22 MHz, 405 MHz, Not Active, Not Active, Not Active, Not Active, Not Active
2026/09/03 21:00:00.508, 519 MiB, 48, 12.91 W, 22 MHz, 405 MHz, Not Active, Not Active, Not Active, Not Active, Not Active
2026/09/03 21:00:00.708, 519 MiB, 48, 12.91 W, 22 MHz, 405 MHz, Not Active, Not Active, Not Active, Not Active, Not Active
2026/09/03 21:00:00.909, 519 MiB, 48, 12.85 W, 21 MHz, 405 MHz, Not Active, Not Active, Not Active, Not Active, Not Active
2026/09/03 21:00:01.109, 519 MiB, 48, 12.85 W, 21 MHz, 405 MHz, Not Active, Not Active, Not Active, Not Active, Not Active
2026/09/03 21:00:01.309, 519 MiB, 48, 12.85 W, 21 MHz, 405 MHz, Not Active, Not Active, Not Active, Not Active, Not Active
2026/09/03 21:00:01.510, 519 MiB, 48, 12.85 W, 21 MHz, 405 MHz, Not Active, Not Active, Not Active, Not Active, Not Active
2026/09/03 21:00:01.710, 519 MiB, 48, 12.85 W, 21 MHz, 405 MHz, Not Active, Not Active, Not Active, Not Active, Not Active
2026/09/03 21:00:01.910, 519 MiB, 48, 13.00 W, 22 MHz, 405 MHz, Not Active, Not Active, Not Active, Not Active, Not Active
2026/09/03 21:00:02.111, 519 MiB, 48, 13.00 W, 22 MHz, 405 MHz, Not Active, Not Active, Not Active, Not Active, Not Active
2026/09/03 21:00:02.311, 519 MiB, 48, 13.00 W, 22 MHz, 405 MHz, Not Active, Not Active, Not Active, Not Active, Not Active
2026/09/03 21:00:02.511, 519 MiB, 48, 13.00 W, 22 MHz, 405 MHz, Not Active, Not Active, Not Active, Not Active, Not Active
2026/09/03 21:00:02.711, 519 MiB, 48, 13.00 W, 22 MHz, 405 MHz, Not Active, Not Active, Not Active, Not Active, Not Active
2026/09/03 21:00:02.912, 519 MiB, 48, 13.42 W, 24 MHz, 405 MHz, Not Active, Not Active, Not Active, Not Active, Not Active
2026/09/03 21:00:03.112, 519 MiB, 48, 13.42 W, 24 MHz, 405 MHz, Not Active, Not Active, Not Active, Not Active, Not Active
2026/09/03 21:00:03.312, 519 MiB, 48, 13.42 W, 24 MHz, 405 MHz, Not Active, Not Active, Not Active, Not Active, Not Active
2026/09/03 21:00:03.513, 519 MiB, 48, 13.88 W, 22 MHz, 405 MHz, Not Active, Not Active, Not Active, Not Active, Not Active
2026/09/03 21:00:03.713, 519 MiB, 48, 13.88 W, 22 MHz, 405 MHz, Not Active, Not Active, Not Active, Not Active, Not Active
2026/09/03 21:00:03.913, 519 MiB, 48, 14.82 W, 22 MHz, 405 MHz, Not Active, Not Active, Not Active, Not Active, Not Active
2026/09/03 21:00:04.113, 519 MiB, 48, 14.82 W, 22 MHz, 405 MHz, Not Active, Not Active, Not Active, Not Active, Not Active
2026/09/03 21:00:04.314, 519 MiB, 48, 14.82 W, 22 MHz, 405 MHz, Not Active, Not Active, Not Active, Not Active, Not Active
2026/09/03 21:00:04.514, 519 MiB, 48, 14.82 W, 22 MHz, 405 MHz, Not Active, Not Active, Not Active, Not Active, Not Active
2026/09/03 21:00:04.714, 519 MiB, 48, 14.82 W, 22 MHz, 405 MHz, Not Active, Not Active, Not Active, Not Active, Not Active
2026/09/03 21:00:04.914, 519 MiB, 48, 12.85 W, 22 MHz, 405 MHz, Not Active, Not Active, Not Active, Not Active, Not Active
2026/09/03 21:00:05.115, 519 MiB, 48, 12.85 W, 22 MHz, 405 MHz, Not Active, Not Active, Not Active, Not Active, Not Active
2026/09/03 21:00:05.315, 519 MiB, 48, 12.85 W, 22 MHz, 405 MHz, Not Active, Not Active, Not Active, Not Active, Not Active
2026/09/03 21:00:05.515, 519 MiB, 48, 12.85 W, 22 MHz, 405 MHz, Not Active, Not Active, Not Active, Not Active, Not Active
2026/09/03 21:00:05.716, 519 MiB, 48, 12.85 W, 22 MHz, 405 MHz, Not Active, Not Active, Not Active, Not Active, Not Active
2026/09/03 21:00:05.916, 519 MiB, 48, 12.82 W, 22 MHz, 405 MHz, Not Active, Not Active, Not Active, Not Active, Not Active
2026/09/03 21:00:06.116, 519 MiB, 48, 12.82 W, 22 MHz, 405 MHz, Not Active, Not Active, Not Active, Not Active, Not Active
2026/09/03 21:00:06.316, 519 MiB, 48, 12.82 W, 22 MHz, 405 MHz, Not Active, Not Active, Not Active, Not Active, Not Active
2026/09/03 21:00:06.517, 519 MiB, 48, 12.82 W, 22 MHz, 405 MHz, Not Active, Not Active, Not Active, Not Active, Not Active
2026/09/03 21:00:06.717, 519 MiB, 48, 12.82 W, 22 MHz, 405 MHz, Not Active, Not Active, Not Active, Not Active, Not Active
2026/09/03 21:00:06.917, 519 MiB, 48, 12.38 W, 22 MHz, 405 MHz, Not Active, Not Active, Not Active, Not Active, Not Active
2026/09/03 21:00:07.117, 519 MiB, 48, 12.38 W, 22 MHz, 405 MHz, Not Active, Not Active, Not Active, Not Active, Not Active
2026/09/03 21:00:07.318, 519 MiB, 48, 12.38 W, 22 MHz, 405 MHz, Not Active, Not Active, Not Active, Not Active, Not Active
2026/09/03 21:00:07.518, 519 MiB, 48, 12.38 W, 22 MHz, 405 MHz, Not Active, Not Active, Not Active, Not Active, Not Active
2026/09/03 21:00:07.718, 519 MiB, 48, 12.38 W, 22 MHz, 405 MHz, Not Active, Not Active, Not Active, Not Active, Not Active
2026/09/03 21:00:07.919, 519 MiB, 48, 12.45 W, 22 MHz, 405 MHz, Not Active, Not Active, Not Active, Not Active, Not Active
2026/09/03 21:00:08.119, 519 MiB, 48, 12.45 W, 22 MHz, 405 MHz, Not Active, Not Active, Not Active, Not Active, Not Active
2026/09/03 21:00:08.319, 519 MiB, 48, 12.45 W, 22 MHz, 405 MHz, Not Active, Not Active, Not Active, Not Active, Not Active
2026/09/03 21:00:08.519, 519 MiB, 48, 12.45 W, 22 MHz, 405 MHz, Not Active, Not Active, Not Active, Not Active, Not Active
2026/09/03 21:00:08.720, 519 MiB, 48, 12.45 W, 22 MHz, 405 MHz, Not Active, Not Active, Not Active, Not Active, Not Active
2026/09/03 21:00:08.920, 519 MiB, 48, 12.99 W, 22 MHz, 405 MHz, Not Active, Not Active, Not Active, Not Active, Not Active
2026/09/03 21:00:09.120, 519 MiB, 48, 12.99 W, 22 MHz, 405 MHz, Not Active, Not Active, Not Active, Not Active, Not Active
2026/09/03 21:00:09.320, 519 MiB, 48, 12.99 W, 22 MHz, 405 MHz, Not Active, Not Active, Not Active, Not Active, Not Active
2026/09/03 21:00:09.521, 519 MiB, 48, 12.99 W, 22 MHz, 405 MHz, Not Active, Not Active, Not Active, Not Active, Not Active
2026/09/03 21:00:09.721, 519 MiB, 48, 12.99 W, 22 MHz, 405 MHz, Not Active, Not Active, Not Active, Not Active, Not Active
2026/09/03 21:00:09.921, 519 MiB, 48, 12.98 W, 24 MHz, 405 MHz, Not Active, Not Active, Not Active, Not Active, Not Active
2026/09/03 21:00:10.122, 519 MiB, 48, 12.98 W, 24 MHz, 405 MHz, Not Active, Not Active, Not Active, Not Active, Not Active
2026/09/03 21:00:10.322, 519 MiB, 48, 12.98 W, 24 MHz, 405 MHz, Not Active, Not Active, Not Active, Not Active, Not Active
2026/09/03 21:00:10.522, 519 MiB, 48, 13.56 W, 22 MHz, 405 MHz, Not Active, Not Active, Not Active, Not Active, Not Active
2026/09/03 21:00:10.722, 519 MiB, 48, 13.56 W, 22 MHz, 405 MHz, Not Active, Not Active, Not Active, Not Active, Not Active
2026/09/03 21:00:10.923, 519 MiB, 48, 14.74 W, 22 MHz, 405 MHz, Not Active, Not Active, Not Active, Not Active, Not Active
2026/09/03 21:00:11.123, 519 MiB, 48, 14.74 W, 22 MHz, 405 MHz, Not Active, Not Active, Not Active, Not Active, Not Active
2026/09/03 21:00:11.323, 519 MiB, 48, 14.74 W, 22 MHz, 405 MHz, Not Active, Not Active, Not Active, Not Active, Not Active
2026/09/03 21:00:11.524, 519 MiB, 48, 14.74 W, 22 MHz, 405 MHz, Not Active, Not Active, Not Active, Not Active, Not Active
2026/09/03 21:00:11.724, 519 MiB, 48, 14.74 W, 22 MHz, 405 MHz, Not Active, Not Active, Not Active, Not Active, Not Active
2026/09/03 21:00:11.924, 519 MiB, 48, 12.85 W, 22 MHz, 405 MHz, Not Active, Not Active, Not Active, Not Active, Not Active
2026/09/03 21:00:12.124, 519 MiB, 48, 12.85 W, 22 MHz, 405 MHz, Not Active, Not Active, Not Active, Not Active, Not Active
2026/09/03 21:00:12.325, 519 MiB, 48, 12.85 W, 22 MHz, 405 MHz, Not Active, Not Active, Not Active, Not Active, Not Active
2026/09/03 21:00:12.525, 519 MiB, 48, 12.85 W, 22 MHz, 405 MHz, Not Active, Not Active, Not Active, Not Active, Not Active
2026/09/03 21:00:12.725, 519 MiB, 48, 12.85 W, 22 MHz, 405 MHz, Not Active, Not Active, Not Active, Not Active, Not Active
2026/09/03 21:00:12.926, 519 MiB, 48, 12.79 W, 22 MHz, 405 MHz, Not Active, Not Active, Not Active, Not Active, Not Active
2026/09/03 21:00:13.126, 519 MiB, 48, 12.79 W, 22 MHz, 405 MHz, Not Active, Not Active, Not Active, Not Active, Not Active
2026/09/03 21:00:13.326, 519 MiB, 48, 12.79 W, 22 MHz, 405 MHz, Not Active, Not Active, Not Active, Not Active, Not Active
2026/09/03 21:00:13.526, 519 MiB, 48, 12.79 W, 22 MHz, 405 MHz, Not Active, Not Active, Not Active, Not Active, Not Active
2026/09/03 21:00:13.727, 519 MiB, 48, 12.79 W, 22 MHz, 405 MHz, Not Active, Not Active, Not Active, Not Active, Not Active
2026/09/03 21:00:13.927, 519 MiB, 48, 12.85 W, 22 MHz, 405 MHz, Not Active, Not Active, Not Active, Not Active, Not Active
2026/09/03 21:00:14.127, 519 MiB, 48, 12.85 W, 22 MHz, 405 MHz, Not Active, Not Active, Not Active, Not Active, Not Active
2026/09/03 21:00:14.327, 519 MiB, 48, 12.85 W, 22 MHz, 405 MHz, Not Active, Not Active, Not Active, Not Active, Not Active
2026/09/03 21:00:14.528, 519 MiB, 48, 12.85 W, 22 MHz, 405 MHz, Not Active, Not Active, Not Active, Not Active, Not Active
2026/09/03 21:00:14.728, 519 MiB, 48, 12.85 W, 22 MHz, 405 MHz, Not Active, Not Active, Not Active, Not Active, Not Active
2026/09/03 21:00:14.928, 519 MiB, 48, 13.04 W, 21 MHz, 405 MHz, Not Active, Not Active, Not Active, Not Active, Not Active
2026/09/03 21:00:15.128, 519 MiB, 48, 13.04 W, 21 MHz, 405 MHz, Not Active, Not Active, Not Active, Not Active, Not Active
2026/09/03 21:00:15.329, 519 MiB, 48, 13.04 W, 21 MHz, 405 MHz, Not Active, Not Active, Not Active, Not Active, Not Active
2026/09/03 21:00:15.529, 519 MiB, 48, 13.04 W, 21 MHz, 405 MHz, Not Active, Not Active, Not Active, Not Active, Not Active
2026/09/03 21:00:15.729, 519 MiB, 48, 13.04 W, 21 MHz, 405 MHz, Not Active, Not Active, Not Active, Not Active, Not Active
2026/09/03 21:00:15.929, 519 MiB, 48, 13.02 W, 22 MHz, 405 MHz, Not Active, Not Active, Not Active, Not Active, Not Active
2026/09/03 21:00:16.130, 519 MiB, 48, 13.02 W, 22 MHz, 405 MHz, Not Active, Not Active, Not Active, Not Active, Not Active
2026/09/03 21:00:16.330, 519 MiB, 48, 13.02 W, 22 MHz, 405 MHz, Not Active, Not Active, Not Active, Not Active, Not Active
2026/09/03 21:00:16.530, 519 MiB, 48, 13.02 W, 22 MHz, 405 MHz, Not Active, Not Active, Not Active, Not Active, Not Active
2026/09/03 21:00:16.730, 519 MiB, 48, 13.02 W, 22 MHz, 405 MHz, Not Active, Not Active, Not Active, Not Active, Not Active
2026/09/03 21:00:16.931, 519 MiB, 48, 12.85 W, 22 MHz, 405 MHz, Not Active, Not Active, Not Active, Not Active, Not Active
2026/09/03 21:00:17.131, 519 MiB, 48, 12.85 W, 22 MHz, 405 MHz, Not Active, Not Active, Not Active, Not Active, Not Active
2026/09/03 21:00:17.331, 519 MiB, 48, 12.85 W, 22 MHz, 405 MHz, Not Active, Not Active, Not Active, Not Active, Not Active
2026/09/03 21:00:17.531, 519 MiB, 48, 13.56 W, 22 MHz, 405 MHz, Not Active, Not Active, Not Active, Not Active, Not Active
2026/09/03 21:00:17.732, 519 MiB, 48, 13.56 W, 22 MHz, 405 MHz, Not Active, Not Active, Not Active, Not Active, Not Active
2026/09/03 21:00:17.932, 519 MiB, 48, 14.90 W, 22 MHz, 405 MHz, Not Active, Not Active, Not Active, Not Active, Not Active
2026/09/03 21:00:18.132, 519 MiB, 48, 14.90 W, 22 MHz, 405 MHz, Not Active, Not Active, Not Active, Not Active, Not Active
2026/09/03 21:00:18.332, 519 MiB, 48, 14.90 W, 22 MHz, 405 MHz, Not Active, Not Active, Not Active, Not Active, Not Active
2026/09/03 21:00:18.532, 519 MiB, 48, 14.91 W, 22 MHz, 405 MHz, Not Active, Not Active, Not Active, Not Active, Not Active
2026/09/03 21:00:18.733, 519 MiB, 48, 14.91 W, 22 MHz, 405 MHz, Not Active, Not Active, Not Active, Not Active, Not Active
2026/09/03 21:00:18.933, 519 MiB, 48, 14.91 W, 22 MHz, 405 MHz, Not Active, Not Active, Not Active, Not Active, Not Active
2026/09/03 21:00:19.133, 519 MiB, 48, 14.91 W, 22 MHz, 405 MHz, Not Active, Not Active, Not Active, Not Active, Not Active
2026/09/03 21:00:19.334, 519 MiB, 48, 14.91 W, 22 MHz, 405 MHz, Not Active, Not Active, Not Active, Not Active, Not Active
2026/09/03 21:00:19.534, 519 MiB, 48, 12.73 W, 22 MHz, 405 MHz, Not Active, Not Active, Not Active, Not Active, Not Active
2026/09/03 21:00:19.734, 519 MiB, 48, 12.73 W, 22 MHz, 405 MHz, Not Active, Not Active, Not Active, Not Active, Not Active
2026/09/03 21:00:19.934, 519 MiB, 48, 12.73 W, 22 MHz, 405 MHz, Not Active, Not Active, Not Active, Not Active, Not Active
2026/09/03 21:00:20.135, 519 MiB, 48, 12.73 W, 22 MHz, 405 MHz, Not Active, Not Active, Not Active, Not Active, Not Active
2026/09/03 21:00:20.335, 519 MiB, 48, 12.73 W, 22 MHz, 405 MHz, Not Active, Not Active, Not Active, Not Active, Not Active
2026/09/03 21:00:20.535, 519 MiB, 48, 12.72 W, 22 MHz, 405 MHz, Not Active, Not Active, Not Active, Not Active, Not Active
2026/09/03 21:00:20.736, 519 MiB, 48, 12.72 W, 22 MHz, 405 MHz, Not Active, Not Active, Not Active, Not Active, Not Active
2026/09/03 21:00:20.936, 519 MiB, 48, 12.72 W, 22 MHz, 405 MHz, Not Active, Not Active, Not Active, Not Active, Not Active
2026/09/03 21:00:21.136, 519 MiB, 48, 12.72 W, 22 MHz, 405 MHz, Not Active, Not Active, Not Active, Not Active, Not Active
2026/09/03 21:00:21.336, 519 MiB, 48, 12.72 W, 22 MHz, 405 MHz, Not Active, Not Active, Not Active, Not Active, Not Active
2026/09/03 21:00:21.537, 519 MiB, 48, 12.81 W, 22 MHz, 405 MHz, Not Active, Not Active, Not Active, Not Active, Not Active
2026/09/03 21:00:21.737, 519 MiB, 48, 12.81 W, 22 MHz, 405 MHz, Not Active, Not Active, Not Active, Not Active, Not Active
2026/09/03 21:00:21.937, 519 MiB, 48, 12.81 W, 22 MHz, 405 MHz, Not Active, Not Active, Not Active, Not Active, Not Active
2026/09/03 21:00:22.137, 519 MiB, 48, 12.81 W, 22 MHz, 405 MHz, Not Active, Not Active, Not Active, Not Active, Not Active
2026/09/03 21:00:22.338, 519 MiB, 48, 12.81 W, 22 MHz, 405 MHz, Not Active, Not Active, Not Active, Not Active, Not Active
2026/09/03 21:00:22.538, 519 MiB, 48, 12.98 W, 22 MHz, 405 MHz, Not Active, Not Active, Not Active, Not Active, Not Active
2026/09/03 21:00:22.738, 519 MiB, 48, 12.98 W, 22 MHz, 405 MHz, Not Active, Not Active, Not Active, Not Active, Not Active
2026/09/03 21:00:22.938, 519 MiB, 48, 12.98 W, 22 MHz, 405 MHz, Not Active, Not Active, Not Active, Not Active, Not Active
2026/09/03 21:00:23.139, 519 MiB, 48, 12.98 W, 22 MHz, 405 MHz, Not Active, Not Active, Not Active, Not Active, Not Active
2026/09/03 21:00:23.339, 519 MiB, 48, 12.98 W, 22 MHz, 405 MHz, Not Active, Not Active, Not Active, Not Active, Not Active
2026/09/03 21:00:23.539, 519 MiB, 48, 12.93 W, 22 MHz, 405 MHz, Not Active, Not Active, Not Active, Not Active, Not Active
2026/09/03 21:00:23.739, 519 MiB, 48, 12.93 W, 22 MHz, 405 MHz, Not Active, Not Active, Not Active, Not Active, Not Active
2026/09/03 21:00:23.939, 519 MiB, 48, 12.93 W, 22 MHz, 405 MHz, Not Active, Not Active, Not Active, Not Active, Not Active
2026/09/03 21:00:24.140, 519 MiB, 48, 12.93 W, 22 MHz, 405 MHz, Not Active, Not Active, Not Active, Not Active, Not Active
2026/09/03 21:00:24.340, 519 MiB, 48, 12.93 W, 22 MHz, 405 MHz, Not Active, Not Active, Not Active, Not Active, Not Active
2026/09/03 21:00:24.540, 519 MiB, 48, 13.38 W, 24 MHz, 405 MHz, Not Active, Not Active, Not Active, Not Active, Not Active
2026/09/03 21:00:24.741, 519 MiB, 48, 13.38 W, 24 MHz, 405 MHz, Not Active, Not Active, Not Active, Not Active, Not Active
2026/09/03 21:00:24.941, 519 MiB, 48, 13.84 W, 22 MHz, 405 MHz, Not Active, Not Active, Not Active, Not Active, Not Active
2026/09/03 21:00:25.142, 519 MiB, 48, 13.84 W, 22 MHz, 405 MHz, Not Active, Not Active, Not Active, Not Active, Not Active
2026/09/03 21:00:25.342, 519 MiB, 48, 13.84 W, 22 MHz, 405 MHz, Not Active, Not Active, Not Active, Not Active, Not Active
2026/09/03 21:00:25.542, 519 MiB, 48, 14.90 W, 22 MHz, 405 MHz, Not Active, Not Active, Not Active, Not Active, Not Active
2026/09/03 21:00:25.742, 519 MiB, 48, 14.90 W, 22 MHz, 405 MHz, Not Active, Not Active, Not Active, Not Active, Not Active
2026/09/03 21:00:25.943, 519 MiB, 48, 14.90 W, 22 MHz, 405 MHz, Not Active, Not Active, Not Active, Not Active, Not Active
2026/09/03 21:00:26.143, 519 MiB, 48, 14.90 W, 22 MHz, 405 MHz, Not Active, Not Active, Not Active, Not Active, Not Active
2026/09/03 21:00:26.343, 519 MiB, 48, 14.90 W, 22 MHz, 405 MHz, Not Active, Not Active, Not Active, Not Active, Not Active
2026/09/03 21:00:26.544, 519 MiB, 48, 13.07 W, 22 MHz, 405 MHz, Not Active, Not Active, Not Active, Not Active, Not Active
2026/09/03 21:00:26.744, 519 MiB, 48, 13.07 W, 22 MHz, 405 MHz, Not Active, Not Active, Not Active, Not Active, Not Active
2026/09/03 21:00:26.944, 519 MiB, 48, 13.07 W, 22 MHz, 405 MHz, Not Active, Not Active, Not Active, Not Active, Not Active
2026/09/03 21:00:27.144, 519 MiB, 48, 13.07 W, 22 MHz, 405 MHz, Not Active, Not Active, Not Active, Not Active, Not Active
2026/09/03 21:00:27.345, 519 MiB, 48, 13.07 W, 22 MHz, 405 MHz, Not Active, Not Active, Not Active, Not Active, Not Active
2026/09/03 21:00:27.545, 519 MiB, 48, 13.06 W, 22 MHz, 405 MHz, Not Active, Not Active, Not Active, Not Active, Not Active
2026/09/03 21:00:27.745, 519 MiB, 48, 13.06 W, 22 MHz, 405 MHz, Not Active, Not Active, Not Active, Not Active, Not Active
2026/09/03 21:00:27.945, 519 MiB, 48, 13.06 W, 22 MHz, 405 MHz, Not Active, Not Active, Not Active, Not Active, Not Active
2026/09/03 21:00:28.146, 519 MiB, 48, 13.06 W, 22 MHz, 405 MHz, Not Active, Not Active, Not Active, Not Active, Not Active
2026/09/03 21:00:28.346, 519 MiB, 48, 13.06 W, 22 MHz, 405 MHz, Not Active, Not Active, Not Active, Not Active, Not Active
2026/09/03 21:00:28.546, 519 MiB, 48, 13.08 W, 22 MHz, 405 MHz, Not Active, Not Active, Not Active, Not Active, Not Active
2026/09/03 21:00:28.747, 519 MiB, 48, 13.08 W, 22 MHz, 405 MHz, Not Active, Not Active, Not Active, Not Active, Not Active
2026/09/03 21:00:28.947, 519 MiB, 48, 13.08 W, 22 MHz, 405 MHz, Not Active, Not Active, Not Active, Not Active, Not Active
2026/09/03 21:00:29.147, 519 MiB, 48, 13.08 W, 22 MHz, 405 MHz, Not Active, Not Active, Not Active, Not Active, Not Active
2026/09/03 21:00:29.348, 519 MiB, 48, 13.08 W, 22 MHz, 405 MHz, Not Active, Not Active, Not Active, Not Active, Not Active
2026/09/03 21:00:29.548, 519 MiB, 48, 13.00 W, 22 MHz, 405 MHz, Not Active, Not Active, Not Active, Not Active, Not Active
2026/09/03 21:00:29.748, 519 MiB, 48, 13.00 W, 22 MHz, 405 MHz, Not Active, Not Active, Not Active, Not Active, Not Active
2026/09/03 21:00:29.948, 519 MiB, 48, 13.00 W, 22 MHz, 405 MHz, Not Active, Not Active, Not Active, Not Active, Not Active
2026/09/03 21:00:30.149, 519 MiB, 48, 13.00 W, 22 MHz, 405 MHz, Not Active, Not Active, Not Active, Not Active, Not Active
2026/09/03 21:00:30.349, 519 MiB, 48, 13.00 W, 22 MHz, 405 MHz, Not Active, Not Active, Not Active, Not Active, Not Active
2026/09/03 21:00:30.549, 519 MiB, 48, 12.97 W, 22 MHz, 405 MHz, Not Active, Not Active, Not Active, Not Active, Not Active
2026/09/03 21:00:30.750, 519 MiB, 48, 12.97 W, 22 MHz, 405 MHz, Not Active, Not Active, Not Active, Not Active, Not Active
2026/09/03 21:00:30.950, 519 MiB, 48, 12.97 W, 22 MHz, 405 MHz, Not Active, Not Active, Not Active, Not Active, Not Active
2026/09/03 21:00:31.150, 519 MiB, 48, 12.97 W, 22 MHz, 405 MHz, Not Active, Not Active, Not Active, Not Active, Not Active
2026/09/03 21:00:31.350, 519 MiB, 48, 12.97 W, 22 MHz, 405 MHz, Not Active, Not Active, Not Active, Not Active, Not Active
2026/09/03 21:00:31.550, 519 MiB, 48, 13.13 W, 24 MHz, 405 MHz, Not Active, Not Active, Not Active, Not Active, Not Active
2026/09/03 21:00:31.751, 519 MiB, 48, 13.13 W, 24 MHz, 405 MHz, Not Active, Not Active, Not Active, Not Active, Not Active
2026/09/03 21:00:31.951, 519 MiB, 48, 13.77 W, 22 MHz, 405 MHz, Not Active, Not Active, Not Active, Not Active, Not Active
2026/09/03 21:00:32.151, 519 MiB, 48, 13.77 W, 22 MHz, 405 MHz, Not Active, Not Active, Not Active, Not Active, Not Active
2026/09/03 21:00:32.352, 519 MiB, 48, 13.77 W, 22 MHz, 405 MHz, Not Active, Not Active, Not Active, Not Active, Not Active
2026/09/03 21:00:32.552, 519 MiB, 48, 14.99 W, 22 MHz, 405 MHz, Not Active, Not Active, Not Active, Not Active, Not Active
2026/09/03 21:00:32.752, 519 MiB, 48, 14.99 W, 22 MHz, 405 MHz, Not Active, Not Active, Not Active, Not Active, Not Active
2026/09/03 21:00:32.952, 519 MiB, 48, 14.99 W, 22 MHz, 405 MHz, Not Active, Not Active, Not Active, Not Active, Not Active
2026/09/03 21:00:33.152, 519 MiB, 48, 14.99 W, 22 MHz, 405 MHz, Not Active, Not Active, Not Active, Not Active, Not Active
2026/09/03 21:00:33.353, 519 MiB, 48, 14.99 W, 22 MHz, 405 MHz, Not Active, Not Active, Not Active, Not Active, Not Active
2026/09/03 21:00:33.553, 519 MiB, 48, 13.09 W, 22 MHz, 405 MHz, Not Active, Not Active, Not Active, Not Active, Not Active
2026/09/03 21:00:33.753, 519 MiB, 48, 13.09 W, 22 MHz, 405 MHz, Not Active, Not Active, Not Active, Not Active, Not Active
2026/09/03 21:00:33.954, 519 MiB, 48, 13.09 W, 22 MHz, 405 MHz, Not Active, Not Active, Not Active, Not Active, Not Active
2026/09/03 21:00:34.154, 519 MiB, 48, 13.09 W, 22 MHz, 405 MHz, Not Active, Not Active, Not Active, Not Active, Not Active
2026/09/03 21:00:34.354, 519 MiB, 48, 13.09 W, 22 MHz, 405 MHz, Not Active, Not Active, Not Active, Not Active, Not Active
2026/09/03 21:00:34.554, 519 MiB, 48, 12.94 W, 22 MHz, 405 MHz, Not Active, Not Active, Not Active, Not Active, Not Active
2026/09/03 21:00:34.755, 519 MiB, 48, 12.94 W, 22 MHz, 405 MHz, Not Active, Not Active, Not Active, Not Active, Not Active
2026/09/03 21:00:34.955, 519 MiB, 48, 12.94 W, 22 MHz, 405 MHz, Not Active, Not Active, Not Active, Not Active, Not Active
2026/09/03 21:00:35.155, 519 MiB, 48, 12.94 W, 22 MHz, 405 MHz, Not Active, Not Active, Not Active, Not Active, Not Active
2026/09/03 21:00:35.355, 519 MiB, 48, 12.94 W, 22 MHz, 405 MHz, Not Active, Not Active, Not Active, Not Active, Not Active
2026/09/03 21:00:35.556, 519 MiB, 48, 12.73 W, 22 MHz, 405 MHz, Not Active, Not Active, Not Active, Not Active, Not Active
2026/09/03 21:00:35.756, 519 MiB, 48, 12.73 W, 22 MHz, 405 MHz, Not Active, Not Active, Not Active, Not Active, Not Active
2026/09/03 21:00:35.956, 519 MiB, 48, 12.73 W, 22 MHz, 405 MHz, Not Active, Not Active, Not Active, Not Active, Not Active
2026/09/03 21:00:36.157, 519 MiB, 48, 12.73 W, 22 MHz, 405 MHz, Not Active, Not Active, Not Active, Not Active, Not Active
2026/09/03 21:00:36.357, 519 MiB, 48, 12.73 W, 22 MHz, 405 MHz, Not Active, Not Active, Not Active, Not Active, Not Active
2026/09/03 21:00:36.557, 519 MiB, 48, 12.62 W, 22 MHz, 405 MHz, Not Active, Not Active, Not Active, Not Active, Not Active
2026/09/03 21:00:36.757, 519 MiB, 48, 12.62 W, 22 MHz, 405 MHz, Not Active, Not Active, Not Active, Not Active, Not Active
2026/09/03 21:00:36.958, 519 MiB, 48, 12.62 W, 22 MHz, 405 MHz, Not Active, Not Active, Not Active, Not Active, Not Active
2026/09/03 21:00:37.158, 519 MiB, 48, 12.62 W, 22 MHz, 405 MHz, Not Active, Not Active, Not Active, Not Active, Not Active
2026/09/03 21:00:37.358, 519 MiB, 48, 12.62 W, 22 MHz, 405 MHz, Not Active, Not Active, Not Active, Not Active, Not Active
2026/09/03 21:00:37.559, 519 MiB, 47, 12.72 W, 22 MHz, 405 MHz, Not Active, Not Active, Not Active, Not Active, Not Active
2026/09/03 21:00:37.759, 519 MiB, 47, 12.72 W, 22 MHz, 405 MHz, Not Active, Not Active, Not Active, Not Active, Not Active
2026/09/03 21:00:37.959, 519 MiB, 47, 12.72 W, 22 MHz, 405 MHz, Not Active, Not Active, Not Active, Not Active, Not Active
2026/09/03 21:00:38.159, 519 MiB, 47, 12.72 W, 22 MHz, 405 MHz, Not Active, Not Active, Not Active, Not Active, Not Active
2026/09/03 21:00:38.360, 519 MiB, 47, 12.72 W, 22 MHz, 405 MHz, Not Active, Not Active, Not Active, Not Active, Not Active
2026/09/03 21:00:38.560, 519 MiB, 47, 12.56 W, 22 MHz, 405 MHz, Not Active, Not Active, Not Active, Not Active, Not Active
2026/09/03 21:00:38.760, 519 MiB, 47, 12.56 W, 22 MHz, 405 MHz, Not Active, Not Active, Not Active, Not Active, Not Active
2026/09/03 21:00:38.960, 519 MiB, 48, 13.15 W, 22 MHz, 405 MHz, Not Active, Not Active, Not Active, Not Active, Not Active
2026/09/03 21:00:39.161, 519 MiB, 48, 13.15 W, 22 MHz, 405 MHz, Not Active, Not Active, Not Active, Not Active, Not Active
2026/09/03 21:00:39.361, 519 MiB, 48, 13.15 W, 22 MHz, 405 MHz, Not Active, Not Active, Not Active, Not Active, Not Active
2026/09/03 21:00:39.561, 519 MiB, 48, 14.55 W, 22 MHz, 405 MHz, Not Active, Not Active, Not Active, Not Active, Not Active
2026/09/03 21:00:39.762, 519 MiB, 48, 14.55 W, 22 MHz, 405 MHz, Not Active, Not Active, Not Active, Not Active, Not Active
2026/09/03 21:00:39.962, 519 MiB, 48, 14.55 W, 22 MHz, 405 MHz, Not Active, Not Active, Not Active, Not Active, Not Active
2026/09/03 21:00:40.162, 519 MiB, 48, 14.55 W, 22 MHz, 405 MHz, Not Active, Not Active, Not Active, Not Active, Not Active
2026/09/03 21:00:40.362, 519 MiB, 48, 14.55 W, 22 MHz, 405 MHz, Not Active, Not Active, Not Active, Not Active, Not Active
2026/09/03 21:00:40.563, 519 MiB, 48, 14.55 W, 22 MHz, 405 MHz, Not Active, Not Active, Not Active, Not Active, Not Active
2026/09/03 21:00:40.763, 519 MiB, 48, 14.55 W, 22 MHz, 405 MHz, Not Active, Not Active, Not Active, Not Active, Not Active
2026/09/03 21:00:40.963, 519 MiB, 48, 12.65 W, 22 MHz, 405 MHz, Not Active, Not Active, Not Active, Not Active, Not Active
2026/09/03 21:00:41.164, 519 MiB, 48, 12.65 W, 22 MHz, 405 MHz, Not Active, Not Active, Not Active, Not Active, Not Active
2026/09/03 21:00:41.364, 519 MiB, 48, 12.65 W, 22 MHz, 405 MHz, Not Active, Not Active, Not Active, Not Active, Not Active
2026/09/03 21:00:41.564, 519 MiB, 48, 12.65 W, 22 MHz, 405 MHz, Not Active, Not Active, Not Active, Not Active, Not Active
2026/09/03 21:00:41.764, 519 MiB, 48, 12.65 W, 22 MHz, 405 MHz, Not Active, Not Active, Not Active, Not Active, Not Active
2026/09/03 21:00:41.965, 519 MiB, 47, 12.50 W, 22 MHz, 405 MHz, Not Active, Not Active, Not Active, Not Active, Not Active
2026/09/03 21:00:42.165, 519 MiB, 47, 12.50 W, 22 MHz, 405 MHz, Not Active, Not Active, Not Active, Not Active, Not Active
2026/09/03 21:00:42.365, 519 MiB, 47, 12.50 W, 22 MHz, 405 MHz, Not Active, Not Active, Not Active, Not Active, Not Active
2026/09/03 21:00:42.565, 519 MiB, 47, 12.50 W, 22 MHz, 405 MHz, Not Active, Not Active, Not Active, Not Active, Not Active
2026/09/03 21:00:42.767, 519 MiB, 47, 12.50 W, 22 MHz, 405 MHz, Not Active, Not Active, Not Active, Not Active, Not Active
2026/09/03 21:00:42.967, 519 MiB, 47, 12.83 W, 22 MHz, 405 MHz, Not Active, Not Active, Not Active, Not Active, Not Active
2026/09/03 21:00:43.168, 519 MiB, 47, 12.83 W, 22 MHz, 405 MHz, Not Active, Not Active, Not Active, Not Active, Not Active
2026/09/03 21:00:43.368, 519 MiB, 47, 12.83 W, 22 MHz, 405 MHz, Not Active, Not Active, Not Active, Not Active, Not Active
2026/09/03 21:00:43.568, 519 MiB, 47, 12.83 W, 22 MHz, 405 MHz, Not Active, Not Active, Not Active, Not Active, Not Active
2026/09/03 21:00:43.769, 519 MiB, 47, 12.83 W, 22 MHz, 405 MHz, Not Active, Not Active, Not Active, Not Active, Not Active
2026/09/03 21:00:43.969, 519 MiB, 47, 12.88 W, 22 MHz, 405 MHz, Not Active, Not Active, Not Active, Not Active, Not Active
2026/09/03 21:00:44.169, 519 MiB, 47, 12.88 W, 22 MHz, 405 MHz, Not Active, Not Active, Not Active, Not Active, Not Active
2026/09/03 21:00:44.369, 519 MiB, 47, 12.88 W, 22 MHz, 405 MHz, Not Active, Not Active, Not Active, Not Active, Not Active
2026/09/03 21:00:44.570, 519 MiB, 47, 12.88 W, 22 MHz, 405 MHz, Not Active, Not Active, Not Active, Not Active, Not Active
2026/09/03 21:00:44.770, 519 MiB, 47, 12.88 W, 22 MHz, 405 MHz, Not Active, Not Active, Not Active, Not Active, Not Active
2026/09/03 21:00:44.970, 519 MiB, 47, 12.87 W, 22 MHz, 405 MHz, Not Active, Not Active, Not Active, Not Active, Not Active
2026/09/03 21:00:45.171, 519 MiB, 47, 12.87 W, 22 MHz, 405 MHz, Not Active, Not Active, Not Active, Not Active, Not Active
2026/09/03 21:00:45.371, 519 MiB, 47, 12.87 W, 22 MHz, 405 MHz, Not Active, Not Active, Not Active, Not Active, Not Active
2026/09/03 21:00:45.571, 519 MiB, 47, 12.87 W, 22 MHz, 405 MHz, Not Active, Not Active, Not Active, Not Active, Not Active
2026/09/03 21:00:45.771, 519 MiB, 47, 12.87 W, 22 MHz, 405 MHz, Not Active, Not Active, Not Active, Not Active, Not Active
2026/09/03 21:00:45.972, 519 MiB, 47, 13.14 W, 24 MHz, 405 MHz, Not Active, Not Active, Not Active, Not Active, Not Active
2026/09/03 21:00:46.172, 519 MiB, 47, 13.14 W, 24 MHz, 405 MHz, Not Active, Not Active, Not Active, Not Active, Not Active
2026/09/03 21:00:46.372, 519 MiB, 47, 13.14 W, 24 MHz, 405 MHz, Not Active, Not Active, Not Active, Not Active, Not Active
2026/09/03 21:00:46.573, 519 MiB, 47, 13.62 W, 22 MHz, 405 MHz, Not Active, Not Active, Not Active, Not Active, Not Active
2026/09/03 21:00:46.773, 519 MiB, 47, 13.62 W, 22 MHz, 405 MHz, Not Active, Not Active, Not Active, Not Active, Not Active
2026/09/03 21:00:46.973, 519 MiB, 47, 14.65 W, 22 MHz, 405 MHz, Not Active, Not Active, Not Active, Not Active, Not Active
2026/09/03 21:00:47.173, 519 MiB, 47, 14.65 W, 22 MHz, 405 MHz, Not Active, Not Active, Not Active, Not Active, Not Active
2026/09/03 21:00:47.374, 519 MiB, 47, 14.65 W, 22 MHz, 405 MHz, Not Active, Not Active, Not Active, Not Active, Not Active
2026/09/03 21:00:47.574, 519 MiB, 47, 14.65 W, 22 MHz, 405 MHz, Not Active, Not Active, Not Active, Not Active, Not Active
2026/09/03 21:00:47.774, 519 MiB, 47, 14.65 W, 22 MHz, 405 MHz, Not Active, Not Active, Not Active, Not Active, Not Active
2026/09/03 21:00:47.974, 519 MiB, 47, 12.90 W, 22 MHz, 405 MHz, Not Active, Not Active, Not Active, Not Active, Not Active
2026/09/03 21:00:48.175, 519 MiB, 47, 12.90 W, 22 MHz, 405 MHz, Not Active, Not Active, Not Active, Not Active, Not Active
2026/09/03 21:00:48.375, 519 MiB, 47, 12.90 W, 22 MHz, 405 MHz, Not Active, Not Active, Not Active, Not Active, Not Active
2026/09/03 21:00:48.575, 519 MiB, 47, 12.90 W, 22 MHz, 405 MHz, Not Active, Not Active, Not Active, Not Active, Not Active
2026/09/03 21:00:48.776, 519 MiB, 47, 12.90 W, 22 MHz, 405 MHz, Not Active, Not Active, Not Active, Not Active, Not Active
2026/09/03 21:00:48.976, 519 MiB, 47, 12.87 W, 22 MHz, 405 MHz, Not Active, Not Active, Not Active, Not Active, Not Active
2026/09/03 21:00:49.176, 519 MiB, 47, 12.87 W, 22 MHz, 405 MHz, Not Active, Not Active, Not Active, Not Active, Not Active
2026/09/03 21:00:49.376, 519 MiB, 47, 12.87 W, 22 MHz, 405 MHz, Not Active, Not Active, Not Active, Not Active, Not Active
2026/09/03 21:00:49.577, 519 MiB, 47, 12.87 W, 22 MHz, 405 MHz, Not Active, Not Active, Not Active, Not Active, Not Active
2026/09/03 21:00:49.777, 519 MiB, 47, 12.87 W, 22 MHz, 405 MHz, Not Active, Not Active, Not Active, Not Active, Not Active
2026/09/03 21:00:49.977, 519 MiB, 47, 12.89 W, 22 MHz, 405 MHz, Not Active, Not Active, Not Active, Not Active, Not Active
2026/09/03 21:00:50.177, 519 MiB, 47, 12.89 W, 22 MHz, 405 MHz, Not Active, Not Active, Not Active, Not Active, Not Active
2026/09/03 21:00:50.378, 519 MiB, 47, 12.89 W, 22 MHz, 405 MHz, Not Active, Not Active, Not Active, Not Active, Not Active
2026/09/03 21:00:50.578, 519 MiB, 47, 12.89 W, 22 MHz, 405 MHz, Not Active, Not Active, Not Active, Not Active, Not Active
2026/09/03 21:00:50.778, 519 MiB, 47, 12.89 W, 22 MHz, 405 MHz, Not Active, Not Active, Not Active, Not Active, Not Active
2026/09/03 21:00:50.978, 519 MiB, 47, 12.86 W, 22 MHz, 405 MHz, Not Active, Not Active, Not Active, Not Active, Not Active
2026/09/03 21:00:51.179, 519 MiB, 47, 12.86 W, 22 MHz, 405 MHz, Not Active, Not Active, Not Active, Not Active, Not Active
2026/09/03 21:00:51.379, 519 MiB, 47, 12.86 W, 22 MHz, 405 MHz, Not Active, Not Active, Not Active, Not Active, Not Active
2026/09/03 21:00:51.579, 519 MiB, 47, 12.86 W, 22 MHz, 405 MHz, Not Active, Not Active, Not Active, Not Active, Not Active
2026/09/03 21:00:51.780, 519 MiB, 47, 12.86 W, 22 MHz, 405 MHz, Not Active, Not Active, Not Active, Not Active, Not Active
2026/09/03 21:00:51.980, 519 MiB, 47, 12.74 W, 22 MHz, 405 MHz, Not Active, Not Active, Not Active, Not Active, Not Active
2026/09/03 21:00:52.180, 519 MiB, 47, 12.74 W, 22 MHz, 405 MHz, Not Active, Not Active, Not Active, Not Active, Not Active
2026/09/03 21:00:52.380, 519 MiB, 47, 12.74 W, 22 MHz, 405 MHz, Not Active, Not Active, Not Active, Not Active, Not Active
2026/09/03 21:00:52.581, 519 MiB, 47, 12.74 W, 22 MHz, 405 MHz, Not Active, Not Active, Not Active, Not Active, Not Active
2026/09/03 21:00:52.781, 519 MiB, 47, 12.74 W, 22 MHz, 405 MHz, Not Active, Not Active, Not Active, Not Active, Not Active
2026/09/03 21:00:52.981, 519 MiB, 47, 13.04 W, 24 MHz, 405 MHz, Not Active, Not Active, Not Active, Not Active, Not Active
2026/09/03 21:00:53.182, 519 MiB, 47, 13.04 W, 24 MHz, 405 MHz, Not Active, Not Active, Not Active, Not Active, Not Active
2026/09/03 21:00:53.382, 519 MiB, 47, 13.04 W, 24 MHz, 405 MHz, Not Active, Not Active, Not Active, Not Active, Not Active
2026/09/03 21:00:53.582, 519 MiB, 47, 13.53 W, 22 MHz, 405 MHz, Not Active, Not Active, Not Active, Not Active, Not Active
2026/09/03 21:00:53.782, 519 MiB, 47, 13.53 W, 22 MHz, 405 MHz, Not Active, Not Active, Not Active, Not Active, Not Active
2026/09/03 21:00:53.983, 519 MiB, 47, 14.41 W, 22 MHz, 405 MHz, Not Active, Not Active, Not Active, Not Active, Not Active
2026/09/03 21:00:54.183, 519 MiB, 47, 14.41 W, 22 MHz, 405 MHz, Not Active, Not Active, Not Active, Not Active, Not Active
2026/09/03 21:00:54.383, 519 MiB, 47, 14.41 W, 22 MHz, 405 MHz, Not Active, Not Active, Not Active, Not Active, Not Active
2026/09/03 21:00:54.583, 519 MiB, 47, 14.41 W, 22 MHz, 405 MHz, Not Active, Not Active, Not Active, Not Active, Not Active
2026/09/03 21:00:54.784, 519 MiB, 47, 14.41 W, 22 MHz, 405 MHz, Not Active, Not Active, Not Active, Not Active, Not Active
2026/09/03 21:00:54.984, 519 MiB, 47, 12.78 W, 22 MHz, 405 MHz, Not Active, Not Active, Not Active, Not Active, Not Active
2026/09/03 21:00:55.184, 519 MiB, 47, 12.78 W, 22 MHz, 405 MHz, Not Active, Not Active, Not Active, Not Active, Not Active
2026/09/03 21:00:55.385, 519 MiB, 47, 12.78 W, 22 MHz, 405 MHz, Not Active, Not Active, Not Active, Not Active, Not Active
2026/09/03 21:00:55.585, 519 MiB, 47, 12.78 W, 22 MHz, 405 MHz, Not Active, Not Active, Not Active, Not Active, Not Active
2026/09/03 21:00:55.785, 519 MiB, 47, 12.78 W, 22 MHz, 405 MHz, Not Active, Not Active, Not Active, Not Active, Not Active
2026/09/03 21:00:55.986, 519 MiB, 47, 12.81 W, 22 MHz, 405 MHz, Not Active, Not Active, Not Active, Not Active, Not Active
2026/09/03 21:00:56.186, 519 MiB, 47, 12.81 W, 22 MHz, 405 MHz, Not Active, Not Active, Not Active, Not Active, Not Active
2026/09/03 21:00:56.386, 519 MiB, 47, 12.81 W, 22 MHz, 405 MHz, Not Active, Not Active, Not Active, Not Active, Not Active
2026/09/03 21:00:56.586, 519 MiB, 47, 12.81 W, 22 MHz, 405 MHz, Not Active, Not Active, Not Active, Not Active, Not Active
2026/09/03 21:00:56.787, 519 MiB, 47, 12.81 W, 22 MHz, 405 MHz, Not Active, Not Active, Not Active, Not Active, Not Active
2026/09/03 21:00:56.987, 519 MiB, 47, 12.94 W, 22 MHz, 405 MHz, Not Active, Not Active, Not Active, Not Active, Not Active
2026/09/03 21:00:57.187, 519 MiB, 47, 12.94 W, 22 MHz, 405 MHz, Not Active, Not Active, Not Active, Not Active, Not Active
2026/09/03 21:00:57.388, 519 MiB, 47, 12.94 W, 22 MHz, 405 MHz, Not Active, Not Active, Not Active, Not Active, Not Active
2026/09/03 21:00:57.588, 521 MiB, 47, 12.94 W, 22 MHz, 405 MHz, Not Active, Not Active, Not Active, Not Active, Not Active
2026/09/03 21:00:57.788, 521 MiB, 47, 12.94 W, 22 MHz, 405 MHz, Not Active, Not Active, Not Active, Not Active, Not Active
2026/09/03 21:00:57.989, 521 MiB, 48, 30.12 W, 2400 MHz, 13801 MHz, Not Active, Not Active, Not Active, Not Active, Not Active
2026/09/03 21:00:58.189, 521 MiB, 48, 30.12 W, 2400 MHz, 13801 MHz, Not Active, Not Active, Not Active, Not Active, Not Active
2026/09/03 21:00:58.389, 521 MiB, 48, 30.12 W, 2400 MHz, 13801 MHz, Not Active, Not Active, Not Active, Not Active, Not Active
2026/09/03 21:00:58.589, 521 MiB, 48, 38.50 W, 2400 MHz, 13801 MHz, Not Active, Not Active, Not Active, Not Active, Not Active
2026/09/03 21:00:58.790, 521 MiB, 48, 38.50 W, 2400 MHz, 13801 MHz, Not Active, Not Active, Not Active, Not Active, Not Active
2026/09/03 21:00:58.990, 521 MiB, 48, 56.79 W, 2400 MHz, 13801 MHz, Not Active, Not Active, Not Active, Not Active, Not Active
2026/09/03 21:00:59.190, 521 MiB, 48, 56.79 W, 2400 MHz, 13801 MHz, Not Active, Not Active, Not Active, Not Active, Not Active
2026/09/03 21:00:59.390, 521 MiB, 48, 56.79 W, 2400 MHz, 13801 MHz, Not Active, Not Active, Not Active, Not Active, Not Active
2026/09/03 21:00:59.591, 521 MiB, 48, 56.71 W, 2400 MHz, 13801 MHz, Not Active, Not Active, Not Active, Not Active, Not Active
2026/09/03 21:00:59.791, 521 MiB, 48, 56.71 W, 2400 MHz, 13801 MHz, Not Active, Not Active, Not Active, Not Active, Not Active
2026/09/03 21:00:59.991, 521 MiB, 49, 56.99 W, 2400 MHz, 13801 MHz, Not Active, Not Active, Not Active, Not Active, Not Active
2026/09/03 21:01:00.192, 521 MiB, 49, 56.99 W, 2400 MHz, 13801 MHz, Not Active, Not Active, Not Active, Not Active, Not Active
2026/09/03 21:01:00.392, 521 MiB, 49, 56.99 W, 2400 MHz, 13801 MHz, Not Active, Not Active, Not Active, Not Active, Not Active
2026/09/03 21:01:00.592, 521 MiB, 49, 57.10 W, 2400 MHz, 13801 MHz, Not Active, Not Active, Not Active, Not Active, Not Active
2026/09/03 21:01:00.792, 521 MiB, 49, 57.10 W, 2400 MHz, 13801 MHz, Not Active, Not Active, Not Active, Not Active, Not Active
2026/09/03 21:01:00.993, 521 MiB, 49, 56.99 W, 2400 MHz, 13801 MHz, Not Active, Not Active, Not Active, Not Active, Not Active
2026/09/03 21:01:01.193, 521 MiB, 49, 56.99 W, 2400 MHz, 13801 MHz, Not Active, Not Active, Not Active, Not Active, Not Active
2026/09/03 21:01:01.393, 521 MiB, 49, 56.99 W, 2400 MHz, 13801 MHz, Not Active, Not Active, Not Active, Not Active, Not Active
2026/09/03 21:01:01.594, 521 MiB, 49, 56.84 W, 2400 MHz, 13801 MHz, Not Active, Not Active, Not Active, Not Active, Not Active
2026/09/03 21:01:01.794, 521 MiB, 49, 56.84 W, 2400 MHz, 13801 MHz, Not Active, Not Active, Not Active, Not Active, Not Active
2026/09/03 21:01:01.994, 521 MiB, 49, 56.76 W, 2400 MHz, 13801 MHz, Not Active, Not Active, Not Active, Not Active, Not Active
2026/09/03 21:01:02.194, 521 MiB, 49, 56.76 W, 2400 MHz, 13801 MHz, Not Active, Not Active, Not Active, Not Active, Not Active
2026/09/03 21:01:02.395, 521 MiB, 49, 56.76 W, 2400 MHz, 13801 MHz, Not Active, Not Active, Not Active, Not Active, Not Active
2026/09/03 21:01:02.595, 521 MiB, 49, 56.76 W, 2400 MHz, 13801 MHz, Not Active, Not Active, Not Active, Not Active, Not Active
2026/09/03 21:01:02.795, 521 MiB, 49, 56.76 W, 2400 MHz, 13801 MHz, Not Active, Not Active, Not Active, Not Active, Not Active
2026/09/03 21:01:02.996, 521 MiB, 49, 56.89 W, 2400 MHz, 13801 MHz, Not Active, Not Active, Not Active, Not Active, Not Active
2026/09/03 21:01:03.196, 521 MiB, 49, 56.89 W, 2400 MHz, 13801 MHz, Not Active, Not Active, Not Active, Not Active, Not Active
2026/09/03 21:01:03.396, 521 MiB, 49, 56.89 W, 2400 MHz, 13801 MHz, Not Active, Not Active, Not Active, Not Active, Not Active
2026/09/03 21:01:03.597, 521 MiB, 49, 57.01 W, 2400 MHz, 13801 MHz, Not Active, Not Active, Not Active, Not Active, Not Active
2026/09/03 21:01:03.797, 521 MiB, 49, 57.01 W, 2400 MHz, 13801 MHz, Not Active, Not Active, Not Active, Not Active, Not Active
2026/09/03 21:01:03.997, 521 MiB, 49, 57.01 W, 2400 MHz, 13801 MHz, Not Active, Not Active, Not Active, Not Active, Not Active
2026/09/03 21:01:04.197, 521 MiB, 49, 57.01 W, 2400 MHz, 13801 MHz, Not Active, Not Active, Not Active, Not Active, Not Active
2026/09/03 21:01:04.398, 521 MiB, 49, 57.01 W, 2400 MHz, 13801 MHz, Not Active, Not Active, Not Active, Not Active, Not Active
2026/09/03 21:01:04.598, 521 MiB, 49, 56.97 W, 2400 MHz, 13801 MHz, Not Active, Not Active, Not Active, Not Active, Not Active
2026/09/03 21:01:04.798, 521 MiB, 49, 56.97 W, 2400 MHz, 13801 MHz, Not Active, Not Active, Not Active, Not Active, Not Active
2026/09/03 21:01:04.998, 521 MiB, 49, 56.86 W, 2400 MHz, 13801 MHz, Not Active, Not Active, Not Active, Not Active, Not Active
2026/09/03 21:01:05.199, 521 MiB, 49, 56.86 W, 2400 MHz, 13801 MHz, Not Active, Not Active, Not Active, Not Active, Not Active
2026/09/03 21:01:05.399, 521 MiB, 49, 56.86 W, 2400 MHz, 13801 MHz, Not Active, Not Active, Not Active, Not Active, Not Active
2026/09/03 21:01:05.599, 521 MiB, 49, 56.70 W, 2400 MHz, 13801 MHz, Not Active, Not Active, Not Active, Not Active, Not Active
2026/09/03 21:01:05.799, 521 MiB, 49, 56.70 W, 2400 MHz, 13801 MHz, Not Active, Not Active, Not Active, Not Active, Not Active
2026/09/03 21:01:06.000, 521 MiB, 49, 56.70 W, 2400 MHz, 13801 MHz, Not Active, Not Active, Not Active, Not Active, Not Active
2026/09/03 21:01:06.200, 521 MiB, 49, 56.70 W, 2400 MHz, 13801 MHz, Not Active, Not Active, Not Active, Not Active, Not Active
2026/09/03 21:01:06.400, 521 MiB, 49, 56.70 W, 2400 MHz, 13801 MHz, Not Active, Not Active, Not Active, Not Active, Not Active
2026/09/03 21:01:06.600, 521 MiB, 49, 56.72 W, 2400 MHz, 13801 MHz, Not Active, Not Active, Not Active, Not Active, Not Active
2026/09/03 21:01:06.801, 521 MiB, 49, 56.72 W, 2400 MHz, 13801 MHz, Not Active, Not Active, Not Active, Not Active, Not Active
2026/09/03 21:01:07.001, 521 MiB, 49, 56.69 W, 2400 MHz, 13801 MHz, Not Active, Not Active, Not Active, Not Active, Not Active
2026/09/03 21:01:07.201, 521 MiB, 49, 56.69 W, 2400 MHz, 13801 MHz, Not Active, Not Active, Not Active, Not Active, Not Active
2026/09/03 21:01:07.402, 521 MiB, 49, 56.69 W, 2400 MHz, 13801 MHz, Not Active, Not Active, Not Active, Not Active, Not Active
2026/09/03 21:01:07.602, 521 MiB, 49, 56.98 W, 2400 MHz, 13801 MHz, Not Active, Not Active, Not Active, Not Active, Not Active
2026/09/03 21:01:07.802, 521 MiB, 49, 56.98 W, 2400 MHz, 13801 MHz, Not Active, Not Active, Not Active, Not Active, Not Active
2026/09/03 21:01:08.002, 521 MiB, 49, 57.24 W, 2400 MHz, 13801 MHz, Not Active, Not Active, Not Active, Not Active, Not Active
2026/09/03 21:01:08.203, 521 MiB, 49, 57.24 W, 2400 MHz, 13801 MHz, Not Active, Not Active, Not Active, Not Active, Not Active
2026/09/03 21:01:08.403, 521 MiB, 49, 57.24 W, 2400 MHz, 13801 MHz, Not Active, Not Active, Not Active, Not Active, Not Active
2026/09/03 21:01:08.603, 521 MiB, 49, 57.18 W, 2400 MHz, 13801 MHz, Not Active, Not Active, Not Active, Not Active, Not Active
2026/09/03 21:01:08.804, 521 MiB, 49, 57.18 W, 2400 MHz, 13801 MHz, Not Active, Not Active, Not Active, Not Active, Not Active
2026/09/03 21:01:09.004, 521 MiB, 49, 57.17 W, 2400 MHz, 13801 MHz, Not Active, Not Active, Not Active, Not Active, Not Active
2026/09/03 21:01:09.204, 521 MiB, 49, 57.17 W, 2400 MHz, 13801 MHz, Not Active, Not Active, Not Active, Not Active, Not Active
2026/09/03 21:01:09.404, 521 MiB, 49, 57.14 W, 2400 MHz, 13801 MHz, Not Active, Not Active, Not Active, Not Active, Not Active
2026/09/03 21:01:09.605, 521 MiB, 49, 57.14 W, 2400 MHz, 13801 MHz, Not Active, Not Active, Not Active, Not Active, Not Active
2026/09/03 21:01:09.805, 521 MiB, 49, 57.14 W, 2400 MHz, 13801 MHz, Not Active, Not Active, Not Active, Not Active, Not Active
2026/09/03 21:01:10.005, 521 MiB, 49, 57.17 W, 2400 MHz, 13801 MHz, Not Active, Not Active, Not Active, Not Active, Not Active
2026/09/03 21:01:10.206, 521 MiB, 49, 57.17 W, 2400 MHz, 13801 MHz, Not Active, Not Active, Not Active, Not Active, Not Active
2026/09/03 21:01:10.406, 521 MiB, 49, 57.23 W, 2400 MHz, 13801 MHz, Not Active, Not Active, Not Active, Not Active, Not Active
2026/09/03 21:01:10.606, 521 MiB, 49, 57.23 W, 2400 MHz, 13801 MHz, Not Active, Not Active, Not Active, Not Active, Not Active
2026/09/03 21:01:10.806, 521 MiB, 49, 57.23 W, 2400 MHz, 13801 MHz, Not Active, Not Active, Not Active, Not Active, Not Active
2026/09/03 21:01:11.007, 521 MiB, 49, 57.16 W, 2400 MHz, 13801 MHz, Not Active, Not Active, Not Active, Not Active, Not Active
2026/09/03 21:01:11.207, 521 MiB, 49, 57.16 W, 2400 MHz, 13801 MHz, Not Active, Not Active, Not Active, Not Active, Not Active
2026/09/03 21:01:11.407, 521 MiB, 49, 57.20 W, 2400 MHz, 13801 MHz, Not Active, Not Active, Not Active, Not Active, Not Active
2026/09/03 21:01:11.608, 521 MiB, 49, 57.20 W, 2400 MHz, 13801 MHz, Not Active, Not Active, Not Active, Not Active, Not Active
2026/09/03 21:01:11.808, 521 MiB, 49, 57.20 W, 2400 MHz, 13801 MHz, Not Active, Not Active, Not Active, Not Active, Not Active
2026/09/03 21:01:12.008, 521 MiB, 49, 57.25 W, 2400 MHz, 13801 MHz, Not Active, Not Active, Not Active, Not Active, Not Active
2026/09/03 21:01:12.208, 521 MiB, 49, 57.25 W, 2400 MHz, 13801 MHz, Not Active, Not Active, Not Active, Not Active, Not Active
2026/09/03 21:01:12.409, 521 MiB, 49, 57.14 W, 2400 MHz, 13801 MHz, Not Active, Not Active, Not Active, Not Active, Not Active
2026/09/03 21:01:12.609, 521 MiB, 49, 57.14 W, 2400 MHz, 13801 MHz, Not Active, Not Active, Not Active, Not Active, Not Active
2026/09/03 21:01:12.809, 521 MiB, 49, 57.14 W, 2400 MHz, 13801 MHz, Not Active, Not Active, Not Active, Not Active, Not Active
2026/09/03 21:01:13.010, 521 MiB, 49, 57.05 W, 2400 MHz, 13801 MHz, Not Active, Not Active, Not Active, Not Active, Not Active
2026/09/03 21:01:13.210, 521 MiB, 49, 57.05 W, 2400 MHz, 13801 MHz, Not Active, Not Active, Not Active, Not Active, Not Active
2026/09/03 21:01:13.410, 521 MiB, 49, 57.09 W, 2400 MHz, 13801 MHz, Not Active, Not Active, Not Active, Not Active, Not Active
2026/09/03 21:01:13.610, 521 MiB, 49, 57.09 W, 2400 MHz, 13801 MHz, Not Active, Not Active, Not Active, Not Active, Not Active
2026/09/03 21:01:13.811, 521 MiB, 49, 57.09 W, 2400 MHz, 13801 MHz, Not Active, Not Active, Not Active, Not Active, Not Active
2026/09/03 21:01:14.011, 521 MiB, 49, 57.12 W, 2400 MHz, 13801 MHz, Not Active, Not Active, Not Active, Not Active, Not Active
2026/09/03 21:01:14.211, 521 MiB, 49, 57.12 W, 2400 MHz, 13801 MHz, Not Active, Not Active, Not Active, Not Active, Not Active
2026/09/03 21:01:14.412, 521 MiB, 49, 51.16 W, 158 MHz, 810 MHz, Not Active, Not Active, Not Active, Not Active, Not Active
2026/09/03 21:01:14.612, 521 MiB, 49, 51.16 W, 158 MHz, 810 MHz, Not Active, Not Active, Not Active, Not Active, Not Active
2026/09/03 21:01:14.812, 521 MiB, 49, 51.16 W, 158 MHz, 810 MHz, Not Active, Not Active, Not Active, Not Active, Not Active
2026/09/03 21:01:15.013, 521 MiB, 48, 31.70 W, 390 MHz, 810 MHz, Not Active, Not Active, Not Active, Not Active, Not Active
2026/09/03 21:01:15.213, 521 MiB, 48, 31.70 W, 390 MHz, 810 MHz, Not Active, Not Active, Not Active, Not Active, Not Active
2026/09/03 21:01:15.413, 521 MiB, 48, 18.12 W, 43 MHz, 810 MHz, Not Active, Not Active, Not Active, Not Active, Not Active
2026/09/03 21:01:15.614, 521 MiB, 48, 18.12 W, 43 MHz, 810 MHz, Not Active, Not Active, Not Active, Not Active, Not Active
2026/09/03 21:01:15.814, 521 MiB, 48, 18.12 W, 43 MHz, 810 MHz, Not Active, Not Active, Not Active, Not Active, Not Active
2026/09/03 21:01:16.020, 521 MiB, 48, 18.12 W, 43 MHz, 810 MHz, Not Active, Not Active, Not Active, Not Active, Not Active
2026/09/03 21:01:16.221, 521 MiB, 48, 18.12 W, 43 MHz, 810 MHz, Not Active, Not Active, Not Active, Not Active, Not Active
2026/09/03 21:01:16.421, 521 MiB, 48, 13.29 W, 24 MHz, 405 MHz, Not Active, Not Active, Not Active, Not Active, Not Active
2026/09/03 21:01:16.621, 521 MiB, 48, 13.29 W, 24 MHz, 405 MHz, Not Active, Not Active, Not Active, Not Active, Not Active
2026/09/03 21:01:16.822, 521 MiB, 48, 13.29 W, 24 MHz, 405 MHz, Not Active, Not Active, Not Active, Not Active, Not Active
2026/09/03 21:01:17.022, 521 MiB, 48, 13.29 W, 24 MHz, 405 MHz, Not Active, Not Active, Not Active, Not Active, Not Active
2026/09/03 21:01:17.222, 521 MiB, 48, 13.29 W, 24 MHz, 405 MHz, Not Active, Not Active, Not Active, Not Active, Not Active
2026/09/03 21:01:17.422, 521 MiB, 48, 12.57 W, 22 MHz, 405 MHz, Not Active, Not Active, Not Active, Not Active, Not Active
2026/09/03 21:01:17.623, 521 MiB, 48, 12.57 W, 22 MHz, 405 MHz, Not Active, Not Active, Not Active, Not Active, Not Active
2026/09/03 21:01:17.823, 521 MiB, 48, 12.57 W, 22 MHz, 405 MHz, Not Active, Not Active, Not Active, Not Active, Not Active
2026/09/03 21:01:18.023, 521 MiB, 48, 12.57 W, 22 MHz, 405 MHz, Not Active, Not Active, Not Active, Not Active, Not Active
2026/09/03 21:01:18.224, 521 MiB, 48, 12.57 W, 22 MHz, 405 MHz, Not Active, Not Active, Not Active, Not Active, Not Active
2026/09/03 21:01:18.424, 521 MiB, 48, 12.56 W, 22 MHz, 405 MHz, Not Active, Not Active, Not Active, Not Active, Not Active
2026/09/03 21:01:18.624, 521 MiB, 48, 12.56 W, 22 MHz, 405 MHz, Not Active, Not Active, Not Active, Not Active, Not Active
2026/09/03 21:01:18.824, 521 MiB, 48, 12.56 W, 22 MHz, 405 MHz, Not Active, Not Active, Not Active, Not Active, Not Active
2026/09/03 21:01:19.025, 521 MiB, 48, 12.56 W, 22 MHz, 405 MHz, Not Active, Not Active, Not Active, Not Active, Not Active
2026/09/03 21:01:19.225, 521 MiB, 48, 12.56 W, 22 MHz, 405 MHz, Not Active, Not Active, Not Active, Not Active, Not Active
2026/09/03 21:01:19.425, 521 MiB, 48, 12.58 W, 22 MHz, 405 MHz, Not Active, Not Active, Not Active, Not Active, Not Active
2026/09/03 21:01:19.626, 521 MiB, 48, 12.58 W, 22 MHz, 405 MHz, Not Active, Not Active, Not Active, Not Active, Not Active
2026/09/03 21:01:19.826, 521 MiB, 48, 12.58 W, 22 MHz, 405 MHz, Not Active, Not Active, Not Active, Not Active, Not Active
2026/09/03 21:01:20.026, 521 MiB, 48, 12.58 W, 22 MHz, 405 MHz, Not Active, Not Active, Not Active, Not Active, Not Active
2026/09/03 21:01:20.227, 521 MiB, 48, 12.58 W, 22 MHz, 405 MHz, Not Active, Not Active, Not Active, Not Active, Not Active
2026/09/03 21:01:20.427, 521 MiB, 48, 12.59 W, 22 MHz, 405 MHz, Not Active, Not Active, Not Active, Not Active, Not Active
2026/09/03 21:01:20.627, 521 MiB, 48, 12.59 W, 22 MHz, 405 MHz, Not Active, Not Active, Not Active, Not Active, Not Active
2026/09/03 21:01:20.827, 521 MiB, 48, 12.59 W, 22 MHz, 405 MHz, Not Active, Not Active, Not Active, Not Active, Not Active
2026/09/03 21:01:21.028, 521 MiB, 48, 12.59 W, 22 MHz, 405 MHz, Not Active, Not Active, Not Active, Not Active, Not Active
2026/09/03 21:01:21.228, 521 MiB, 48, 12.59 W, 22 MHz, 405 MHz, Not Active, Not Active, Not Active, Not Active, Not Active
2026/09/03 21:01:21.428, 521 MiB, 48, 12.68 W, 22 MHz, 405 MHz, Not Active, Not Active, Not Active, Not Active, Not Active
2026/09/03 21:01:21.628, 521 MiB, 48, 12.68 W, 22 MHz, 405 MHz, Not Active, Not Active, Not Active, Not Active, Not Active
2026/09/03 21:01:21.829, 521 MiB, 48, 12.68 W, 22 MHz, 405 MHz, Not Active, Not Active, Not Active, Not Active, Not Active
2026/09/03 21:01:22.029, 521 MiB, 48, 13.49 W, 22 MHz, 405 MHz, Not Active, Not Active, Not Active, Not Active, Not Active
2026/09/03 21:01:22.229, 521 MiB, 48, 13.49 W, 22 MHz, 405 MHz, Not Active, Not Active, Not Active, Not Active, Not Active
2026/09/03 21:01:22.430, 521 MiB, 48, 15.25 W, 22 MHz, 405 MHz, Not Active, Not Active, Not Active, Not Active, Not Active
2026/09/03 21:01:22.630, 521 MiB, 48, 15.25 W, 22 MHz, 405 MHz, Not Active, Not Active, Not Active, Not Active, Not Active
2026/09/03 21:01:22.830, 521 MiB, 48, 15.25 W, 22 MHz, 405 MHz, Not Active, Not Active, Not Active, Not Active, Not Active
2026/09/03 21:01:23.030, 521 MiB, 48, 15.29 W, 22 MHz, 405 MHz, Not Active, Not Active, Not Active, Not Active, Not Active
2026/09/03 21:01:23.231, 521 MiB, 48, 15.29 W, 22 MHz, 405 MHz, Not Active, Not Active, Not Active, Not Active, Not Active
2026/09/03 21:01:23.431, 521 MiB, 48, 15.29 W, 22 MHz, 405 MHz, Not Active, Not Active, Not Active, Not Active, Not Active
2026/09/03 21:01:23.631, 521 MiB, 48, 15.29 W, 22 MHz, 405 MHz, Not Active, Not Active, Not Active, Not Active, Not Active
2026/09/03 21:01:23.831, 521 MiB, 48, 15.29 W, 22 MHz, 405 MHz, Not Active, Not Active, Not Active, Not Active, Not Active
2026/09/03 21:01:24.031, 521 MiB, 48, 13.16 W, 22 MHz, 405 MHz, Not Active, Not Active, Not Active, Not Active, Not Active
2026/09/03 21:01:24.232, 521 MiB, 48, 13.16 W, 22 MHz, 405 MHz, Not Active, Not Active, Not Active, Not Active, Not Active
2026/09/03 21:01:24.432, 521 MiB, 48, 13.16 W, 22 MHz, 405 MHz, Not Active, Not Active, Not Active, Not Active, Not Active
2026/09/03 21:01:24.632, 521 MiB, 48, 13.16 W, 22 MHz, 405 MHz, Not Active, Not Active, Not Active, Not Active, Not Active
2026/09/03 21:01:24.833, 521 MiB, 48, 13.16 W, 22 MHz, 405 MHz, Not Active, Not Active, Not Active, Not Active, Not Active
2026/09/03 21:01:25.033, 521 MiB, 48, 13.01 W, 22 MHz, 405 MHz, Not Active, Not Active, Not Active, Not Active, Not Active
2026/09/03 21:01:25.233, 521 MiB, 48, 13.01 W, 22 MHz, 405 MHz, Not Active, Not Active, Not Active, Not Active, Not Active
2026/09/03 21:01:25.433, 521 MiB, 48, 13.01 W, 22 MHz, 405 MHz, Not Active, Not Active, Not Active, Not Active, Not Active
2026/09/03 21:01:25.634, 521 MiB, 48, 13.01 W, 22 MHz, 405 MHz, Not Active, Not Active, Not Active, Not Active, Not Active
2026/09/03 21:01:25.834, 521 MiB, 48, 13.01 W, 22 MHz, 405 MHz, Not Active, Not Active, Not Active, Not Active, Not Active
2026/09/03 21:01:26.034, 521 MiB, 48, 12.93 W, 22 MHz, 405 MHz, Not Active, Not Active, Not Active, Not Active, Not Active
2026/09/03 21:01:26.234, 521 MiB, 48, 12.93 W, 22 MHz, 405 MHz, Not Active, Not Active, Not Active, Not Active, Not Active
2026/09/03 21:01:26.434, 521 MiB, 48, 12.93 W, 22 MHz, 405 MHz, Not Active, Not Active, Not Active, Not Active, Not Active
2026/09/03 21:01:26.635, 521 MiB, 48, 12.93 W, 22 MHz, 405 MHz, Not Active, Not Active, Not Active, Not Active, Not Active
2026/09/03 21:01:26.835, 521 MiB, 48, 12.93 W, 22 MHz, 405 MHz, Not Active, Not Active, Not Active, Not Active, Not Active
2026/09/03 21:01:27.035, 591 MiB, 48, 13.04 W, 180 MHz, 405 MHz, Not Active, Not Active, Not Active, Not Active, Not Active
2026/09/03 21:01:27.236, 591 MiB, 48, 13.04 W, 180 MHz, 405 MHz, Not Active, Not Active, Not Active, Not Active, Not Active
2026/09/03 21:01:27.436, 591 MiB, 49, 23.84 W, 2400 MHz, 13801 MHz, Not Active, Not Active, Not Active, Not Active, Not Active
2026/09/03 21:01:27.636, 591 MiB, 49, 23.84 W, 2400 MHz, 13801 MHz, Not Active, Not Active, Not Active, Not Active, Not Active
2026/09/03 21:01:27.836, 2319 MiB, 49, 23.84 W, 2400 MHz, 13801 MHz, Not Active, Not Active, Not Active, Not Active, Not Active
2026/09/03 21:01:28.037, 2579 MiB, 49, 45.53 W, 2437 MHz, 13801 MHz, Not Active, Not Active, Not Active, Not Active, Not Active
2026/09/03 21:01:28.237, 2579 MiB, 49, 45.53 W, 2437 MHz, 13801 MHz, Not Active, Not Active, Not Active, Not Active, Not Active
2026/09/03 21:01:28.437, 2579 MiB, 51, 89.63 W, 2887 MHz, 13801 MHz, Not Active, Not Active, Not Active, Not Active, Not Active
2026/09/03 21:01:28.637, 4115 MiB, 51, 89.63 W, 2887 MHz, 13801 MHz, Not Active, Not Active, Not Active, Not Active, Not Active
2026/09/03 21:01:28.838, 4187 MiB, 51, 89.63 W, 2887 MHz, 13801 MHz, Not Active, Not Active, Not Active, Not Active, Not Active
2026/09/03 21:01:29.038, 4187 MiB, 53, 148.25 W, 2782 MHz, 13801 MHz, Not Active, Not Active, Not Active, Not Active, Not Active
2026/09/03 21:01:29.238, 4187 MiB, 53, 148.25 W, 2782 MHz, 13801 MHz, Not Active, Not Active, Not Active, Not Active, Not Active
2026/09/03 21:01:29.438, 4187 MiB, 53, 193.71 W, 2842 MHz, 13801 MHz, Not Active, Not Active, Not Active, Not Active, Not Active
2026/09/03 21:01:29.639, 4187 MiB, 53, 193.71 W, 2842 MHz, 13801 MHz, Not Active, Not Active, Not Active, Not Active, Not Active
2026/09/03 21:01:29.839, 4187 MiB, 53, 193.71 W, 2842 MHz, 13801 MHz, Not Active, Not Active, Not Active, Not Active, Not Active
2026/09/03 21:01:30.039, 4187 MiB, 53, 224.98 W, 2842 MHz, 13801 MHz, Not Active, Not Active, Not Active, Not Active, Not Active
2026/09/03 21:01:30.239, 4187 MiB, 53, 224.98 W, 2842 MHz, 13801 MHz, Not Active, Not Active, Not Active, Not Active, Not Active
2026/09/03 21:01:30.440, 4187 MiB, 54, 219.14 W, 2842 MHz, 13801 MHz, Not Active, Not Active, Not Active, Not Active, Not Active
2026/09/03 21:01:30.640, 4187 MiB, 54, 219.14 W, 2842 MHz, 13801 MHz, Not Active, Not Active, Not Active, Not Active, Not Active
2026/09/03 21:01:30.840, 4187 MiB, 54, 219.14 W, 2842 MHz, 13801 MHz, Not Active, Not Active, Not Active, Not Active, Not Active
2026/09/03 21:01:31.041, 4187 MiB, 51, 169.01 W, 2842 MHz, 13801 MHz, Not Active, Not Active, Not Active, Not Active, Not Active
2026/09/03 21:01:31.241, 4187 MiB, 51, 169.01 W, 2842 MHz, 13801 MHz, Not Active, Not Active, Not Active, Not Active, Not Active
2026/09/03 21:01:31.441, 18 MiB, 50, 101.15 W, 2730 MHz, 14001 MHz, Not Active, Not Active, Not Active, Not Active, Not Active
