timestamp, memory.used [MiB], temperature.gpu, power.draw [W], clocks.current.sm [MHz], clocks.current.memory [MHz], clocks_event_reasons.sw_power_cap, clocks_event_reasons.hw_slowdown, clocks_event_reasons.hw_thermal_slowdown, clocks_event_reasons.hw_power_brake_slowdown, clocks_event_reasons.sw_thermal_slowdown
2026/09/03 00:46:38.982, 15 MiB, 44, 13.16 W, 22 MHz, 405 MHz, Not Active, Not Active, Not Active, Not Active, Not Active
2026/09/03 00:46:39.192, 15 MiB, 44, 13.16 W, 22 MHz, 405 MHz, Not Active, Not Active, Not Active, Not Active, Not Active
2026/09/03 00:46:39.392, 15 MiB, 44, 13.16 W, 22 MHz, 405 MHz, Not Active, Not Active, Not Active, Not Active, Not Active
2026/09/03 00:46:39.592, 15 MiB, 44, 13.16 W, 22 MHz, 405 MHz, Not Active, Not Active, Not Active, Not Active, Not Active
2026/09/03 00:46:39.793, 15 MiB, 44, 11.72 W, 22 MHz, 405 MHz, Not Active, Not Active, Not Active, Not Active, Not Active
2026/09/03 00:46:39.993, 15 MiB, 44, 11.72 W, 22 MHz, 405 MHz, Not Active, Not Active, Not Active, Not Active, Not Active
2026/09/03 00:46:40.193, 15 MiB, 44, 11.72 W, 22 MHz, 405 MHz, Not Active, Not Active, Not Active, Not Active, Not Active
2026/09/03 00:46:40.393, 15 MiB, 44, 11.72 W, 22 MHz, 405 MHz, Not Active, Not Active, Not Active, Not Active, Not Active
2026/09/03 00:46:40.593, 15 MiB, 44, 11.72 W, 22 MHz, 405 MHz, Not Active, Not Active, Not Active, Not Active, Not Active
2026/09/03 00:46:40.794, 15 MiB, 44, 11.17 W, 22 MHz, 405 MHz, Not Active, Not Active, Not Active, Not Active, Not Active
2026/09/03 00:46:40.994, 15 MiB, 44, 11.17 W, 22 MHz, 405 MHz, Not Active, Not Active, Not Active, Not Active, Not Active
2026/09/03 00:46:41.194, 15 MiB, 44, 11.17 W, 22 MHz, 405 MHz, Not Active, Not Active, Not Active, Not Active, Not Active
2026/09/03 00:46:41.394, 15 MiB, 44, 11.17 W, 22 MHz, 405 MHz, Not Active, Not Active, Not Active, Not Active, Not Active
2026/09/03 00:46:41.595, 15 MiB, 44, 11.17 W, 22 MHz, 405 MHz, Not Active, Not Active, Not Active, Not Active, Not Active
2026/09/03 00:46:41.795, 15 MiB, 44, 11.23 W, 22 MHz, 405 MHz, Not Active, Not Active, Not Active, Not Active, Not Active
2026/09/03 00:46:41.995, 15 MiB, 44, 11.23 W, 22 MHz, 405 MHz, Not Active, Not Active, Not Active, Not Active, Not Active
2026/09/03 00:46:42.195, 15 MiB, 44, 11.23 W, 22 MHz, 405 MHz, Not Active, Not Active, Not Active, Not Active, Not Active
2026/09/03 00:46:42.396, 15 MiB, 44, 11.23 W, 22 MHz, 405 MHz, Not Active, Not Active, Not Active, Not Active, Not Active
2026/09/03 00:46:42.596, 519 MiB, 44, 11.23 W, 22 MHz, 405 MHz, Not Active, Not Active, Not Active, Not Active, Not Active
2026/09/03 00:46:42.796, 2299 MiB, 44, 25.35 W, 457 MHz, 13801 MHz, Not Active, Not Active, Not Active, Not Active, Not Active
2026/09/03 00:46:42.996, 3999 MiB, 44, 25.35 W, 457 MHz, 13801 MHz, Not Active, Not Active, Not Active, Not Active, Not Active
2026/09/03 00:46:43.196, 4439 MiB, 44, 25.35 W, 457 MHz, 13801 MHz, Not Active, Not Active, Not Active, Not Active, Not Active
2026/09/03 00:46:43.397, 5879 MiB, 45, 42.15 W, 2895 MHz, 13801 MHz, Not Active, Not Active, Not Active, Not Active, Not Active
2026/09/03 00:46:43.597, 7599 MiB, 45, 42.15 W, 2895 MHz, 13801 MHz, Not Active, Not Active, Not Active, Not Active, Not Active
2026/09/03 00:46:43.797, 8259 MiB, 45, 82.88 W, 2902 MHz, 13801 MHz, Not Active, Not Active, Not Active, Not Active, Not Active
2026/09/03 00:46:43.997, 9499 MiB, 45, 82.88 W, 2902 MHz, 13801 MHz, Not Active, Not Active, Not Active, Not Active, Not Active
2026/09/03 00:46:44.198, 11201 MiB, 45, 82.88 W, 2902 MHz, 13801 MHz, Not Active, Not Active, Not Active, Not Active, Not Active
2026/09/03 00:46:44.398, 12061 MiB, 46, 82.59 W, 2692 MHz, 13801 MHz, Not Active, Not Active, Not Active, Not Active, Not Active
2026/09/03 00:46:44.598, 13121 MiB, 46, 82.59 W, 2692 MHz, 13801 MHz, Not Active, Not Active, Not Active, Not Active, Not Active
2026/09/03 00:46:44.799, 14821 MiB, 46, 80.25 W, 2550 MHz, 13801 MHz, Not Active, Not Active, Not Active, Not Active, Not Active
2026/09/03 00:46:44.999, 15881 MiB, 46, 80.25 W, 2550 MHz, 13801 MHz, Not Active, Not Active, Not Active, Not Active, Not Active
2026/09/03 00:46:45.199, 16701 MiB, 46, 80.25 W, 2550 MHz, 13801 MHz, Not Active, Not Active, Not Active, Not Active, Not Active
2026/09/03 00:46:45.399, 18401 MiB, 46, 79.08 W, 2752 MHz, 13801 MHz, Not Active, Not Active, Not Active, Not Active, Not Active
2026/09/03 00:46:45.600, 19683 MiB, 46, 79.08 W, 2752 MHz, 13801 MHz, Not Active, Not Active, Not Active, Not Active, Not Active
2026/09/03 00:46:45.800, 20263 MiB, 45, 79.25 W, 2895 MHz, 13801 MHz, Not Active, Not Active, Not Active, Not Active, Not Active
2026/09/03 00:46:46.000, 21943 MiB, 45, 79.25 W, 2895 MHz, 13801 MHz, Not Active, Not Active, Not Active, Not Active, Not Active
2026/09/03 00:46:46.200, 23483 MiB, 45, 79.25 W, 2895 MHz, 13801 MHz, Not Active, Not Active, Not Active, Not Active, Not Active
2026/09/03 00:46:46.400, 23743 MiB, 46, 84.39 W, 2895 MHz, 13801 MHz, Not Active, Not Active, Not Active, Not Active, Not Active
2026/09/03 00:46:46.601, 25403 MiB, 46, 84.39 W, 2895 MHz, 13801 MHz, Not Active, Not Active, Not Active, Not Active, Not Active
2026/09/03 00:46:46.801, 27043 MiB, 46, 82.76 W, 2662 MHz, 13801 MHz, Not Active, Not Active, Not Active, Not Active, Not Active
2026/09/03 00:46:47.001, 27305 MiB, 46, 82.76 W, 2662 MHz, 13801 MHz, Not Active, Not Active, Not Active, Not Active, Not Active
2026/09/03 00:46:47.201, 27925 MiB, 46, 82.76 W, 2662 MHz, 13801 MHz, Not Active, Not Active, Not Active, Not Active, Not Active
2026/09/03 00:46:47.402, 27999 MiB, 45, 73.25 W, 2572 MHz, 13801 MHz, Not Active, Not Active, Not Active, Not Active, Not Active
2026/09/03 00:46:47.602, 28001 MiB, 45, 73.25 W, 2572 MHz, 13801 MHz, Not Active, Not Active, Not Active, Not Active, Not Active
2026/09/03 00:46:47.802, 28003 MiB, 46, 68.14 W, 2520 MHz, 13801 MHz, Not Active, Not Active, Not Active, Not Active, Not Active
2026/09/03 00:46:48.002, 28007 MiB, 46, 68.14 W, 2520 MHz, 13801 MHz, Not Active, Not Active, Not Active, Not Active, Not Active
2026/09/03 00:46:48.203, 28007 MiB, 46, 68.14 W, 2520 MHz, 13801 MHz, Not Active, Not Active, Not Active, Not Active, Not Active
2026/09/03 00:46:48.403, 28009 MiB, 47, 88.14 W, 2880 MHz, 13801 MHz, Not Active, Not Active, Not Active, Not Active, Not Active
2026/09/03 00:46:48.603, 28009 MiB, 47, 88.14 W, 2880 MHz, 13801 MHz, Not Active, Not Active, Not Active, Not Active, Not Active
2026/09/03 00:46:48.803, 28009 MiB, 47, 108.83 W, 2910 MHz, 13801 MHz, Not Active, Not Active, Not Active, Not Active, Not Active
2026/09/03 00:46:49.003, 28009 MiB, 47, 108.83 W, 2910 MHz, 13801 MHz, Not Active, Not Active, Not Active, Not Active, Not Active
2026/09/03 00:46:49.204, 28009 MiB, 47, 108.83 W, 2910 MHz, 13801 MHz, Not Active, Not Active, Not Active, Not Active, Not Active
2026/09/03 00:46:49.404, 28009 MiB, 47, 107.36 W, 2910 MHz, 13801 MHz, Not Active, Not Active, Not Active, Not Active, Not Active
2026/09/03 00:46:49.604, 28009 MiB, 47, 107.36 W, 2910 MHz, 13801 MHz, Not Active, Not Active, Not Active, Not Active, Not Active
2026/09/03 00:46:49.804, 28011 MiB, 47, 107.56 W, 2910 MHz, 13801 MHz, Not Active, Not Active, Not Active, Not Active, Not Active
2026/09/03 00:46:50.005, 28011 MiB, 47, 107.56 W, 2910 MHz, 13801 MHz, Not Active, Not Active, Not Active, Not Active, Not Active
2026/09/03 00:46:50.205, 28011 MiB, 47, 107.56 W, 2910 MHz, 13801 MHz, Not Active, Not Active, Not Active, Not Active, Not Active
2026/09/03 00:46:50.405, 28011 MiB, 47, 111.35 W, 2902 MHz, 13801 MHz, Not Active, Not Active, Not Active, Not Active, Not Active
2026/09/03 00:46:50.605, 28011 MiB, 47, 111.35 W, 2902 MHz, 13801 MHz, Not Active, Not Active, Not Active, Not Active, Not Active
2026/09/03 00:46:50.806, 28011 MiB, 47, 111.48 W, 2910 MHz, 13801 MHz, Not Active, Not Active, Not Active, Not Active, Not Active
2026/09/03 00:46:51.006, 28011 MiB, 47, 111.48 W, 2910 MHz, 13801 MHz, Not Active, Not Active, Not Active, Not Active, Not Active
2026/09/03 00:46:51.206, 28011 MiB, 47, 111.48 W, 2910 MHz, 13801 MHz, Not Active, Not Active, Not Active, Not Active, Not Active
2026/09/03 00:46:51.406, 28011 MiB, 47, 107.91 W, 2910 MHz, 13801 MHz, Not Active, Not Active, Not Active, Not Active, Not Active
2026/09/03 00:46:51.607, 28011 MiB, 47, 107.91 W, 2910 MHz, 13801 MHz, Not Active, Not Active, Not Active, Not Active, Not Active
2026/09/03 00:46:51.807, 28011 MiB, 47, 107.92 W, 2910 MHz, 13801 MHz, Not Active, Not Active, Not Active, Not Active, Not Active
2026/09/03 00:46:52.007, 28011 MiB, 47, 107.92 W, 2910 MHz, 13801 MHz, Not Active, Not Active, Not Active, Not Active, Not Active
2026/09/03 00:46:52.207, 28011 MiB, 47, 107.92 W, 2910 MHz, 13801 MHz, Not Active, Not Active, Not Active, Not Active, Not Active
2026/09/03 00:46:52.408, 28011 MiB, 47, 108.44 W, 2910 MHz, 13801 MHz, Not Active, Not Active, Not Active, Not Active, Not Active
2026/09/03 00:46:52.608, 28011 MiB, 47, 108.44 W, 2910 MHz, 13801 MHz, Not Active, Not Active, Not Active, Not Active, Not Active
2026/09/03 00:46:52.808, 28011 MiB, 47, 110.47 W, 2910 MHz, 13801 MHz, Not Active, Not Active, Not Active, Not Active, Not Active
2026/09/03 00:46:53.008, 28011 MiB, 47, 110.47 W, 2910 MHz, 13801 MHz, Not Active, Not Active, Not Active, Not Active, Not Active
2026/09/03 00:46:53.209, 28011 MiB, 47, 110.47 W, 2910 MHz, 13801 MHz, Not Active, Not Active, Not Active, Not Active, Not Active
2026/09/03 00:46:53.409, 28011 MiB, 48, 110.56 W, 2910 MHz, 13801 MHz, Not Active, Not Active, Not Active, Not Active, Not Active
2026/09/03 00:46:53.609, 28011 MiB, 48, 110.56 W, 2910 MHz, 13801 MHz, Not Active, Not Active, Not Active, Not Active, Not Active
2026/09/03 00:46:53.809, 28011 MiB, 47, 108.28 W, 2910 MHz, 13801 MHz, Not Active, Not Active, Not Active, Not Active, Not Active
2026/09/03 00:46:54.010, 28011 MiB, 47, 108.28 W, 2910 MHz, 13801 MHz, Not Active, Not Active, Not Active, Not Active, Not Active
2026/09/03 00:46:54.210, 28011 MiB, 47, 108.28 W, 2910 MHz, 13801 MHz, Not Active, Not Active, Not Active, Not Active, Not Active
2026/09/03 00:46:54.410, 28011 MiB, 47, 108.25 W, 2910 MHz, 13801 MHz, Not Active, Not Active, Not Active, Not Active, Not Active
2026/09/03 00:46:54.610, 28011 MiB, 47, 108.25 W, 2910 MHz, 13801 MHz, Not Active, Not Active, Not Active, Not Active, Not Active
2026/09/03 00:46:54.811, 28011 MiB, 48, 111.01 W, 2880 MHz, 13801 MHz, Not Active, Not Active, Not Active, Not Active, Not Active
2026/09/03 00:46:55.011, 28011 MiB, 48, 111.01 W, 2880 MHz, 13801 MHz, Not Active, Not Active, Not Active, Not Active, Not Active
2026/09/03 00:46:55.211, 28011 MiB, 48, 111.01 W, 2880 MHz, 13801 MHz, Not Active, Not Active, Not Active, Not Active, Not Active
2026/09/03 00:46:55.411, 28011 MiB, 48, 111.07 W, 2910 MHz, 13801 MHz, Not Active, Not Active, Not Active, Not Active, Not Active
2026/09/03 00:46:55.612, 28011 MiB, 48, 111.07 W, 2910 MHz, 13801 MHz, Not Active, Not Active, Not Active, Not Active, Not Active
2026/09/03 00:46:55.812, 28011 MiB, 48, 107.98 W, 2910 MHz, 13801 MHz, Not Active, Not Active, Not Active, Not Active, Not Active
2026/09/03 00:46:56.012, 28011 MiB, 48, 107.98 W, 2910 MHz, 13801 MHz, Not Active, Not Active, Not Active, Not Active, Not Active
2026/09/03 00:46:56.212, 28011 MiB, 48, 107.98 W, 2910 MHz, 13801 MHz, Not Active, Not Active, Not Active, Not Active, Not Active
2026/09/03 00:46:56.413, 28011 MiB, 48, 108.00 W, 2910 MHz, 13801 MHz, Not Active, Not Active, Not Active, Not Active, Not Active
2026/09/03 00:46:56.613, 28011 MiB, 48, 108.00 W, 2910 MHz, 13801 MHz, Not Active, Not Active, Not Active, Not Active, Not Active
2026/09/03 00:46:56.813, 28011 MiB, 48, 108.84 W, 2910 MHz, 13801 MHz, Not Active, Not Active, Not Active, Not Active, Not Active
2026/09/03 00:46:57.013, 28011 MiB, 48, 108.84 W, 2910 MHz, 13801 MHz, Not Active, Not Active, Not Active, Not Active, Not Active
2026/09/03 00:46:57.214, 28011 MiB, 48, 108.84 W, 2910 MHz, 13801 MHz, Not Active, Not Active, Not Active, Not Active, Not Active
2026/09/03 00:46:57.414, 28011 MiB, 48, 110.28 W, 2910 MHz, 13801 MHz, Not Active, Not Active, Not Active, Not Active, Not Active
2026/09/03 00:46:57.614, 28011 MiB, 48, 110.28 W, 2910 MHz, 13801 MHz, Not Active, Not Active, Not Active, Not Active, Not Active
2026/09/03 00:46:57.815, 28011 MiB, 48, 109.75 W, 2910 MHz, 13801 MHz, Not Active, Not Active, Not Active, Not Active, Not Active
2026/09/03 00:46:58.015, 28011 MiB, 48, 109.75 W, 2910 MHz, 13801 MHz, Not Active, Not Active, Not Active, Not Active, Not Active
2026/09/03 00:46:58.215, 28011 MiB, 48, 109.75 W, 2910 MHz, 13801 MHz, Not Active, Not Active, Not Active, Not Active, Not Active
2026/09/03 00:46:58.415, 28011 MiB, 48, 108.10 W, 2910 MHz, 13801 MHz, Not Active, Not Active, Not Active, Not Active, Not Active
2026/09/03 00:46:58.616, 28011 MiB, 48, 108.10 W, 2910 MHz, 13801 MHz, Not Active, Not Active, Not Active, Not Active, Not Active
2026/09/03 00:46:58.816, 28011 MiB, 48, 108.32 W, 2910 MHz, 13801 MHz, Not Active, Not Active, Not Active, Not Active, Not Active
2026/09/03 00:46:59.016, 28011 MiB, 48, 108.32 W, 2910 MHz, 13801 MHz, Not Active, Not Active, Not Active, Not Active, Not Active
2026/09/03 00:46:59.216, 28011 MiB, 48, 108.32 W, 2910 MHz, 13801 MHz, Not Active, Not Active, Not Active, Not Active, Not Active
2026/09/03 00:46:59.417, 28011 MiB, 48, 111.08 W, 2880 MHz, 13801 MHz, Not Active, Not Active, Not Active, Not Active, Not Active
2026/09/03 00:46:59.617, 28011 MiB, 48, 111.08 W, 2880 MHz, 13801 MHz, Not Active, Not Active, Not Active, Not Active, Not Active
2026/09/03 00:46:59.817, 28011 MiB, 48, 110.76 W, 2910 MHz, 13801 MHz, Not Active, Not Active, Not Active, Not Active, Not Active
2026/09/03 00:47:00.018, 28011 MiB, 48, 110.76 W, 2910 MHz, 13801 MHz, Not Active, Not Active, Not Active, Not Active, Not Active
2026/09/03 00:47:00.218, 28011 MiB, 48, 110.76 W, 2910 MHz, 13801 MHz, Not Active, Not Active, Not Active, Not Active, Not Active
2026/09/03 00:47:00.418, 28011 MiB, 48, 108.17 W, 2910 MHz, 13801 MHz, Not Active, Not Active, Not Active, Not Active, Not Active
2026/09/03 00:47:00.618, 28011 MiB, 48, 108.17 W, 2910 MHz, 13801 MHz, Not Active, Not Active, Not Active, Not Active, Not Active
2026/09/03 00:47:00.819, 28011 MiB, 48, 108.22 W, 2910 MHz, 13801 MHz, Not Active, Not Active, Not Active, Not Active, Not Active
2026/09/03 00:47:01.019, 28011 MiB, 48, 108.22 W, 2910 MHz, 13801 MHz, Not Active, Not Active, Not Active, Not Active, Not Active
2026/09/03 00:47:01.219, 28011 MiB, 48, 108.22 W, 2910 MHz, 13801 MHz, Not Active, Not Active, Not Active, Not Active, Not Active
2026/09/03 00:47:01.419, 28011 MiB, 48, 109.57 W, 2910 MHz, 13801 MHz, Not Active, Not Active, Not Active, Not Active, Not Active
2026/09/03 00:47:01.620, 28011 MiB, 48, 109.57 W, 2910 MHz, 13801 MHz, Not Active, Not Active, Not Active, Not Active, Not Active
2026/09/03 00:47:01.820, 28011 MiB, 48, 110.61 W, 2910 MHz, 13801 MHz, Not Active, Not Active, Not Active, Not Active, Not Active
2026/09/03 00:47:02.020, 28011 MiB, 48, 110.61 W, 2910 MHz, 13801 MHz, Not Active, Not Active, Not Active, Not Active, Not Active
2026/09/03 00:47:02.220, 28011 MiB, 48, 110.61 W, 2910 MHz, 13801 MHz, Not Active, Not Active, Not Active, Not Active, Not Active
2026/09/03 00:47:02.421, 28011 MiB, 48, 109.02 W, 2910 MHz, 13801 MHz, Not Active, Not Active, Not Active, Not Active, Not Active
2026/09/03 00:47:02.621, 28011 MiB, 48, 109.02 W, 2910 MHz, 13801 MHz, Not Active, Not Active, Not Active, Not Active, Not Active
2026/09/03 00:47:02.821, 28011 MiB, 48, 108.04 W, 2910 MHz, 13801 MHz, Not Active, Not Active, Not Active, Not Active, Not Active
2026/09/03 00:47:03.021, 28011 MiB, 48, 108.04 W, 2910 MHz, 13801 MHz, Not Active, Not Active, Not Active, Not Active, Not Active
2026/09/03 00:47:03.222, 28011 MiB, 48, 108.04 W, 2910 MHz, 13801 MHz, Not Active, Not Active, Not Active, Not Active, Not Active
2026/09/03 00:47:03.422, 28011 MiB, 48, 108.33 W, 2910 MHz, 13801 MHz, Not Active, Not Active, Not Active, Not Active, Not Active
2026/09/03 00:47:03.622, 28011 MiB, 48, 108.33 W, 2910 MHz, 13801 MHz, Not Active, Not Active, Not Active, Not Active, Not Active
2026/09/03 00:47:03.822, 28011 MiB, 49, 111.29 W, 2880 MHz, 13801 MHz, Not Active, Not Active, Not Active, Not Active, Not Active
2026/09/03 00:47:04.023, 28011 MiB, 49, 111.29 W, 2880 MHz, 13801 MHz, Not Active, Not Active, Not Active, Not Active, Not Active
2026/09/03 00:47:04.223, 28011 MiB, 49, 111.29 W, 2880 MHz, 13801 MHz, Not Active, Not Active, Not Active, Not Active, Not Active
2026/09/03 00:47:04.423, 28011 MiB, 49, 111.64 W, 2910 MHz, 13801 MHz, Not Active, Not Active, Not Active, Not Active, Not Active
2026/09/03 00:47:04.623, 28011 MiB, 49, 111.64 W, 2910 MHz, 13801 MHz, Not Active, Not Active, Not Active, Not Active, Not Active
2026/09/03 00:47:04.824, 28011 MiB, 49, 109.00 W, 2910 MHz, 13801 MHz, Not Active, Not Active, Not Active, Not Active, Not Active
2026/09/03 00:47:05.024, 28011 MiB, 49, 109.00 W, 2910 MHz, 13801 MHz, Not Active, Not Active, Not Active, Not Active, Not Active
2026/09/03 00:47:05.224, 28011 MiB, 49, 109.00 W, 2910 MHz, 13801 MHz, Not Active, Not Active, Not Active, Not Active, Not Active
2026/09/03 00:47:05.424, 28011 MiB, 49, 108.76 W, 2910 MHz, 13801 MHz, Not Active, Not Active, Not Active, Not Active, Not Active
2026/09/03 00:47:05.625, 28011 MiB, 49, 108.76 W, 2910 MHz, 13801 MHz, Not Active, Not Active, Not Active, Not Active, Not Active
2026/09/03 00:47:05.825, 28011 MiB, 49, 111.16 W, 2910 MHz, 13801 MHz, Not Active, Not Active, Not Active, Not Active, Not Active
2026/09/03 00:47:06.025, 28011 MiB, 49, 111.16 W, 2910 MHz, 13801 MHz, Not Active, Not Active, Not Active, Not Active, Not Active
2026/09/03 00:47:06.225, 28011 MiB, 49, 111.16 W, 2910 MHz, 13801 MHz, Not Active, Not Active, Not Active, Not Active, Not Active
2026/09/03 00:47:06.426, 28011 MiB, 49, 111.09 W, 2910 MHz, 13801 MHz, Not Active, Not Active, Not Active, Not Active, Not Active
2026/09/03 00:47:06.626, 28011 MiB, 49, 111.09 W, 2910 MHz, 13801 MHz, Not Active, Not Active, Not Active, Not Active, Not Active
2026/09/03 00:47:06.826, 28011 MiB, 49, 110.32 W, 2910 MHz, 13801 MHz, Not Active, Not Active, Not Active, Not Active, Not Active
2026/09/03 00:47:07.026, 28011 MiB, 49, 110.32 W, 2910 MHz, 13801 MHz, Not Active, Not Active, Not Active, Not Active, Not Active
2026/09/03 00:47:07.226, 28011 MiB, 49, 110.32 W, 2910 MHz, 13801 MHz, Not Active, Not Active, Not Active, Not Active, Not Active
2026/09/03 00:47:07.427, 28011 MiB, 49, 109.00 W, 2910 MHz, 13801 MHz, Not Active, Not Active, Not Active, Not Active, Not Active
2026/09/03 00:47:07.627, 28011 MiB, 49, 109.00 W, 2910 MHz, 13801 MHz, Not Active, Not Active, Not Active, Not Active, Not Active
2026/09/03 00:47:07.827, 28011 MiB, 49, 108.96 W, 2910 MHz, 13801 MHz, Not Active, Not Active, Not Active, Not Active, Not Active
2026/09/03 00:47:08.027, 28011 MiB, 49, 108.96 W, 2910 MHz, 13801 MHz, Not Active, Not Active, Not Active, Not Active, Not Active
2026/09/03 00:47:08.228, 28011 MiB, 49, 108.96 W, 2910 MHz, 13801 MHz, Not Active, Not Active, Not Active, Not Active, Not Active
2026/09/03 00:47:08.428, 28011 MiB, 49, 111.97 W, 2910 MHz, 13801 MHz, Not Active, Not Active, Not Active, Not Active, Not Active
2026/09/03 00:47:08.628, 28011 MiB, 49, 111.97 W, 2910 MHz, 13801 MHz, Not Active, Not Active, Not Active, Not Active, Not Active
2026/09/03 00:47:08.828, 28011 MiB, 49, 111.99 W, 2910 MHz, 13801 MHz, Not Active, Not Active, Not Active, Not Active, Not Active
2026/09/03 00:47:09.029, 28011 MiB, 49, 111.99 W, 2910 MHz, 13801 MHz, Not Active, Not Active, Not Active, Not Active, Not Active
2026/09/03 00:47:09.229, 28011 MiB, 49, 111.99 W, 2910 MHz, 13801 MHz, Not Active, Not Active, Not Active, Not Active, Not Active
2026/09/03 00:47:09.429, 28011 MiB, 49, 108.85 W, 2910 MHz, 13801 MHz, Not Active, Not Active, Not Active, Not Active, Not Active
2026/09/03 00:47:09.629, 28011 MiB, 49, 108.85 W, 2910 MHz, 13801 MHz, Not Active, Not Active, Not Active, Not Active, Not Active
2026/09/03 00:47:09.830, 28011 MiB, 49, 109.08 W, 2910 MHz, 13801 MHz, Not Active, Not Active, Not Active, Not Active, Not Active
2026/09/03 00:47:10.030, 28011 MiB, 49, 109.08 W, 2910 MHz, 13801 MHz, Not Active, Not Active, Not Active, Not Active, Not Active
2026/09/03 00:47:10.230, 28011 MiB, 49, 109.08 W, 2910 MHz, 13801 MHz, Not Active, Not Active, Not Active, Not Active, Not Active
2026/09/03 00:47:10.430, 28011 MiB, 49, 111.21 W, 2880 MHz, 13801 MHz, Not Active, Not Active, Not Active, Not Active, Not Active
2026/09/03 00:47:10.631, 28011 MiB, 49, 111.21 W, 2880 MHz, 13801 MHz, Not Active, Not Active, Not Active, Not Active, Not Active
2026/09/03 00:47:10.831, 28011 MiB, 49, 111.15 W, 2910 MHz, 13801 MHz, Not Active, Not Active, Not Active, Not Active, Not Active
2026/09/03 00:47:11.031, 28011 MiB, 49, 111.15 W, 2910 MHz, 13801 MHz, Not Active, Not Active, Not Active, Not Active, Not Active
2026/09/03 00:47:11.231, 28011 MiB, 49, 111.15 W, 2910 MHz, 13801 MHz, Not Active, Not Active, Not Active, Not Active, Not Active
2026/09/03 00:47:11.432, 28011 MiB, 49, 108.88 W, 2910 MHz, 13801 MHz, Not Active, Not Active, Not Active, Not Active, Not Active
2026/09/03 00:47:11.632, 28011 MiB, 49, 108.88 W, 2910 MHz, 13801 MHz, Not Active, Not Active, Not Active, Not Active, Not Active
2026/09/03 00:47:11.832, 28011 MiB, 49, 109.03 W, 2910 MHz, 13801 MHz, Not Active, Not Active, Not Active, Not Active, Not Active
2026/09/03 00:47:12.032, 28011 MiB, 49, 109.03 W, 2910 MHz, 13801 MHz, Not Active, Not Active, Not Active, Not Active, Not Active
2026/09/03 00:47:12.233, 28011 MiB, 49, 109.03 W, 2910 MHz, 13801 MHz, Not Active, Not Active, Not Active, Not Active, Not Active
2026/09/03 00:47:12.433, 28011 MiB, 49, 108.88 W, 2910 MHz, 13801 MHz, Not Active, Not Active, Not Active, Not Active, Not Active
2026/09/03 00:47:12.633, 28011 MiB, 49, 108.88 W, 2910 MHz, 13801 MHz, Not Active, Not Active, Not Active, Not Active, Not Active
2026/09/03 00:47:12.833, 28011 MiB, 49, 111.50 W, 2910 MHz, 13801 MHz, Not Active, Not Active, Not Active, Not Active, Not Active
2026/09/03 00:47:13.034, 28011 MiB, 49, 111.50 W, 2910 MHz, 13801 MHz, Not Active, Not Active, Not Active, Not Active, Not Active
2026/09/03 00:47:13.234, 28011 MiB, 49, 111.50 W, 2910 MHz, 13801 MHz, Not Active, Not Active, Not Active, Not Active, Not Active
2026/09/03 00:47:13.434, 28011 MiB, 49, 112.24 W, 2910 MHz, 13801 MHz, Not Active, Not Active, Not Active, Not Active, Not Active
2026/09/03 00:47:13.634, 28011 MiB, 49, 112.24 W, 2910 MHz, 13801 MHz, Not Active, Not Active, Not Active, Not Active, Not Active
2026/09/03 00:47:13.835, 28011 MiB, 50, 109.70 W, 2910 MHz, 13801 MHz, Not Active, Not Active, Not Active, Not Active, Not Active
2026/09/03 00:47:14.035, 28011 MiB, 50, 109.70 W, 2910 MHz, 13801 MHz, Not Active, Not Active, Not Active, Not Active, Not Active
2026/09/03 00:47:14.235, 28011 MiB, 50, 109.70 W, 2910 MHz, 13801 MHz, Not Active, Not Active, Not Active, Not Active, Not Active
2026/09/03 00:47:14.436, 28011 MiB, 50, 109.33 W, 2910 MHz, 13801 MHz, Not Active, Not Active, Not Active, Not Active, Not Active
2026/09/03 00:47:14.636, 28011 MiB, 50, 109.33 W, 2910 MHz, 13801 MHz, Not Active, Not Active, Not Active, Not Active, Not Active
2026/09/03 00:47:14.836, 28011 MiB, 50, 112.15 W, 2910 MHz, 13801 MHz, Not Active, Not Active, Not Active, Not Active, Not Active
2026/09/03 00:47:15.036, 28011 MiB, 50, 112.15 W, 2910 MHz, 13801 MHz, Not Active, Not Active, Not Active, Not Active, Not Active
2026/09/03 00:47:15.237, 28011 MiB, 50, 112.15 W, 2910 MHz, 13801 MHz, Not Active, Not Active, Not Active, Not Active, Not Active
2026/09/03 00:47:15.437, 28011 MiB, 50, 112.05 W, 2910 MHz, 13801 MHz, Not Active, Not Active, Not Active, Not Active, Not Active
2026/09/03 00:47:15.637, 28011 MiB, 50, 112.05 W, 2910 MHz, 13801 MHz, Not Active, Not Active, Not Active, Not Active, Not Active
2026/09/03 00:47:15.837, 28011 MiB, 50, 109.69 W, 2910 MHz, 13801 MHz, Not Active, Not Active, Not Active, Not Active, Not Active
2026/09/03 00:47:16.038, 28011 MiB, 50, 109.69 W, 2910 MHz, 13801 MHz, Not Active, Not Active, Not Active, Not Active, Not Active
2026/09/03 00:47:16.238, 28011 MiB, 50, 109.69 W, 2910 MHz, 13801 MHz, Not Active, Not Active, Not Active, Not Active, Not Active
2026/09/03 00:47:16.438, 28011 MiB, 50, 109.78 W, 2910 MHz, 13801 MHz, Not Active, Not Active, Not Active, Not Active, Not Active
2026/09/03 00:47:16.638, 28011 MiB, 50, 109.78 W, 2910 MHz, 13801 MHz, Not Active, Not Active, Not Active, Not Active, Not Active
2026/09/03 00:47:16.838, 28011 MiB, 50, 110.70 W, 2910 MHz, 13801 MHz, Not Active, Not Active, Not Active, Not Active, Not Active
2026/09/03 00:47:17.039, 28011 MiB, 50, 110.70 W, 2910 MHz, 13801 MHz, Not Active, Not Active, Not Active, Not Active, Not Active
2026/09/03 00:47:17.239, 28011 MiB, 50, 110.70 W, 2910 MHz, 13801 MHz, Not Active, Not Active, Not Active, Not Active, Not Active
2026/09/03 00:47:17.439, 28011 MiB, 50, 113.07 W, 2910 MHz, 13801 MHz, Not Active, Not Active, Not Active, Not Active, Not Active
2026/09/03 00:47:17.639, 28011 MiB, 50, 113.07 W, 2910 MHz, 13801 MHz, Not Active, Not Active, Not Active, Not Active, Not Active
2026/09/03 00:47:17.839, 28011 MiB, 50, 112.54 W, 2910 MHz, 13801 MHz, Not Active, Not Active, Not Active, Not Active, Not Active
2026/09/03 00:47:18.040, 28011 MiB, 50, 112.54 W, 2910 MHz, 13801 MHz, Not Active, Not Active, Not Active, Not Active, Not Active
2026/09/03 00:47:18.240, 28011 MiB, 50, 112.54 W, 2910 MHz, 13801 MHz, Not Active, Not Active, Not Active, Not Active, Not Active
2026/09/03 00:47:18.440, 28011 MiB, 50, 110.42 W, 2910 MHz, 13801 MHz, Not Active, Not Active, Not Active, Not Active, Not Active
2026/09/03 00:47:18.640, 28011 MiB, 50, 110.42 W, 2910 MHz, 13801 MHz, Not Active, Not Active, Not Active, Not Active, Not Active
2026/09/03 00:47:18.841, 28011 MiB, 50, 110.49 W, 2910 MHz, 13801 MHz, Not Active, Not Active, Not Active, Not Active, Not Active
2026/09/03 00:47:19.041, 28011 MiB, 50, 110.49 W, 2910 MHz, 13801 MHz, Not Active, Not Active, Not Active, Not Active, Not Active
2026/09/03 00:47:19.241, 28011 MiB, 50, 110.49 W, 2910 MHz, 13801 MHz, Not Active, Not Active, Not Active, Not Active, Not Active
2026/09/03 00:47:19.441, 28011 MiB, 50, 112.71 W, 2910 MHz, 13801 MHz, Not Active, Not Active, Not Active, Not Active, Not Active
2026/09/03 00:47:19.642, 28011 MiB, 50, 112.71 W, 2910 MHz, 13801 MHz, Not Active, Not Active, Not Active, Not Active, Not Active
2026/09/03 00:47:19.842, 28011 MiB, 50, 112.63 W, 2910 MHz, 13801 MHz, Not Active, Not Active, Not Active, Not Active, Not Active
2026/09/03 00:47:20.042, 28011 MiB, 50, 112.63 W, 2910 MHz, 13801 MHz, Not Active, Not Active, Not Active, Not Active, Not Active
2026/09/03 00:47:20.242, 28011 MiB, 50, 112.63 W, 2910 MHz, 13801 MHz, Not Active, Not Active, Not Active, Not Active, Not Active
2026/09/03 00:47:20.443, 28011 MiB, 50, 110.03 W, 2910 MHz, 13801 MHz, Not Active, Not Active, Not Active, Not Active, Not Active
2026/09/03 00:47:20.643, 28011 MiB, 50, 110.03 W, 2910 MHz, 13801 MHz, Not Active, Not Active, Not Active, Not Active, Not Active
2026/09/03 00:47:20.843, 28011 MiB, 50, 110.07 W, 2910 MHz, 13801 MHz, Not Active, Not Active, Not Active, Not Active, Not Active
2026/09/03 00:47:21.044, 28011 MiB, 50, 110.07 W, 2910 MHz, 13801 MHz, Not Active, Not Active, Not Active, Not Active, Not Active
2026/09/03 00:47:21.244, 28011 MiB, 50, 110.07 W, 2910 MHz, 13801 MHz, Not Active, Not Active, Not Active, Not Active, Not Active
2026/09/03 00:47:21.444, 28011 MiB, 50, 111.24 W, 2880 MHz, 13801 MHz, Not Active, Not Active, Not Active, Not Active, Not Active
2026/09/03 00:47:21.644, 28011 MiB, 50, 111.24 W, 2880 MHz, 13801 MHz, Not Active, Not Active, Not Active, Not Active, Not Active
2026/09/03 00:47:21.844, 28011 MiB, 50, 112.57 W, 2910 MHz, 13801 MHz, Not Active, Not Active, Not Active, Not Active, Not Active
2026/09/03 00:47:22.045, 28011 MiB, 50, 112.57 W, 2910 MHz, 13801 MHz, Not Active, Not Active, Not Active, Not Active, Not Active
2026/09/03 00:47:22.245, 28011 MiB, 50, 112.57 W, 2910 MHz, 13801 MHz, Not Active, Not Active, Not Active, Not Active, Not Active
2026/09/03 00:47:22.445, 28011 MiB, 50, 111.15 W, 2910 MHz, 13801 MHz, Not Active, Not Active, Not Active, Not Active, Not Active
2026/09/03 00:47:22.645, 28011 MiB, 50, 111.15 W, 2910 MHz, 13801 MHz, Not Active, Not Active, Not Active, Not Active, Not Active
2026/09/03 00:47:22.846, 28011 MiB, 50, 109.73 W, 2910 MHz, 13801 MHz, Not Active, Not Active, Not Active, Not Active, Not Active
2026/09/03 00:47:23.046, 28011 MiB, 50, 109.73 W, 2910 MHz, 13801 MHz, Not Active, Not Active, Not Active, Not Active, Not Active
2026/09/03 00:47:23.246, 28011 MiB, 50, 109.73 W, 2910 MHz, 13801 MHz, Not Active, Not Active, Not Active, Not Active, Not Active
2026/09/03 00:47:23.446, 28011 MiB, 50, 109.70 W, 2910 MHz, 13801 MHz, Not Active, Not Active, Not Active, Not Active, Not Active
2026/09/03 00:47:23.647, 28011 MiB, 50, 109.70 W, 2910 MHz, 13801 MHz, Not Active, Not Active, Not Active, Not Active, Not Active
2026/09/03 00:47:23.847, 28011 MiB, 50, 112.53 W, 2910 MHz, 13801 MHz, Not Active, Not Active, Not Active, Not Active, Not Active
2026/09/03 00:47:24.047, 28011 MiB, 50, 112.53 W, 2910 MHz, 13801 MHz, Not Active, Not Active, Not Active, Not Active, Not Active
2026/09/03 00:47:24.248, 28011 MiB, 50, 112.53 W, 2910 MHz, 13801 MHz, Not Active, Not Active, Not Active, Not Active, Not Active
2026/09/03 00:47:24.448, 28011 MiB, 50, 112.47 W, 2910 MHz, 13801 MHz, Not Active, Not Active, Not Active, Not Active, Not Active
2026/09/03 00:47:24.648, 28011 MiB, 50, 112.47 W, 2910 MHz, 13801 MHz, Not Active, Not Active, Not Active, Not Active, Not Active
2026/09/03 00:47:24.848, 28011 MiB, 49, 109.65 W, 2910 MHz, 13801 MHz, Not Active, Not Active, Not Active, Not Active, Not Active
2026/09/03 00:47:25.048, 28011 MiB, 49, 109.65 W, 2910 MHz, 13801 MHz, Not Active, Not Active, Not Active, Not Active, Not Active
2026/09/03 00:47:25.249, 28011 MiB, 49, 109.65 W, 2910 MHz, 13801 MHz, Not Active, Not Active, Not Active, Not Active, Not Active
2026/09/03 00:47:25.449, 28011 MiB, 50, 109.74 W, 2910 MHz, 13801 MHz, Not Active, Not Active, Not Active, Not Active, Not Active
2026/09/03 00:47:25.649, 28011 MiB, 50, 109.74 W, 2910 MHz, 13801 MHz, Not Active, Not Active, Not Active, Not Active, Not Active
2026/09/03 00:47:25.849, 28011 MiB, 50, 111.49 W, 2880 MHz, 13801 MHz, Not Active, Not Active, Not Active, Not Active, Not Active
2026/09/03 00:47:26.049, 28011 MiB, 50, 111.49 W, 2880 MHz, 13801 MHz, Not Active, Not Active, Not Active, Not Active, Not Active
2026/09/03 00:47:26.250, 28011 MiB, 50, 111.49 W, 2880 MHz, 13801 MHz, Not Active, Not Active, Not Active, Not Active, Not Active
2026/09/03 00:47:26.450, 28011 MiB, 50, 112.15 W, 2910 MHz, 13801 MHz, Not Active, Not Active, Not Active, Not Active, Not Active
2026/09/03 00:47:26.650, 28011 MiB, 50, 112.15 W, 2910 MHz, 13801 MHz, Not Active, Not Active, Not Active, Not Active, Not Active
2026/09/03 00:47:26.850, 28011 MiB, 49, 111.62 W, 2910 MHz, 13801 MHz, Not Active, Not Active, Not Active, Not Active, Not Active
2026/09/03 00:47:27.050, 28011 MiB, 49, 111.62 W, 2910 MHz, 13801 MHz, Not Active, Not Active, Not Active, Not Active, Not Active
2026/09/03 00:47:27.251, 28011 MiB, 49, 111.62 W, 2910 MHz, 13801 MHz, Not Active, Not Active, Not Active, Not Active, Not Active
2026/09/03 00:47:27.451, 28011 MiB, 49, 109.71 W, 2910 MHz, 13801 MHz, Not Active, Not Active, Not Active, Not Active, Not Active
2026/09/03 00:47:27.651, 28011 MiB, 49, 109.71 W, 2910 MHz, 13801 MHz, Not Active, Not Active, Not Active, Not Active, Not Active
2026/09/03 00:47:27.851, 28011 MiB, 49, 109.32 W, 2910 MHz, 13801 MHz, Not Active, Not Active, Not Active, Not Active, Not Active
2026/09/03 00:47:28.052, 28011 MiB, 49, 109.32 W, 2910 MHz, 13801 MHz, Not Active, Not Active, Not Active, Not Active, Not Active
2026/09/03 00:47:28.252, 28011 MiB, 49, 109.32 W, 2910 MHz, 13801 MHz, Not Active, Not Active, Not Active, Not Active, Not Active
2026/09/03 00:47:28.452, 28011 MiB, 49, 112.02 W, 2910 MHz, 13801 MHz, Not Active, Not Active, Not Active, Not Active, Not Active
2026/09/03 00:47:28.653, 28011 MiB, 49, 112.02 W, 2910 MHz, 13801 MHz, Not Active, Not Active, Not Active, Not Active, Not Active
2026/09/03 00:47:28.853, 28011 MiB, 49, 112.21 W, 2910 MHz, 13801 MHz, Not Active, Not Active, Not Active, Not Active, Not Active
2026/09/03 00:47:29.053, 28011 MiB, 49, 112.21 W, 2910 MHz, 13801 MHz, Not Active, Not Active, Not Active, Not Active, Not Active
2026/09/03 00:47:29.253, 28011 MiB, 49, 112.21 W, 2910 MHz, 13801 MHz, Not Active, Not Active, Not Active, Not Active, Not Active
2026/09/03 00:47:29.454, 28011 MiB, 49, 109.78 W, 2910 MHz, 13801 MHz, Not Active, Not Active, Not Active, Not Active, Not Active
2026/09/03 00:47:29.654, 28011 MiB, 49, 109.78 W, 2910 MHz, 13801 MHz, Not Active, Not Active, Not Active, Not Active, Not Active
2026/09/03 00:47:29.854, 28011 MiB, 49, 109.82 W, 2910 MHz, 13801 MHz, Not Active, Not Active, Not Active, Not Active, Not Active
2026/09/03 00:47:30.054, 28011 MiB, 49, 109.82 W, 2910 MHz, 13801 MHz, Not Active, Not Active, Not Active, Not Active, Not Active
2026/09/03 00:47:30.255, 28011 MiB, 49, 109.82 W, 2910 MHz, 13801 MHz, Not Active, Not Active, Not Active, Not Active, Not Active
2026/09/03 00:47:30.455, 28011 MiB, 49, 112.45 W, 2910 MHz, 13801 MHz, Not Active, Not Active, Not Active, Not Active, Not Active
2026/09/03 00:47:30.655, 28011 MiB, 49, 112.45 W, 2910 MHz, 13801 MHz, Not Active, Not Active, Not Active, Not Active, Not Active
2026/09/03 00:47:30.855, 28011 MiB, 49, 112.28 W, 2910 MHz, 13801 MHz, Not Active, Not Active, Not Active, Not Active, Not Active
2026/09/03 00:47:31.055, 28011 MiB, 49, 112.28 W, 2910 MHz, 13801 MHz, Not Active, Not Active, Not Active, Not Active, Not Active
2026/09/03 00:47:31.256, 28011 MiB, 49, 112.28 W, 2910 MHz, 13801 MHz, Not Active, Not Active, Not Active, Not Active, Not Active
2026/09/03 00:47:31.456, 28011 MiB, 49, 111.11 W, 2910 MHz, 13801 MHz, Not Active, Not Active, Not Active, Not Active, Not Active
2026/09/03 00:47:31.656, 28011 MiB, 49, 111.11 W, 2910 MHz, 13801 MHz, Not Active, Not Active, Not Active, Not Active, Not Active
2026/09/03 00:47:31.856, 28011 MiB, 49, 109.76 W, 2910 MHz, 13801 MHz, Not Active, Not Active, Not Active, Not Active, Not Active
2026/09/03 00:47:32.057, 28011 MiB, 49, 109.76 W, 2910 MHz, 13801 MHz, Not Active, Not Active, Not Active, Not Active, Not Active
2026/09/03 00:47:32.257, 28011 MiB, 49, 109.76 W, 2910 MHz, 13801 MHz, Not Active, Not Active, Not Active, Not Active, Not Active
2026/09/03 00:47:32.457, 28011 MiB, 49, 109.14 W, 2880 MHz, 13801 MHz, Not Active, Not Active, Not Active, Not Active, Not Active
2026/09/03 00:47:32.657, 28011 MiB, 49, 109.14 W, 2880 MHz, 13801 MHz, Not Active, Not Active, Not Active, Not Active, Not Active
2026/09/03 00:47:32.857, 28011 MiB, 49, 112.11 W, 2910 MHz, 13801 MHz, Not Active, Not Active, Not Active, Not Active, Not Active
2026/09/03 00:47:33.058, 28011 MiB, 49, 112.11 W, 2910 MHz, 13801 MHz, Not Active, Not Active, Not Active, Not Active, Not Active
2026/09/03 00:47:33.258, 28011 MiB, 49, 112.11 W, 2910 MHz, 13801 MHz, Not Active, Not Active, Not Active, Not Active, Not Active
2026/09/03 00:47:33.458, 28011 MiB, 49, 112.61 W, 2910 MHz, 13801 MHz, Not Active, Not Active, Not Active, Not Active, Not Active
2026/09/03 00:47:33.658, 28011 MiB, 49, 112.61 W, 2910 MHz, 13801 MHz, Not Active, Not Active, Not Active, Not Active, Not Active
2026/09/03 00:47:33.858, 28011 MiB, 48, 109.24 W, 2910 MHz, 13801 MHz, Not Active, Not Active, Not Active, Not Active, Not Active
2026/09/03 00:47:34.059, 28011 MiB, 48, 109.24 W, 2910 MHz, 13801 MHz, Not Active, Not Active, Not Active, Not Active, Not Active
2026/09/03 00:47:34.259, 28011 MiB, 48, 109.24 W, 2910 MHz, 13801 MHz, Not Active, Not Active, Not Active, Not Active, Not Active
2026/09/03 00:47:34.459, 28011 MiB, 48, 109.29 W, 2910 MHz, 13801 MHz, Not Active, Not Active, Not Active, Not Active, Not Active
2026/09/03 00:47:34.659, 28011 MiB, 48, 109.29 W, 2910 MHz, 13801 MHz, Not Active, Not Active, Not Active, Not Active, Not Active
2026/09/03 00:47:34.859, 28011 MiB, 49, 112.57 W, 2910 MHz, 13801 MHz, Not Active, Not Active, Not Active, Not Active, Not Active
2026/09/03 00:47:35.060, 28011 MiB, 49, 112.57 W, 2910 MHz, 13801 MHz, Not Active, Not Active, Not Active, Not Active, Not Active
2026/09/03 00:47:35.260, 28011 MiB, 49, 112.57 W, 2910 MHz, 13801 MHz, Not Active, Not Active, Not Active, Not Active, Not Active
2026/09/03 00:47:35.460, 28011 MiB, 48, 112.17 W, 2910 MHz, 13801 MHz, Not Active, Not Active, Not Active, Not Active, Not Active
2026/09/03 00:47:35.661, 28011 MiB, 48, 112.17 W, 2910 MHz, 13801 MHz, Not Active, Not Active, Not Active, Not Active, Not Active
2026/09/03 00:47:35.861, 28011 MiB, 48, 109.69 W, 2910 MHz, 13801 MHz, Not Active, Not Active, Not Active, Not Active, Not Active
2026/09/03 00:47:36.061, 28011 MiB, 48, 109.69 W, 2910 MHz, 13801 MHz, Not Active, Not Active, Not Active, Not Active, Not Active
2026/09/03 00:47:36.261, 28011 MiB, 48, 109.02 W, 2910 MHz, 13801 MHz, Not Active, Not Active, Not Active, Not Active, Not Active
2026/09/03 00:47:36.462, 28011 MiB, 48, 109.02 W, 2910 MHz, 13801 MHz, Not Active, Not Active, Not Active, Not Active, Not Active
2026/09/03 00:47:36.662, 28011 MiB, 48, 109.02 W, 2910 MHz, 13801 MHz, Not Active, Not Active, Not Active, Not Active, Not Active
2026/09/03 00:47:36.862, 28011 MiB, 48, 109.21 W, 2880 MHz, 13801 MHz, Not Active, Not Active, Not Active, Not Active, Not Active
2026/09/03 00:47:37.062, 28011 MiB, 48, 109.21 W, 2880 MHz, 13801 MHz, Not Active, Not Active, Not Active, Not Active, Not Active
2026/09/03 00:47:37.263, 28011 MiB, 48, 112.06 W, 2910 MHz, 13801 MHz, Not Active, Not Active, Not Active, Not Active, Not Active
2026/09/03 00:47:37.463, 28011 MiB, 48, 112.06 W, 2910 MHz, 13801 MHz, Not Active, Not Active, Not Active, Not Active, Not Active
2026/09/03 00:47:37.663, 28011 MiB, 48, 112.06 W, 2910 MHz, 13801 MHz, Not Active, Not Active, Not Active, Not Active, Not Active
2026/09/03 00:47:37.863, 28011 MiB, 48, 111.68 W, 2910 MHz, 13801 MHz, Not Active, Not Active, Not Active, Not Active, Not Active
2026/09/03 00:47:38.063, 28011 MiB, 48, 111.68 W, 2910 MHz, 13801 MHz, Not Active, Not Active, Not Active, Not Active, Not Active
2026/09/03 00:47:38.264, 28011 MiB, 48, 108.96 W, 2910 MHz, 13801 MHz, Not Active, Not Active, Not Active, Not Active, Not Active
2026/09/03 00:47:38.464, 28011 MiB, 48, 108.96 W, 2910 MHz, 13801 MHz, Not Active, Not Active, Not Active, Not Active, Not Active
2026/09/03 00:47:38.664, 28011 MiB, 48, 108.96 W, 2910 MHz, 13801 MHz, Not Active, Not Active, Not Active, Not Active, Not Active
2026/09/03 00:47:38.865, 28011 MiB, 48, 108.79 W, 2910 MHz, 13801 MHz, Not Active, Not Active, Not Active, Not Active, Not Active
2026/09/03 00:47:39.065, 28011 MiB, 48, 108.79 W, 2910 MHz, 13801 MHz, Not Active, Not Active, Not Active, Not Active, Not Active
2026/09/03 00:47:39.265, 28011 MiB, 48, 111.07 W, 2910 MHz, 13801 MHz, Not Active, Not Active, Not Active, Not Active, Not Active
2026/09/03 00:47:39.465, 28011 MiB, 48, 111.07 W, 2910 MHz, 13801 MHz, Not Active, Not Active, Not Active, Not Active, Not Active
2026/09/03 00:47:39.666, 28011 MiB, 48, 111.07 W, 2910 MHz, 13801 MHz, Not Active, Not Active, Not Active, Not Active, Not Active
2026/09/03 00:47:39.866, 28011 MiB, 48, 111.03 W, 2910 MHz, 13801 MHz, Not Active, Not Active, Not Active, Not Active, Not Active
2026/09/03 00:47:40.066, 28011 MiB, 48, 111.03 W, 2910 MHz, 13801 MHz, Not Active, Not Active, Not Active, Not Active, Not Active
2026/09/03 00:47:40.266, 28011 MiB, 48, 108.70 W, 2910 MHz, 13801 MHz, Not Active, Not Active, Not Active, Not Active, Not Active
2026/09/03 00:47:40.467, 28011 MiB, 48, 108.70 W, 2910 MHz, 13801 MHz, Not Active, Not Active, Not Active, Not Active, Not Active
2026/09/03 00:47:40.667, 28011 MiB, 48, 108.70 W, 2910 MHz, 13801 MHz, Not Active, Not Active, Not Active, Not Active, Not Active
2026/09/03 00:47:40.867, 28011 MiB, 48, 108.70 W, 2910 MHz, 13801 MHz, Not Active, Not Active, Not Active, Not Active, Not Active
2026/09/03 00:47:41.067, 28011 MiB, 48, 108.70 W, 2910 MHz, 13801 MHz, Not Active, Not Active, Not Active, Not Active, Not Active
2026/09/03 00:47:41.268, 28011 MiB, 48, 109.92 W, 2895 MHz, 13801 MHz, Not Active, Not Active, Not Active, Not Active, Not Active
2026/09/03 00:47:41.468, 28011 MiB, 48, 109.92 W, 2895 MHz, 13801 MHz, Not Active, Not Active, Not Active, Not Active, Not Active
2026/09/03 00:47:41.668, 28011 MiB, 48, 109.92 W, 2895 MHz, 13801 MHz, Not Active, Not Active, Not Active, Not Active, Not Active
2026/09/03 00:47:41.868, 28011 MiB, 48, 112.29 W, 2910 MHz, 13801 MHz, Not Active, Not Active, Not Active, Not Active, Not Active
2026/09/03 00:47:42.068, 28011 MiB, 48, 112.29 W, 2910 MHz, 13801 MHz, Not Active, Not Active, Not Active, Not Active, Not Active
2026/09/03 00:47:42.269, 28011 MiB, 48, 111.23 W, 2910 MHz, 13801 MHz, Not Active, Not Active, Not Active, Not Active, Not Active
2026/09/03 00:47:42.469, 28011 MiB, 48, 111.23 W, 2910 MHz, 13801 MHz, Not Active, Not Active, Not Active, Not Active, Not Active
2026/09/03 00:47:42.669, 28011 MiB, 48, 111.23 W, 2910 MHz, 13801 MHz, Not Active, Not Active, Not Active, Not Active, Not Active
2026/09/03 00:47:42.869, 28011 MiB, 48, 108.91 W, 2910 MHz, 13801 MHz, Not Active, Not Active, Not Active, Not Active, Not Active
2026/09/03 00:47:43.070, 28011 MiB, 48, 108.91 W, 2910 MHz, 13801 MHz, Not Active, Not Active, Not Active, Not Active, Not Active
2026/09/03 00:47:43.270, 28011 MiB, 47, 108.87 W, 2910 MHz, 13801 MHz, Not Active, Not Active, Not Active, Not Active, Not Active
2026/09/03 00:47:43.470, 28011 MiB, 47, 108.87 W, 2910 MHz, 13801 MHz, Not Active, Not Active, Not Active, Not Active, Not Active
2026/09/03 00:47:43.670, 28011 MiB, 47, 108.87 W, 2910 MHz, 13801 MHz, Not Active, Not Active, Not Active, Not Active, Not Active
2026/09/03 00:47:43.871, 28011 MiB, 48, 111.78 W, 2910 MHz, 13801 MHz, Not Active, Not Active, Not Active, Not Active, Not Active
2026/09/03 00:47:44.071, 28011 MiB, 48, 111.78 W, 2910 MHz, 13801 MHz, Not Active, Not Active, Not Active, Not Active, Not Active
2026/09/03 00:47:44.271, 28011 MiB, 47, 111.71 W, 2910 MHz, 13801 MHz, Not Active, Not Active, Not Active, Not Active, Not Active
2026/09/03 00:47:44.471, 28011 MiB, 47, 111.71 W, 2910 MHz, 13801 MHz, Not Active, Not Active, Not Active, Not Active, Not Active
2026/09/03 00:47:44.672, 28011 MiB, 47, 111.71 W, 2910 MHz, 13801 MHz, Not Active, Not Active, Not Active, Not Active, Not Active
2026/09/03 00:47:44.872, 28011 MiB, 47, 108.78 W, 2910 MHz, 13801 MHz, Not Active, Not Active, Not Active, Not Active, Not Active
2026/09/03 00:47:45.072, 28011 MiB, 47, 108.78 W, 2910 MHz, 13801 MHz, Not Active, Not Active, Not Active, Not Active, Not Active
2026/09/03 00:47:45.272, 28011 MiB, 47, 108.83 W, 2910 MHz, 13801 MHz, Not Active, Not Active, Not Active, Not Active, Not Active
2026/09/03 00:47:45.472, 28011 MiB, 47, 108.83 W, 2910 MHz, 13801 MHz, Not Active, Not Active, Not Active, Not Active, Not Active
2026/09/03 00:47:45.673, 28011 MiB, 47, 108.83 W, 2910 MHz, 13801 MHz, Not Active, Not Active, Not Active, Not Active, Not Active
2026/09/03 00:47:45.873, 28011 MiB, 48, 109.99 W, 2880 MHz, 13801 MHz, Not Active, Not Active, Not Active, Not Active, Not Active
2026/09/03 00:47:46.073, 28011 MiB, 48, 109.99 W, 2880 MHz, 13801 MHz, Not Active, Not Active, Not Active, Not Active, Not Active
2026/09/03 00:47:46.273, 28011 MiB, 47, 111.34 W, 2910 MHz, 13801 MHz, Not Active, Not Active, Not Active, Not Active, Not Active
2026/09/03 00:47:46.474, 28011 MiB, 47, 111.34 W, 2910 MHz, 13801 MHz, Not Active, Not Active, Not Active, Not Active, Not Active
2026/09/03 00:47:46.674, 28011 MiB, 47, 111.34 W, 2910 MHz, 13801 MHz, Not Active, Not Active, Not Active, Not Active, Not Active
2026/09/03 00:47:46.874, 28011 MiB, 47, 111.25 W, 2910 MHz, 13801 MHz, Not Active, Not Active, Not Active, Not Active, Not Active
2026/09/03 00:47:47.074, 28011 MiB, 47, 111.25 W, 2910 MHz, 13801 MHz, Not Active, Not Active, Not Active, Not Active, Not Active
2026/09/03 00:47:47.275, 28011 MiB, 47, 108.38 W, 2910 MHz, 13801 MHz, Not Active, Not Active, Not Active, Not Active, Not Active
2026/09/03 00:47:47.475, 28011 MiB, 47, 108.38 W, 2910 MHz, 13801 MHz, Not Active, Not Active, Not Active, Not Active, Not Active
2026/09/03 00:47:47.675, 28011 MiB, 47, 108.38 W, 2910 MHz, 13801 MHz, Not Active, Not Active, Not Active, Not Active, Not Active
2026/09/03 00:47:47.875, 28011 MiB, 47, 108.40 W, 2910 MHz, 13801 MHz, Not Active, Not Active, Not Active, Not Active, Not Active
2026/09/03 00:47:48.075, 28011 MiB, 47, 108.40 W, 2910 MHz, 13801 MHz, Not Active, Not Active, Not Active, Not Active, Not Active
2026/09/03 00:47:48.276, 28011 MiB, 47, 110.95 W, 2910 MHz, 13801 MHz, Not Active, Not Active, Not Active, Not Active, Not Active
2026/09/03 00:47:48.476, 28011 MiB, 47, 110.95 W, 2910 MHz, 13801 MHz, Not Active, Not Active, Not Active, Not Active, Not Active
2026/09/03 00:47:48.676, 28011 MiB, 47, 110.95 W, 2910 MHz, 13801 MHz, Not Active, Not Active, Not Active, Not Active, Not Active
2026/09/03 00:47:48.877, 28011 MiB, 47, 110.86 W, 2910 MHz, 13801 MHz, Not Active, Not Active, Not Active, Not Active, Not Active
2026/09/03 00:47:49.077, 28011 MiB, 47, 110.86 W, 2910 MHz, 13801 MHz, Not Active, Not Active, Not Active, Not Active, Not Active
2026/09/03 00:47:49.277, 28011 MiB, 47, 108.12 W, 2910 MHz, 13801 MHz, Not Active, Not Active, Not Active, Not Active, Not Active
2026/09/03 00:47:49.477, 28011 MiB, 47, 108.12 W, 2910 MHz, 13801 MHz, Not Active, Not Active, Not Active, Not Active, Not Active
2026/09/03 00:47:49.678, 28011 MiB, 47, 108.12 W, 2910 MHz, 13801 MHz, Not Active, Not Active, Not Active, Not Active, Not Active
2026/09/03 00:47:49.878, 28011 MiB, 47, 108.03 W, 2910 MHz, 13801 MHz, Not Active, Not Active, Not Active, Not Active, Not Active
2026/09/03 00:47:50.078, 28011 MiB, 47, 108.03 W, 2910 MHz, 13801 MHz, Not Active, Not Active, Not Active, Not Active, Not Active
2026/09/03 00:47:50.278, 28011 MiB, 47, 109.96 W, 2880 MHz, 13801 MHz, Not Active, Not Active, Not Active, Not Active, Not Active
2026/09/03 00:47:50.479, 28011 MiB, 47, 109.96 W, 2880 MHz, 13801 MHz, Not Active, Not Active, Not Active, Not Active, Not Active
2026/09/03 00:47:50.679, 28011 MiB, 47, 109.96 W, 2880 MHz, 13801 MHz, Not Active, Not Active, Not Active, Not Active, Not Active
2026/09/03 00:47:50.879, 28011 MiB, 47, 110.48 W, 2910 MHz, 13801 MHz, Not Active, Not Active, Not Active, Not Active, Not Active
2026/09/03 00:47:51.079, 28011 MiB, 47, 110.48 W, 2910 MHz, 13801 MHz, Not Active, Not Active, Not Active, Not Active, Not Active
2026/09/03 00:47:51.280, 28011 MiB, 47, 110.16 W, 2910 MHz, 13801 MHz, Not Active, Not Active, Not Active, Not Active, Not Active
2026/09/03 00:47:51.480, 28011 MiB, 47, 110.16 W, 2910 MHz, 13801 MHz, Not Active, Not Active, Not Active, Not Active, Not Active
2026/09/03 00:47:51.680, 28011 MiB, 47, 110.16 W, 2910 MHz, 13801 MHz, Not Active, Not Active, Not Active, Not Active, Not Active
2026/09/03 00:47:51.880, 28011 MiB, 47, 108.02 W, 2910 MHz, 13801 MHz, Not Active, Not Active, Not Active, Not Active, Not Active
2026/09/03 00:47:52.081, 28011 MiB, 47, 108.02 W, 2910 MHz, 13801 MHz, Not Active, Not Active, Not Active, Not Active, Not Active
2026/09/03 00:47:52.281, 28011 MiB, 47, 108.00 W, 2910 MHz, 13801 MHz, Not Active, Not Active, Not Active, Not Active, Not Active
2026/09/03 00:47:52.481, 28011 MiB, 47, 108.00 W, 2910 MHz, 13801 MHz, Not Active, Not Active, Not Active, Not Active, Not Active
2026/09/03 00:47:52.681, 28011 MiB, 47, 108.00 W, 2910 MHz, 13801 MHz, Not Active, Not Active, Not Active, Not Active, Not Active
2026/09/03 00:47:52.882, 28011 MiB, 47, 110.71 W, 2910 MHz, 13801 MHz, Not Active, Not Active, Not Active, Not Active, Not Active
2026/09/03 00:47:53.082, 28011 MiB, 47, 110.71 W, 2910 MHz, 13801 MHz, Not Active, Not Active, Not Active, Not Active, Not Active
2026/09/03 00:47:53.282, 28011 MiB, 47, 110.66 W, 2910 MHz, 13801 MHz, Not Active, Not Active, Not Active, Not Active, Not Active
2026/09/03 00:47:53.482, 28011 MiB, 47, 110.66 W, 2910 MHz, 13801 MHz, Not Active, Not Active, Not Active, Not Active, Not Active
2026/09/03 00:47:53.683, 28011 MiB, 47, 110.66 W, 2910 MHz, 13801 MHz, Not Active, Not Active, Not Active, Not Active, Not Active
2026/09/03 00:47:53.883, 28011 MiB, 47, 107.93 W, 2910 MHz, 13801 MHz, Not Active, Not Active, Not Active, Not Active, Not Active
2026/09/03 00:47:54.083, 28011 MiB, 47, 107.93 W, 2910 MHz, 13801 MHz, Not Active, Not Active, Not Active, Not Active, Not Active
2026/09/03 00:47:54.284, 28011 MiB, 47, 108.04 W, 2910 MHz, 13801 MHz, Not Active, Not Active, Not Active, Not Active, Not Active
2026/09/03 00:47:54.484, 28011 MiB, 47, 108.04 W, 2910 MHz, 13801 MHz, Not Active, Not Active, Not Active, Not Active, Not Active
2026/09/03 00:47:54.684, 28011 MiB, 47, 108.04 W, 2910 MHz, 13801 MHz, Not Active, Not Active, Not Active, Not Active, Not Active
2026/09/03 00:47:54.884, 28011 MiB, 47, 110.78 W, 2895 MHz, 13801 MHz, Not Active, Not Active, Not Active, Not Active, Not Active
2026/09/03 00:47:55.085, 28011 MiB, 47, 110.78 W, 2895 MHz, 13801 MHz, Not Active, Not Active, Not Active, Not Active, Not Active
2026/09/03 00:47:55.285, 28011 MiB, 47, 110.91 W, 2910 MHz, 13801 MHz, Not Active, Not Active, Not Active, Not Active, Not Active
2026/09/03 00:47:55.485, 28011 MiB, 47, 110.91 W, 2910 MHz, 13801 MHz, Not Active, Not Active, Not Active, Not Active, Not Active
2026/09/03 00:47:55.685, 28011 MiB, 47, 110.91 W, 2910 MHz, 13801 MHz, Not Active, Not Active, Not Active, Not Active, Not Active
2026/09/03 00:47:55.885, 28011 MiB, 47, 109.67 W, 2910 MHz, 13801 MHz, Not Active, Not Active, Not Active, Not Active, Not Active
2026/09/03 00:47:56.086, 28011 MiB, 47, 109.67 W, 2910 MHz, 13801 MHz, Not Active, Not Active, Not Active, Not Active, Not Active
2026/09/03 00:47:56.286, 28011 MiB, 47, 107.92 W, 2910 MHz, 13801 MHz, Not Active, Not Active, Not Active, Not Active, Not Active
2026/09/03 00:47:56.486, 28011 MiB, 47, 107.92 W, 2910 MHz, 13801 MHz, Not Active, Not Active, Not Active, Not Active, Not Active
2026/09/03 00:47:56.687, 28011 MiB, 47, 107.92 W, 2910 MHz, 13801 MHz, Not Active, Not Active, Not Active, Not Active, Not Active
2026/09/03 00:47:56.887, 28011 MiB, 47, 107.80 W, 2880 MHz, 13801 MHz, Not Active, Not Active, Not Active, Not Active, Not Active
2026/09/03 00:47:57.087, 28011 MiB, 47, 107.80 W, 2880 MHz, 13801 MHz, Not Active, Not Active, Not Active, Not Active, Not Active
2026/09/03 00:47:57.287, 28011 MiB, 47, 109.88 W, 2910 MHz, 13801 MHz, Not Active, Not Active, Not Active, Not Active, Not Active
2026/09/03 00:47:57.487, 28011 MiB, 47, 109.88 W, 2910 MHz, 13801 MHz, Not Active, Not Active, Not Active, Not Active, Not Active
2026/09/03 00:47:57.688, 28011 MiB, 47, 109.88 W, 2910 MHz, 13801 MHz, Not Active, Not Active, Not Active, Not Active, Not Active
2026/09/03 00:47:57.888, 28011 MiB, 46, 109.81 W, 2910 MHz, 13801 MHz, Not Active, Not Active, Not Active, Not Active, Not Active
2026/09/03 00:47:58.088, 28011 MiB, 46, 109.81 W, 2910 MHz, 13801 MHz, Not Active, Not Active, Not Active, Not Active, Not Active
2026/09/03 00:47:58.288, 28011 MiB, 46, 107.93 W, 2910 MHz, 13801 MHz, Not Active, Not Active, Not Active, Not Active, Not Active
2026/09/03 00:47:58.489, 28011 MiB, 46, 107.93 W, 2910 MHz, 13801 MHz, Not Active, Not Active, Not Active, Not Active, Not Active
2026/09/03 00:47:58.689, 28011 MiB, 46, 107.93 W, 2910 MHz, 13801 MHz, Not Active, Not Active, Not Active, Not Active, Not Active
2026/09/03 00:47:58.889, 28011 MiB, 46, 107.75 W, 2910 MHz, 13801 MHz, Not Active, Not Active, Not Active, Not Active, Not Active
2026/09/03 00:47:59.089, 28011 MiB, 46, 107.75 W, 2910 MHz, 13801 MHz, Not Active, Not Active, Not Active, Not Active, Not Active
2026/09/03 00:47:59.290, 28011 MiB, 47, 110.62 W, 2910 MHz, 13801 MHz, Not Active, Not Active, Not Active, Not Active, Not Active
2026/09/03 00:47:59.490, 28011 MiB, 47, 110.62 W, 2910 MHz, 13801 MHz, Not Active, Not Active, Not Active, Not Active, Not Active
2026/09/03 00:47:59.690, 28011 MiB, 47, 110.62 W, 2910 MHz, 13801 MHz, Not Active, Not Active, Not Active, Not Active, Not Active
2026/09/03 00:47:59.890, 28011 MiB, 46, 110.71 W, 2910 MHz, 13801 MHz, Not Active, Not Active, Not Active, Not Active, Not Active
2026/09/03 00:48:00.090, 28011 MiB, 46, 110.71 W, 2910 MHz, 13801 MHz, Not Active, Not Active, Not Active, Not Active, Not Active
2026/09/03 00:48:00.291, 28011 MiB, 46, 108.85 W, 2910 MHz, 13801 MHz, Not Active, Not Active, Not Active, Not Active, Not Active
2026/09/03 00:48:00.491, 28011 MiB, 46, 108.85 W, 2910 MHz, 13801 MHz, Not Active, Not Active, Not Active, Not Active, Not Active
2026/09/03 00:48:00.691, 28011 MiB, 46, 108.85 W, 2910 MHz, 13801 MHz, Not Active, Not Active, Not Active, Not Active, Not Active
2026/09/03 00:48:00.892, 28011 MiB, 47, 107.60 W, 2910 MHz, 13801 MHz, Not Active, Not Active, Not Active, Not Active, Not Active
2026/09/03 00:48:01.092, 28011 MiB, 47, 107.60 W, 2910 MHz, 13801 MHz, Not Active, Not Active, Not Active, Not Active, Not Active
2026/09/03 00:48:01.292, 28011 MiB, 46, 107.01 W, 2880 MHz, 13801 MHz, Not Active, Not Active, Not Active, Not Active, Not Active
2026/09/03 00:48:01.492, 28011 MiB, 46, 107.01 W, 2880 MHz, 13801 MHz, Not Active, Not Active, Not Active, Not Active, Not Active
2026/09/03 00:48:01.692, 28011 MiB, 46, 107.01 W, 2880 MHz, 13801 MHz, Not Active, Not Active, Not Active, Not Active, Not Active
2026/09/03 00:48:01.893, 28011 MiB, 46, 109.77 W, 2910 MHz, 13801 MHz, Not Active, Not Active, Not Active, Not Active, Not Active
2026/09/03 00:48:02.093, 28011 MiB, 46, 109.77 W, 2910 MHz, 13801 MHz, Not Active, Not Active, Not Active, Not Active, Not Active
2026/09/03 00:48:02.293, 28011 MiB, 46, 110.44 W, 2910 MHz, 13801 MHz, Not Active, Not Active, Not Active, Not Active, Not Active
2026/09/03 00:48:02.493, 28011 MiB, 46, 110.44 W, 2910 MHz, 13801 MHz, Not Active, Not Active, Not Active, Not Active, Not Active
2026/09/03 00:48:02.694, 28011 MiB, 46, 110.44 W, 2910 MHz, 13801 MHz, Not Active, Not Active, Not Active, Not Active, Not Active
2026/09/03 00:48:02.894, 28011 MiB, 46, 107.33 W, 2910 MHz, 13801 MHz, Not Active, Not Active, Not Active, Not Active, Not Active
2026/09/03 00:48:03.094, 28011 MiB, 46, 107.33 W, 2910 MHz, 13801 MHz, Not Active, Not Active, Not Active, Not Active, Not Active
2026/09/03 00:48:03.294, 28011 MiB, 46, 107.59 W, 2910 MHz, 13801 MHz, Not Active, Not Active, Not Active, Not Active, Not Active
2026/09/03 00:48:03.494, 28011 MiB, 46, 107.59 W, 2910 MHz, 13801 MHz, Not Active, Not Active, Not Active, Not Active, Not Active
2026/09/03 00:48:03.695, 28011 MiB, 46, 107.59 W, 2910 MHz, 13801 MHz, Not Active, Not Active, Not Active, Not Active, Not Active
2026/09/03 00:48:03.895, 28011 MiB, 46, 110.30 W, 2910 MHz, 13801 MHz, Not Active, Not Active, Not Active, Not Active, Not Active
2026/09/03 00:48:04.095, 28011 MiB, 46, 110.30 W, 2910 MHz, 13801 MHz, Not Active, Not Active, Not Active, Not Active, Not Active
2026/09/03 00:48:04.295, 28011 MiB, 46, 109.97 W, 2910 MHz, 13801 MHz, Not Active, Not Active, Not Active, Not Active, Not Active
2026/09/03 00:48:04.496, 28011 MiB, 46, 109.97 W, 2910 MHz, 13801 MHz, Not Active, Not Active, Not Active, Not Active, Not Active
2026/09/03 00:48:04.696, 28011 MiB, 46, 109.97 W, 2910 MHz, 13801 MHz, Not Active, Not Active, Not Active, Not Active, Not Active
2026/09/03 00:48:04.896, 28011 MiB, 46, 108.12 W, 2910 MHz, 13801 MHz, Not Active, Not Active, Not Active, Not Active, Not Active
2026/09/03 00:48:05.097, 28011 MiB, 46, 108.12 W, 2910 MHz, 13801 MHz, Not Active, Not Active, Not Active, Not Active, Not Active
2026/09/03 00:48:05.297, 28011 MiB, 46, 107.55 W, 2910 MHz, 13801 MHz, Not Active, Not Active, Not Active, Not Active, Not Active
2026/09/03 00:48:05.497, 28011 MiB, 46, 107.55 W, 2910 MHz, 13801 MHz, Not Active, Not Active, Not Active, Not Active, Not Active
2026/09/03 00:48:05.698, 28011 MiB, 46, 107.55 W, 2910 MHz, 13801 MHz, Not Active, Not Active, Not Active, Not Active, Not Active
2026/09/03 00:48:05.898, 28011 MiB, 46, 107.75 W, 2880 MHz, 13801 MHz, Not Active, Not Active, Not Active, Not Active, Not Active
2026/09/03 00:48:06.098, 28011 MiB, 46, 107.75 W, 2880 MHz, 13801 MHz, Not Active, Not Active, Not Active, Not Active, Not Active
2026/09/03 00:48:06.298, 28011 MiB, 46, 110.31 W, 2910 MHz, 13801 MHz, Not Active, Not Active, Not Active, Not Active, Not Active
2026/09/03 00:48:06.498, 28011 MiB, 46, 110.31 W, 2910 MHz, 13801 MHz, Not Active, Not Active, Not Active, Not Active, Not Active
2026/09/03 00:48:06.699, 28011 MiB, 46, 110.31 W, 2910 MHz, 13801 MHz, Not Active, Not Active, Not Active, Not Active, Not Active
2026/09/03 00:48:06.899, 28011 MiB, 46, 110.28 W, 2910 MHz, 13801 MHz, Not Active, Not Active, Not Active, Not Active, Not Active
2026/09/03 00:48:07.099, 28011 MiB, 46, 110.28 W, 2910 MHz, 13801 MHz, Not Active, Not Active, Not Active, Not Active, Not Active
2026/09/03 00:48:07.299, 28011 MiB, 46, 107.94 W, 2910 MHz, 13801 MHz, Not Active, Not Active, Not Active, Not Active, Not Active
2026/09/03 00:48:07.499, 28011 MiB, 46, 107.94 W, 2910 MHz, 13801 MHz, Not Active, Not Active, Not Active, Not Active, Not Active
2026/09/03 00:48:07.700, 28011 MiB, 46, 107.94 W, 2910 MHz, 13801 MHz, Not Active, Not Active, Not Active, Not Active, Not Active
2026/09/03 00:48:07.900, 28011 MiB, 46, 107.40 W, 2910 MHz, 13801 MHz, Not Active, Not Active, Not Active, Not Active, Not Active
2026/09/03 00:48:08.100, 28011 MiB, 46, 107.40 W, 2910 MHz, 13801 MHz, Not Active, Not Active, Not Active, Not Active, Not Active
2026/09/03 00:48:08.300, 28011 MiB, 46, 109.89 W, 2910 MHz, 13801 MHz, Not Active, Not Active, Not Active, Not Active, Not Active
2026/09/03 00:48:08.501, 28011 MiB, 46, 109.89 W, 2910 MHz, 13801 MHz, Not Active, Not Active, Not Active, Not Active, Not Active
2026/09/03 00:48:08.701, 28011 MiB, 46, 109.89 W, 2910 MHz, 13801 MHz, Not Active, Not Active, Not Active, Not Active, Not Active
2026/09/03 00:48:08.901, 28011 MiB, 46, 110.35 W, 2910 MHz, 13801 MHz, Not Active, Not Active, Not Active, Not Active, Not Active
2026/09/03 00:48:09.101, 28011 MiB, 46, 110.35 W, 2910 MHz, 13801 MHz, Not Active, Not Active, Not Active, Not Active, Not Active
2026/09/03 00:48:09.302, 28011 MiB, 46, 107.76 W, 2910 MHz, 13801 MHz, Not Active, Not Active, Not Active, Not Active, Not Active
2026/09/03 00:48:09.502, 28011 MiB, 46, 107.76 W, 2910 MHz, 13801 MHz, Not Active, Not Active, Not Active, Not Active, Not Active
2026/09/03 00:48:09.702, 28011 MiB, 46, 107.76 W, 2910 MHz, 13801 MHz, Not Active, Not Active, Not Active, Not Active, Not Active
2026/09/03 00:48:09.902, 28011 MiB, 46, 107.74 W, 2910 MHz, 13801 MHz, Not Active, Not Active, Not Active, Not Active, Not Active
2026/09/03 00:48:10.102, 28011 MiB, 46, 107.74 W, 2910 MHz, 13801 MHz, Not Active, Not Active, Not Active, Not Active, Not Active
2026/09/03 00:48:10.303, 28011 MiB, 46, 108.26 W, 2880 MHz, 13801 MHz, Not Active, Not Active, Not Active, Not Active, Not Active
2026/09/03 00:48:10.503, 28011 MiB, 46, 108.26 W, 2880 MHz, 13801 MHz, Not Active, Not Active, Not Active, Not Active, Not Active
2026/09/03 00:48:10.703, 28011 MiB, 46, 108.26 W, 2880 MHz, 13801 MHz, Not Active, Not Active, Not Active, Not Active, Not Active
2026/09/03 00:48:10.904, 28011 MiB, 46, 109.91 W, 2910 MHz, 13801 MHz, Not Active, Not Active, Not Active, Not Active, Not Active
2026/09/03 00:48:11.104, 28011 MiB, 46, 109.91 W, 2910 MHz, 13801 MHz, Not Active, Not Active, Not Active, Not Active, Not Active
2026/09/03 00:48:11.304, 28011 MiB, 46, 109.37 W, 2910 MHz, 13801 MHz, Not Active, Not Active, Not Active, Not Active, Not Active
2026/09/03 00:48:11.504, 28011 MiB, 46, 109.37 W, 2910 MHz, 13801 MHz, Not Active, Not Active, Not Active, Not Active, Not Active
2026/09/03 00:48:11.705, 28011 MiB, 46, 109.37 W, 2910 MHz, 13801 MHz, Not Active, Not Active, Not Active, Not Active, Not Active
2026/09/03 00:48:11.905, 28011 MiB, 46, 107.28 W, 2910 MHz, 13801 MHz, Not Active, Not Active, Not Active, Not Active, Not Active
2026/09/03 00:48:12.105, 28011 MiB, 46, 107.28 W, 2910 MHz, 13801 MHz, Not Active, Not Active, Not Active, Not Active, Not Active
2026/09/03 00:48:12.305, 28011 MiB, 46, 107.32 W, 2910 MHz, 13801 MHz, Not Active, Not Active, Not Active, Not Active, Not Active
2026/09/03 00:48:12.505, 28011 MiB, 46, 107.32 W, 2910 MHz, 13801 MHz, Not Active, Not Active, Not Active, Not Active, Not Active
2026/09/03 00:48:12.706, 28011 MiB, 46, 107.32 W, 2910 MHz, 13801 MHz, Not Active, Not Active, Not Active, Not Active, Not Active
2026/09/03 00:48:12.906, 28011 MiB, 46, 110.04 W, 2910 MHz, 13801 MHz, Not Active, Not Active, Not Active, Not Active, Not Active
2026/09/03 00:48:13.106, 28011 MiB, 46, 110.04 W, 2910 MHz, 13801 MHz, Not Active, Not Active, Not Active, Not Active, Not Active
2026/09/03 00:48:13.306, 28011 MiB, 46, 110.14 W, 2910 MHz, 13801 MHz, Not Active, Not Active, Not Active, Not Active, Not Active
2026/09/03 00:48:13.506, 28011 MiB, 46, 110.14 W, 2910 MHz, 13801 MHz, Not Active, Not Active, Not Active, Not Active, Not Active
2026/09/03 00:48:13.707, 28011 MiB, 46, 110.14 W, 2910 MHz, 13801 MHz, Not Active, Not Active, Not Active, Not Active, Not Active
2026/09/03 00:48:13.907, 28011 MiB, 46, 107.18 W, 2910 MHz, 13801 MHz, Not Active, Not Active, Not Active, Not Active, Not Active
2026/09/03 00:48:14.107, 28011 MiB, 46, 107.18 W, 2910 MHz, 13801 MHz, Not Active, Not Active, Not Active, Not Active, Not Active
2026/09/03 00:48:14.307, 28011 MiB, 46, 107.35 W, 2910 MHz, 13801 MHz, Not Active, Not Active, Not Active, Not Active, Not Active
2026/09/03 00:48:14.508, 28011 MiB, 46, 107.35 W, 2910 MHz, 13801 MHz, Not Active, Not Active, Not Active, Not Active, Not Active
2026/09/03 00:48:14.708, 28011 MiB, 46, 107.35 W, 2910 MHz, 13801 MHz, Not Active, Not Active, Not Active, Not Active, Not Active
2026/09/03 00:48:14.908, 28011 MiB, 46, 108.44 W, 2880 MHz, 13801 MHz, Not Active, Not Active, Not Active, Not Active, Not Active
2026/09/03 00:48:15.108, 28011 MiB, 46, 108.44 W, 2880 MHz, 13801 MHz, Not Active, Not Active, Not Active, Not Active, Not Active
2026/09/03 00:48:15.309, 28011 MiB, 46, 109.86 W, 2910 MHz, 13801 MHz, Not Active, Not Active, Not Active, Not Active, Not Active
2026/09/03 00:48:15.509, 28011 MiB, 46, 109.86 W, 2910 MHz, 13801 MHz, Not Active, Not Active, Not Active, Not Active, Not Active
2026/09/03 00:48:15.709, 28011 MiB, 46, 109.86 W, 2910 MHz, 13801 MHz, Not Active, Not Active, Not Active, Not Active, Not Active
2026/09/03 00:48:15.909, 28011 MiB, 46, 109.93 W, 2910 MHz, 13801 MHz, Not Active, Not Active, Not Active, Not Active, Not Active
2026/09/03 00:48:16.110, 28011 MiB, 46, 109.93 W, 2910 MHz, 13801 MHz, Not Active, Not Active, Not Active, Not Active, Not Active
2026/09/03 00:48:16.310, 28011 MiB, 45, 107.26 W, 2910 MHz, 13801 MHz, Not Active, Not Active, Not Active, Not Active, Not Active
2026/09/03 00:48:16.510, 28011 MiB, 45, 107.26 W, 2910 MHz, 13801 MHz, Not Active, Not Active, Not Active, Not Active, Not Active
2026/09/03 00:48:16.710, 28011 MiB, 45, 107.26 W, 2910 MHz, 13801 MHz, Not Active, Not Active, Not Active, Not Active, Not Active
2026/09/03 00:48:16.910, 28011 MiB, 45, 107.61 W, 2910 MHz, 13801 MHz, Not Active, Not Active, Not Active, Not Active, Not Active
2026/09/03 00:48:17.111, 28011 MiB, 45, 107.61 W, 2910 MHz, 13801 MHz, Not Active, Not Active, Not Active, Not Active, Not Active
2026/09/03 00:48:17.311, 28011 MiB, 45, 109.92 W, 2910 MHz, 13801 MHz, Not Active, Not Active, Not Active, Not Active, Not Active
2026/09/03 00:48:17.511, 28011 MiB, 45, 109.92 W, 2910 MHz, 13801 MHz, Not Active, Not Active, Not Active, Not Active, Not Active
2026/09/03 00:48:17.711, 28011 MiB, 45, 109.92 W, 2910 MHz, 13801 MHz, Not Active, Not Active, Not Active, Not Active, Not Active
2026/09/03 00:48:17.912, 28011 MiB, 45, 110.11 W, 2910 MHz, 13801 MHz, Not Active, Not Active, Not Active, Not Active, Not Active
2026/09/03 00:48:18.112, 28011 MiB, 45, 110.11 W, 2910 MHz, 13801 MHz, Not Active, Not Active, Not Active, Not Active, Not Active
2026/09/03 00:48:18.312, 28011 MiB, 45, 107.56 W, 2910 MHz, 13801 MHz, Not Active, Not Active, Not Active, Not Active, Not Active
2026/09/03 00:48:18.513, 28011 MiB, 45, 107.56 W, 2910 MHz, 13801 MHz, Not Active, Not Active, Not Active, Not Active, Not Active
2026/09/03 00:48:18.713, 28011 MiB, 45, 107.56 W, 2910 MHz, 13801 MHz, Not Active, Not Active, Not Active, Not Active, Not Active
2026/09/03 00:48:18.913, 28011 MiB, 45, 107.51 W, 2910 MHz, 13801 MHz, Not Active, Not Active, Not Active, Not Active, Not Active
2026/09/03 00:48:19.113, 28011 MiB, 45, 107.51 W, 2910 MHz, 13801 MHz, Not Active, Not Active, Not Active, Not Active, Not Active
2026/09/03 00:48:19.313, 28011 MiB, 46, 109.04 W, 2880 MHz, 13801 MHz, Not Active, Not Active, Not Active, Not Active, Not Active
2026/09/03 00:48:19.514, 28011 MiB, 46, 109.04 W, 2880 MHz, 13801 MHz, Not Active, Not Active, Not Active, Not Active, Not Active
2026/09/03 00:48:19.714, 28011 MiB, 46, 109.04 W, 2880 MHz, 13801 MHz, Not Active, Not Active, Not Active, Not Active, Not Active
2026/09/03 00:48:19.914, 28011 MiB, 45, 110.34 W, 2910 MHz, 13801 MHz, Not Active, Not Active, Not Active, Not Active, Not Active
2026/09/03 00:48:20.114, 28011 MiB, 45, 110.34 W, 2910 MHz, 13801 MHz, Not Active, Not Active, Not Active, Not Active, Not Active
2026/09/03 00:48:20.315, 28011 MiB, 45, 108.53 W, 2910 MHz, 13801 MHz, Not Active, Not Active, Not Active, Not Active, Not Active
2026/09/03 00:48:20.515, 28011 MiB, 45, 108.53 W, 2910 MHz, 13801 MHz, Not Active, Not Active, Not Active, Not Active, Not Active
2026/09/03 00:48:20.715, 28011 MiB, 45, 108.53 W, 2910 MHz, 13801 MHz, Not Active, Not Active, Not Active, Not Active, Not Active
2026/09/03 00:48:20.915, 28011 MiB, 45, 107.47 W, 2910 MHz, 13801 MHz, Not Active, Not Active, Not Active, Not Active, Not Active
2026/09/03 00:48:21.115, 28011 MiB, 45, 107.47 W, 2910 MHz, 13801 MHz, Not Active, Not Active, Not Active, Not Active, Not Active
2026/09/03 00:48:21.315, 28011 MiB, 45, 107.47 W, 2910 MHz, 13801 MHz, Not Active, Not Active, Not Active, Not Active, Not Active
2026/09/03 00:48:21.516, 28011 MiB, 45, 107.47 W, 2910 MHz, 13801 MHz, Not Active, Not Active, Not Active, Not Active, Not Active
2026/09/03 00:48:21.716, 28011 MiB, 45, 107.47 W, 2910 MHz, 13801 MHz, Not Active, Not Active, Not Active, Not Active, Not Active
2026/09/03 00:48:21.916, 28011 MiB, 45, 110.00 W, 2910 MHz, 13801 MHz, Not Active, Not Active, Not Active, Not Active, Not Active
2026/09/03 00:48:22.116, 28011 MiB, 45, 110.00 W, 2910 MHz, 13801 MHz, Not Active, Not Active, Not Active, Not Active, Not Active
2026/09/03 00:48:22.317, 28011 MiB, 45, 110.16 W, 2910 MHz, 13801 MHz, Not Active, Not Active, Not Active, Not Active, Not Active
2026/09/03 00:48:22.517, 28011 MiB, 45, 110.16 W, 2910 MHz, 13801 MHz, Not Active, Not Active, Not Active, Not Active, Not Active
2026/09/03 00:48:22.717, 28011 MiB, 45, 110.16 W, 2910 MHz, 13801 MHz, Not Active, Not Active, Not Active, Not Active, Not Active
2026/09/03 00:48:22.917, 28011 MiB, 45, 107.26 W, 2910 MHz, 13801 MHz, Not Active, Not Active, Not Active, Not Active, Not Active
2026/09/03 00:48:23.117, 28011 MiB, 45, 107.26 W, 2910 MHz, 13801 MHz, Not Active, Not Active, Not Active, Not Active, Not Active
2026/09/03 00:48:23.318, 28011 MiB, 45, 107.19 W, 2910 MHz, 13801 MHz, Not Active, Not Active, Not Active, Not Active, Not Active
2026/09/03 00:48:23.518, 28011 MiB, 45, 107.19 W, 2910 MHz, 13801 MHz, Not Active, Not Active, Not Active, Not Active, Not Active
2026/09/03 00:48:23.718, 28011 MiB, 45, 107.19 W, 2910 MHz, 13801 MHz, Not Active, Not Active, Not Active, Not Active, Not Active
2026/09/03 00:48:23.918, 28011 MiB, 45, 109.46 W, 2880 MHz, 13801 MHz, Not Active, Not Active, Not Active, Not Active, Not Active
2026/09/03 00:48:24.119, 28011 MiB, 45, 109.46 W, 2880 MHz, 13801 MHz, Not Active, Not Active, Not Active, Not Active, Not Active
2026/09/03 00:48:24.319, 28011 MiB, 45, 109.90 W, 2910 MHz, 13801 MHz, Not Active, Not Active, Not Active, Not Active, Not Active
2026/09/03 00:48:24.519, 28011 MiB, 45, 109.90 W, 2910 MHz, 13801 MHz, Not Active, Not Active, Not Active, Not Active, Not Active
2026/09/03 00:48:24.719, 28011 MiB, 45, 109.90 W, 2910 MHz, 13801 MHz, Not Active, Not Active, Not Active, Not Active, Not Active
2026/09/03 00:48:24.920, 28011 MiB, 45, 107.72 W, 2910 MHz, 13801 MHz, Not Active, Not Active, Not Active, Not Active, Not Active
2026/09/03 00:48:25.120, 28011 MiB, 45, 107.72 W, 2910 MHz, 13801 MHz, Not Active, Not Active, Not Active, Not Active, Not Active
2026/09/03 00:48:25.320, 28011 MiB, 45, 107.11 W, 2910 MHz, 13801 MHz, Not Active, Not Active, Not Active, Not Active, Not Active
2026/09/03 00:48:25.520, 28011 MiB, 45, 107.11 W, 2910 MHz, 13801 MHz, Not Active, Not Active, Not Active, Not Active, Not Active
2026/09/03 00:48:25.721, 28011 MiB, 45, 107.11 W, 2910 MHz, 13801 MHz, Not Active, Not Active, Not Active, Not Active, Not Active
2026/09/03 00:48:25.921, 28011 MiB, 45, 106.89 W, 2910 MHz, 13801 MHz, Not Active, Not Active, Not Active, Not Active, Not Active
2026/09/03 00:48:26.121, 28011 MiB, 45, 106.89 W, 2910 MHz, 13801 MHz, Not Active, Not Active, Not Active, Not Active, Not Active
2026/09/03 00:48:26.321, 28011 MiB, 45, 109.16 W, 2910 MHz, 13801 MHz, Not Active, Not Active, Not Active, Not Active, Not Active
2026/09/03 00:48:26.521, 28011 MiB, 45, 109.16 W, 2910 MHz, 13801 MHz, Not Active, Not Active, Not Active, Not Active, Not Active
2026/09/03 00:48:26.722, 28011 MiB, 45, 109.16 W, 2910 MHz, 13801 MHz, Not Active, Not Active, Not Active, Not Active, Not Active
2026/09/03 00:48:26.922, 28011 MiB, 45, 109.08 W, 2910 MHz, 13801 MHz, Not Active, Not Active, Not Active, Not Active, Not Active
2026/09/03 00:48:27.122, 28011 MiB, 45, 109.08 W, 2910 MHz, 13801 MHz, Not Active, Not Active, Not Active, Not Active, Not Active
2026/09/03 00:48:27.322, 28011 MiB, 45, 106.72 W, 2910 MHz, 13801 MHz, Not Active, Not Active, Not Active, Not Active, Not Active
2026/09/03 00:48:27.523, 28011 MiB, 45, 106.72 W, 2910 MHz, 13801 MHz, Not Active, Not Active, Not Active, Not Active, Not Active
2026/09/03 00:48:27.723, 28011 MiB, 45, 106.72 W, 2910 MHz, 13801 MHz, Not Active, Not Active, Not Active, Not Active, Not Active
2026/09/03 00:48:27.923, 28011 MiB, 45, 106.76 W, 2910 MHz, 13801 MHz, Not Active, Not Active, Not Active, Not Active, Not Active
2026/09/03 00:48:28.123, 28011 MiB, 45, 106.76 W, 2910 MHz, 13801 MHz, Not Active, Not Active, Not Active, Not Active, Not Active
2026/09/03 00:48:28.323, 28011 MiB, 45, 109.78 W, 2910 MHz, 13801 MHz, Not Active, Not Active, Not Active, Not Active, Not Active
2026/09/03 00:48:28.524, 28011 MiB, 45, 109.78 W, 2910 MHz, 13801 MHz, Not Active, Not Active, Not Active, Not Active, Not Active
2026/09/03 00:48:28.724, 28011 MiB, 45, 109.78 W, 2910 MHz, 13801 MHz, Not Active, Not Active, Not Active, Not Active, Not Active
2026/09/03 00:48:28.924, 28011 MiB, 45, 109.81 W, 2910 MHz, 13801 MHz, Not Active, Not Active, Not Active, Not Active, Not Active
2026/09/03 00:48:29.124, 28011 MiB, 45, 109.81 W, 2910 MHz, 13801 MHz, Not Active, Not Active, Not Active, Not Active, Not Active
2026/09/03 00:48:29.324, 28011 MiB, 45, 107.06 W, 2910 MHz, 13801 MHz, Not Active, Not Active, Not Active, Not Active, Not Active
2026/09/03 00:48:29.525, 28011 MiB, 45, 107.06 W, 2910 MHz, 13801 MHz, Not Active, Not Active, Not Active, Not Active, Not Active
2026/09/03 00:48:29.725, 28011 MiB, 45, 107.06 W, 2910 MHz, 13801 MHz, Not Active, Not Active, Not Active, Not Active, Not Active
2026/09/03 00:48:29.925, 28011 MiB, 45, 107.24 W, 2910 MHz, 13801 MHz, Not Active, Not Active, Not Active, Not Active, Not Active
2026/09/03 00:48:30.125, 28011 MiB, 45, 107.24 W, 2910 MHz, 13801 MHz, Not Active, Not Active, Not Active, Not Active, Not Active
2026/09/03 00:48:30.325, 28011 MiB, 45, 106.38 W, 2880 MHz, 13801 MHz, Not Active, Not Active, Not Active, Not Active, Not Active
2026/09/03 00:48:30.526, 28011 MiB, 45, 106.38 W, 2880 MHz, 13801 MHz, Not Active, Not Active, Not Active, Not Active, Not Active
2026/09/03 00:48:30.726, 28011 MiB, 45, 106.38 W, 2880 MHz, 13801 MHz, Not Active, Not Active, Not Active, Not Active, Not Active
2026/09/03 00:48:30.926, 28011 MiB, 45, 109.65 W, 2910 MHz, 13801 MHz, Not Active, Not Active, Not Active, Not Active, Not Active
2026/09/03 00:48:31.126, 28011 MiB, 45, 109.65 W, 2910 MHz, 13801 MHz, Not Active, Not Active, Not Active, Not Active, Not Active
2026/09/03 00:48:31.327, 28011 MiB, 45, 110.33 W, 2910 MHz, 13801 MHz, Not Active, Not Active, Not Active, Not Active, Not Active
2026/09/03 00:48:31.527, 28011 MiB, 45, 110.33 W, 2910 MHz, 13801 MHz, Not Active, Not Active, Not Active, Not Active, Not Active
2026/09/03 00:48:31.727, 28011 MiB, 45, 110.33 W, 2910 MHz, 13801 MHz, Not Active, Not Active, Not Active, Not Active, Not Active
2026/09/03 00:48:31.927, 28011 MiB, 45, 106.71 W, 2910 MHz, 13801 MHz, Not Active, Not Active, Not Active, Not Active, Not Active
2026/09/03 00:48:32.128, 28011 MiB, 45, 106.71 W, 2910 MHz, 13801 MHz, Not Active, Not Active, Not Active, Not Active, Not Active
2026/09/03 00:48:32.328, 28011 MiB, 45, 106.67 W, 2910 MHz, 13801 MHz, Not Active, Not Active, Not Active, Not Active, Not Active
2026/09/03 00:48:32.528, 28011 MiB, 45, 106.67 W, 2910 MHz, 13801 MHz, Not Active, Not Active, Not Active, Not Active, Not Active
2026/09/03 00:48:32.728, 28011 MiB, 45, 106.67 W, 2910 MHz, 13801 MHz, Not Active, Not Active, Not Active, Not Active, Not Active
2026/09/03 00:48:32.928, 28011 MiB, 45, 109.49 W, 2910 MHz, 13801 MHz, Not Active, Not Active, Not Active, Not Active, Not Active
2026/09/03 00:48:33.129, 28011 MiB, 45, 109.49 W, 2910 MHz, 13801 MHz, Not Active, Not Active, Not Active, Not Active, Not Active
2026/09/03 00:48:33.329, 28011 MiB, 45, 109.59 W, 2910 MHz, 13801 MHz, Not Active, Not Active, Not Active, Not Active, Not Active
2026/09/03 00:48:33.529, 28011 MiB, 45, 109.59 W, 2910 MHz, 13801 MHz, Not Active, Not Active, Not Active, Not Active, Not Active
2026/09/03 00:48:33.729, 28011 MiB, 45, 109.59 W, 2910 MHz, 13801 MHz, Not Active, Not Active, Not Active, Not Active, Not Active
2026/09/03 00:48:33.930, 28011 MiB, 45, 106.69 W, 2910 MHz, 13801 MHz, Not Active, Not Active, Not Active, Not Active, Not Active
2026/09/03 00:48:34.130, 28011 MiB, 45, 106.69 W, 2910 MHz, 13801 MHz, Not Active, Not Active, Not Active, Not Active, Not Active
2026/09/03 00:48:34.330, 28011 MiB, 45, 106.43 W, 2910 MHz, 13801 MHz, Not Active, Not Active, Not Active, Not Active, Not Active
2026/09/03 00:48:34.530, 28011 MiB, 45, 106.43 W, 2910 MHz, 13801 MHz, Not Active, Not Active, Not Active, Not Active, Not Active
2026/09/03 00:48:34.731, 28011 MiB, 45, 106.43 W, 2910 MHz, 13801 MHz, Not Active, Not Active, Not Active, Not Active, Not Active
2026/09/03 00:48:34.931, 28011 MiB, 45, 106.36 W, 2880 MHz, 13801 MHz, Not Active, Not Active, Not Active, Not Active, Not Active
2026/09/03 00:48:35.131, 28011 MiB, 45, 106.36 W, 2880 MHz, 13801 MHz, Not Active, Not Active, Not Active, Not Active, Not Active
2026/09/03 00:48:35.331, 28011 MiB, 45, 109.44 W, 2910 MHz, 13801 MHz, Not Active, Not Active, Not Active, Not Active, Not Active
2026/09/03 00:48:35.532, 28011 MiB, 45, 109.44 W, 2910 MHz, 13801 MHz, Not Active, Not Active, Not Active, Not Active, Not Active
2026/09/03 00:48:35.732, 28011 MiB, 45, 109.44 W, 2910 MHz, 13801 MHz, Not Active, Not Active, Not Active, Not Active, Not Active
2026/09/03 00:48:35.932, 28011 MiB, 45, 109.34 W, 2910 MHz, 13801 MHz, Not Active, Not Active, Not Active, Not Active, Not Active
2026/09/03 00:48:36.132, 28011 MiB, 45, 109.34 W, 2910 MHz, 13801 MHz, Not Active, Not Active, Not Active, Not Active, Not Active
2026/09/03 00:48:36.332, 28011 MiB, 45, 106.83 W, 2910 MHz, 13801 MHz, Not Active, Not Active, Not Active, Not Active, Not Active
2026/09/03 00:48:36.533, 28011 MiB, 45, 106.83 W, 2910 MHz, 13801 MHz, Not Active, Not Active, Not Active, Not Active, Not Active
2026/09/03 00:48:36.733, 28011 MiB, 45, 106.83 W, 2910 MHz, 13801 MHz, Not Active, Not Active, Not Active, Not Active, Not Active
2026/09/03 00:48:36.933, 28011 MiB, 45, 106.78 W, 2910 MHz, 13801 MHz, Not Active, Not Active, Not Active, Not Active, Not Active
2026/09/03 00:48:37.134, 28011 MiB, 45, 106.78 W, 2910 MHz, 13801 MHz, Not Active, Not Active, Not Active, Not Active, Not Active
2026/09/03 00:48:37.334, 28011 MiB, 45, 109.69 W, 2910 MHz, 13801 MHz, Not Active, Not Active, Not Active, Not Active, Not Active
2026/09/03 00:48:37.534, 28011 MiB, 45, 109.69 W, 2910 MHz, 13801 MHz, Not Active, Not Active, Not Active, Not Active, Not Active
2026/09/03 00:48:37.734, 28011 MiB, 45, 109.69 W, 2910 MHz, 13801 MHz, Not Active, Not Active, Not Active, Not Active, Not Active
2026/09/03 00:48:37.934, 28011 MiB, 45, 109.51 W, 2910 MHz, 13801 MHz, Not Active, Not Active, Not Active, Not Active, Not Active
2026/09/03 00:48:38.135, 28011 MiB, 45, 109.51 W, 2910 MHz, 13801 MHz, Not Active, Not Active, Not Active, Not Active, Not Active
2026/09/03 00:48:38.335, 28011 MiB, 45, 106.99 W, 2910 MHz, 13801 MHz, Not Active, Not Active, Not Active, Not Active, Not Active
2026/09/03 00:48:38.535, 28011 MiB, 45, 106.99 W, 2910 MHz, 13801 MHz, Not Active, Not Active, Not Active, Not Active, Not Active
2026/09/03 00:48:38.735, 28011 MiB, 45, 106.99 W, 2910 MHz, 13801 MHz, Not Active, Not Active, Not Active, Not Active, Not Active
2026/09/03 00:48:38.936, 28011 MiB, 45, 106.37 W, 2910 MHz, 13801 MHz, Not Active, Not Active, Not Active, Not Active, Not Active
2026/09/03 00:48:39.136, 28011 MiB, 45, 106.37 W, 2910 MHz, 13801 MHz, Not Active, Not Active, Not Active, Not Active, Not Active
2026/09/03 00:48:39.336, 28011 MiB, 44, 106.46 W, 2880 MHz, 13801 MHz, Not Active, Not Active, Not Active, Not Active, Not Active
2026/09/03 00:48:39.536, 28011 MiB, 44, 106.46 W, 2880 MHz, 13801 MHz, Not Active, Not Active, Not Active, Not Active, Not Active
2026/09/03 00:48:39.736, 28011 MiB, 44, 106.46 W, 2880 MHz, 13801 MHz, Not Active, Not Active, Not Active, Not Active, Not Active
2026/09/03 00:48:39.937, 28011 MiB, 45, 108.90 W, 2910 MHz, 13801 MHz, Not Active, Not Active, Not Active, Not Active, Not Active
2026/09/03 00:48:40.137, 28011 MiB, 45, 108.90 W, 2910 MHz, 13801 MHz, Not Active, Not Active, Not Active, Not Active, Not Active
2026/09/03 00:48:40.337, 28011 MiB, 44, 109.22 W, 2910 MHz, 13801 MHz, Not Active, Not Active, Not Active, Not Active, Not Active
2026/09/03 00:48:40.538, 28011 MiB, 44, 109.22 W, 2910 MHz, 13801 MHz, Not Active, Not Active, Not Active, Not Active, Not Active
2026/09/03 00:48:40.738, 28011 MiB, 44, 109.22 W, 2910 MHz, 13801 MHz, Not Active, Not Active, Not Active, Not Active, Not Active
2026/09/03 00:48:40.938, 28011 MiB, 44, 107.02 W, 2910 MHz, 13801 MHz, Not Active, Not Active, Not Active, Not Active, Not Active
2026/09/03 00:48:41.138, 28011 MiB, 44, 107.02 W, 2910 MHz, 13801 MHz, Not Active, Not Active, Not Active, Not Active, Not Active
2026/09/03 00:48:41.338, 28011 MiB, 44, 106.86 W, 2910 MHz, 13801 MHz, Not Active, Not Active, Not Active, Not Active, Not Active
2026/09/03 00:48:41.539, 28011 MiB, 44, 106.86 W, 2910 MHz, 13801 MHz, Not Active, Not Active, Not Active, Not Active, Not Active
2026/09/03 00:48:41.739, 28011 MiB, 44, 106.86 W, 2910 MHz, 13801 MHz, Not Active, Not Active, Not Active, Not Active, Not Active
2026/09/03 00:48:41.939, 28011 MiB, 45, 110.01 W, 2910 MHz, 13801 MHz, Not Active, Not Active, Not Active, Not Active, Not Active
2026/09/03 00:48:42.139, 28011 MiB, 45, 110.01 W, 2910 MHz, 13801 MHz, Not Active, Not Active, Not Active, Not Active, Not Active
2026/09/03 00:48:42.340, 28011 MiB, 44, 110.15 W, 2910 MHz, 13801 MHz, Not Active, Not Active, Not Active, Not Active, Not Active
2026/09/03 00:48:42.540, 28011 MiB, 44, 110.15 W, 2910 MHz, 13801 MHz, Not Active, Not Active, Not Active, Not Active, Not Active
2026/09/03 00:48:42.740, 28011 MiB, 44, 110.15 W, 2910 MHz, 13801 MHz, Not Active, Not Active, Not Active, Not Active, Not Active
2026/09/03 00:48:42.941, 28011 MiB, 44, 106.95 W, 2910 MHz, 13801 MHz, Not Active, Not Active, Not Active, Not Active, Not Active
2026/09/03 00:48:43.141, 28011 MiB, 44, 106.95 W, 2910 MHz, 13801 MHz, Not Active, Not Active, Not Active, Not Active, Not Active
2026/09/03 00:48:43.341, 28011 MiB, 44, 106.49 W, 2910 MHz, 13801 MHz, Not Active, Not Active, Not Active, Not Active, Not Active
2026/09/03 00:48:43.541, 28011 MiB, 44, 106.49 W, 2910 MHz, 13801 MHz, Not Active, Not Active, Not Active, Not Active, Not Active
2026/09/03 00:48:43.741, 28011 MiB, 44, 106.49 W, 2910 MHz, 13801 MHz, Not Active, Not Active, Not Active, Not Active, Not Active
2026/09/03 00:48:43.942, 28011 MiB, 44, 106.96 W, 2880 MHz, 13801 MHz, Not Active, Not Active, Not Active, Not Active, Not Active
2026/09/03 00:48:44.142, 28011 MiB, 44, 106.96 W, 2880 MHz, 13801 MHz, Not Active, Not Active, Not Active, Not Active, Not Active
2026/09/03 00:48:44.342, 28011 MiB, 44, 109.07 W, 2910 MHz, 13801 MHz, Not Active, Not Active, Not Active, Not Active, Not Active
2026/09/03 00:48:44.543, 28011 MiB, 44, 109.07 W, 2910 MHz, 13801 MHz, Not Active, Not Active, Not Active, Not Active, Not Active
2026/09/03 00:48:44.743, 28011 MiB, 44, 109.07 W, 2910 MHz, 13801 MHz, Not Active, Not Active, Not Active, Not Active, Not Active
2026/09/03 00:48:44.943, 28011 MiB, 44, 109.17 W, 2910 MHz, 13801 MHz, Not Active, Not Active, Not Active, Not Active, Not Active
2026/09/03 00:48:45.143, 28011 MiB, 44, 109.17 W, 2910 MHz, 13801 MHz, Not Active, Not Active, Not Active, Not Active, Not Active
2026/09/03 00:48:45.343, 28011 MiB, 44, 107.10 W, 2910 MHz, 13801 MHz, Not Active, Not Active, Not Active, Not Active, Not Active
2026/09/03 00:48:45.544, 28011 MiB, 44, 107.10 W, 2910 MHz, 13801 MHz, Not Active, Not Active, Not Active, Not Active, Not Active
2026/09/03 00:48:45.744, 28011 MiB, 44, 107.10 W, 2910 MHz, 13801 MHz, Not Active, Not Active, Not Active, Not Active, Not Active
2026/09/03 00:48:45.944, 28011 MiB, 44, 107.12 W, 2910 MHz, 13801 MHz, Not Active, Not Active, Not Active, Not Active, Not Active
2026/09/03 00:48:46.144, 28011 MiB, 44, 107.12 W, 2910 MHz, 13801 MHz, Not Active, Not Active, Not Active, Not Active, Not Active
2026/09/03 00:48:46.345, 28011 MiB, 44, 109.87 W, 2910 MHz, 13801 MHz, Not Active, Not Active, Not Active, Not Active, Not Active
2026/09/03 00:48:46.545, 28011 MiB, 44, 109.87 W, 2910 MHz, 13801 MHz, Not Active, Not Active, Not Active, Not Active, Not Active
2026/09/03 00:48:46.745, 28011 MiB, 44, 109.87 W, 2910 MHz, 13801 MHz, Not Active, Not Active, Not Active, Not Active, Not Active
2026/09/03 00:48:46.945, 28011 MiB, 44, 109.60 W, 2910 MHz, 13801 MHz, Not Active, Not Active, Not Active, Not Active, Not Active
2026/09/03 00:48:47.145, 28011 MiB, 44, 109.60 W, 2910 MHz, 13801 MHz, Not Active, Not Active, Not Active, Not Active, Not Active
2026/09/03 00:48:47.346, 28011 MiB, 44, 106.88 W, 2910 MHz, 13801 MHz, Not Active, Not Active, Not Active, Not Active, Not Active
2026/09/03 00:48:47.546, 28011 MiB, 44, 106.88 W, 2910 MHz, 13801 MHz, Not Active, Not Active, Not Active, Not Active, Not Active
2026/09/03 00:48:47.746, 28011 MiB, 44, 106.88 W, 2910 MHz, 13801 MHz, Not Active, Not Active, Not Active, Not Active, Not Active
2026/09/03 00:48:47.946, 28011 MiB, 44, 106.77 W, 2910 MHz, 13801 MHz, Not Active, Not Active, Not Active, Not Active, Not Active
2026/09/03 00:48:48.147, 28011 MiB, 44, 106.77 W, 2910 MHz, 13801 MHz, Not Active, Not Active, Not Active, Not Active, Not Active
2026/09/03 00:48:48.347, 28011 MiB, 44, 107.49 W, 2880 MHz, 13801 MHz, Not Active, Not Active, Not Active, Not Active, Not Active
2026/09/03 00:48:48.547, 28011 MiB, 44, 107.49 W, 2880 MHz, 13801 MHz, Not Active, Not Active, Not Active, Not Active, Not Active
2026/09/03 00:48:48.747, 28011 MiB, 44, 107.49 W, 2880 MHz, 13801 MHz, Not Active, Not Active, Not Active, Not Active, Not Active
2026/09/03 00:48:48.948, 28011 MiB, 44, 109.06 W, 2910 MHz, 13801 MHz, Not Active, Not Active, Not Active, Not Active, Not Active
2026/09/03 00:48:49.148, 28011 MiB, 44, 109.06 W, 2910 MHz, 13801 MHz, Not Active, Not Active, Not Active, Not Active, Not Active
2026/09/03 00:48:49.348, 28011 MiB, 44, 108.03 W, 2910 MHz, 13801 MHz, Not Active, Not Active, Not Active, Not Active, Not Active
2026/09/03 00:48:49.549, 28011 MiB, 44, 108.03 W, 2910 MHz, 13801 MHz, Not Active, Not Active, Not Active, Not Active, Not Active
2026/09/03 00:48:49.749, 28011 MiB, 44, 108.03 W, 2910 MHz, 13801 MHz, Not Active, Not Active, Not Active, Not Active, Not Active
2026/09/03 00:48:49.949, 28011 MiB, 44, 106.43 W, 2910 MHz, 13801 MHz, Not Active, Not Active, Not Active, Not Active, Not Active
2026/09/03 00:48:50.150, 28011 MiB, 44, 106.43 W, 2910 MHz, 13801 MHz, Not Active, Not Active, Not Active, Not Active, Not Active
2026/09/03 00:48:50.350, 28011 MiB, 44, 106.83 W, 2910 MHz, 13801 MHz, Not Active, Not Active, Not Active, Not Active, Not Active
2026/09/03 00:48:50.550, 28011 MiB, 44, 106.83 W, 2910 MHz, 13801 MHz, Not Active, Not Active, Not Active, Not Active, Not Active
2026/09/03 00:48:50.750, 28011 MiB, 44, 106.83 W, 2910 MHz, 13801 MHz, Not Active, Not Active, Not Active, Not Active, Not Active
2026/09/03 00:48:50.950, 28011 MiB, 44, 109.52 W, 2910 MHz, 13801 MHz, Not Active, Not Active, Not Active, Not Active, Not Active
2026/09/03 00:48:51.150, 28011 MiB, 44, 109.52 W, 2910 MHz, 13801 MHz, Not Active, Not Active, Not Active, Not Active, Not Active
2026/09/03 00:48:51.351, 28011 MiB, 44, 109.15 W, 2910 MHz, 13801 MHz, Not Active, Not Active, Not Active, Not Active, Not Active
2026/09/03 00:48:51.551, 28011 MiB, 44, 109.15 W, 2910 MHz, 13801 MHz, Not Active, Not Active, Not Active, Not Active, Not Active
2026/09/03 00:48:51.751, 28011 MiB, 44, 109.15 W, 2910 MHz, 13801 MHz, Not Active, Not Active, Not Active, Not Active, Not Active
2026/09/03 00:48:51.951, 28011 MiB, 44, 106.84 W, 2910 MHz, 13801 MHz, Not Active, Not Active, Not Active, Not Active, Not Active
2026/09/03 00:48:52.152, 28011 MiB, 44, 106.84 W, 2910 MHz, 13801 MHz, Not Active, Not Active, Not Active, Not Active, Not Active
2026/09/03 00:48:52.352, 28011 MiB, 44, 106.95 W, 2910 MHz, 13801 MHz, Not Active, Not Active, Not Active, Not Active, Not Active
2026/09/03 00:48:52.552, 28011 MiB, 44, 106.95 W, 2910 MHz, 13801 MHz, Not Active, Not Active, Not Active, Not Active, Not Active
2026/09/03 00:48:52.752, 28011 MiB, 44, 106.95 W, 2910 MHz, 13801 MHz, Not Active, Not Active, Not Active, Not Active, Not Active
2026/09/03 00:48:52.953, 28011 MiB, 44, 108.14 W, 2880 MHz, 13801 MHz, Not Active, Not Active, Not Active, Not Active, Not Active
2026/09/03 00:48:53.153, 28011 MiB, 44, 108.14 W, 2880 MHz, 13801 MHz, Not Active, Not Active, Not Active, Not Active, Not Active
2026/09/03 00:48:53.353, 28011 MiB, 44, 109.25 W, 2910 MHz, 13801 MHz, Not Active, Not Active, Not Active, Not Active, Not Active
2026/09/03 00:48:53.553, 28011 MiB, 44, 109.25 W, 2910 MHz, 13801 MHz, Not Active, Not Active, Not Active, Not Active, Not Active
2026/09/03 00:48:53.753, 28011 MiB, 44, 109.25 W, 2910 MHz, 13801 MHz, Not Active, Not Active, Not Active, Not Active, Not Active
2026/09/03 00:48:53.954, 28011 MiB, 44, 109.25 W, 2910 MHz, 13801 MHz, Not Active, Not Active, Not Active, Not Active, Not Active
2026/09/03 00:48:54.154, 28011 MiB, 44, 109.25 W, 2910 MHz, 13801 MHz, Not Active, Not Active, Not Active, Not Active, Not Active
2026/09/03 00:48:54.354, 28011 MiB, 44, 106.47 W, 2910 MHz, 13801 MHz, Not Active, Not Active, Not Active, Not Active, Not Active
2026/09/03 00:48:54.554, 28011 MiB, 44, 106.47 W, 2910 MHz, 13801 MHz, Not Active, Not Active, Not Active, Not Active, Not Active
2026/09/03 00:48:54.755, 28011 MiB, 44, 106.47 W, 2910 MHz, 13801 MHz, Not Active, Not Active, Not Active, Not Active, Not Active
2026/09/03 00:48:54.955, 28011 MiB, 44, 106.42 W, 2910 MHz, 13801 MHz, Not Active, Not Active, Not Active, Not Active, Not Active
2026/09/03 00:48:55.155, 28011 MiB, 44, 106.42 W, 2910 MHz, 13801 MHz, Not Active, Not Active, Not Active, Not Active, Not Active
2026/09/03 00:48:55.355, 28011 MiB, 44, 109.26 W, 2910 MHz, 13801 MHz, Not Active, Not Active, Not Active, Not Active, Not Active
2026/09/03 00:48:55.556, 28011 MiB, 44, 109.26 W, 2910 MHz, 13801 MHz, Not Active, Not Active, Not Active, Not Active, Not Active
2026/09/03 00:48:55.756, 28011 MiB, 44, 109.26 W, 2910 MHz, 13801 MHz, Not Active, Not Active, Not Active, Not Active, Not Active
2026/09/03 00:48:55.956, 28011 MiB, 44, 109.39 W, 2910 MHz, 13801 MHz, Not Active, Not Active, Not Active, Not Active, Not Active
2026/09/03 00:48:56.156, 28011 MiB, 44, 109.39 W, 2910 MHz, 13801 MHz, Not Active, Not Active, Not Active, Not Active, Not Active
2026/09/03 00:48:56.357, 28011 MiB, 44, 106.58 W, 2910 MHz, 13801 MHz, Not Active, Not Active, Not Active, Not Active, Not Active
2026/09/03 00:48:56.557, 28011 MiB, 44, 106.58 W, 2910 MHz, 13801 MHz, Not Active, Not Active, Not Active, Not Active, Not Active
2026/09/03 00:48:56.757, 28011 MiB, 44, 106.58 W, 2910 MHz, 13801 MHz, Not Active, Not Active, Not Active, Not Active, Not Active
2026/09/03 00:48:56.957, 28011 MiB, 44, 106.49 W, 2910 MHz, 13801 MHz, Not Active, Not Active, Not Active, Not Active, Not Active
2026/09/03 00:48:57.157, 28011 MiB, 44, 106.49 W, 2910 MHz, 13801 MHz, Not Active, Not Active, Not Active, Not Active, Not Active
2026/09/03 00:48:57.358, 28011 MiB, 44, 108.60 W, 2880 MHz, 13801 MHz, Not Active, Not Active, Not Active, Not Active, Not Active
2026/09/03 00:48:57.558, 28011 MiB, 44, 108.60 W, 2880 MHz, 13801 MHz, Not Active, Not Active, Not Active, Not Active, Not Active
2026/09/03 00:48:57.758, 28011 MiB, 44, 108.60 W, 2880 MHz, 13801 MHz, Not Active, Not Active, Not Active, Not Active, Not Active
2026/09/03 00:48:57.959, 28011 MiB, 44, 109.61 W, 2910 MHz, 13801 MHz, Not Active, Not Active, Not Active, Not Active, Not Active
2026/09/03 00:48:58.159, 28011 MiB, 44, 109.61 W, 2910 MHz, 13801 MHz, Not Active, Not Active, Not Active, Not Active, Not Active
2026/09/03 00:48:58.359, 28011 MiB, 44, 109.07 W, 2910 MHz, 13801 MHz, Not Active, Not Active, Not Active, Not Active, Not Active
2026/09/03 00:48:58.559, 28011 MiB, 44, 109.07 W, 2910 MHz, 13801 MHz, Not Active, Not Active, Not Active, Not Active, Not Active
2026/09/03 00:48:58.759, 28011 MiB, 44, 109.07 W, 2910 MHz, 13801 MHz, Not Active, Not Active, Not Active, Not Active, Not Active
2026/09/03 00:48:58.960, 28011 MiB, 44, 106.64 W, 2910 MHz, 13801 MHz, Not Active, Not Active, Not Active, Not Active, Not Active
2026/09/03 00:48:59.160, 28011 MiB, 44, 106.64 W, 2910 MHz, 13801 MHz, Not Active, Not Active, Not Active, Not Active, Not Active
2026/09/03 00:48:59.360, 28011 MiB, 44, 106.39 W, 2910 MHz, 13801 MHz, Not Active, Not Active, Not Active, Not Active, Not Active
2026/09/03 00:48:59.560, 28011 MiB, 44, 106.39 W, 2910 MHz, 13801 MHz, Not Active, Not Active, Not Active, Not Active, Not Active
2026/09/03 00:48:59.761, 28011 MiB, 44, 106.39 W, 2910 MHz, 13801 MHz, Not Active, Not Active, Not Active, Not Active, Not Active
2026/09/03 00:48:59.961, 28011 MiB, 44, 108.89 W, 2910 MHz, 13801 MHz, Not Active, Not Active, Not Active, Not Active, Not Active
2026/09/03 00:49:00.161, 28011 MiB, 44, 108.89 W, 2910 MHz, 13801 MHz, Not Active, Not Active, Not Active, Not Active, Not Active
2026/09/03 00:49:00.361, 28011 MiB, 44, 108.87 W, 2910 MHz, 13801 MHz, Not Active, Not Active, Not Active, Not Active, Not Active
2026/09/03 00:49:00.561, 28011 MiB, 44, 108.87 W, 2910 MHz, 13801 MHz, Not Active, Not Active, Not Active, Not Active, Not Active
2026/09/03 00:49:00.762, 28011 MiB, 44, 108.87 W, 2910 MHz, 13801 MHz, Not Active, Not Active, Not Active, Not Active, Not Active
2026/09/03 00:49:00.962, 28011 MiB, 44, 106.41 W, 2910 MHz, 13801 MHz, Not Active, Not Active, Not Active, Not Active, Not Active
2026/09/03 00:49:01.162, 28011 MiB, 44, 106.41 W, 2910 MHz, 13801 MHz, Not Active, Not Active, Not Active, Not Active, Not Active
2026/09/03 00:49:01.362, 28011 MiB, 44, 106.27 W, 2910 MHz, 13801 MHz, Not Active, Not Active, Not Active, Not Active, Not Active
2026/09/03 00:49:01.563, 28011 MiB, 44, 106.27 W, 2910 MHz, 13801 MHz, Not Active, Not Active, Not Active, Not Active, Not Active
2026/09/03 00:49:01.763, 28011 MiB, 44, 106.27 W, 2910 MHz, 13801 MHz, Not Active, Not Active, Not Active, Not Active, Not Active
2026/09/03 00:49:01.963, 28011 MiB, 44, 108.25 W, 2880 MHz, 13801 MHz, Not Active, Not Active, Not Active, Not Active, Not Active
2026/09/03 00:49:02.163, 28011 MiB, 44, 108.25 W, 2880 MHz, 13801 MHz, Not Active, Not Active, Not Active, Not Active, Not Active
2026/09/03 00:49:02.363, 28011 MiB, 44, 108.69 W, 2910 MHz, 13801 MHz, Not Active, Not Active, Not Active, Not Active, Not Active
2026/09/03 00:49:02.564, 28011 MiB, 44, 108.69 W, 2910 MHz, 13801 MHz, Not Active, Not Active, Not Active, Not Active, Not Active
2026/09/03 00:49:02.764, 28011 MiB, 44, 108.69 W, 2910 MHz, 13801 MHz, Not Active, Not Active, Not Active, Not Active, Not Active
2026/09/03 00:49:02.964, 28011 MiB, 44, 106.42 W, 2910 MHz, 13801 MHz, Not Active, Not Active, Not Active, Not Active, Not Active
2026/09/03 00:49:03.164, 28011 MiB, 44, 106.42 W, 2910 MHz, 13801 MHz, Not Active, Not Active, Not Active, Not Active, Not Active
2026/09/03 00:49:03.365, 28011 MiB, 44, 106.35 W, 2910 MHz, 13801 MHz, Not Active, Not Active, Not Active, Not Active, Not Active
2026/09/03 00:49:03.565, 28011 MiB, 44, 106.35 W, 2910 MHz, 13801 MHz, Not Active, Not Active, Not Active, Not Active, Not Active
2026/09/03 00:49:03.765, 28011 MiB, 44, 106.35 W, 2910 MHz, 13801 MHz, Not Active, Not Active, Not Active, Not Active, Not Active
2026/09/03 00:49:03.965, 28011 MiB, 44, 106.45 W, 2880 MHz, 13801 MHz, Not Active, Not Active, Not Active, Not Active, Not Active
2026/09/03 00:49:04.165, 28011 MiB, 44, 106.45 W, 2880 MHz, 13801 MHz, Not Active, Not Active, Not Active, Not Active, Not Active
2026/09/03 00:49:04.366, 28011 MiB, 44, 108.55 W, 2910 MHz, 13801 MHz, Not Active, Not Active, Not Active, Not Active, Not Active
2026/09/03 00:49:04.566, 28011 MiB, 44, 108.55 W, 2910 MHz, 13801 MHz, Not Active, Not Active, Not Active, Not Active, Not Active
2026/09/03 00:49:04.766, 28011 MiB, 44, 108.53 W, 2910 MHz, 13801 MHz, Not Active, Not Active, Not Active, Not Active, Not Active
2026/09/03 00:49:04.966, 28011 MiB, 44, 108.53 W, 2910 MHz, 13801 MHz, Not Active, Not Active, Not Active, Not Active, Not Active
2026/09/03 00:49:05.167, 28011 MiB, 44, 108.53 W, 2910 MHz, 13801 MHz, Not Active, Not Active, Not Active, Not Active, Not Active
2026/09/03 00:49:05.367, 28011 MiB, 44, 106.04 W, 2910 MHz, 13801 MHz, Not Active, Not Active, Not Active, Not Active, Not Active
2026/09/03 00:49:05.567, 28011 MiB, 44, 106.04 W, 2910 MHz, 13801 MHz, Not Active, Not Active, Not Active, Not Active, Not Active
2026/09/03 00:49:05.767, 28011 MiB, 44, 106.20 W, 2910 MHz, 13801 MHz, Not Active, Not Active, Not Active, Not Active, Not Active
2026/09/03 00:49:05.968, 28011 MiB, 44, 106.20 W, 2910 MHz, 13801 MHz, Not Active, Not Active, Not Active, Not Active, Not Active
2026/09/03 00:49:06.168, 28011 MiB, 44, 106.20 W, 2910 MHz, 13801 MHz, Not Active, Not Active, Not Active, Not Active, Not Active
2026/09/03 00:49:06.368, 28011 MiB, 44, 108.85 W, 2910 MHz, 13801 MHz, Not Active, Not Active, Not Active, Not Active, Not Active
2026/09/03 00:49:06.568, 28011 MiB, 44, 108.85 W, 2910 MHz, 13801 MHz, Not Active, Not Active, Not Active, Not Active, Not Active
2026/09/03 00:49:06.768, 28011 MiB, 44, 109.08 W, 2910 MHz, 13801 MHz, Not Active, Not Active, Not Active, Not Active, Not Active
2026/09/03 00:49:06.969, 28011 MiB, 44, 109.08 W, 2910 MHz, 13801 MHz, Not Active, Not Active, Not Active, Not Active, Not Active
2026/09/03 00:49:07.169, 28011 MiB, 44, 109.08 W, 2910 MHz, 13801 MHz, Not Active, Not Active, Not Active, Not Active, Not Active
2026/09/03 00:49:07.369, 28011 MiB, 44, 106.33 W, 2910 MHz, 13801 MHz, Not Active, Not Active, Not Active, Not Active, Not Active
2026/09/03 00:49:07.569, 28011 MiB, 44, 106.33 W, 2910 MHz, 13801 MHz, Not Active, Not Active, Not Active, Not Active, Not Active
2026/09/03 00:49:07.770, 28011 MiB, 44, 106.50 W, 2910 MHz, 13801 MHz, Not Active, Not Active, Not Active, Not Active, Not Active
2026/09/03 00:49:07.970, 28011 MiB, 44, 106.50 W, 2910 MHz, 13801 MHz, Not Active, Not Active, Not Active, Not Active, Not Active
2026/09/03 00:49:08.170, 28011 MiB, 44, 106.50 W, 2910 MHz, 13801 MHz, Not Active, Not Active, Not Active, Not Active, Not Active
2026/09/03 00:49:08.370, 28011 MiB, 44, 105.96 W, 2880 MHz, 13801 MHz, Not Active, Not Active, Not Active, Not Active, Not Active
2026/09/03 00:49:08.571, 28011 MiB, 44, 105.96 W, 2880 MHz, 13801 MHz, Not Active, Not Active, Not Active, Not Active, Not Active
2026/09/03 00:49:08.771, 28011 MiB, 44, 109.19 W, 2910 MHz, 13801 MHz, Not Active, Not Active, Not Active, Not Active, Not Active
2026/09/03 00:49:08.971, 28011 MiB, 44, 109.19 W, 2910 MHz, 13801 MHz, Not Active, Not Active, Not Active, Not Active, Not Active
2026/09/03 00:49:09.171, 28011 MiB, 44, 109.19 W, 2910 MHz, 13801 MHz, Not Active, Not Active, Not Active, Not Active, Not Active
2026/09/03 00:49:09.372, 28011 MiB, 44, 109.68 W, 2910 MHz, 13801 MHz, Not Active, Not Active, Not Active, Not Active, Not Active
2026/09/03 00:49:09.572, 28011 MiB, 44, 109.68 W, 2910 MHz, 13801 MHz, Not Active, Not Active, Not Active, Not Active, Not Active
2026/09/03 00:49:09.772, 28011 MiB, 44, 106.34 W, 2910 MHz, 13801 MHz, Not Active, Not Active, Not Active, Not Active, Not Active
2026/09/03 00:49:09.972, 28011 MiB, 44, 106.34 W, 2910 MHz, 13801 MHz, Not Active, Not Active, Not Active, Not Active, Not Active
2026/09/03 00:49:10.172, 28011 MiB, 44, 106.34 W, 2910 MHz, 13801 MHz, Not Active, Not Active, Not Active, Not Active, Not Active
2026/09/03 00:49:10.373, 28011 MiB, 44, 106.50 W, 2910 MHz, 13801 MHz, Not Active, Not Active, Not Active, Not Active, Not Active
2026/09/03 00:49:10.573, 28011 MiB, 44, 106.50 W, 2910 MHz, 13801 MHz, Not Active, Not Active, Not Active, Not Active, Not Active
2026/09/03 00:49:10.773, 28011 MiB, 44, 108.54 W, 2910 MHz, 13801 MHz, Not Active, Not Active, Not Active, Not Active, Not Active
2026/09/03 00:49:10.973, 28011 MiB, 44, 108.54 W, 2910 MHz, 13801 MHz, Not Active, Not Active, Not Active, Not Active, Not Active
2026/09/03 00:49:11.174, 28011 MiB, 44, 108.54 W, 2910 MHz, 13801 MHz, Not Active, Not Active, Not Active, Not Active, Not Active
2026/09/03 00:49:11.374, 28011 MiB, 44, 108.49 W, 2910 MHz, 13801 MHz, Not Active, Not Active, Not Active, Not Active, Not Active
2026/09/03 00:49:11.574, 28013 MiB, 44, 108.49 W, 2910 MHz, 13801 MHz, Not Active, Not Active, Not Active, Not Active, Not Active
2026/09/03 00:49:11.774, 28013 MiB, 44, 106.40 W, 2910 MHz, 13801 MHz, Not Active, Not Active, Not Active, Not Active, Not Active
2026/09/03 00:49:11.974, 28015 MiB, 44, 106.40 W, 2910 MHz, 13801 MHz, Not Active, Not Active, Not Active, Not Active, Not Active
2026/09/03 00:49:12.175, 28017 MiB, 44, 106.40 W, 2910 MHz, 13801 MHz, Not Active, Not Active, Not Active, Not Active, Not Active
2026/09/03 00:49:12.375, 28017 MiB, 44, 106.20 W, 2910 MHz, 13801 MHz, Not Active, Not Active, Not Active, Not Active, Not Active
2026/09/03 00:49:12.575, 28019 MiB, 44, 106.20 W, 2910 MHz, 13801 MHz, Not Active, Not Active, Not Active, Not Active, Not Active
2026/09/03 00:49:12.775, 28039 MiB, 44, 105.69 W, 2872 MHz, 13801 MHz, Not Active, Not Active, Not Active, Not Active, Not Active
2026/09/03 00:49:12.976, 28039 MiB, 44, 105.69 W, 2872 MHz, 13801 MHz, Not Active, Not Active, Not Active, Not Active, Not Active
2026/09/03 00:49:13.176, 28039 MiB, 44, 105.69 W, 2872 MHz, 13801 MHz, Not Active, Not Active, Not Active, Not Active, Not Active
2026/09/03 00:49:13.376, 28039 MiB, 44, 107.73 W, 2925 MHz, 13801 MHz, Not Active, Not Active, Not Active, Not Active, Not Active
2026/09/03 00:49:13.576, 28039 MiB, 44, 107.73 W, 2925 MHz, 13801 MHz, Not Active, Not Active, Not Active, Not Active, Not Active
2026/09/03 00:49:13.777, 28039 MiB, 44, 108.44 W, 2925 MHz, 13801 MHz, Not Active, Not Active, Not Active, Not Active, Not Active
2026/09/03 00:49:13.977, 28039 MiB, 44, 108.44 W, 2925 MHz, 13801 MHz, Not Active, Not Active, Not Active, Not Active, Not Active
2026/09/03 00:49:14.177, 28039 MiB, 44, 108.44 W, 2925 MHz, 13801 MHz, Not Active, Not Active, Not Active, Not Active, Not Active
2026/09/03 00:49:14.377, 28039 MiB, 44, 106.49 W, 2925 MHz, 13801 MHz, Not Active, Not Active, Not Active, Not Active, Not Active
2026/09/03 00:49:14.577, 28039 MiB, 44, 106.49 W, 2925 MHz, 13801 MHz, Not Active, Not Active, Not Active, Not Active, Not Active
2026/09/03 00:49:14.778, 28039 MiB, 43, 106.43 W, 2925 MHz, 13801 MHz, Not Active, Not Active, Not Active, Not Active, Not Active
2026/09/03 00:49:14.978, 28039 MiB, 43, 106.43 W, 2925 MHz, 13801 MHz, Not Active, Not Active, Not Active, Not Active, Not Active
2026/09/03 00:49:15.178, 28039 MiB, 43, 106.43 W, 2925 MHz, 13801 MHz, Not Active, Not Active, Not Active, Not Active, Not Active
2026/09/03 00:49:15.378, 28039 MiB, 44, 108.75 W, 2925 MHz, 13801 MHz, Not Active, Not Active, Not Active, Not Active, Not Active
2026/09/03 00:49:15.579, 28039 MiB, 44, 108.75 W, 2925 MHz, 13801 MHz, Not Active, Not Active, Not Active, Not Active, Not Active
2026/09/03 00:49:15.779, 28039 MiB, 44, 108.58 W, 2925 MHz, 13801 MHz, Not Active, Not Active, Not Active, Not Active, Not Active
2026/09/03 00:49:15.979, 28039 MiB, 44, 108.58 W, 2925 MHz, 13801 MHz, Not Active, Not Active, Not Active, Not Active, Not Active
2026/09/03 00:49:16.179, 28039 MiB, 44, 108.58 W, 2925 MHz, 13801 MHz, Not Active, Not Active, Not Active, Not Active, Not Active
2026/09/03 00:49:16.379, 28039 MiB, 43, 106.34 W, 2925 MHz, 13801 MHz, Not Active, Not Active, Not Active, Not Active, Not Active
2026/09/03 00:49:16.580, 28039 MiB, 43, 106.34 W, 2925 MHz, 13801 MHz, Not Active, Not Active, Not Active, Not Active, Not Active
2026/09/03 00:49:16.780, 28039 MiB, 44, 106.44 W, 2925 MHz, 13801 MHz, Not Active, Not Active, Not Active, Not Active, Not Active
2026/09/03 00:49:16.980, 28039 MiB, 44, 106.44 W, 2925 MHz, 13801 MHz, Not Active, Not Active, Not Active, Not Active, Not Active
2026/09/03 00:49:17.180, 28041 MiB, 44, 106.44 W, 2925 MHz, 13801 MHz, Not Active, Not Active, Not Active, Not Active, Not Active
2026/09/03 00:49:17.381, 28041 MiB, 43, 106.62 W, 2887 MHz, 13801 MHz, Not Active, Not Active, Not Active, Not Active, Not Active
2026/09/03 00:49:17.581, 28041 MiB, 43, 106.62 W, 2887 MHz, 13801 MHz, Not Active, Not Active, Not Active, Not Active, Not Active
2026/09/03 00:49:17.781, 28041 MiB, 44, 108.89 W, 2925 MHz, 13801 MHz, Not Active, Not Active, Not Active, Not Active, Not Active
2026/09/03 00:49:17.981, 28041 MiB, 44, 108.89 W, 2925 MHz, 13801 MHz, Not Active, Not Active, Not Active, Not Active, Not Active
2026/09/03 00:49:18.182, 28041 MiB, 44, 108.89 W, 2925 MHz, 13801 MHz, Not Active, Not Active, Not Active, Not Active, Not Active
2026/09/03 00:49:18.382, 28041 MiB, 44, 108.99 W, 2925 MHz, 13801 MHz, Not Active, Not Active, Not Active, Not Active, Not Active
2026/09/03 00:49:18.582, 28041 MiB, 44, 108.99 W, 2925 MHz, 13801 MHz, Not Active, Not Active, Not Active, Not Active, Not Active
2026/09/03 00:49:18.782, 28041 MiB, 44, 106.39 W, 2925 MHz, 13801 MHz, Not Active, Not Active, Not Active, Not Active, Not Active
2026/09/03 00:49:18.983, 28041 MiB, 44, 106.39 W, 2925 MHz, 13801 MHz, Not Active, Not Active, Not Active, Not Active, Not Active
2026/09/03 00:49:19.183, 28041 MiB, 44, 106.39 W, 2925 MHz, 13801 MHz, Not Active, Not Active, Not Active, Not Active, Not Active
2026/09/03 00:49:19.383, 28041 MiB, 43, 106.04 W, 2925 MHz, 13801 MHz, Not Active, Not Active, Not Active, Not Active, Not Active
2026/09/03 00:49:19.583, 28041 MiB, 43, 106.04 W, 2925 MHz, 13801 MHz, Not Active, Not Active, Not Active, Not Active, Not Active
2026/09/03 00:49:19.783, 28041 MiB, 44, 108.26 W, 2925 MHz, 13801 MHz, Not Active, Not Active, Not Active, Not Active, Not Active
2026/09/03 00:49:19.984, 28041 MiB, 44, 108.26 W, 2925 MHz, 13801 MHz, Not Active, Not Active, Not Active, Not Active, Not Active
2026/09/03 00:49:20.184, 28041 MiB, 44, 108.26 W, 2925 MHz, 13801 MHz, Not Active, Not Active, Not Active, Not Active, Not Active
2026/09/03 00:49:20.384, 28041 MiB, 43, 108.21 W, 2925 MHz, 13801 MHz, Not Active, Not Active, Not Active, Not Active, Not Active
2026/09/03 00:49:20.584, 28041 MiB, 43, 108.21 W, 2925 MHz, 13801 MHz, Not Active, Not Active, Not Active, Not Active, Not Active
2026/09/03 00:49:20.785, 28041 MiB, 43, 106.15 W, 2925 MHz, 13801 MHz, Not Active, Not Active, Not Active, Not Active, Not Active
2026/09/03 00:49:20.985, 28041 MiB, 43, 106.15 W, 2925 MHz, 13801 MHz, Not Active, Not Active, Not Active, Not Active, Not Active
2026/09/03 00:49:21.185, 28041 MiB, 43, 106.15 W, 2925 MHz, 13801 MHz, Not Active, Not Active, Not Active, Not Active, Not Active
2026/09/03 00:49:21.385, 28041 MiB, 43, 106.11 W, 2925 MHz, 13801 MHz, Not Active, Not Active, Not Active, Not Active, Not Active
2026/09/03 00:49:21.586, 28041 MiB, 43, 106.11 W, 2925 MHz, 13801 MHz, Not Active, Not Active, Not Active, Not Active, Not Active
2026/09/03 00:49:21.786, 28041 MiB, 44, 106.90 W, 2902 MHz, 13801 MHz, Not Active, Not Active, Not Active, Not Active, Not Active
2026/09/03 00:49:21.986, 28041 MiB, 44, 106.90 W, 2902 MHz, 13801 MHz, Not Active, Not Active, Not Active, Not Active, Not Active
2026/09/03 00:49:22.186, 28041 MiB, 44, 106.90 W, 2902 MHz, 13801 MHz, Not Active, Not Active, Not Active, Not Active, Not Active
2026/09/03 00:49:22.387, 28041 MiB, 43, 108.57 W, 2925 MHz, 13801 MHz, Not Active, Not Active, Not Active, Not Active, Not Active
2026/09/03 00:49:22.587, 28041 MiB, 43, 108.57 W, 2925 MHz, 13801 MHz, Not Active, Not Active, Not Active, Not Active, Not Active
2026/09/03 00:49:22.787, 28041 MiB, 43, 108.95 W, 2925 MHz, 13801 MHz, Not Active, Not Active, Not Active, Not Active, Not Active
2026/09/03 00:49:22.987, 28041 MiB, 43, 108.95 W, 2925 MHz, 13801 MHz, Not Active, Not Active, Not Active, Not Active, Not Active
2026/09/03 00:49:23.188, 28041 MiB, 43, 108.95 W, 2925 MHz, 13801 MHz, Not Active, Not Active, Not Active, Not Active, Not Active
2026/09/03 00:49:23.388, 28041 MiB, 43, 106.26 W, 2925 MHz, 13801 MHz, Not Active, Not Active, Not Active, Not Active, Not Active
2026/09/03 00:49:23.588, 28041 MiB, 43, 106.26 W, 2925 MHz, 13801 MHz, Not Active, Not Active, Not Active, Not Active, Not Active
2026/09/03 00:49:23.788, 28041 MiB, 43, 106.36 W, 2925 MHz, 13801 MHz, Not Active, Not Active, Not Active, Not Active, Not Active
2026/09/03 00:49:23.989, 28041 MiB, 43, 106.36 W, 2925 MHz, 13801 MHz, Not Active, Not Active, Not Active, Not Active, Not Active
2026/09/03 00:49:24.189, 28041 MiB, 43, 106.36 W, 2925 MHz, 13801 MHz, Not Active, Not Active, Not Active, Not Active, Not Active
2026/09/03 00:49:24.389, 28041 MiB, 43, 108.56 W, 2925 MHz, 13801 MHz, Not Active, Not Active, Not Active, Not Active, Not Active
2026/09/03 00:49:24.589, 28041 MiB, 43, 108.56 W, 2925 MHz, 13801 MHz, Not Active, Not Active, Not Active, Not Active, Not Active
2026/09/03 00:49:24.790, 28041 MiB, 43, 108.03 W, 2925 MHz, 13801 MHz, Not Active, Not Active, Not Active, Not Active, Not Active
2026/09/03 00:49:24.990, 28041 MiB, 43, 108.03 W, 2925 MHz, 13801 MHz, Not Active, Not Active, Not Active, Not Active, Not Active
2026/09/03 00:49:25.190, 28041 MiB, 43, 108.03 W, 2925 MHz, 13801 MHz, Not Active, Not Active, Not Active, Not Active, Not Active
2026/09/03 00:49:25.390, 28041 MiB, 43, 105.99 W, 2925 MHz, 13801 MHz, Not Active, Not Active, Not Active, Not Active, Not Active
2026/09/03 00:49:25.591, 28041 MiB, 43, 105.99 W, 2925 MHz, 13801 MHz, Not Active, Not Active, Not Active, Not Active, Not Active
2026/09/03 00:49:25.791, 28041 MiB, 43, 106.28 W, 2925 MHz, 13801 MHz, Not Active, Not Active, Not Active, Not Active, Not Active
2026/09/03 00:49:25.991, 28041 MiB, 43, 106.28 W, 2925 MHz, 13801 MHz, Not Active, Not Active, Not Active, Not Active, Not Active
2026/09/03 00:49:26.191, 28041 MiB, 43, 106.28 W, 2925 MHz, 13801 MHz, Not Active, Not Active, Not Active, Not Active, Not Active
2026/09/03 00:49:26.392, 28041 MiB, 44, 107.70 W, 2880 MHz, 13801 MHz, Not Active, Not Active, Not Active, Not Active, Not Active
2026/09/03 00:49:26.592, 28041 MiB, 44, 107.70 W, 2880 MHz, 13801 MHz, Not Active, Not Active, Not Active, Not Active, Not Active
2026/09/03 00:49:26.792, 28041 MiB, 43, 109.23 W, 2925 MHz, 13801 MHz, Not Active, Not Active, Not Active, Not Active, Not Active
2026/09/03 00:49:26.992, 28041 MiB, 43, 109.23 W, 2925 MHz, 13801 MHz, Not Active, Not Active, Not Active, Not Active, Not Active
2026/09/03 00:49:27.192, 28041 MiB, 43, 109.23 W, 2925 MHz, 13801 MHz, Not Active, Not Active, Not Active, Not Active, Not Active
2026/09/03 00:49:27.393, 28041 MiB, 43, 109.26 W, 2925 MHz, 13801 MHz, Not Active, Not Active, Not Active, Not Active, Not Active
2026/09/03 00:49:27.593, 28041 MiB, 43, 109.26 W, 2925 MHz, 13801 MHz, Not Active, Not Active, Not Active, Not Active, Not Active
2026/09/03 00:49:27.793, 28041 MiB, 43, 106.34 W, 2925 MHz, 13801 MHz, Not Active, Not Active, Not Active, Not Active, Not Active
2026/09/03 00:49:27.993, 28041 MiB, 43, 106.34 W, 2925 MHz, 13801 MHz, Not Active, Not Active, Not Active, Not Active, Not Active
2026/09/03 00:49:28.194, 28041 MiB, 43, 106.34 W, 2925 MHz, 13801 MHz, Not Active, Not Active, Not Active, Not Active, Not Active
2026/09/03 00:49:28.394, 28041 MiB, 43, 106.38 W, 2925 MHz, 13801 MHz, Not Active, Not Active, Not Active, Not Active, Not Active
2026/09/03 00:49:28.594, 28041 MiB, 43, 106.38 W, 2925 MHz, 13801 MHz, Not Active, Not Active, Not Active, Not Active, Not Active
2026/09/03 00:49:28.794, 28041 MiB, 43, 108.48 W, 2925 MHz, 13801 MHz, Not Active, Not Active, Not Active, Not Active, Not Active
2026/09/03 00:49:28.994, 28041 MiB, 43, 108.48 W, 2925 MHz, 13801 MHz, Not Active, Not Active, Not Active, Not Active, Not Active
2026/09/03 00:49:29.195, 28041 MiB, 43, 108.48 W, 2925 MHz, 13801 MHz, Not Active, Not Active, Not Active, Not Active, Not Active
2026/09/03 00:49:29.395, 28041 MiB, 43, 108.27 W, 2925 MHz, 13801 MHz, Not Active, Not Active, Not Active, Not Active, Not Active
2026/09/03 00:49:29.595, 28041 MiB, 43, 108.27 W, 2925 MHz, 13801 MHz, Not Active, Not Active, Not Active, Not Active, Not Active
2026/09/03 00:49:29.795, 28041 MiB, 43, 106.18 W, 2925 MHz, 13801 MHz, Not Active, Not Active, Not Active, Not Active, Not Active
2026/09/03 00:49:29.996, 28041 MiB, 43, 106.18 W, 2925 MHz, 13801 MHz, Not Active, Not Active, Not Active, Not Active, Not Active
2026/09/03 00:49:30.196, 28041 MiB, 43, 106.18 W, 2925 MHz, 13801 MHz, Not Active, Not Active, Not Active, Not Active, Not Active
2026/09/03 00:49:30.396, 28041 MiB, 43, 106.10 W, 2925 MHz, 13801 MHz, Not Active, Not Active, Not Active, Not Active, Not Active
2026/09/03 00:49:30.597, 28041 MiB, 43, 106.10 W, 2925 MHz, 13801 MHz, Not Active, Not Active, Not Active, Not Active, Not Active
2026/09/03 00:49:30.797, 28041 MiB, 43, 107.12 W, 2887 MHz, 13801 MHz, Not Active, Not Active, Not Active, Not Active, Not Active
2026/09/03 00:49:30.997, 28041 MiB, 43, 107.12 W, 2887 MHz, 13801 MHz, Not Active, Not Active, Not Active, Not Active, Not Active
2026/09/03 00:49:31.197, 28041 MiB, 43, 107.12 W, 2887 MHz, 13801 MHz, Not Active, Not Active, Not Active, Not Active, Not Active
2026/09/03 00:49:31.398, 28041 MiB, 43, 107.83 W, 2925 MHz, 13801 MHz, Not Active, Not Active, Not Active, Not Active, Not Active
2026/09/03 00:49:31.598, 28041 MiB, 43, 107.83 W, 2925 MHz, 13801 MHz, Not Active, Not Active, Not Active, Not Active, Not Active
2026/09/03 00:49:31.798, 28041 MiB, 43, 106.79 W, 2925 MHz, 13801 MHz, Not Active, Not Active, Not Active, Not Active, Not Active
2026/09/03 00:49:31.999, 28041 MiB, 43, 106.79 W, 2925 MHz, 13801 MHz, Not Active, Not Active, Not Active, Not Active, Not Active
2026/09/03 00:49:32.199, 28041 MiB, 43, 106.79 W, 2925 MHz, 13801 MHz, Not Active, Not Active, Not Active, Not Active, Not Active
2026/09/03 00:49:32.399, 28041 MiB, 43, 105.88 W, 2925 MHz, 13801 MHz, Not Active, Not Active, Not Active, Not Active, Not Active
2026/09/03 00:49:32.599, 28041 MiB, 43, 105.88 W, 2925 MHz, 13801 MHz, Not Active, Not Active, Not Active, Not Active, Not Active
2026/09/03 00:49:32.799, 28041 MiB, 43, 105.83 W, 2925 MHz, 13801 MHz, Not Active, Not Active, Not Active, Not Active, Not Active
2026/09/03 00:49:33.000, 28041 MiB, 43, 105.83 W, 2925 MHz, 13801 MHz, Not Active, Not Active, Not Active, Not Active, Not Active
2026/09/03 00:49:33.200, 28041 MiB, 43, 105.83 W, 2925 MHz, 13801 MHz, Not Active, Not Active, Not Active, Not Active, Not Active
2026/09/03 00:49:33.400, 28041 MiB, 43, 107.77 W, 2925 MHz, 13801 MHz, Not Active, Not Active, Not Active, Not Active, Not Active
2026/09/03 00:49:33.600, 28041 MiB, 43, 107.77 W, 2925 MHz, 13801 MHz, Not Active, Not Active, Not Active, Not Active, Not Active
2026/09/03 00:49:33.801, 28041 MiB, 43, 108.00 W, 2925 MHz, 13801 MHz, Not Active, Not Active, Not Active, Not Active, Not Active
2026/09/03 00:49:34.001, 28041 MiB, 43, 108.00 W, 2925 MHz, 13801 MHz, Not Active, Not Active, Not Active, Not Active, Not Active
2026/09/03 00:49:34.201, 28041 MiB, 43, 108.00 W, 2925 MHz, 13801 MHz, Not Active, Not Active, Not Active, Not Active, Not Active
2026/09/03 00:49:34.402, 28041 MiB, 43, 106.01 W, 2925 MHz, 13801 MHz, Not Active, Not Active, Not Active, Not Active, Not Active
2026/09/03 00:49:34.602, 28041 MiB, 43, 106.01 W, 2925 MHz, 13801 MHz, Not Active, Not Active, Not Active, Not Active, Not Active
2026/09/03 00:49:34.802, 28041 MiB, 43, 106.28 W, 2925 MHz, 13801 MHz, Not Active, Not Active, Not Active, Not Active, Not Active
2026/09/03 00:49:35.002, 28041 MiB, 43, 106.28 W, 2925 MHz, 13801 MHz, Not Active, Not Active, Not Active, Not Active, Not Active
2026/09/03 00:49:35.203, 28041 MiB, 43, 106.28 W, 2925 MHz, 13801 MHz, Not Active, Not Active, Not Active, Not Active, Not Active
2026/09/03 00:49:35.403, 28041 MiB, 43, 109.25 W, 2925 MHz, 13801 MHz, Not Active, Not Active, Not Active, Not Active, Not Active
2026/09/03 00:49:35.603, 28041 MiB, 43, 109.25 W, 2925 MHz, 13801 MHz, Not Active, Not Active, Not Active, Not Active, Not Active
2026/09/03 00:49:35.803, 28041 MiB, 43, 109.38 W, 2925 MHz, 13801 MHz, Not Active, Not Active, Not Active, Not Active, Not Active
2026/09/03 00:49:36.004, 28041 MiB, 43, 109.38 W, 2925 MHz, 13801 MHz, Not Active, Not Active, Not Active, Not Active, Not Active
2026/09/03 00:49:36.204, 28041 MiB, 43, 109.38 W, 2925 MHz, 13801 MHz, Not Active, Not Active, Not Active, Not Active, Not Active
2026/09/03 00:49:36.404, 28041 MiB, 43, 106.47 W, 2925 MHz, 13801 MHz, Not Active, Not Active, Not Active, Not Active, Not Active
2026/09/03 00:49:36.604, 28041 MiB, 43, 106.47 W, 2925 MHz, 13801 MHz, Not Active, Not Active, Not Active, Not Active, Not Active
2026/09/03 00:49:36.804, 28041 MiB, 43, 106.39 W, 2925 MHz, 13801 MHz, Not Active, Not Active, Not Active, Not Active, Not Active
2026/09/03 00:49:37.005, 28041 MiB, 43, 106.39 W, 2925 MHz, 13801 MHz, Not Active, Not Active, Not Active, Not Active, Not Active
2026/09/03 00:49:37.205, 28041 MiB, 43, 106.39 W, 2925 MHz, 13801 MHz, Not Active, Not Active, Not Active, Not Active, Not Active
2026/09/03 00:49:37.405, 28041 MiB, 43, 106.39 W, 2910 MHz, 13801 MHz, Not Active, Not Active, Not Active, Not Active, Not Active
2026/09/03 00:49:37.605, 28041 MiB, 43, 106.39 W, 2910 MHz, 13801 MHz, Not Active, Not Active, Not Active, Not Active, Not Active
2026/09/03 00:49:37.806, 28041 MiB, 43, 109.39 W, 2925 MHz, 13801 MHz, Not Active, Not Active, Not Active, Not Active, Not Active
2026/09/03 00:49:38.006, 28041 MiB, 43, 109.39 W, 2925 MHz, 13801 MHz, Not Active, Not Active, Not Active, Not Active, Not Active
2026/09/03 00:49:38.206, 28041 MiB, 43, 109.39 W, 2925 MHz, 13801 MHz, Not Active, Not Active, Not Active, Not Active, Not Active
2026/09/03 00:49:38.406, 28041 MiB, 43, 109.48 W, 2925 MHz, 13801 MHz, Not Active, Not Active, Not Active, Not Active, Not Active
2026/09/03 00:49:38.607, 28041 MiB, 43, 109.48 W, 2925 MHz, 13801 MHz, Not Active, Not Active, Not Active, Not Active, Not Active
2026/09/03 00:49:38.807, 28041 MiB, 43, 106.05 W, 2925 MHz, 13801 MHz, Not Active, Not Active, Not Active, Not Active, Not Active
2026/09/03 00:49:39.007, 28041 MiB, 43, 106.05 W, 2925 MHz, 13801 MHz, Not Active, Not Active, Not Active, Not Active, Not Active
2026/09/03 00:49:39.207, 28041 MiB, 43, 106.05 W, 2925 MHz, 13801 MHz, Not Active, Not Active, Not Active, Not Active, Not Active
2026/09/03 00:49:39.408, 28041 MiB, 43, 106.17 W, 2925 MHz, 13801 MHz, Not Active, Not Active, Not Active, Not Active, Not Active
2026/09/03 00:49:39.608, 28041 MiB, 43, 106.17 W, 2925 MHz, 13801 MHz, Not Active, Not Active, Not Active, Not Active, Not Active
2026/09/03 00:49:39.808, 28041 MiB, 43, 109.18 W, 2925 MHz, 13801 MHz, Not Active, Not Active, Not Active, Not Active, Not Active
2026/09/03 00:49:40.008, 28041 MiB, 43, 109.18 W, 2925 MHz, 13801 MHz, Not Active, Not Active, Not Active, Not Active, Not Active
2026/09/03 00:49:40.208, 28041 MiB, 43, 109.18 W, 2925 MHz, 13801 MHz, Not Active, Not Active, Not Active, Not Active, Not Active
2026/09/03 00:49:40.409, 28041 MiB, 43, 108.94 W, 2925 MHz, 13801 MHz, Not Active, Not Active, Not Active, Not Active, Not Active
2026/09/03 00:49:40.609, 28041 MiB, 43, 108.94 W, 2925 MHz, 13801 MHz, Not Active, Not Active, Not Active, Not Active, Not Active
2026/09/03 00:49:40.809, 28041 MiB, 43, 106.39 W, 2925 MHz, 13801 MHz, Not Active, Not Active, Not Active, Not Active, Not Active
2026/09/03 00:49:41.009, 28041 MiB, 43, 106.39 W, 2925 MHz, 13801 MHz, Not Active, Not Active, Not Active, Not Active, Not Active
2026/09/03 00:49:41.210, 28041 MiB, 43, 106.39 W, 2925 MHz, 13801 MHz, Not Active, Not Active, Not Active, Not Active, Not Active
2026/09/03 00:49:41.410, 28041 MiB, 43, 106.46 W, 2925 MHz, 13801 MHz, Not Active, Not Active, Not Active, Not Active, Not Active
2026/09/03 00:49:41.610, 28041 MiB, 43, 106.46 W, 2925 MHz, 13801 MHz, Not Active, Not Active, Not Active, Not Active, Not Active
2026/09/03 00:49:41.810, 28041 MiB, 43, 106.15 W, 2902 MHz, 13801 MHz, Not Active, Not Active, Not Active, Not Active, Not Active
2026/09/03 00:49:42.010, 28041 MiB, 43, 106.15 W, 2902 MHz, 13801 MHz, Not Active, Not Active, Not Active, Not Active, Not Active
2026/09/03 00:49:42.211, 28041 MiB, 43, 106.15 W, 2902 MHz, 13801 MHz, Not Active, Not Active, Not Active, Not Active, Not Active
2026/09/03 00:49:42.411, 28041 MiB, 43, 108.88 W, 2925 MHz, 13801 MHz, Not Active, Not Active, Not Active, Not Active, Not Active
2026/09/03 00:49:42.611, 28041 MiB, 43, 108.88 W, 2925 MHz, 13801 MHz, Not Active, Not Active, Not Active, Not Active, Not Active
2026/09/03 00:49:42.811, 28041 MiB, 43, 108.80 W, 2925 MHz, 13801 MHz, Not Active, Not Active, Not Active, Not Active, Not Active
2026/09/03 00:49:43.012, 28041 MiB, 43, 108.80 W, 2925 MHz, 13801 MHz, Not Active, Not Active, Not Active, Not Active, Not Active
2026/09/03 00:49:43.212, 28041 MiB, 43, 108.80 W, 2925 MHz, 13801 MHz, Not Active, Not Active, Not Active, Not Active, Not Active
2026/09/03 00:49:43.412, 28041 MiB, 43, 106.36 W, 2925 MHz, 13801 MHz, Not Active, Not Active, Not Active, Not Active, Not Active
2026/09/03 00:49:43.612, 28041 MiB, 43, 106.36 W, 2925 MHz, 13801 MHz, Not Active, Not Active, Not Active, Not Active, Not Active
2026/09/03 00:49:43.813, 28041 MiB, 43, 106.39 W, 2925 MHz, 13801 MHz, Not Active, Not Active, Not Active, Not Active, Not Active
2026/09/03 00:49:44.013, 28041 MiB, 43, 106.39 W, 2925 MHz, 13801 MHz, Not Active, Not Active, Not Active, Not Active, Not Active
2026/09/03 00:49:44.213, 28041 MiB, 43, 106.39 W, 2925 MHz, 13801 MHz, Not Active, Not Active, Not Active, Not Active, Not Active
2026/09/03 00:49:44.413, 28041 MiB, 43, 109.47 W, 2925 MHz, 13801 MHz, Not Active, Not Active, Not Active, Not Active, Not Active
2026/09/03 00:49:44.614, 28041 MiB, 43, 109.47 W, 2925 MHz, 13801 MHz, Not Active, Not Active, Not Active, Not Active, Not Active
2026/09/03 00:49:44.814, 28041 MiB, 43, 109.30 W, 2925 MHz, 13801 MHz, Not Active, Not Active, Not Active, Not Active, Not Active
2026/09/03 00:49:45.014, 28041 MiB, 43, 109.30 W, 2925 MHz, 13801 MHz, Not Active, Not Active, Not Active, Not Active, Not Active
2026/09/03 00:49:45.214, 28041 MiB, 43, 109.30 W, 2925 MHz, 13801 MHz, Not Active, Not Active, Not Active, Not Active, Not Active
2026/09/03 00:49:45.415, 28041 MiB, 43, 106.95 W, 2925 MHz, 13801 MHz, Not Active, Not Active, Not Active, Not Active, Not Active
2026/09/03 00:49:45.615, 28041 MiB, 43, 106.95 W, 2925 MHz, 13801 MHz, Not Active, Not Active, Not Active, Not Active, Not Active
2026/09/03 00:49:45.815, 28041 MiB, 43, 106.34 W, 2925 MHz, 13801 MHz, Not Active, Not Active, Not Active, Not Active, Not Active
2026/09/03 00:49:46.015, 28041 MiB, 43, 106.34 W, 2925 MHz, 13801 MHz, Not Active, Not Active, Not Active, Not Active, Not Active
2026/09/03 00:49:46.216, 28041 MiB, 43, 106.34 W, 2925 MHz, 13801 MHz, Not Active, Not Active, Not Active, Not Active, Not Active
2026/09/03 00:49:46.416, 28041 MiB, 43, 107.22 W, 2910 MHz, 13801 MHz, Not Active, Not Active, Not Active, Not Active, Not Active
2026/09/03 00:49:46.616, 28041 MiB, 43, 107.22 W, 2910 MHz, 13801 MHz, Not Active, Not Active, Not Active, Not Active, Not Active
2026/09/03 00:49:46.816, 28041 MiB, 43, 109.54 W, 2925 MHz, 13801 MHz, Not Active, Not Active, Not Active, Not Active, Not Active
2026/09/03 00:49:47.017, 28041 MiB, 43, 109.54 W, 2925 MHz, 13801 MHz, Not Active, Not Active, Not Active, Not Active, Not Active
2026/09/03 00:49:47.217, 28041 MiB, 43, 109.54 W, 2925 MHz, 13801 MHz, Not Active, Not Active, Not Active, Not Active, Not Active
2026/09/03 00:49:47.417, 28041 MiB, 43, 108.30 W, 2925 MHz, 13801 MHz, Not Active, Not Active, Not Active, Not Active, Not Active
2026/09/03 00:49:47.617, 28041 MiB, 43, 108.30 W, 2925 MHz, 13801 MHz, Not Active, Not Active, Not Active, Not Active, Not Active
2026/09/03 00:49:47.818, 28041 MiB, 43, 106.00 W, 2925 MHz, 13801 MHz, Not Active, Not Active, Not Active, Not Active, Not Active
2026/09/03 00:49:48.018, 28041 MiB, 43, 106.00 W, 2925 MHz, 13801 MHz, Not Active, Not Active, Not Active, Not Active, Not Active
2026/09/03 00:49:48.218, 28041 MiB, 43, 106.00 W, 2925 MHz, 13801 MHz, Not Active, Not Active, Not Active, Not Active, Not Active
2026/09/03 00:49:48.418, 28041 MiB, 43, 105.99 W, 2925 MHz, 13801 MHz, Not Active, Not Active, Not Active, Not Active, Not Active
2026/09/03 00:49:48.619, 28041 MiB, 43, 105.99 W, 2925 MHz, 13801 MHz, Not Active, Not Active, Not Active, Not Active, Not Active
2026/09/03 00:49:48.819, 28041 MiB, 43, 108.69 W, 2925 MHz, 13801 MHz, Not Active, Not Active, Not Active, Not Active, Not Active
2026/09/03 00:49:49.019, 28041 MiB, 43, 108.69 W, 2925 MHz, 13801 MHz, Not Active, Not Active, Not Active, Not Active, Not Active
2026/09/03 00:49:49.219, 28041 MiB, 43, 108.69 W, 2925 MHz, 13801 MHz, Not Active, Not Active, Not Active, Not Active, Not Active
2026/09/03 00:49:49.420, 28041 MiB, 43, 108.34 W, 2925 MHz, 13801 MHz, Not Active, Not Active, Not Active, Not Active, Not Active
2026/09/03 00:49:49.620, 28041 MiB, 43, 108.34 W, 2925 MHz, 13801 MHz, Not Active, Not Active, Not Active, Not Active, Not Active
2026/09/03 00:49:49.820, 28041 MiB, 43, 105.94 W, 2925 MHz, 13801 MHz, Not Active, Not Active, Not Active, Not Active, Not Active
2026/09/03 00:49:50.021, 28041 MiB, 43, 105.94 W, 2925 MHz, 13801 MHz, Not Active, Not Active, Not Active, Not Active, Not Active
2026/09/03 00:49:50.221, 28041 MiB, 43, 105.94 W, 2925 MHz, 13801 MHz, Not Active, Not Active, Not Active, Not Active, Not Active
2026/09/03 00:49:50.421, 28041 MiB, 43, 106.10 W, 2925 MHz, 13801 MHz, Not Active, Not Active, Not Active, Not Active, Not Active
2026/09/03 00:49:50.621, 28041 MiB, 43, 106.10 W, 2925 MHz, 13801 MHz, Not Active, Not Active, Not Active, Not Active, Not Active
2026/09/03 00:49:50.821, 28041 MiB, 42, 98.97 W, 2587 MHz, 13801 MHz, Not Active, Not Active, Not Active, Not Active, Not Active
2026/09/03 00:49:51.022, 28041 MiB, 42, 98.97 W, 2587 MHz, 13801 MHz, Not Active, Not Active, Not Active, Not Active, Not Active
2026/09/03 00:49:51.222, 28041 MiB, 42, 98.97 W, 2587 MHz, 13801 MHz, Not Active, Not Active, Not Active, Not Active, Not Active
