timestamp, memory.used [MiB], temperature.gpu, power.draw [W], clocks.current.sm [MHz], clocks.current.memory [MHz], clocks_event_reasons.sw_power_cap, clocks_event_reasons.hw_slowdown, clocks_event_reasons.hw_thermal_slowdown, clocks_event_reasons.hw_power_brake_slowdown, clocks_event_reasons.sw_thermal_slowdown
2026/09/03 00:35:42.503, 15 MiB, 47, 12.89 W, 22 MHz, 405 MHz, Not Active, Not Active, Not Active, Not Active, Not Active
2026/09/03 00:35:42.713, 15 MiB, 47, 12.89 W, 22 MHz, 405 MHz, Not Active, Not Active, Not Active, Not Active, Not Active
2026/09/03 00:35:42.914, 15 MiB, 47, 12.89 W, 22 MHz, 405 MHz, Not Active, Not Active, Not Active, Not Active, Not Active
2026/09/03 00:35:43.114, 15 MiB, 47, 12.89 W, 22 MHz, 405 MHz, Not Active, Not Active, Not Active, Not Active, Not Active
2026/09/03 00:35:43.314, 15 MiB, 47, 12.89 W, 22 MHz, 405 MHz, Not Active, Not Active, Not Active, Not Active, Not Active
2026/09/03 00:35:43.515, 15 MiB, 47, 12.29 W, 22 MHz, 405 MHz, Not Active, Not Active, Not Active, Not Active, Not Active
2026/09/03 00:35:43.715, 15 MiB, 47, 12.29 W, 22 MHz, 405 MHz, Not Active, Not Active, Not Active, Not Active, Not Active
2026/09/03 00:35:43.915, 15 MiB, 47, 12.29 W, 22 MHz, 405 MHz, Not Active, Not Active, Not Active, Not Active, Not Active
2026/09/03 00:35:44.115, 15 MiB, 47, 12.29 W, 22 MHz, 405 MHz, Not Active, Not Active, Not Active, Not Active, Not Active
2026/09/03 00:35:44.316, 15 MiB, 47, 12.29 W, 22 MHz, 405 MHz, Not Active, Not Active, Not Active, Not Active, Not Active
2026/09/03 00:35:44.516, 15 MiB, 47, 12.35 W, 22 MHz, 405 MHz, Not Active, Not Active, Not Active, Not Active, Not Active
2026/09/03 00:35:44.716, 15 MiB, 47, 12.35 W, 22 MHz, 405 MHz, Not Active, Not Active, Not Active, Not Active, Not Active
2026/09/03 00:35:44.916, 15 MiB, 47, 12.35 W, 22 MHz, 405 MHz, Not Active, Not Active, Not Active, Not Active, Not Active
2026/09/03 00:35:45.116, 15 MiB, 47, 12.35 W, 22 MHz, 405 MHz, Not Active, Not Active, Not Active, Not Active, Not Active
2026/09/03 00:35:45.317, 15 MiB, 47, 12.35 W, 22 MHz, 405 MHz, Not Active, Not Active, Not Active, Not Active, Not Active
2026/09/03 00:35:45.517, 15 MiB, 47, 12.76 W, 22 MHz, 405 MHz, Not Active, Not Active, Not Active, Not Active, Not Active
2026/09/03 00:35:45.717, 15 MiB, 47, 12.76 W, 22 MHz, 405 MHz, Not Active, Not Active, Not Active, Not Active, Not Active
2026/09/03 00:35:45.917, 16 MiB, 47, 12.76 W, 22 MHz, 405 MHz, Not Active, Not Active, Not Active, Not Active, Not Active
2026/09/03 00:35:46.119, 1217 MiB, 47, 13.71 W, 180 MHz, 14001 MHz, Not Active, Not Active, Not Active, Not Active, Not Active
2026/09/03 00:35:46.319, 2699 MiB, 47, 13.71 W, 180 MHz, 14001 MHz, Not Active, Not Active, Not Active, Not Active, Not Active
2026/09/03 00:35:46.519, 4439 MiB, 48, 41.53 W, 2625 MHz, 13801 MHz, Not Active, Not Active, Not Active, Not Active, Not Active
2026/09/03 00:35:46.719, 4599 MiB, 48, 41.53 W, 2625 MHz, 13801 MHz, Not Active, Not Active, Not Active, Not Active, Not Active
2026/09/03 00:35:46.920, 6279 MiB, 48, 41.53 W, 2625 MHz, 13801 MHz, Not Active, Not Active, Not Active, Not Active, Not Active
2026/09/03 00:35:47.120, 7939 MiB, 48, 74.01 W, 2542 MHz, 13801 MHz, Not Active, Not Active, Not Active, Not Active, Not Active
2026/09/03 00:35:47.320, 8259 MiB, 48, 74.01 W, 2542 MHz, 13801 MHz, Not Active, Not Active, Not Active, Not Active, Not Active
2026/09/03 00:35:47.520, 9819 MiB, 48, 81.84 W, 2722 MHz, 13801 MHz, Not Active, Not Active, Not Active, Not Active, Not Active
2026/09/03 00:35:47.721, 11541 MiB, 48, 81.84 W, 2722 MHz, 13801 MHz, Not Active, Not Active, Not Active, Not Active, Not Active
2026/09/03 00:35:47.921, 12061 MiB, 48, 81.84 W, 2722 MHz, 13801 MHz, Not Active, Not Active, Not Active, Not Active, Not Active
2026/09/03 00:35:48.121, 13441 MiB, 48, 82.21 W, 2902 MHz, 13801 MHz, Not Active, Not Active, Not Active, Not Active, Not Active
2026/09/03 00:35:48.321, 15161 MiB, 48, 82.21 W, 2902 MHz, 13801 MHz, Not Active, Not Active, Not Active, Not Active, Not Active
2026/09/03 00:35:48.522, 15881 MiB, 49, 86.86 W, 2902 MHz, 13801 MHz, Not Active, Not Active, Not Active, Not Active, Not Active
2026/09/03 00:35:48.722, 17081 MiB, 49, 86.86 W, 2902 MHz, 13801 MHz, Not Active, Not Active, Not Active, Not Active, Not Active
2026/09/03 00:35:48.922, 18803 MiB, 49, 86.86 W, 2902 MHz, 13801 MHz, Not Active, Not Active, Not Active, Not Active, Not Active
2026/09/03 00:35:49.122, 19683 MiB, 49, 83.56 W, 2737 MHz, 13801 MHz, Not Active, Not Active, Not Active, Not Active, Not Active
2026/09/03 00:35:49.323, 20703 MiB, 49, 83.56 W, 2737 MHz, 13801 MHz, Not Active, Not Active, Not Active, Not Active, Not Active
2026/09/03 00:35:49.523, 22403 MiB, 49, 81.79 W, 2550 MHz, 13801 MHz, Not Active, Not Active, Not Active, Not Active, Not Active
2026/09/03 00:35:49.723, 23483 MiB, 49, 81.79 W, 2550 MHz, 13801 MHz, Not Active, Not Active, Not Active, Not Active, Not Active
2026/09/03 00:35:49.923, 24263 MiB, 49, 81.79 W, 2550 MHz, 13801 MHz, Not Active, Not Active, Not Active, Not Active, Not Active
2026/09/03 00:35:50.123, 25903 MiB, 49, 80.93 W, 2722 MHz, 13801 MHz, Not Active, Not Active, Not Active, Not Active, Not Active
2026/09/03 00:35:50.324, 27305 MiB, 49, 80.93 W, 2722 MHz, 13801 MHz, Not Active, Not Active, Not Active, Not Active, Not Active
2026/09/03 00:35:50.524, 27925 MiB, 48, 82.38 W, 2895 MHz, 13801 MHz, Not Active, Not Active, Not Active, Not Active, Not Active
2026/09/03 00:35:50.724, 27925 MiB, 48, 82.38 W, 2895 MHz, 13801 MHz, Not Active, Not Active, Not Active, Not Active, Not Active
2026/09/03 00:35:50.924, 28001 MiB, 48, 82.38 W, 2895 MHz, 13801 MHz, Not Active, Not Active, Not Active, Not Active, Not Active
2026/09/03 00:35:51.125, 28001 MiB, 48, 74.97 W, 2475 MHz, 13801 MHz, Not Active, Not Active, Not Active, Not Active, Not Active
2026/09/03 00:35:51.325, 28007 MiB, 48, 74.97 W, 2475 MHz, 13801 MHz, Not Active, Not Active, Not Active, Not Active, Not Active
2026/09/03 00:35:51.525, 28007 MiB, 49, 80.60 W, 2760 MHz, 13801 MHz, Not Active, Not Active, Not Active, Not Active, Not Active
2026/09/03 00:35:51.725, 28007 MiB, 49, 80.60 W, 2760 MHz, 13801 MHz, Not Active, Not Active, Not Active, Not Active, Not Active
2026/09/03 00:35:51.926, 28009 MiB, 49, 80.60 W, 2760 MHz, 13801 MHz, Not Active, Not Active, Not Active, Not Active, Not Active
2026/09/03 00:35:52.126, 28009 MiB, 50, 100.59 W, 2910 MHz, 13801 MHz, Not Active, Not Active, Not Active, Not Active, Not Active
2026/09/03 00:35:52.326, 28009 MiB, 50, 100.59 W, 2910 MHz, 13801 MHz, Not Active, Not Active, Not Active, Not Active, Not Active
2026/09/03 00:35:52.526, 28009 MiB, 50, 110.41 W, 2910 MHz, 13801 MHz, Not Active, Not Active, Not Active, Not Active, Not Active
2026/09/03 00:35:52.726, 28009 MiB, 50, 110.41 W, 2910 MHz, 13801 MHz, Not Active, Not Active, Not Active, Not Active, Not Active
2026/09/03 00:35:52.926, 28009 MiB, 50, 110.41 W, 2910 MHz, 13801 MHz, Not Active, Not Active, Not Active, Not Active, Not Active
2026/09/03 00:35:53.127, 28009 MiB, 50, 110.49 W, 2910 MHz, 13801 MHz, Not Active, Not Active, Not Active, Not Active, Not Active
2026/09/03 00:35:53.327, 28011 MiB, 50, 110.49 W, 2910 MHz, 13801 MHz, Not Active, Not Active, Not Active, Not Active, Not Active
2026/09/03 00:35:53.527, 28011 MiB, 50, 110.60 W, 2910 MHz, 13801 MHz, Not Active, Not Active, Not Active, Not Active, Not Active
2026/09/03 00:35:53.727, 28011 MiB, 50, 110.60 W, 2910 MHz, 13801 MHz, Not Active, Not Active, Not Active, Not Active, Not Active
2026/09/03 00:35:53.927, 28011 MiB, 50, 110.60 W, 2910 MHz, 13801 MHz, Not Active, Not Active, Not Active, Not Active, Not Active
2026/09/03 00:35:54.128, 28011 MiB, 50, 112.73 W, 2910 MHz, 13801 MHz, Not Active, Not Active, Not Active, Not Active, Not Active
2026/09/03 00:35:54.328, 28011 MiB, 50, 112.73 W, 2910 MHz, 13801 MHz, Not Active, Not Active, Not Active, Not Active, Not Active
2026/09/03 00:35:54.528, 28011 MiB, 50, 112.74 W, 2910 MHz, 13801 MHz, Not Active, Not Active, Not Active, Not Active, Not Active
2026/09/03 00:35:54.728, 28011 MiB, 50, 112.74 W, 2910 MHz, 13801 MHz, Not Active, Not Active, Not Active, Not Active, Not Active
2026/09/03 00:35:54.929, 28011 MiB, 50, 112.74 W, 2910 MHz, 13801 MHz, Not Active, Not Active, Not Active, Not Active, Not Active
2026/09/03 00:35:55.129, 28011 MiB, 50, 109.96 W, 2910 MHz, 13801 MHz, Not Active, Not Active, Not Active, Not Active, Not Active
2026/09/03 00:35:55.329, 28011 MiB, 50, 109.96 W, 2910 MHz, 13801 MHz, Not Active, Not Active, Not Active, Not Active, Not Active
2026/09/03 00:35:55.529, 28011 MiB, 50, 109.94 W, 2910 MHz, 13801 MHz, Not Active, Not Active, Not Active, Not Active, Not Active
2026/09/03 00:35:55.730, 28011 MiB, 50, 109.94 W, 2910 MHz, 13801 MHz, Not Active, Not Active, Not Active, Not Active, Not Active
2026/09/03 00:35:55.930, 28011 MiB, 50, 109.94 W, 2910 MHz, 13801 MHz, Not Active, Not Active, Not Active, Not Active, Not Active
2026/09/03 00:35:56.130, 28011 MiB, 50, 112.71 W, 2880 MHz, 13801 MHz, Not Active, Not Active, Not Active, Not Active, Not Active
2026/09/03 00:35:56.330, 28011 MiB, 50, 112.71 W, 2880 MHz, 13801 MHz, Not Active, Not Active, Not Active, Not Active, Not Active
2026/09/03 00:35:56.531, 28011 MiB, 50, 113.28 W, 2910 MHz, 13801 MHz, Not Active, Not Active, Not Active, Not Active, Not Active
2026/09/03 00:35:56.731, 28011 MiB, 50, 113.28 W, 2910 MHz, 13801 MHz, Not Active, Not Active, Not Active, Not Active, Not Active
2026/09/03 00:35:56.931, 28011 MiB, 50, 113.28 W, 2910 MHz, 13801 MHz, Not Active, Not Active, Not Active, Not Active, Not Active
2026/09/03 00:35:57.131, 28011 MiB, 50, 110.59 W, 2910 MHz, 13801 MHz, Not Active, Not Active, Not Active, Not Active, Not Active
2026/09/03 00:35:57.332, 28011 MiB, 50, 110.59 W, 2910 MHz, 13801 MHz, Not Active, Not Active, Not Active, Not Active, Not Active
2026/09/03 00:35:57.532, 28011 MiB, 50, 110.79 W, 2910 MHz, 13801 MHz, Not Active, Not Active, Not Active, Not Active, Not Active
2026/09/03 00:35:57.732, 28011 MiB, 50, 110.79 W, 2910 MHz, 13801 MHz, Not Active, Not Active, Not Active, Not Active, Not Active
2026/09/03 00:35:57.932, 28011 MiB, 50, 110.79 W, 2910 MHz, 13801 MHz, Not Active, Not Active, Not Active, Not Active, Not Active
2026/09/03 00:35:58.133, 28011 MiB, 51, 111.57 W, 2910 MHz, 13801 MHz, Not Active, Not Active, Not Active, Not Active, Not Active
2026/09/03 00:35:58.333, 28011 MiB, 51, 111.57 W, 2910 MHz, 13801 MHz, Not Active, Not Active, Not Active, Not Active, Not Active
2026/09/03 00:35:58.533, 28011 MiB, 51, 113.64 W, 2910 MHz, 13801 MHz, Not Active, Not Active, Not Active, Not Active, Not Active
2026/09/03 00:35:58.733, 28011 MiB, 51, 113.64 W, 2910 MHz, 13801 MHz, Not Active, Not Active, Not Active, Not Active, Not Active
2026/09/03 00:35:58.933, 28011 MiB, 51, 113.64 W, 2910 MHz, 13801 MHz, Not Active, Not Active, Not Active, Not Active, Not Active
2026/09/03 00:35:59.134, 28011 MiB, 51, 113.98 W, 2910 MHz, 13801 MHz, Not Active, Not Active, Not Active, Not Active, Not Active
2026/09/03 00:35:59.334, 28011 MiB, 51, 113.98 W, 2910 MHz, 13801 MHz, Not Active, Not Active, Not Active, Not Active, Not Active
2026/09/03 00:35:59.534, 28011 MiB, 51, 110.81 W, 2910 MHz, 13801 MHz, Not Active, Not Active, Not Active, Not Active, Not Active
2026/09/03 00:35:59.734, 28011 MiB, 51, 110.81 W, 2910 MHz, 13801 MHz, Not Active, Not Active, Not Active, Not Active, Not Active
2026/09/03 00:35:59.935, 28011 MiB, 51, 110.81 W, 2910 MHz, 13801 MHz, Not Active, Not Active, Not Active, Not Active, Not Active
2026/09/03 00:36:00.135, 28011 MiB, 51, 110.57 W, 2910 MHz, 13801 MHz, Not Active, Not Active, Not Active, Not Active, Not Active
2026/09/03 00:36:00.335, 28011 MiB, 51, 110.57 W, 2910 MHz, 13801 MHz, Not Active, Not Active, Not Active, Not Active, Not Active
2026/09/03 00:36:00.535, 28011 MiB, 51, 112.71 W, 2880 MHz, 13801 MHz, Not Active, Not Active, Not Active, Not Active, Not Active
2026/09/03 00:36:00.736, 28011 MiB, 51, 112.71 W, 2880 MHz, 13801 MHz, Not Active, Not Active, Not Active, Not Active, Not Active
2026/09/03 00:36:00.936, 28011 MiB, 51, 112.71 W, 2880 MHz, 13801 MHz, Not Active, Not Active, Not Active, Not Active, Not Active
2026/09/03 00:36:01.136, 28011 MiB, 51, 112.74 W, 2910 MHz, 13801 MHz, Not Active, Not Active, Not Active, Not Active, Not Active
2026/09/03 00:36:01.336, 28011 MiB, 51, 112.74 W, 2910 MHz, 13801 MHz, Not Active, Not Active, Not Active, Not Active, Not Active
2026/09/03 00:36:01.537, 28011 MiB, 51, 110.63 W, 2910 MHz, 13801 MHz, Not Active, Not Active, Not Active, Not Active, Not Active
2026/09/03 00:36:01.737, 28011 MiB, 51, 110.63 W, 2910 MHz, 13801 MHz, Not Active, Not Active, Not Active, Not Active, Not Active
2026/09/03 00:36:01.937, 28011 MiB, 51, 110.63 W, 2910 MHz, 13801 MHz, Not Active, Not Active, Not Active, Not Active, Not Active
2026/09/03 00:36:02.137, 28011 MiB, 51, 110.84 W, 2910 MHz, 13801 MHz, Not Active, Not Active, Not Active, Not Active, Not Active
2026/09/03 00:36:02.338, 28011 MiB, 51, 110.84 W, 2910 MHz, 13801 MHz, Not Active, Not Active, Not Active, Not Active, Not Active
2026/09/03 00:36:02.538, 28011 MiB, 51, 112.20 W, 2910 MHz, 13801 MHz, Not Active, Not Active, Not Active, Not Active, Not Active
2026/09/03 00:36:02.738, 28011 MiB, 51, 112.20 W, 2910 MHz, 13801 MHz, Not Active, Not Active, Not Active, Not Active, Not Active
2026/09/03 00:36:02.938, 28011 MiB, 51, 112.20 W, 2910 MHz, 13801 MHz, Not Active, Not Active, Not Active, Not Active, Not Active
2026/09/03 00:36:03.139, 28011 MiB, 51, 113.91 W, 2910 MHz, 13801 MHz, Not Active, Not Active, Not Active, Not Active, Not Active
2026/09/03 00:36:03.339, 28011 MiB, 51, 113.91 W, 2910 MHz, 13801 MHz, Not Active, Not Active, Not Active, Not Active, Not Active
2026/09/03 00:36:03.539, 28011 MiB, 51, 112.58 W, 2910 MHz, 13801 MHz, Not Active, Not Active, Not Active, Not Active, Not Active
2026/09/03 00:36:03.739, 28011 MiB, 51, 112.58 W, 2910 MHz, 13801 MHz, Not Active, Not Active, Not Active, Not Active, Not Active
2026/09/03 00:36:03.940, 28011 MiB, 51, 112.58 W, 2910 MHz, 13801 MHz, Not Active, Not Active, Not Active, Not Active, Not Active
2026/09/03 00:36:04.140, 28011 MiB, 51, 111.11 W, 2910 MHz, 13801 MHz, Not Active, Not Active, Not Active, Not Active, Not Active
2026/09/03 00:36:04.340, 28011 MiB, 51, 111.11 W, 2910 MHz, 13801 MHz, Not Active, Not Active, Not Active, Not Active, Not Active
2026/09/03 00:36:04.540, 28011 MiB, 51, 111.00 W, 2910 MHz, 13801 MHz, Not Active, Not Active, Not Active, Not Active, Not Active
2026/09/03 00:36:04.740, 28011 MiB, 51, 111.00 W, 2910 MHz, 13801 MHz, Not Active, Not Active, Not Active, Not Active, Not Active
2026/09/03 00:36:04.941, 28011 MiB, 51, 111.00 W, 2910 MHz, 13801 MHz, Not Active, Not Active, Not Active, Not Active, Not Active
2026/09/03 00:36:05.141, 28011 MiB, 51, 113.48 W, 2880 MHz, 13801 MHz, Not Active, Not Active, Not Active, Not Active, Not Active
2026/09/03 00:36:05.341, 28011 MiB, 51, 113.48 W, 2880 MHz, 13801 MHz, Not Active, Not Active, Not Active, Not Active, Not Active
2026/09/03 00:36:05.541, 28011 MiB, 51, 113.61 W, 2910 MHz, 13801 MHz, Not Active, Not Active, Not Active, Not Active, Not Active
2026/09/03 00:36:05.742, 28011 MiB, 51, 113.61 W, 2910 MHz, 13801 MHz, Not Active, Not Active, Not Active, Not Active, Not Active
2026/09/03 00:36:05.942, 28011 MiB, 51, 113.61 W, 2910 MHz, 13801 MHz, Not Active, Not Active, Not Active, Not Active, Not Active
2026/09/03 00:36:06.142, 28011 MiB, 51, 111.31 W, 2910 MHz, 13801 MHz, Not Active, Not Active, Not Active, Not Active, Not Active
2026/09/03 00:36:06.342, 28011 MiB, 51, 111.31 W, 2910 MHz, 13801 MHz, Not Active, Not Active, Not Active, Not Active, Not Active
2026/09/03 00:36:06.543, 28011 MiB, 51, 111.25 W, 2910 MHz, 13801 MHz, Not Active, Not Active, Not Active, Not Active, Not Active
2026/09/03 00:36:06.743, 28011 MiB, 51, 111.25 W, 2910 MHz, 13801 MHz, Not Active, Not Active, Not Active, Not Active, Not Active
2026/09/03 00:36:06.943, 28011 MiB, 51, 111.25 W, 2910 MHz, 13801 MHz, Not Active, Not Active, Not Active, Not Active, Not Active
2026/09/03 00:36:07.143, 28011 MiB, 52, 113.35 W, 2910 MHz, 13801 MHz, Not Active, Not Active, Not Active, Not Active, Not Active
2026/09/03 00:36:07.344, 28011 MiB, 52, 113.35 W, 2910 MHz, 13801 MHz, Not Active, Not Active, Not Active, Not Active, Not Active
2026/09/03 00:36:07.544, 28011 MiB, 52, 114.67 W, 2910 MHz, 13801 MHz, Not Active, Not Active, Not Active, Not Active, Not Active
2026/09/03 00:36:07.744, 28011 MiB, 52, 114.67 W, 2910 MHz, 13801 MHz, Not Active, Not Active, Not Active, Not Active, Not Active
2026/09/03 00:36:07.944, 28011 MiB, 52, 114.67 W, 2910 MHz, 13801 MHz, Not Active, Not Active, Not Active, Not Active, Not Active
2026/09/03 00:36:08.145, 28011 MiB, 52, 114.28 W, 2910 MHz, 13801 MHz, Not Active, Not Active, Not Active, Not Active, Not Active
2026/09/03 00:36:08.345, 28011 MiB, 52, 114.28 W, 2910 MHz, 13801 MHz, Not Active, Not Active, Not Active, Not Active, Not Active
2026/09/03 00:36:08.545, 28011 MiB, 52, 111.52 W, 2910 MHz, 13801 MHz, Not Active, Not Active, Not Active, Not Active, Not Active
2026/09/03 00:36:08.745, 28011 MiB, 52, 111.52 W, 2910 MHz, 13801 MHz, Not Active, Not Active, Not Active, Not Active, Not Active
2026/09/03 00:36:08.946, 28011 MiB, 52, 111.52 W, 2910 MHz, 13801 MHz, Not Active, Not Active, Not Active, Not Active, Not Active
2026/09/03 00:36:09.146, 28011 MiB, 52, 111.41 W, 2910 MHz, 13801 MHz, Not Active, Not Active, Not Active, Not Active, Not Active
2026/09/03 00:36:09.346, 28011 MiB, 52, 111.41 W, 2910 MHz, 13801 MHz, Not Active, Not Active, Not Active, Not Active, Not Active
2026/09/03 00:36:09.546, 28011 MiB, 52, 113.76 W, 2910 MHz, 13801 MHz, Not Active, Not Active, Not Active, Not Active, Not Active
2026/09/03 00:36:09.746, 28011 MiB, 52, 113.76 W, 2910 MHz, 13801 MHz, Not Active, Not Active, Not Active, Not Active, Not Active
2026/09/03 00:36:09.947, 28011 MiB, 52, 113.76 W, 2910 MHz, 13801 MHz, Not Active, Not Active, Not Active, Not Active, Not Active
2026/09/03 00:36:10.147, 28011 MiB, 52, 114.38 W, 2910 MHz, 13801 MHz, Not Active, Not Active, Not Active, Not Active, Not Active
2026/09/03 00:36:10.347, 28011 MiB, 52, 114.38 W, 2910 MHz, 13801 MHz, Not Active, Not Active, Not Active, Not Active, Not Active
2026/09/03 00:36:10.547, 28011 MiB, 52, 111.98 W, 2910 MHz, 13801 MHz, Not Active, Not Active, Not Active, Not Active, Not Active
2026/09/03 00:36:10.748, 28011 MiB, 52, 111.98 W, 2910 MHz, 13801 MHz, Not Active, Not Active, Not Active, Not Active, Not Active
2026/09/03 00:36:10.948, 28011 MiB, 52, 111.98 W, 2910 MHz, 13801 MHz, Not Active, Not Active, Not Active, Not Active, Not Active
2026/09/03 00:36:11.148, 28011 MiB, 52, 111.69 W, 2910 MHz, 13801 MHz, Not Active, Not Active, Not Active, Not Active, Not Active
2026/09/03 00:36:11.348, 28011 MiB, 52, 111.69 W, 2910 MHz, 13801 MHz, Not Active, Not Active, Not Active, Not Active, Not Active
2026/09/03 00:36:11.549, 28011 MiB, 52, 114.21 W, 2880 MHz, 13801 MHz, Not Active, Not Active, Not Active, Not Active, Not Active
2026/09/03 00:36:11.749, 28011 MiB, 52, 114.21 W, 2880 MHz, 13801 MHz, Not Active, Not Active, Not Active, Not Active, Not Active
2026/09/03 00:36:11.949, 28011 MiB, 52, 114.21 W, 2880 MHz, 13801 MHz, Not Active, Not Active, Not Active, Not Active, Not Active
2026/09/03 00:36:12.150, 28011 MiB, 52, 114.56 W, 2910 MHz, 13801 MHz, Not Active, Not Active, Not Active, Not Active, Not Active
2026/09/03 00:36:12.350, 28011 MiB, 52, 114.56 W, 2910 MHz, 13801 MHz, Not Active, Not Active, Not Active, Not Active, Not Active
2026/09/03 00:36:12.550, 28011 MiB, 52, 112.38 W, 2910 MHz, 13801 MHz, Not Active, Not Active, Not Active, Not Active, Not Active
2026/09/03 00:36:12.750, 28011 MiB, 52, 112.38 W, 2910 MHz, 13801 MHz, Not Active, Not Active, Not Active, Not Active, Not Active
2026/09/03 00:36:12.951, 28011 MiB, 52, 112.38 W, 2910 MHz, 13801 MHz, Not Active, Not Active, Not Active, Not Active, Not Active
2026/09/03 00:36:13.151, 28011 MiB, 52, 112.17 W, 2910 MHz, 13801 MHz, Not Active, Not Active, Not Active, Not Active, Not Active
2026/09/03 00:36:13.351, 28011 MiB, 52, 112.17 W, 2910 MHz, 13801 MHz, Not Active, Not Active, Not Active, Not Active, Not Active
2026/09/03 00:36:13.551, 28011 MiB, 52, 111.83 W, 2910 MHz, 13801 MHz, Not Active, Not Active, Not Active, Not Active, Not Active
2026/09/03 00:36:13.751, 28011 MiB, 52, 111.83 W, 2910 MHz, 13801 MHz, Not Active, Not Active, Not Active, Not Active, Not Active
2026/09/03 00:36:13.952, 28011 MiB, 52, 111.83 W, 2910 MHz, 13801 MHz, Not Active, Not Active, Not Active, Not Active, Not Active
2026/09/03 00:36:14.152, 28011 MiB, 52, 114.16 W, 2910 MHz, 13801 MHz, Not Active, Not Active, Not Active, Not Active, Not Active
2026/09/03 00:36:14.352, 28011 MiB, 52, 114.16 W, 2910 MHz, 13801 MHz, Not Active, Not Active, Not Active, Not Active, Not Active
2026/09/03 00:36:14.552, 28011 MiB, 52, 114.39 W, 2910 MHz, 13801 MHz, Not Active, Not Active, Not Active, Not Active, Not Active
2026/09/03 00:36:14.753, 28011 MiB, 52, 114.39 W, 2910 MHz, 13801 MHz, Not Active, Not Active, Not Active, Not Active, Not Active
2026/09/03 00:36:14.953, 28011 MiB, 52, 114.39 W, 2910 MHz, 13801 MHz, Not Active, Not Active, Not Active, Not Active, Not Active
2026/09/03 00:36:15.153, 28011 MiB, 52, 112.25 W, 2910 MHz, 13801 MHz, Not Active, Not Active, Not Active, Not Active, Not Active
2026/09/03 00:36:15.353, 28011 MiB, 52, 112.25 W, 2910 MHz, 13801 MHz, Not Active, Not Active, Not Active, Not Active, Not Active
2026/09/03 00:36:15.553, 28011 MiB, 52, 112.28 W, 2910 MHz, 13801 MHz, Not Active, Not Active, Not Active, Not Active, Not Active
2026/09/03 00:36:15.754, 28011 MiB, 52, 112.28 W, 2910 MHz, 13801 MHz, Not Active, Not Active, Not Active, Not Active, Not Active
2026/09/03 00:36:15.954, 28011 MiB, 52, 112.28 W, 2910 MHz, 13801 MHz, Not Active, Not Active, Not Active, Not Active, Not Active
2026/09/03 00:36:16.154, 28011 MiB, 53, 114.17 W, 2880 MHz, 13801 MHz, Not Active, Not Active, Not Active, Not Active, Not Active
2026/09/03 00:36:16.354, 28011 MiB, 53, 114.17 W, 2880 MHz, 13801 MHz, Not Active, Not Active, Not Active, Not Active, Not Active
2026/09/03 00:36:16.555, 28011 MiB, 52, 114.22 W, 2910 MHz, 13801 MHz, Not Active, Not Active, Not Active, Not Active, Not Active
2026/09/03 00:36:16.755, 28011 MiB, 52, 114.22 W, 2910 MHz, 13801 MHz, Not Active, Not Active, Not Active, Not Active, Not Active
2026/09/03 00:36:16.955, 28011 MiB, 52, 114.22 W, 2910 MHz, 13801 MHz, Not Active, Not Active, Not Active, Not Active, Not Active
2026/09/03 00:36:17.155, 28011 MiB, 52, 112.39 W, 2910 MHz, 13801 MHz, Not Active, Not Active, Not Active, Not Active, Not Active
2026/09/03 00:36:17.355, 28011 MiB, 52, 112.39 W, 2910 MHz, 13801 MHz, Not Active, Not Active, Not Active, Not Active, Not Active
2026/09/03 00:36:17.556, 28011 MiB, 52, 112.61 W, 2910 MHz, 13801 MHz, Not Active, Not Active, Not Active, Not Active, Not Active
2026/09/03 00:36:17.756, 28011 MiB, 52, 112.61 W, 2910 MHz, 13801 MHz, Not Active, Not Active, Not Active, Not Active, Not Active
2026/09/03 00:36:17.956, 28011 MiB, 52, 112.61 W, 2910 MHz, 13801 MHz, Not Active, Not Active, Not Active, Not Active, Not Active
2026/09/03 00:36:18.157, 28011 MiB, 53, 113.10 W, 2910 MHz, 13801 MHz, Not Active, Not Active, Not Active, Not Active, Not Active
2026/09/03 00:36:18.357, 28011 MiB, 53, 113.10 W, 2910 MHz, 13801 MHz, Not Active, Not Active, Not Active, Not Active, Not Active
2026/09/03 00:36:18.557, 28011 MiB, 53, 116.00 W, 2910 MHz, 13801 MHz, Not Active, Not Active, Not Active, Not Active, Not Active
2026/09/03 00:36:18.757, 28011 MiB, 53, 116.00 W, 2910 MHz, 13801 MHz, Not Active, Not Active, Not Active, Not Active, Not Active
2026/09/03 00:36:18.958, 28011 MiB, 53, 116.00 W, 2910 MHz, 13801 MHz, Not Active, Not Active, Not Active, Not Active, Not Active
2026/09/03 00:36:19.158, 28011 MiB, 53, 115.55 W, 2910 MHz, 13801 MHz, Not Active, Not Active, Not Active, Not Active, Not Active
2026/09/03 00:36:19.358, 28011 MiB, 53, 115.55 W, 2910 MHz, 13801 MHz, Not Active, Not Active, Not Active, Not Active, Not Active
2026/09/03 00:36:19.559, 28011 MiB, 53, 112.11 W, 2910 MHz, 13801 MHz, Not Active, Not Active, Not Active, Not Active, Not Active
2026/09/03 00:36:19.759, 28011 MiB, 53, 112.11 W, 2910 MHz, 13801 MHz, Not Active, Not Active, Not Active, Not Active, Not Active
2026/09/03 00:36:19.959, 28011 MiB, 53, 112.11 W, 2910 MHz, 13801 MHz, Not Active, Not Active, Not Active, Not Active, Not Active
2026/09/03 00:36:20.159, 28011 MiB, 53, 112.16 W, 2910 MHz, 13801 MHz, Not Active, Not Active, Not Active, Not Active, Not Active
2026/09/03 00:36:20.360, 28011 MiB, 53, 112.16 W, 2910 MHz, 13801 MHz, Not Active, Not Active, Not Active, Not Active, Not Active
2026/09/03 00:36:20.560, 28011 MiB, 53, 115.64 W, 2880 MHz, 13801 MHz, Not Active, Not Active, Not Active, Not Active, Not Active
2026/09/03 00:36:20.760, 28011 MiB, 53, 115.64 W, 2880 MHz, 13801 MHz, Not Active, Not Active, Not Active, Not Active, Not Active
2026/09/03 00:36:20.960, 28011 MiB, 53, 115.64 W, 2880 MHz, 13801 MHz, Not Active, Not Active, Not Active, Not Active, Not Active
2026/09/03 00:36:21.161, 28011 MiB, 53, 115.74 W, 2910 MHz, 13801 MHz, Not Active, Not Active, Not Active, Not Active, Not Active
2026/09/03 00:36:21.361, 28011 MiB, 53, 115.74 W, 2910 MHz, 13801 MHz, Not Active, Not Active, Not Active, Not Active, Not Active
2026/09/03 00:36:21.561, 28011 MiB, 53, 112.70 W, 2910 MHz, 13801 MHz, Not Active, Not Active, Not Active, Not Active, Not Active
2026/09/03 00:36:21.761, 28011 MiB, 53, 112.70 W, 2910 MHz, 13801 MHz, Not Active, Not Active, Not Active, Not Active, Not Active
2026/09/03 00:36:21.962, 28011 MiB, 53, 112.70 W, 2910 MHz, 13801 MHz, Not Active, Not Active, Not Active, Not Active, Not Active
2026/09/03 00:36:22.162, 28011 MiB, 52, 112.65 W, 2910 MHz, 13801 MHz, Not Active, Not Active, Not Active, Not Active, Not Active
2026/09/03 00:36:22.362, 28011 MiB, 52, 112.65 W, 2910 MHz, 13801 MHz, Not Active, Not Active, Not Active, Not Active, Not Active
2026/09/03 00:36:22.563, 28011 MiB, 52, 113.00 W, 2910 MHz, 13801 MHz, Not Active, Not Active, Not Active, Not Active, Not Active
2026/09/03 00:36:22.763, 28011 MiB, 52, 113.00 W, 2910 MHz, 13801 MHz, Not Active, Not Active, Not Active, Not Active, Not Active
2026/09/03 00:36:22.963, 28011 MiB, 52, 113.00 W, 2910 MHz, 13801 MHz, Not Active, Not Active, Not Active, Not Active, Not Active
2026/09/03 00:36:23.163, 28011 MiB, 52, 115.18 W, 2910 MHz, 13801 MHz, Not Active, Not Active, Not Active, Not Active, Not Active
2026/09/03 00:36:23.363, 28011 MiB, 52, 115.18 W, 2910 MHz, 13801 MHz, Not Active, Not Active, Not Active, Not Active, Not Active
2026/09/03 00:36:23.564, 28011 MiB, 52, 114.93 W, 2910 MHz, 13801 MHz, Not Active, Not Active, Not Active, Not Active, Not Active
2026/09/03 00:36:23.764, 28011 MiB, 52, 114.93 W, 2910 MHz, 13801 MHz, Not Active, Not Active, Not Active, Not Active, Not Active
2026/09/03 00:36:23.964, 28011 MiB, 52, 114.93 W, 2910 MHz, 13801 MHz, Not Active, Not Active, Not Active, Not Active, Not Active
2026/09/03 00:36:24.164, 28011 MiB, 52, 112.51 W, 2910 MHz, 13801 MHz, Not Active, Not Active, Not Active, Not Active, Not Active
2026/09/03 00:36:24.365, 28011 MiB, 52, 112.51 W, 2910 MHz, 13801 MHz, Not Active, Not Active, Not Active, Not Active, Not Active
2026/09/03 00:36:24.565, 28011 MiB, 52, 112.39 W, 2910 MHz, 13801 MHz, Not Active, Not Active, Not Active, Not Active, Not Active
2026/09/03 00:36:24.765, 28011 MiB, 52, 112.39 W, 2910 MHz, 13801 MHz, Not Active, Not Active, Not Active, Not Active, Not Active
2026/09/03 00:36:24.965, 28011 MiB, 52, 112.39 W, 2910 MHz, 13801 MHz, Not Active, Not Active, Not Active, Not Active, Not Active
2026/09/03 00:36:25.166, 28011 MiB, 52, 114.83 W, 2880 MHz, 13801 MHz, Not Active, Not Active, Not Active, Not Active, Not Active
2026/09/03 00:36:25.366, 28011 MiB, 52, 114.83 W, 2880 MHz, 13801 MHz, Not Active, Not Active, Not Active, Not Active, Not Active
2026/09/03 00:36:25.566, 28011 MiB, 52, 114.69 W, 2910 MHz, 13801 MHz, Not Active, Not Active, Not Active, Not Active, Not Active
2026/09/03 00:36:25.766, 28011 MiB, 52, 114.69 W, 2910 MHz, 13801 MHz, Not Active, Not Active, Not Active, Not Active, Not Active
2026/09/03 00:36:25.966, 28011 MiB, 52, 114.69 W, 2910 MHz, 13801 MHz, Not Active, Not Active, Not Active, Not Active, Not Active
2026/09/03 00:36:26.167, 28011 MiB, 52, 112.56 W, 2910 MHz, 13801 MHz, Not Active, Not Active, Not Active, Not Active, Not Active
2026/09/03 00:36:26.367, 28011 MiB, 52, 112.56 W, 2910 MHz, 13801 MHz, Not Active, Not Active, Not Active, Not Active, Not Active
2026/09/03 00:36:26.567, 28011 MiB, 52, 112.61 W, 2910 MHz, 13801 MHz, Not Active, Not Active, Not Active, Not Active, Not Active
2026/09/03 00:36:26.767, 28011 MiB, 52, 112.61 W, 2910 MHz, 13801 MHz, Not Active, Not Active, Not Active, Not Active, Not Active
2026/09/03 00:36:26.968, 28011 MiB, 52, 112.61 W, 2910 MHz, 13801 MHz, Not Active, Not Active, Not Active, Not Active, Not Active
2026/09/03 00:36:27.168, 28011 MiB, 52, 113.28 W, 2910 MHz, 13801 MHz, Not Active, Not Active, Not Active, Not Active, Not Active
2026/09/03 00:36:27.368, 28011 MiB, 52, 113.28 W, 2910 MHz, 13801 MHz, Not Active, Not Active, Not Active, Not Active, Not Active
2026/09/03 00:36:27.568, 28011 MiB, 52, 114.57 W, 2910 MHz, 13801 MHz, Not Active, Not Active, Not Active, Not Active, Not Active
2026/09/03 00:36:27.769, 28011 MiB, 52, 114.57 W, 2910 MHz, 13801 MHz, Not Active, Not Active, Not Active, Not Active, Not Active
2026/09/03 00:36:27.969, 28011 MiB, 52, 114.57 W, 2910 MHz, 13801 MHz, Not Active, Not Active, Not Active, Not Active, Not Active
2026/09/03 00:36:28.169, 28011 MiB, 52, 113.43 W, 2910 MHz, 13801 MHz, Not Active, Not Active, Not Active, Not Active, Not Active
2026/09/03 00:36:28.369, 28011 MiB, 52, 113.43 W, 2910 MHz, 13801 MHz, Not Active, Not Active, Not Active, Not Active, Not Active
2026/09/03 00:36:28.570, 28011 MiB, 52, 111.64 W, 2910 MHz, 13801 MHz, Not Active, Not Active, Not Active, Not Active, Not Active
2026/09/03 00:36:28.770, 28011 MiB, 52, 111.64 W, 2910 MHz, 13801 MHz, Not Active, Not Active, Not Active, Not Active, Not Active
2026/09/03 00:36:28.970, 28011 MiB, 52, 111.64 W, 2910 MHz, 13801 MHz, Not Active, Not Active, Not Active, Not Active, Not Active
2026/09/03 00:36:29.170, 28011 MiB, 52, 111.73 W, 2910 MHz, 13801 MHz, Not Active, Not Active, Not Active, Not Active, Not Active
2026/09/03 00:36:29.371, 28011 MiB, 52, 111.73 W, 2910 MHz, 13801 MHz, Not Active, Not Active, Not Active, Not Active, Not Active
2026/09/03 00:36:29.571, 28011 MiB, 52, 114.27 W, 2880 MHz, 13801 MHz, Not Active, Not Active, Not Active, Not Active, Not Active
2026/09/03 00:36:29.771, 28011 MiB, 52, 114.27 W, 2880 MHz, 13801 MHz, Not Active, Not Active, Not Active, Not Active, Not Active
2026/09/03 00:36:29.971, 28011 MiB, 52, 114.27 W, 2880 MHz, 13801 MHz, Not Active, Not Active, Not Active, Not Active, Not Active
2026/09/03 00:36:30.172, 28011 MiB, 51, 113.98 W, 2910 MHz, 13801 MHz, Not Active, Not Active, Not Active, Not Active, Not Active
2026/09/03 00:36:30.372, 28011 MiB, 51, 113.98 W, 2910 MHz, 13801 MHz, Not Active, Not Active, Not Active, Not Active, Not Active
2026/09/03 00:36:30.572, 28011 MiB, 51, 111.52 W, 2910 MHz, 13801 MHz, Not Active, Not Active, Not Active, Not Active, Not Active
2026/09/03 00:36:30.772, 28011 MiB, 51, 111.52 W, 2910 MHz, 13801 MHz, Not Active, Not Active, Not Active, Not Active, Not Active
2026/09/03 00:36:30.973, 28011 MiB, 51, 111.41 W, 2910 MHz, 13801 MHz, Not Active, Not Active, Not Active, Not Active, Not Active
2026/09/03 00:36:31.173, 28011 MiB, 51, 111.41 W, 2910 MHz, 13801 MHz, Not Active, Not Active, Not Active, Not Active, Not Active
2026/09/03 00:36:31.373, 28011 MiB, 51, 111.41 W, 2910 MHz, 13801 MHz, Not Active, Not Active, Not Active, Not Active, Not Active
2026/09/03 00:36:31.573, 28011 MiB, 51, 113.26 W, 2880 MHz, 13801 MHz, Not Active, Not Active, Not Active, Not Active, Not Active
2026/09/03 00:36:31.774, 28011 MiB, 51, 113.26 W, 2880 MHz, 13801 MHz, Not Active, Not Active, Not Active, Not Active, Not Active
2026/09/03 00:36:31.974, 28011 MiB, 51, 114.20 W, 2910 MHz, 13801 MHz, Not Active, Not Active, Not Active, Not Active, Not Active
2026/09/03 00:36:32.174, 28011 MiB, 51, 114.20 W, 2910 MHz, 13801 MHz, Not Active, Not Active, Not Active, Not Active, Not Active
2026/09/03 00:36:32.374, 28011 MiB, 51, 114.20 W, 2910 MHz, 13801 MHz, Not Active, Not Active, Not Active, Not Active, Not Active
2026/09/03 00:36:32.574, 28011 MiB, 51, 113.47 W, 2910 MHz, 13801 MHz, Not Active, Not Active, Not Active, Not Active, Not Active
2026/09/03 00:36:32.775, 28011 MiB, 51, 113.47 W, 2910 MHz, 13801 MHz, Not Active, Not Active, Not Active, Not Active, Not Active
2026/09/03 00:36:32.975, 28011 MiB, 51, 111.20 W, 2910 MHz, 13801 MHz, Not Active, Not Active, Not Active, Not Active, Not Active
2026/09/03 00:36:33.175, 28011 MiB, 51, 111.20 W, 2910 MHz, 13801 MHz, Not Active, Not Active, Not Active, Not Active, Not Active
2026/09/03 00:36:33.376, 28011 MiB, 51, 111.20 W, 2910 MHz, 13801 MHz, Not Active, Not Active, Not Active, Not Active, Not Active
2026/09/03 00:36:33.576, 28011 MiB, 51, 111.01 W, 2910 MHz, 13801 MHz, Not Active, Not Active, Not Active, Not Active, Not Active
2026/09/03 00:36:33.776, 28011 MiB, 51, 111.01 W, 2910 MHz, 13801 MHz, Not Active, Not Active, Not Active, Not Active, Not Active
2026/09/03 00:36:33.976, 28011 MiB, 51, 113.99 W, 2910 MHz, 13801 MHz, Not Active, Not Active, Not Active, Not Active, Not Active
2026/09/03 00:36:34.177, 28011 MiB, 51, 113.99 W, 2910 MHz, 13801 MHz, Not Active, Not Active, Not Active, Not Active, Not Active
2026/09/03 00:36:34.377, 28011 MiB, 51, 113.99 W, 2910 MHz, 13801 MHz, Not Active, Not Active, Not Active, Not Active, Not Active
2026/09/03 00:36:34.577, 28011 MiB, 51, 113.80 W, 2910 MHz, 13801 MHz, Not Active, Not Active, Not Active, Not Active, Not Active
2026/09/03 00:36:34.777, 28011 MiB, 51, 113.80 W, 2910 MHz, 13801 MHz, Not Active, Not Active, Not Active, Not Active, Not Active
2026/09/03 00:36:34.977, 28011 MiB, 51, 111.04 W, 2910 MHz, 13801 MHz, Not Active, Not Active, Not Active, Not Active, Not Active
2026/09/03 00:36:35.178, 28011 MiB, 51, 111.04 W, 2910 MHz, 13801 MHz, Not Active, Not Active, Not Active, Not Active, Not Active
2026/09/03 00:36:35.378, 28011 MiB, 51, 111.04 W, 2910 MHz, 13801 MHz, Not Active, Not Active, Not Active, Not Active, Not Active
2026/09/03 00:36:35.578, 28011 MiB, 51, 110.78 W, 2910 MHz, 13801 MHz, Not Active, Not Active, Not Active, Not Active, Not Active
2026/09/03 00:36:35.779, 28011 MiB, 51, 110.78 W, 2910 MHz, 13801 MHz, Not Active, Not Active, Not Active, Not Active, Not Active
2026/09/03 00:36:35.979, 28011 MiB, 51, 113.19 W, 2880 MHz, 13801 MHz, Not Active, Not Active, Not Active, Not Active, Not Active
2026/09/03 00:36:36.179, 28011 MiB, 51, 113.19 W, 2880 MHz, 13801 MHz, Not Active, Not Active, Not Active, Not Active, Not Active
2026/09/03 00:36:36.379, 28011 MiB, 51, 113.19 W, 2880 MHz, 13801 MHz, Not Active, Not Active, Not Active, Not Active, Not Active
2026/09/03 00:36:36.580, 28011 MiB, 50, 114.00 W, 2910 MHz, 13801 MHz, Not Active, Not Active, Not Active, Not Active, Not Active
2026/09/03 00:36:36.780, 28011 MiB, 50, 114.00 W, 2910 MHz, 13801 MHz, Not Active, Not Active, Not Active, Not Active, Not Active
2026/09/03 00:36:36.980, 28011 MiB, 50, 112.96 W, 2910 MHz, 13801 MHz, Not Active, Not Active, Not Active, Not Active, Not Active
2026/09/03 00:36:37.180, 28011 MiB, 50, 112.96 W, 2910 MHz, 13801 MHz, Not Active, Not Active, Not Active, Not Active, Not Active
2026/09/03 00:36:37.380, 28011 MiB, 50, 112.96 W, 2910 MHz, 13801 MHz, Not Active, Not Active, Not Active, Not Active, Not Active
2026/09/03 00:36:37.581, 28011 MiB, 50, 111.20 W, 2910 MHz, 13801 MHz, Not Active, Not Active, Not Active, Not Active, Not Active
2026/09/03 00:36:37.781, 28011 MiB, 50, 111.20 W, 2910 MHz, 13801 MHz, Not Active, Not Active, Not Active, Not Active, Not Active
2026/09/03 00:36:37.981, 28011 MiB, 50, 110.98 W, 2910 MHz, 13801 MHz, Not Active, Not Active, Not Active, Not Active, Not Active
2026/09/03 00:36:38.181, 28011 MiB, 50, 110.98 W, 2910 MHz, 13801 MHz, Not Active, Not Active, Not Active, Not Active, Not Active
2026/09/03 00:36:38.381, 28011 MiB, 50, 110.98 W, 2910 MHz, 13801 MHz, Not Active, Not Active, Not Active, Not Active, Not Active
2026/09/03 00:36:38.582, 28011 MiB, 50, 113.55 W, 2910 MHz, 13801 MHz, Not Active, Not Active, Not Active, Not Active, Not Active
2026/09/03 00:36:38.782, 28011 MiB, 50, 113.55 W, 2910 MHz, 13801 MHz, Not Active, Not Active, Not Active, Not Active, Not Active
2026/09/03 00:36:38.982, 28011 MiB, 50, 113.81 W, 2910 MHz, 13801 MHz, Not Active, Not Active, Not Active, Not Active, Not Active
2026/09/03 00:36:39.182, 28011 MiB, 50, 113.81 W, 2910 MHz, 13801 MHz, Not Active, Not Active, Not Active, Not Active, Not Active
2026/09/03 00:36:39.383, 28011 MiB, 50, 113.81 W, 2910 MHz, 13801 MHz, Not Active, Not Active, Not Active, Not Active, Not Active
2026/09/03 00:36:39.583, 28011 MiB, 50, 110.90 W, 2910 MHz, 13801 MHz, Not Active, Not Active, Not Active, Not Active, Not Active
2026/09/03 00:36:39.783, 28011 MiB, 50, 110.90 W, 2910 MHz, 13801 MHz, Not Active, Not Active, Not Active, Not Active, Not Active
2026/09/03 00:36:39.983, 28011 MiB, 50, 110.71 W, 2910 MHz, 13801 MHz, Not Active, Not Active, Not Active, Not Active, Not Active
2026/09/03 00:36:40.184, 28011 MiB, 50, 110.71 W, 2910 MHz, 13801 MHz, Not Active, Not Active, Not Active, Not Active, Not Active
2026/09/03 00:36:40.384, 28011 MiB, 50, 110.71 W, 2910 MHz, 13801 MHz, Not Active, Not Active, Not Active, Not Active, Not Active
2026/09/03 00:36:40.584, 28011 MiB, 50, 113.64 W, 2895 MHz, 13801 MHz, Not Active, Not Active, Not Active, Not Active, Not Active
2026/09/03 00:36:40.784, 28011 MiB, 50, 113.64 W, 2895 MHz, 13801 MHz, Not Active, Not Active, Not Active, Not Active, Not Active
2026/09/03 00:36:40.985, 28011 MiB, 50, 113.70 W, 2910 MHz, 13801 MHz, Not Active, Not Active, Not Active, Not Active, Not Active
2026/09/03 00:36:41.185, 28011 MiB, 50, 113.70 W, 2910 MHz, 13801 MHz, Not Active, Not Active, Not Active, Not Active, Not Active
2026/09/03 00:36:41.385, 28011 MiB, 50, 113.70 W, 2910 MHz, 13801 MHz, Not Active, Not Active, Not Active, Not Active, Not Active
2026/09/03 00:36:41.586, 28011 MiB, 50, 110.30 W, 2910 MHz, 13801 MHz, Not Active, Not Active, Not Active, Not Active, Not Active
2026/09/03 00:36:41.786, 28011 MiB, 50, 110.30 W, 2910 MHz, 13801 MHz, Not Active, Not Active, Not Active, Not Active, Not Active
2026/09/03 00:36:41.986, 28011 MiB, 50, 110.21 W, 2910 MHz, 13801 MHz, Not Active, Not Active, Not Active, Not Active, Not Active
2026/09/03 00:36:42.186, 28011 MiB, 50, 110.21 W, 2910 MHz, 13801 MHz, Not Active, Not Active, Not Active, Not Active, Not Active
2026/09/03 00:36:42.386, 28011 MiB, 50, 110.21 W, 2910 MHz, 13801 MHz, Not Active, Not Active, Not Active, Not Active, Not Active
2026/09/03 00:36:42.587, 28011 MiB, 50, 109.57 W, 2910 MHz, 13801 MHz, Not Active, Not Active, Not Active, Not Active, Not Active
2026/09/03 00:36:42.787, 28011 MiB, 50, 109.57 W, 2910 MHz, 13801 MHz, Not Active, Not Active, Not Active, Not Active, Not Active
2026/09/03 00:36:42.987, 28011 MiB, 50, 112.83 W, 2910 MHz, 13801 MHz, Not Active, Not Active, Not Active, Not Active, Not Active
2026/09/03 00:36:43.187, 28011 MiB, 50, 112.83 W, 2910 MHz, 13801 MHz, Not Active, Not Active, Not Active, Not Active, Not Active
2026/09/03 00:36:43.388, 28011 MiB, 50, 112.83 W, 2910 MHz, 13801 MHz, Not Active, Not Active, Not Active, Not Active, Not Active
2026/09/03 00:36:43.588, 28011 MiB, 50, 113.51 W, 2910 MHz, 13801 MHz, Not Active, Not Active, Not Active, Not Active, Not Active
2026/09/03 00:36:43.788, 28011 MiB, 50, 113.51 W, 2910 MHz, 13801 MHz, Not Active, Not Active, Not Active, Not Active, Not Active
2026/09/03 00:36:43.988, 28011 MiB, 50, 110.04 W, 2910 MHz, 13801 MHz, Not Active, Not Active, Not Active, Not Active, Not Active
2026/09/03 00:36:44.189, 28011 MiB, 50, 110.04 W, 2910 MHz, 13801 MHz, Not Active, Not Active, Not Active, Not Active, Not Active
2026/09/03 00:36:44.389, 28011 MiB, 50, 110.04 W, 2910 MHz, 13801 MHz, Not Active, Not Active, Not Active, Not Active, Not Active
2026/09/03 00:36:44.589, 28011 MiB, 50, 110.03 W, 2910 MHz, 13801 MHz, Not Active, Not Active, Not Active, Not Active, Not Active
2026/09/03 00:36:44.789, 28011 MiB, 50, 110.03 W, 2910 MHz, 13801 MHz, Not Active, Not Active, Not Active, Not Active, Not Active
2026/09/03 00:36:44.990, 28011 MiB, 50, 112.79 W, 2880 MHz, 13801 MHz, Not Active, Not Active, Not Active, Not Active, Not Active
2026/09/03 00:36:45.190, 28011 MiB, 50, 112.79 W, 2880 MHz, 13801 MHz, Not Active, Not Active, Not Active, Not Active, Not Active
2026/09/03 00:36:45.390, 28011 MiB, 50, 112.79 W, 2880 MHz, 13801 MHz, Not Active, Not Active, Not Active, Not Active, Not Active
2026/09/03 00:36:45.590, 28011 MiB, 49, 112.91 W, 2910 MHz, 13801 MHz, Not Active, Not Active, Not Active, Not Active, Not Active
2026/09/03 00:36:45.791, 28011 MiB, 49, 112.91 W, 2910 MHz, 13801 MHz, Not Active, Not Active, Not Active, Not Active, Not Active
2026/09/03 00:36:45.991, 28011 MiB, 49, 111.06 W, 2910 MHz, 13801 MHz, Not Active, Not Active, Not Active, Not Active, Not Active
2026/09/03 00:36:46.191, 28011 MiB, 49, 111.06 W, 2910 MHz, 13801 MHz, Not Active, Not Active, Not Active, Not Active, Not Active
2026/09/03 00:36:46.392, 28011 MiB, 49, 111.06 W, 2910 MHz, 13801 MHz, Not Active, Not Active, Not Active, Not Active, Not Active
2026/09/03 00:36:46.592, 28011 MiB, 49, 110.45 W, 2910 MHz, 13801 MHz, Not Active, Not Active, Not Active, Not Active, Not Active
2026/09/03 00:36:46.792, 28011 MiB, 49, 110.45 W, 2910 MHz, 13801 MHz, Not Active, Not Active, Not Active, Not Active, Not Active
2026/09/03 00:36:46.992, 28011 MiB, 49, 110.26 W, 2910 MHz, 13801 MHz, Not Active, Not Active, Not Active, Not Active, Not Active
2026/09/03 00:36:47.193, 28011 MiB, 49, 110.26 W, 2910 MHz, 13801 MHz, Not Active, Not Active, Not Active, Not Active, Not Active
2026/09/03 00:36:47.393, 28011 MiB, 49, 110.26 W, 2910 MHz, 13801 MHz, Not Active, Not Active, Not Active, Not Active, Not Active
2026/09/03 00:36:47.593, 28011 MiB, 49, 113.62 W, 2910 MHz, 13801 MHz, Not Active, Not Active, Not Active, Not Active, Not Active
2026/09/03 00:36:47.794, 28011 MiB, 49, 113.62 W, 2910 MHz, 13801 MHz, Not Active, Not Active, Not Active, Not Active, Not Active
2026/09/03 00:36:47.994, 28011 MiB, 49, 113.33 W, 2910 MHz, 13801 MHz, Not Active, Not Active, Not Active, Not Active, Not Active
2026/09/03 00:36:48.194, 28011 MiB, 49, 113.33 W, 2910 MHz, 13801 MHz, Not Active, Not Active, Not Active, Not Active, Not Active
2026/09/03 00:36:48.394, 28011 MiB, 49, 113.33 W, 2910 MHz, 13801 MHz, Not Active, Not Active, Not Active, Not Active, Not Active
2026/09/03 00:36:48.594, 28011 MiB, 49, 110.19 W, 2910 MHz, 13801 MHz, Not Active, Not Active, Not Active, Not Active, Not Active
2026/09/03 00:36:48.795, 28011 MiB, 49, 110.19 W, 2910 MHz, 13801 MHz, Not Active, Not Active, Not Active, Not Active, Not Active
2026/09/03 00:36:48.995, 28011 MiB, 49, 109.91 W, 2910 MHz, 13801 MHz, Not Active, Not Active, Not Active, Not Active, Not Active
2026/09/03 00:36:49.195, 28011 MiB, 49, 109.91 W, 2910 MHz, 13801 MHz, Not Active, Not Active, Not Active, Not Active, Not Active
2026/09/03 00:36:49.396, 28011 MiB, 49, 109.91 W, 2910 MHz, 13801 MHz, Not Active, Not Active, Not Active, Not Active, Not Active
2026/09/03 00:36:49.596, 28011 MiB, 49, 112.41 W, 2880 MHz, 13801 MHz, Not Active, Not Active, Not Active, Not Active, Not Active
2026/09/03 00:36:49.796, 28011 MiB, 49, 112.41 W, 2880 MHz, 13801 MHz, Not Active, Not Active, Not Active, Not Active, Not Active
2026/09/03 00:36:49.997, 28011 MiB, 49, 113.09 W, 2910 MHz, 13801 MHz, Not Active, Not Active, Not Active, Not Active, Not Active
2026/09/03 00:36:50.197, 28011 MiB, 49, 113.09 W, 2910 MHz, 13801 MHz, Not Active, Not Active, Not Active, Not Active, Not Active
2026/09/03 00:36:50.397, 28011 MiB, 49, 113.09 W, 2910 MHz, 13801 MHz, Not Active, Not Active, Not Active, Not Active, Not Active
2026/09/03 00:36:50.597, 28011 MiB, 49, 110.43 W, 2910 MHz, 13801 MHz, Not Active, Not Active, Not Active, Not Active, Not Active
2026/09/03 00:36:50.798, 28011 MiB, 49, 110.43 W, 2910 MHz, 13801 MHz, Not Active, Not Active, Not Active, Not Active, Not Active
2026/09/03 00:36:50.998, 28011 MiB, 49, 110.15 W, 2910 MHz, 13801 MHz, Not Active, Not Active, Not Active, Not Active, Not Active
2026/09/03 00:36:51.198, 28011 MiB, 49, 110.15 W, 2910 MHz, 13801 MHz, Not Active, Not Active, Not Active, Not Active, Not Active
2026/09/03 00:36:51.398, 28011 MiB, 49, 110.15 W, 2910 MHz, 13801 MHz, Not Active, Not Active, Not Active, Not Active, Not Active
2026/09/03 00:36:51.599, 28011 MiB, 49, 110.34 W, 2910 MHz, 13801 MHz, Not Active, Not Active, Not Active, Not Active, Not Active
2026/09/03 00:36:51.799, 28011 MiB, 49, 110.34 W, 2910 MHz, 13801 MHz, Not Active, Not Active, Not Active, Not Active, Not Active
2026/09/03 00:36:51.999, 28011 MiB, 49, 112.52 W, 2910 MHz, 13801 MHz, Not Active, Not Active, Not Active, Not Active, Not Active
2026/09/03 00:36:52.199, 28011 MiB, 49, 112.52 W, 2910 MHz, 13801 MHz, Not Active, Not Active, Not Active, Not Active, Not Active
2026/09/03 00:36:52.399, 28011 MiB, 49, 112.52 W, 2910 MHz, 13801 MHz, Not Active, Not Active, Not Active, Not Active, Not Active
2026/09/03 00:36:52.600, 28011 MiB, 49, 112.19 W, 2910 MHz, 13801 MHz, Not Active, Not Active, Not Active, Not Active, Not Active
2026/09/03 00:36:52.800, 28011 MiB, 49, 112.19 W, 2910 MHz, 13801 MHz, Not Active, Not Active, Not Active, Not Active, Not Active
2026/09/03 00:36:53.000, 28011 MiB, 49, 110.03 W, 2910 MHz, 13801 MHz, Not Active, Not Active, Not Active, Not Active, Not Active
2026/09/03 00:36:53.200, 28011 MiB, 49, 110.03 W, 2910 MHz, 13801 MHz, Not Active, Not Active, Not Active, Not Active, Not Active
2026/09/03 00:36:53.401, 28011 MiB, 49, 110.03 W, 2910 MHz, 13801 MHz, Not Active, Not Active, Not Active, Not Active, Not Active
2026/09/03 00:36:53.601, 28011 MiB, 49, 110.11 W, 2910 MHz, 13801 MHz, Not Active, Not Active, Not Active, Not Active, Not Active
2026/09/03 00:36:53.801, 28011 MiB, 49, 110.11 W, 2910 MHz, 13801 MHz, Not Active, Not Active, Not Active, Not Active, Not Active
2026/09/03 00:36:54.001, 28011 MiB, 49, 112.61 W, 2880 MHz, 13801 MHz, Not Active, Not Active, Not Active, Not Active, Not Active
2026/09/03 00:36:54.202, 28011 MiB, 49, 112.61 W, 2880 MHz, 13801 MHz, Not Active, Not Active, Not Active, Not Active, Not Active
2026/09/03 00:36:54.402, 28011 MiB, 49, 112.61 W, 2880 MHz, 13801 MHz, Not Active, Not Active, Not Active, Not Active, Not Active
2026/09/03 00:36:54.602, 28011 MiB, 49, 112.57 W, 2910 MHz, 13801 MHz, Not Active, Not Active, Not Active, Not Active, Not Active
2026/09/03 00:36:54.802, 28011 MiB, 49, 112.57 W, 2910 MHz, 13801 MHz, Not Active, Not Active, Not Active, Not Active, Not Active
2026/09/03 00:36:55.002, 28011 MiB, 49, 110.20 W, 2910 MHz, 13801 MHz, Not Active, Not Active, Not Active, Not Active, Not Active
2026/09/03 00:36:55.203, 28011 MiB, 49, 110.20 W, 2910 MHz, 13801 MHz, Not Active, Not Active, Not Active, Not Active, Not Active
2026/09/03 00:36:55.403, 28011 MiB, 49, 110.20 W, 2910 MHz, 13801 MHz, Not Active, Not Active, Not Active, Not Active, Not Active
2026/09/03 00:36:55.603, 28011 MiB, 49, 110.21 W, 2910 MHz, 13801 MHz, Not Active, Not Active, Not Active, Not Active, Not Active
2026/09/03 00:36:55.803, 28011 MiB, 49, 110.21 W, 2910 MHz, 13801 MHz, Not Active, Not Active, Not Active, Not Active, Not Active
2026/09/03 00:36:56.004, 28011 MiB, 49, 110.80 W, 2910 MHz, 13801 MHz, Not Active, Not Active, Not Active, Not Active, Not Active
2026/09/03 00:36:56.204, 28011 MiB, 49, 110.80 W, 2910 MHz, 13801 MHz, Not Active, Not Active, Not Active, Not Active, Not Active
2026/09/03 00:36:56.404, 28011 MiB, 49, 110.80 W, 2910 MHz, 13801 MHz, Not Active, Not Active, Not Active, Not Active, Not Active
2026/09/03 00:36:56.604, 28011 MiB, 48, 112.56 W, 2910 MHz, 13801 MHz, Not Active, Not Active, Not Active, Not Active, Not Active
2026/09/03 00:36:56.805, 28011 MiB, 48, 112.56 W, 2910 MHz, 13801 MHz, Not Active, Not Active, Not Active, Not Active, Not Active
2026/09/03 00:36:57.005, 28011 MiB, 48, 112.56 W, 2910 MHz, 13801 MHz, Not Active, Not Active, Not Active, Not Active, Not Active
2026/09/03 00:36:57.205, 28011 MiB, 48, 112.56 W, 2910 MHz, 13801 MHz, Not Active, Not Active, Not Active, Not Active, Not Active
2026/09/03 00:36:57.405, 28011 MiB, 48, 112.56 W, 2910 MHz, 13801 MHz, Not Active, Not Active, Not Active, Not Active, Not Active
2026/09/03 00:36:57.606, 28011 MiB, 48, 109.64 W, 2910 MHz, 13801 MHz, Not Active, Not Active, Not Active, Not Active, Not Active
2026/09/03 00:36:57.806, 28011 MiB, 48, 109.64 W, 2910 MHz, 13801 MHz, Not Active, Not Active, Not Active, Not Active, Not Active
2026/09/03 00:36:58.006, 28011 MiB, 48, 109.81 W, 2910 MHz, 13801 MHz, Not Active, Not Active, Not Active, Not Active, Not Active
2026/09/03 00:36:58.207, 28011 MiB, 48, 109.81 W, 2910 MHz, 13801 MHz, Not Active, Not Active, Not Active, Not Active, Not Active
2026/09/03 00:36:58.407, 28011 MiB, 48, 109.81 W, 2910 MHz, 13801 MHz, Not Active, Not Active, Not Active, Not Active, Not Active
2026/09/03 00:36:58.607, 28011 MiB, 48, 112.79 W, 2880 MHz, 13801 MHz, Not Active, Not Active, Not Active, Not Active, Not Active
2026/09/03 00:36:58.808, 28011 MiB, 48, 112.79 W, 2880 MHz, 13801 MHz, Not Active, Not Active, Not Active, Not Active, Not Active
2026/09/03 00:36:59.008, 28011 MiB, 48, 112.82 W, 2910 MHz, 13801 MHz, Not Active, Not Active, Not Active, Not Active, Not Active
2026/09/03 00:36:59.208, 28011 MiB, 48, 112.82 W, 2910 MHz, 13801 MHz, Not Active, Not Active, Not Active, Not Active, Not Active
2026/09/03 00:36:59.408, 28011 MiB, 48, 112.82 W, 2910 MHz, 13801 MHz, Not Active, Not Active, Not Active, Not Active, Not Active
2026/09/03 00:36:59.609, 28011 MiB, 48, 109.77 W, 2910 MHz, 13801 MHz, Not Active, Not Active, Not Active, Not Active, Not Active
2026/09/03 00:36:59.809, 28011 MiB, 48, 109.77 W, 2910 MHz, 13801 MHz, Not Active, Not Active, Not Active, Not Active, Not Active
2026/09/03 00:37:00.009, 28011 MiB, 48, 109.80 W, 2910 MHz, 13801 MHz, Not Active, Not Active, Not Active, Not Active, Not Active
2026/09/03 00:37:00.209, 28011 MiB, 48, 109.80 W, 2910 MHz, 13801 MHz, Not Active, Not Active, Not Active, Not Active, Not Active
2026/09/03 00:37:00.410, 28011 MiB, 48, 109.80 W, 2910 MHz, 13801 MHz, Not Active, Not Active, Not Active, Not Active, Not Active
2026/09/03 00:37:00.610, 28011 MiB, 48, 111.18 W, 2910 MHz, 13801 MHz, Not Active, Not Active, Not Active, Not Active, Not Active
2026/09/03 00:37:00.810, 28011 MiB, 48, 111.18 W, 2910 MHz, 13801 MHz, Not Active, Not Active, Not Active, Not Active, Not Active
2026/09/03 00:37:01.010, 28011 MiB, 48, 112.19 W, 2910 MHz, 13801 MHz, Not Active, Not Active, Not Active, Not Active, Not Active
2026/09/03 00:37:01.211, 28011 MiB, 48, 112.19 W, 2910 MHz, 13801 MHz, Not Active, Not Active, Not Active, Not Active, Not Active
2026/09/03 00:37:01.411, 28011 MiB, 48, 112.19 W, 2910 MHz, 13801 MHz, Not Active, Not Active, Not Active, Not Active, Not Active
2026/09/03 00:37:01.611, 28011 MiB, 48, 110.88 W, 2910 MHz, 13801 MHz, Not Active, Not Active, Not Active, Not Active, Not Active
2026/09/03 00:37:01.811, 28011 MiB, 48, 110.88 W, 2910 MHz, 13801 MHz, Not Active, Not Active, Not Active, Not Active, Not Active
2026/09/03 00:37:02.011, 28011 MiB, 48, 109.61 W, 2910 MHz, 13801 MHz, Not Active, Not Active, Not Active, Not Active, Not Active
2026/09/03 00:37:02.212, 28011 MiB, 48, 109.61 W, 2910 MHz, 13801 MHz, Not Active, Not Active, Not Active, Not Active, Not Active
2026/09/03 00:37:02.412, 28011 MiB, 48, 109.61 W, 2910 MHz, 13801 MHz, Not Active, Not Active, Not Active, Not Active, Not Active
2026/09/03 00:37:02.612, 28011 MiB, 48, 109.57 W, 2910 MHz, 13801 MHz, Not Active, Not Active, Not Active, Not Active, Not Active
2026/09/03 00:37:02.812, 28011 MiB, 48, 109.57 W, 2910 MHz, 13801 MHz, Not Active, Not Active, Not Active, Not Active, Not Active
2026/09/03 00:37:03.013, 28011 MiB, 48, 112.95 W, 2910 MHz, 13801 MHz, Not Active, Not Active, Not Active, Not Active, Not Active
2026/09/03 00:37:03.213, 28011 MiB, 48, 112.95 W, 2910 MHz, 13801 MHz, Not Active, Not Active, Not Active, Not Active, Not Active
2026/09/03 00:37:03.413, 28011 MiB, 48, 112.95 W, 2910 MHz, 13801 MHz, Not Active, Not Active, Not Active, Not Active, Not Active
2026/09/03 00:37:03.613, 28011 MiB, 48, 112.93 W, 2910 MHz, 13801 MHz, Not Active, Not Active, Not Active, Not Active, Not Active
2026/09/03 00:37:03.814, 28011 MiB, 48, 112.93 W, 2910 MHz, 13801 MHz, Not Active, Not Active, Not Active, Not Active, Not Active
2026/09/03 00:37:04.014, 28011 MiB, 48, 109.50 W, 2910 MHz, 13801 MHz, Not Active, Not Active, Not Active, Not Active, Not Active
2026/09/03 00:37:04.214, 28011 MiB, 48, 109.50 W, 2910 MHz, 13801 MHz, Not Active, Not Active, Not Active, Not Active, Not Active
2026/09/03 00:37:04.414, 28011 MiB, 48, 109.50 W, 2910 MHz, 13801 MHz, Not Active, Not Active, Not Active, Not Active, Not Active
2026/09/03 00:37:04.615, 28011 MiB, 48, 109.29 W, 2910 MHz, 13801 MHz, Not Active, Not Active, Not Active, Not Active, Not Active
2026/09/03 00:37:04.815, 28011 MiB, 48, 109.29 W, 2910 MHz, 13801 MHz, Not Active, Not Active, Not Active, Not Active, Not Active
2026/09/03 00:37:05.015, 28011 MiB, 48, 111.54 W, 2880 MHz, 13801 MHz, Not Active, Not Active, Not Active, Not Active, Not Active
2026/09/03 00:37:05.215, 28011 MiB, 48, 111.54 W, 2880 MHz, 13801 MHz, Not Active, Not Active, Not Active, Not Active, Not Active
2026/09/03 00:37:05.416, 28011 MiB, 48, 111.54 W, 2880 MHz, 13801 MHz, Not Active, Not Active, Not Active, Not Active, Not Active
2026/09/03 00:37:05.616, 28011 MiB, 48, 111.94 W, 2910 MHz, 13801 MHz, Not Active, Not Active, Not Active, Not Active, Not Active
2026/09/03 00:37:05.816, 28011 MiB, 48, 111.94 W, 2910 MHz, 13801 MHz, Not Active, Not Active, Not Active, Not Active, Not Active
2026/09/03 00:37:06.016, 28011 MiB, 48, 111.42 W, 2910 MHz, 13801 MHz, Not Active, Not Active, Not Active, Not Active, Not Active
2026/09/03 00:37:06.217, 28011 MiB, 48, 111.42 W, 2910 MHz, 13801 MHz, Not Active, Not Active, Not Active, Not Active, Not Active
2026/09/03 00:37:06.417, 28011 MiB, 48, 111.42 W, 2910 MHz, 13801 MHz, Not Active, Not Active, Not Active, Not Active, Not Active
2026/09/03 00:37:06.617, 28011 MiB, 48, 109.34 W, 2910 MHz, 13801 MHz, Not Active, Not Active, Not Active, Not Active, Not Active
2026/09/03 00:37:06.817, 28011 MiB, 48, 109.34 W, 2910 MHz, 13801 MHz, Not Active, Not Active, Not Active, Not Active, Not Active
2026/09/03 00:37:07.018, 28011 MiB, 48, 109.14 W, 2910 MHz, 13801 MHz, Not Active, Not Active, Not Active, Not Active, Not Active
2026/09/03 00:37:07.218, 28011 MiB, 48, 109.14 W, 2910 MHz, 13801 MHz, Not Active, Not Active, Not Active, Not Active, Not Active
2026/09/03 00:37:07.418, 28011 MiB, 48, 109.14 W, 2910 MHz, 13801 MHz, Not Active, Not Active, Not Active, Not Active, Not Active
2026/09/03 00:37:07.619, 28011 MiB, 48, 111.42 W, 2910 MHz, 13801 MHz, Not Active, Not Active, Not Active, Not Active, Not Active
2026/09/03 00:37:07.819, 28011 MiB, 48, 111.42 W, 2910 MHz, 13801 MHz, Not Active, Not Active, Not Active, Not Active, Not Active
2026/09/03 00:37:08.019, 28011 MiB, 48, 111.79 W, 2910 MHz, 13801 MHz, Not Active, Not Active, Not Active, Not Active, Not Active
2026/09/03 00:37:08.219, 28011 MiB, 48, 111.79 W, 2910 MHz, 13801 MHz, Not Active, Not Active, Not Active, Not Active, Not Active
2026/09/03 00:37:08.420, 28011 MiB, 48, 111.79 W, 2910 MHz, 13801 MHz, Not Active, Not Active, Not Active, Not Active, Not Active
2026/09/03 00:37:08.620, 28011 MiB, 47, 108.98 W, 2910 MHz, 13801 MHz, Not Active, Not Active, Not Active, Not Active, Not Active
2026/09/03 00:37:08.820, 28011 MiB, 47, 108.98 W, 2910 MHz, 13801 MHz, Not Active, Not Active, Not Active, Not Active, Not Active
2026/09/03 00:37:09.020, 28011 MiB, 47, 109.04 W, 2910 MHz, 13801 MHz, Not Active, Not Active, Not Active, Not Active, Not Active
2026/09/03 00:37:09.221, 28011 MiB, 47, 109.04 W, 2910 MHz, 13801 MHz, Not Active, Not Active, Not Active, Not Active, Not Active
2026/09/03 00:37:09.421, 28011 MiB, 47, 109.04 W, 2910 MHz, 13801 MHz, Not Active, Not Active, Not Active, Not Active, Not Active
2026/09/03 00:37:09.621, 28011 MiB, 48, 111.59 W, 2880 MHz, 13801 MHz, Not Active, Not Active, Not Active, Not Active, Not Active
2026/09/03 00:37:09.822, 28011 MiB, 48, 111.59 W, 2880 MHz, 13801 MHz, Not Active, Not Active, Not Active, Not Active, Not Active
2026/09/03 00:37:10.022, 28011 MiB, 47, 111.34 W, 2910 MHz, 13801 MHz, Not Active, Not Active, Not Active, Not Active, Not Active
2026/09/03 00:37:10.222, 28011 MiB, 47, 111.34 W, 2910 MHz, 13801 MHz, Not Active, Not Active, Not Active, Not Active, Not Active
2026/09/03 00:37:10.422, 28011 MiB, 47, 111.34 W, 2910 MHz, 13801 MHz, Not Active, Not Active, Not Active, Not Active, Not Active
2026/09/03 00:37:10.623, 28011 MiB, 47, 108.82 W, 2910 MHz, 13801 MHz, Not Active, Not Active, Not Active, Not Active, Not Active
2026/09/03 00:37:10.823, 28011 MiB, 47, 108.82 W, 2910 MHz, 13801 MHz, Not Active, Not Active, Not Active, Not Active, Not Active
2026/09/03 00:37:11.023, 28011 MiB, 47, 108.94 W, 2910 MHz, 13801 MHz, Not Active, Not Active, Not Active, Not Active, Not Active
2026/09/03 00:37:11.223, 28011 MiB, 47, 108.94 W, 2910 MHz, 13801 MHz, Not Active, Not Active, Not Active, Not Active, Not Active
2026/09/03 00:37:11.424, 28011 MiB, 47, 108.94 W, 2910 MHz, 13801 MHz, Not Active, Not Active, Not Active, Not Active, Not Active
2026/09/03 00:37:11.624, 28011 MiB, 47, 108.46 W, 2910 MHz, 13801 MHz, Not Active, Not Active, Not Active, Not Active, Not Active
2026/09/03 00:37:11.824, 28011 MiB, 47, 108.46 W, 2910 MHz, 13801 MHz, Not Active, Not Active, Not Active, Not Active, Not Active
2026/09/03 00:37:12.024, 28011 MiB, 47, 111.26 W, 2910 MHz, 13801 MHz, Not Active, Not Active, Not Active, Not Active, Not Active
2026/09/03 00:37:12.225, 28011 MiB, 47, 111.26 W, 2910 MHz, 13801 MHz, Not Active, Not Active, Not Active, Not Active, Not Active
2026/09/03 00:37:12.425, 28011 MiB, 47, 111.26 W, 2910 MHz, 13801 MHz, Not Active, Not Active, Not Active, Not Active, Not Active
2026/09/03 00:37:12.625, 28011 MiB, 47, 111.79 W, 2910 MHz, 13801 MHz, Not Active, Not Active, Not Active, Not Active, Not Active
2026/09/03 00:37:12.825, 28011 MiB, 47, 111.79 W, 2910 MHz, 13801 MHz, Not Active, Not Active, Not Active, Not Active, Not Active
2026/09/03 00:37:13.026, 28011 MiB, 47, 108.85 W, 2910 MHz, 13801 MHz, Not Active, Not Active, Not Active, Not Active, Not Active
2026/09/03 00:37:13.226, 28011 MiB, 47, 108.85 W, 2910 MHz, 13801 MHz, Not Active, Not Active, Not Active, Not Active, Not Active
2026/09/03 00:37:13.426, 28011 MiB, 47, 108.85 W, 2910 MHz, 13801 MHz, Not Active, Not Active, Not Active, Not Active, Not Active
2026/09/03 00:37:13.626, 28011 MiB, 47, 108.87 W, 2910 MHz, 13801 MHz, Not Active, Not Active, Not Active, Not Active, Not Active
2026/09/03 00:37:13.827, 28011 MiB, 47, 108.87 W, 2910 MHz, 13801 MHz, Not Active, Not Active, Not Active, Not Active, Not Active
2026/09/03 00:37:14.027, 28011 MiB, 47, 111.50 W, 2880 MHz, 13801 MHz, Not Active, Not Active, Not Active, Not Active, Not Active
2026/09/03 00:37:14.227, 28011 MiB, 47, 111.50 W, 2880 MHz, 13801 MHz, Not Active, Not Active, Not Active, Not Active, Not Active
2026/09/03 00:37:14.427, 28011 MiB, 47, 111.50 W, 2880 MHz, 13801 MHz, Not Active, Not Active, Not Active, Not Active, Not Active
2026/09/03 00:37:14.628, 28011 MiB, 47, 111.87 W, 2910 MHz, 13801 MHz, Not Active, Not Active, Not Active, Not Active, Not Active
2026/09/03 00:37:14.828, 28011 MiB, 47, 111.87 W, 2910 MHz, 13801 MHz, Not Active, Not Active, Not Active, Not Active, Not Active
2026/09/03 00:37:15.028, 28011 MiB, 47, 109.74 W, 2910 MHz, 13801 MHz, Not Active, Not Active, Not Active, Not Active, Not Active
2026/09/03 00:37:15.228, 28011 MiB, 47, 109.74 W, 2910 MHz, 13801 MHz, Not Active, Not Active, Not Active, Not Active, Not Active
2026/09/03 00:37:15.429, 28011 MiB, 47, 109.74 W, 2910 MHz, 13801 MHz, Not Active, Not Active, Not Active, Not Active, Not Active
2026/09/03 00:37:15.629, 28011 MiB, 47, 108.68 W, 2910 MHz, 13801 MHz, Not Active, Not Active, Not Active, Not Active, Not Active
2026/09/03 00:37:15.829, 28011 MiB, 47, 108.68 W, 2910 MHz, 13801 MHz, Not Active, Not Active, Not Active, Not Active, Not Active
2026/09/03 00:37:16.029, 28011 MiB, 47, 108.33 W, 2910 MHz, 13801 MHz, Not Active, Not Active, Not Active, Not Active, Not Active
2026/09/03 00:37:16.230, 28011 MiB, 47, 108.33 W, 2910 MHz, 13801 MHz, Not Active, Not Active, Not Active, Not Active, Not Active
2026/09/03 00:37:16.430, 28011 MiB, 47, 108.33 W, 2910 MHz, 13801 MHz, Not Active, Not Active, Not Active, Not Active, Not Active
2026/09/03 00:37:16.630, 28011 MiB, 47, 111.43 W, 2910 MHz, 13801 MHz, Not Active, Not Active, Not Active, Not Active, Not Active
2026/09/03 00:37:16.830, 28011 MiB, 47, 111.43 W, 2910 MHz, 13801 MHz, Not Active, Not Active, Not Active, Not Active, Not Active
2026/09/03 00:37:17.031, 28011 MiB, 47, 110.93 W, 2910 MHz, 13801 MHz, Not Active, Not Active, Not Active, Not Active, Not Active
2026/09/03 00:37:17.231, 28011 MiB, 47, 110.93 W, 2910 MHz, 13801 MHz, Not Active, Not Active, Not Active, Not Active, Not Active
2026/09/03 00:37:17.431, 28011 MiB, 47, 110.93 W, 2910 MHz, 13801 MHz, Not Active, Not Active, Not Active, Not Active, Not Active
2026/09/03 00:37:17.631, 28011 MiB, 47, 108.22 W, 2910 MHz, 13801 MHz, Not Active, Not Active, Not Active, Not Active, Not Active
2026/09/03 00:37:17.832, 28011 MiB, 47, 108.22 W, 2910 MHz, 13801 MHz, Not Active, Not Active, Not Active, Not Active, Not Active
2026/09/03 00:37:18.032, 28011 MiB, 47, 108.25 W, 2910 MHz, 13801 MHz, Not Active, Not Active, Not Active, Not Active, Not Active
2026/09/03 00:37:18.232, 28011 MiB, 47, 108.25 W, 2910 MHz, 13801 MHz, Not Active, Not Active, Not Active, Not Active, Not Active
2026/09/03 00:37:18.432, 28011 MiB, 47, 108.25 W, 2910 MHz, 13801 MHz, Not Active, Not Active, Not Active, Not Active, Not Active
2026/09/03 00:37:18.632, 28011 MiB, 47, 110.68 W, 2880 MHz, 13801 MHz, Not Active, Not Active, Not Active, Not Active, Not Active
2026/09/03 00:37:18.833, 28011 MiB, 47, 110.68 W, 2880 MHz, 13801 MHz, Not Active, Not Active, Not Active, Not Active, Not Active
2026/09/03 00:37:19.033, 28011 MiB, 47, 110.80 W, 2910 MHz, 13801 MHz, Not Active, Not Active, Not Active, Not Active, Not Active
2026/09/03 00:37:19.233, 28011 MiB, 47, 110.80 W, 2910 MHz, 13801 MHz, Not Active, Not Active, Not Active, Not Active, Not Active
2026/09/03 00:37:19.433, 28011 MiB, 47, 110.80 W, 2910 MHz, 13801 MHz, Not Active, Not Active, Not Active, Not Active, Not Active
2026/09/03 00:37:19.634, 28011 MiB, 47, 109.10 W, 2910 MHz, 13801 MHz, Not Active, Not Active, Not Active, Not Active, Not Active
2026/09/03 00:37:19.834, 28011 MiB, 47, 109.10 W, 2910 MHz, 13801 MHz, Not Active, Not Active, Not Active, Not Active, Not Active
2026/09/03 00:37:20.034, 28011 MiB, 47, 108.39 W, 2910 MHz, 13801 MHz, Not Active, Not Active, Not Active, Not Active, Not Active
2026/09/03 00:37:20.234, 28011 MiB, 47, 108.39 W, 2910 MHz, 13801 MHz, Not Active, Not Active, Not Active, Not Active, Not Active
2026/09/03 00:37:20.435, 28011 MiB, 47, 108.39 W, 2910 MHz, 13801 MHz, Not Active, Not Active, Not Active, Not Active, Not Active
2026/09/03 00:37:20.635, 28011 MiB, 46, 108.37 W, 2910 MHz, 13801 MHz, Not Active, Not Active, Not Active, Not Active, Not Active
2026/09/03 00:37:20.835, 28011 MiB, 46, 108.37 W, 2910 MHz, 13801 MHz, Not Active, Not Active, Not Active, Not Active, Not Active
2026/09/03 00:37:21.036, 28011 MiB, 47, 110.90 W, 2910 MHz, 13801 MHz, Not Active, Not Active, Not Active, Not Active, Not Active
2026/09/03 00:37:21.236, 28011 MiB, 47, 110.90 W, 2910 MHz, 13801 MHz, Not Active, Not Active, Not Active, Not Active, Not Active
2026/09/03 00:37:21.436, 28011 MiB, 47, 110.90 W, 2910 MHz, 13801 MHz, Not Active, Not Active, Not Active, Not Active, Not Active
2026/09/03 00:37:21.636, 28011 MiB, 47, 111.25 W, 2910 MHz, 13801 MHz, Not Active, Not Active, Not Active, Not Active, Not Active
2026/09/03 00:37:21.836, 28011 MiB, 47, 111.25 W, 2910 MHz, 13801 MHz, Not Active, Not Active, Not Active, Not Active, Not Active
2026/09/03 00:37:22.037, 28011 MiB, 47, 108.43 W, 2910 MHz, 13801 MHz, Not Active, Not Active, Not Active, Not Active, Not Active
2026/09/03 00:37:22.237, 28011 MiB, 47, 108.43 W, 2910 MHz, 13801 MHz, Not Active, Not Active, Not Active, Not Active, Not Active
2026/09/03 00:37:22.437, 28011 MiB, 47, 108.43 W, 2910 MHz, 13801 MHz, Not Active, Not Active, Not Active, Not Active, Not Active
2026/09/03 00:37:22.637, 28011 MiB, 47, 108.26 W, 2910 MHz, 13801 MHz, Not Active, Not Active, Not Active, Not Active, Not Active
2026/09/03 00:37:22.838, 28011 MiB, 47, 108.26 W, 2910 MHz, 13801 MHz, Not Active, Not Active, Not Active, Not Active, Not Active
2026/09/03 00:37:23.038, 28011 MiB, 47, 111.16 W, 2880 MHz, 13801 MHz, Not Active, Not Active, Not Active, Not Active, Not Active
2026/09/03 00:37:23.238, 28011 MiB, 47, 111.16 W, 2880 MHz, 13801 MHz, Not Active, Not Active, Not Active, Not Active, Not Active
2026/09/03 00:37:23.438, 28011 MiB, 47, 111.16 W, 2880 MHz, 13801 MHz, Not Active, Not Active, Not Active, Not Active, Not Active
2026/09/03 00:37:23.639, 28011 MiB, 46, 111.18 W, 2910 MHz, 13801 MHz, Not Active, Not Active, Not Active, Not Active, Not Active
2026/09/03 00:37:23.839, 28011 MiB, 46, 111.18 W, 2910 MHz, 13801 MHz, Not Active, Not Active, Not Active, Not Active, Not Active
2026/09/03 00:37:24.039, 28011 MiB, 46, 108.41 W, 2910 MHz, 13801 MHz, Not Active, Not Active, Not Active, Not Active, Not Active
2026/09/03 00:37:24.239, 28011 MiB, 46, 108.41 W, 2910 MHz, 13801 MHz, Not Active, Not Active, Not Active, Not Active, Not Active
2026/09/03 00:37:24.440, 28011 MiB, 46, 108.41 W, 2910 MHz, 13801 MHz, Not Active, Not Active, Not Active, Not Active, Not Active
2026/09/03 00:37:24.640, 28011 MiB, 46, 108.32 W, 2910 MHz, 13801 MHz, Not Active, Not Active, Not Active, Not Active, Not Active
2026/09/03 00:37:24.840, 28011 MiB, 46, 108.32 W, 2910 MHz, 13801 MHz, Not Active, Not Active, Not Active, Not Active, Not Active
2026/09/03 00:37:25.040, 28011 MiB, 46, 108.78 W, 2910 MHz, 13801 MHz, Not Active, Not Active, Not Active, Not Active, Not Active
2026/09/03 00:37:25.240, 28011 MiB, 46, 108.78 W, 2910 MHz, 13801 MHz, Not Active, Not Active, Not Active, Not Active, Not Active
2026/09/03 00:37:25.441, 28011 MiB, 46, 108.78 W, 2910 MHz, 13801 MHz, Not Active, Not Active, Not Active, Not Active, Not Active
2026/09/03 00:37:25.641, 28011 MiB, 46, 110.88 W, 2910 MHz, 13801 MHz, Not Active, Not Active, Not Active, Not Active, Not Active
2026/09/03 00:37:25.841, 28011 MiB, 46, 110.88 W, 2910 MHz, 13801 MHz, Not Active, Not Active, Not Active, Not Active, Not Active
2026/09/03 00:37:26.041, 28011 MiB, 46, 110.57 W, 2910 MHz, 13801 MHz, Not Active, Not Active, Not Active, Not Active, Not Active
2026/09/03 00:37:26.242, 28011 MiB, 46, 110.57 W, 2910 MHz, 13801 MHz, Not Active, Not Active, Not Active, Not Active, Not Active
2026/09/03 00:37:26.442, 28011 MiB, 46, 110.57 W, 2910 MHz, 13801 MHz, Not Active, Not Active, Not Active, Not Active, Not Active
2026/09/03 00:37:26.642, 28011 MiB, 46, 108.11 W, 2910 MHz, 13801 MHz, Not Active, Not Active, Not Active, Not Active, Not Active
2026/09/03 00:37:26.842, 28011 MiB, 46, 108.11 W, 2910 MHz, 13801 MHz, Not Active, Not Active, Not Active, Not Active, Not Active
2026/09/03 00:37:27.043, 28011 MiB, 46, 107.94 W, 2910 MHz, 13801 MHz, Not Active, Not Active, Not Active, Not Active, Not Active
2026/09/03 00:37:27.243, 28011 MiB, 46, 107.94 W, 2910 MHz, 13801 MHz, Not Active, Not Active, Not Active, Not Active, Not Active
2026/09/03 00:37:27.443, 28011 MiB, 46, 107.94 W, 2910 MHz, 13801 MHz, Not Active, Not Active, Not Active, Not Active, Not Active
2026/09/03 00:37:27.643, 28011 MiB, 46, 110.85 W, 2880 MHz, 13801 MHz, Not Active, Not Active, Not Active, Not Active, Not Active
2026/09/03 00:37:27.844, 28011 MiB, 46, 110.85 W, 2880 MHz, 13801 MHz, Not Active, Not Active, Not Active, Not Active, Not Active
2026/09/03 00:37:28.044, 28011 MiB, 46, 111.39 W, 2910 MHz, 13801 MHz, Not Active, Not Active, Not Active, Not Active, Not Active
2026/09/03 00:37:28.244, 28011 MiB, 46, 111.39 W, 2910 MHz, 13801 MHz, Not Active, Not Active, Not Active, Not Active, Not Active
2026/09/03 00:37:28.444, 28011 MiB, 46, 111.39 W, 2910 MHz, 13801 MHz, Not Active, Not Active, Not Active, Not Active, Not Active
2026/09/03 00:37:28.645, 28011 MiB, 46, 108.24 W, 2910 MHz, 13801 MHz, Not Active, Not Active, Not Active, Not Active, Not Active
2026/09/03 00:37:28.845, 28011 MiB, 46, 108.24 W, 2910 MHz, 13801 MHz, Not Active, Not Active, Not Active, Not Active, Not Active
2026/09/03 00:37:29.045, 28011 MiB, 46, 108.11 W, 2910 MHz, 13801 MHz, Not Active, Not Active, Not Active, Not Active, Not Active
2026/09/03 00:37:29.245, 28011 MiB, 46, 108.11 W, 2910 MHz, 13801 MHz, Not Active, Not Active, Not Active, Not Active, Not Active
2026/09/03 00:37:29.445, 28011 MiB, 46, 108.11 W, 2910 MHz, 13801 MHz, Not Active, Not Active, Not Active, Not Active, Not Active
2026/09/03 00:37:29.646, 28011 MiB, 46, 108.61 W, 2910 MHz, 13801 MHz, Not Active, Not Active, Not Active, Not Active, Not Active
2026/09/03 00:37:29.846, 28011 MiB, 46, 108.61 W, 2910 MHz, 13801 MHz, Not Active, Not Active, Not Active, Not Active, Not Active
2026/09/03 00:37:30.046, 28011 MiB, 46, 110.40 W, 2910 MHz, 13801 MHz, Not Active, Not Active, Not Active, Not Active, Not Active
2026/09/03 00:37:30.246, 28011 MiB, 46, 110.40 W, 2910 MHz, 13801 MHz, Not Active, Not Active, Not Active, Not Active, Not Active
2026/09/03 00:37:30.447, 28011 MiB, 46, 110.40 W, 2910 MHz, 13801 MHz, Not Active, Not Active, Not Active, Not Active, Not Active
2026/09/03 00:37:30.647, 28011 MiB, 46, 109.87 W, 2910 MHz, 13801 MHz, Not Active, Not Active, Not Active, Not Active, Not Active
2026/09/03 00:37:30.847, 28011 MiB, 46, 109.87 W, 2910 MHz, 13801 MHz, Not Active, Not Active, Not Active, Not Active, Not Active
2026/09/03 00:37:31.047, 28011 MiB, 46, 107.69 W, 2910 MHz, 13801 MHz, Not Active, Not Active, Not Active, Not Active, Not Active
2026/09/03 00:37:31.248, 28011 MiB, 46, 107.69 W, 2910 MHz, 13801 MHz, Not Active, Not Active, Not Active, Not Active, Not Active
2026/09/03 00:37:31.448, 28011 MiB, 46, 107.69 W, 2910 MHz, 13801 MHz, Not Active, Not Active, Not Active, Not Active, Not Active
2026/09/03 00:37:31.648, 28011 MiB, 46, 107.78 W, 2910 MHz, 13801 MHz, Not Active, Not Active, Not Active, Not Active, Not Active
2026/09/03 00:37:31.849, 28011 MiB, 46, 107.78 W, 2910 MHz, 13801 MHz, Not Active, Not Active, Not Active, Not Active, Not Active
2026/09/03 00:37:32.049, 28011 MiB, 46, 110.64 W, 2880 MHz, 13801 MHz, Not Active, Not Active, Not Active, Not Active, Not Active
2026/09/03 00:37:32.249, 28011 MiB, 46, 110.64 W, 2880 MHz, 13801 MHz, Not Active, Not Active, Not Active, Not Active, Not Active
2026/09/03 00:37:32.450, 28011 MiB, 46, 110.64 W, 2880 MHz, 13801 MHz, Not Active, Not Active, Not Active, Not Active, Not Active
2026/09/03 00:37:32.650, 28011 MiB, 46, 110.43 W, 2910 MHz, 13801 MHz, Not Active, Not Active, Not Active, Not Active, Not Active
2026/09/03 00:37:32.850, 28011 MiB, 46, 110.43 W, 2910 MHz, 13801 MHz, Not Active, Not Active, Not Active, Not Active, Not Active
2026/09/03 00:37:33.050, 28011 MiB, 46, 107.51 W, 2910 MHz, 13801 MHz, Not Active, Not Active, Not Active, Not Active, Not Active
2026/09/03 00:37:33.250, 28011 MiB, 46, 107.51 W, 2910 MHz, 13801 MHz, Not Active, Not Active, Not Active, Not Active, Not Active
2026/09/03 00:37:33.451, 28011 MiB, 46, 107.51 W, 2910 MHz, 13801 MHz, Not Active, Not Active, Not Active, Not Active, Not Active
2026/09/03 00:37:33.651, 28011 MiB, 46, 107.66 W, 2910 MHz, 13801 MHz, Not Active, Not Active, Not Active, Not Active, Not Active
2026/09/03 00:37:33.851, 28011 MiB, 46, 107.66 W, 2910 MHz, 13801 MHz, Not Active, Not Active, Not Active, Not Active, Not Active
2026/09/03 00:37:34.051, 28011 MiB, 46, 109.27 W, 2910 MHz, 13801 MHz, Not Active, Not Active, Not Active, Not Active, Not Active
2026/09/03 00:37:34.252, 28011 MiB, 46, 109.27 W, 2910 MHz, 13801 MHz, Not Active, Not Active, Not Active, Not Active, Not Active
2026/09/03 00:37:34.452, 28011 MiB, 46, 109.27 W, 2910 MHz, 13801 MHz, Not Active, Not Active, Not Active, Not Active, Not Active
2026/09/03 00:37:34.652, 28011 MiB, 46, 110.76 W, 2910 MHz, 13801 MHz, Not Active, Not Active, Not Active, Not Active, Not Active
2026/09/03 00:37:34.852, 28011 MiB, 46, 110.76 W, 2910 MHz, 13801 MHz, Not Active, Not Active, Not Active, Not Active, Not Active
2026/09/03 00:37:35.053, 28011 MiB, 46, 110.60 W, 2910 MHz, 13801 MHz, Not Active, Not Active, Not Active, Not Active, Not Active
2026/09/03 00:37:35.253, 28011 MiB, 46, 110.60 W, 2910 MHz, 13801 MHz, Not Active, Not Active, Not Active, Not Active, Not Active
2026/09/03 00:37:35.453, 28011 MiB, 46, 110.60 W, 2910 MHz, 13801 MHz, Not Active, Not Active, Not Active, Not Active, Not Active
2026/09/03 00:37:35.653, 28011 MiB, 46, 107.81 W, 2910 MHz, 13801 MHz, Not Active, Not Active, Not Active, Not Active, Not Active
2026/09/03 00:37:35.854, 28011 MiB, 46, 107.81 W, 2910 MHz, 13801 MHz, Not Active, Not Active, Not Active, Not Active, Not Active
2026/09/03 00:37:36.054, 28011 MiB, 46, 107.49 W, 2910 MHz, 13801 MHz, Not Active, Not Active, Not Active, Not Active, Not Active
2026/09/03 00:37:36.254, 28011 MiB, 46, 107.49 W, 2910 MHz, 13801 MHz, Not Active, Not Active, Not Active, Not Active, Not Active
2026/09/03 00:37:36.454, 28011 MiB, 46, 107.49 W, 2910 MHz, 13801 MHz, Not Active, Not Active, Not Active, Not Active, Not Active
2026/09/03 00:37:36.654, 28011 MiB, 46, 110.12 W, 2880 MHz, 13801 MHz, Not Active, Not Active, Not Active, Not Active, Not Active
2026/09/03 00:37:36.855, 28011 MiB, 46, 110.12 W, 2880 MHz, 13801 MHz, Not Active, Not Active, Not Active, Not Active, Not Active
2026/09/03 00:37:37.055, 28011 MiB, 46, 110.29 W, 2910 MHz, 13801 MHz, Not Active, Not Active, Not Active, Not Active, Not Active
2026/09/03 00:37:37.255, 28011 MiB, 46, 110.29 W, 2910 MHz, 13801 MHz, Not Active, Not Active, Not Active, Not Active, Not Active
2026/09/03 00:37:37.455, 28011 MiB, 46, 110.29 W, 2910 MHz, 13801 MHz, Not Active, Not Active, Not Active, Not Active, Not Active
2026/09/03 00:37:37.656, 28011 MiB, 46, 107.99 W, 2910 MHz, 13801 MHz, Not Active, Not Active, Not Active, Not Active, Not Active
2026/09/03 00:37:37.856, 28011 MiB, 46, 107.99 W, 2910 MHz, 13801 MHz, Not Active, Not Active, Not Active, Not Active, Not Active
2026/09/03 00:37:38.056, 28011 MiB, 46, 107.89 W, 2910 MHz, 13801 MHz, Not Active, Not Active, Not Active, Not Active, Not Active
2026/09/03 00:37:38.256, 28011 MiB, 46, 107.89 W, 2910 MHz, 13801 MHz, Not Active, Not Active, Not Active, Not Active, Not Active
2026/09/03 00:37:38.457, 28011 MiB, 46, 107.89 W, 2910 MHz, 13801 MHz, Not Active, Not Active, Not Active, Not Active, Not Active
2026/09/03 00:37:38.657, 28011 MiB, 46, 109.65 W, 2910 MHz, 13801 MHz, Not Active, Not Active, Not Active, Not Active, Not Active
2026/09/03 00:37:38.857, 28011 MiB, 46, 109.65 W, 2910 MHz, 13801 MHz, Not Active, Not Active, Not Active, Not Active, Not Active
2026/09/03 00:37:39.057, 28011 MiB, 46, 110.68 W, 2910 MHz, 13801 MHz, Not Active, Not Active, Not Active, Not Active, Not Active
2026/09/03 00:37:39.258, 28011 MiB, 46, 110.68 W, 2910 MHz, 13801 MHz, Not Active, Not Active, Not Active, Not Active, Not Active
2026/09/03 00:37:39.458, 28011 MiB, 46, 110.68 W, 2910 MHz, 13801 MHz, Not Active, Not Active, Not Active, Not Active, Not Active
2026/09/03 00:37:39.658, 28011 MiB, 46, 110.04 W, 2910 MHz, 13801 MHz, Not Active, Not Active, Not Active, Not Active, Not Active
2026/09/03 00:37:39.858, 28011 MiB, 46, 110.04 W, 2910 MHz, 13801 MHz, Not Active, Not Active, Not Active, Not Active, Not Active
2026/09/03 00:37:40.059, 28011 MiB, 46, 107.54 W, 2910 MHz, 13801 MHz, Not Active, Not Active, Not Active, Not Active, Not Active
2026/09/03 00:37:40.259, 28011 MiB, 46, 107.54 W, 2910 MHz, 13801 MHz, Not Active, Not Active, Not Active, Not Active, Not Active
2026/09/03 00:37:40.459, 28011 MiB, 46, 107.54 W, 2910 MHz, 13801 MHz, Not Active, Not Active, Not Active, Not Active, Not Active
2026/09/03 00:37:40.660, 28011 MiB, 46, 107.66 W, 2910 MHz, 13801 MHz, Not Active, Not Active, Not Active, Not Active, Not Active
2026/09/03 00:37:40.860, 28011 MiB, 46, 107.66 W, 2910 MHz, 13801 MHz, Not Active, Not Active, Not Active, Not Active, Not Active
2026/09/03 00:37:41.060, 28011 MiB, 46, 110.61 W, 2880 MHz, 13801 MHz, Not Active, Not Active, Not Active, Not Active, Not Active
2026/09/03 00:37:41.261, 28011 MiB, 46, 110.61 W, 2880 MHz, 13801 MHz, Not Active, Not Active, Not Active, Not Active, Not Active
2026/09/03 00:37:41.461, 28011 MiB, 46, 110.61 W, 2880 MHz, 13801 MHz, Not Active, Not Active, Not Active, Not Active, Not Active
2026/09/03 00:37:41.661, 28011 MiB, 46, 110.48 W, 2910 MHz, 13801 MHz, Not Active, Not Active, Not Active, Not Active, Not Active
2026/09/03 00:37:41.861, 28011 MiB, 46, 110.48 W, 2910 MHz, 13801 MHz, Not Active, Not Active, Not Active, Not Active, Not Active
2026/09/03 00:37:42.062, 28011 MiB, 45, 107.39 W, 2910 MHz, 13801 MHz, Not Active, Not Active, Not Active, Not Active, Not Active
2026/09/03 00:37:42.262, 28011 MiB, 45, 107.39 W, 2910 MHz, 13801 MHz, Not Active, Not Active, Not Active, Not Active, Not Active
2026/09/03 00:37:42.462, 28011 MiB, 45, 107.39 W, 2910 MHz, 13801 MHz, Not Active, Not Active, Not Active, Not Active, Not Active
2026/09/03 00:37:42.662, 28011 MiB, 45, 107.38 W, 2910 MHz, 13801 MHz, Not Active, Not Active, Not Active, Not Active, Not Active
2026/09/03 00:37:42.863, 28011 MiB, 45, 107.38 W, 2910 MHz, 13801 MHz, Not Active, Not Active, Not Active, Not Active, Not Active
2026/09/03 00:37:43.063, 28011 MiB, 46, 109.04 W, 2902 MHz, 13801 MHz, Not Active, Not Active, Not Active, Not Active, Not Active
2026/09/03 00:37:43.263, 28011 MiB, 46, 109.04 W, 2902 MHz, 13801 MHz, Not Active, Not Active, Not Active, Not Active, Not Active
2026/09/03 00:37:43.464, 28011 MiB, 46, 109.04 W, 2902 MHz, 13801 MHz, Not Active, Not Active, Not Active, Not Active, Not Active
2026/09/03 00:37:43.664, 28011 MiB, 45, 109.89 W, 2910 MHz, 13801 MHz, Not Active, Not Active, Not Active, Not Active, Not Active
2026/09/03 00:37:43.864, 28011 MiB, 45, 109.89 W, 2910 MHz, 13801 MHz, Not Active, Not Active, Not Active, Not Active, Not Active
2026/09/03 00:37:44.064, 28011 MiB, 45, 108.45 W, 2910 MHz, 13801 MHz, Not Active, Not Active, Not Active, Not Active, Not Active
2026/09/03 00:37:44.265, 28011 MiB, 45, 108.45 W, 2910 MHz, 13801 MHz, Not Active, Not Active, Not Active, Not Active, Not Active
2026/09/03 00:37:44.465, 28011 MiB, 45, 108.45 W, 2910 MHz, 13801 MHz, Not Active, Not Active, Not Active, Not Active, Not Active
2026/09/03 00:37:44.665, 28011 MiB, 45, 107.61 W, 2910 MHz, 13801 MHz, Not Active, Not Active, Not Active, Not Active, Not Active
2026/09/03 00:37:44.865, 28011 MiB, 45, 107.61 W, 2910 MHz, 13801 MHz, Not Active, Not Active, Not Active, Not Active, Not Active
2026/09/03 00:37:45.066, 28011 MiB, 45, 107.69 W, 2910 MHz, 13801 MHz, Not Active, Not Active, Not Active, Not Active, Not Active
2026/09/03 00:37:45.266, 28011 MiB, 45, 107.69 W, 2910 MHz, 13801 MHz, Not Active, Not Active, Not Active, Not Active, Not Active
2026/09/03 00:37:45.466, 28011 MiB, 45, 107.69 W, 2910 MHz, 13801 MHz, Not Active, Not Active, Not Active, Not Active, Not Active
2026/09/03 00:37:45.666, 28011 MiB, 45, 110.68 W, 2902 MHz, 13801 MHz, Not Active, Not Active, Not Active, Not Active, Not Active
2026/09/03 00:37:45.867, 28011 MiB, 45, 110.68 W, 2902 MHz, 13801 MHz, Not Active, Not Active, Not Active, Not Active, Not Active
2026/09/03 00:37:46.067, 28011 MiB, 45, 111.10 W, 2910 MHz, 13801 MHz, Not Active, Not Active, Not Active, Not Active, Not Active
2026/09/03 00:37:46.267, 28011 MiB, 45, 111.10 W, 2910 MHz, 13801 MHz, Not Active, Not Active, Not Active, Not Active, Not Active
2026/09/03 00:37:46.467, 28011 MiB, 45, 111.10 W, 2910 MHz, 13801 MHz, Not Active, Not Active, Not Active, Not Active, Not Active
2026/09/03 00:37:46.668, 28011 MiB, 45, 107.65 W, 2910 MHz, 13801 MHz, Not Active, Not Active, Not Active, Not Active, Not Active
2026/09/03 00:37:46.868, 28011 MiB, 45, 107.65 W, 2910 MHz, 13801 MHz, Not Active, Not Active, Not Active, Not Active, Not Active
2026/09/03 00:37:47.068, 28011 MiB, 45, 107.58 W, 2910 MHz, 13801 MHz, Not Active, Not Active, Not Active, Not Active, Not Active
2026/09/03 00:37:47.269, 28011 MiB, 45, 107.58 W, 2910 MHz, 13801 MHz, Not Active, Not Active, Not Active, Not Active, Not Active
2026/09/03 00:37:47.469, 28011 MiB, 45, 107.58 W, 2910 MHz, 13801 MHz, Not Active, Not Active, Not Active, Not Active, Not Active
2026/09/03 00:37:47.669, 28011 MiB, 45, 109.44 W, 2880 MHz, 13801 MHz, Not Active, Not Active, Not Active, Not Active, Not Active
2026/09/03 00:37:47.869, 28011 MiB, 45, 109.44 W, 2880 MHz, 13801 MHz, Not Active, Not Active, Not Active, Not Active, Not Active
2026/09/03 00:37:48.069, 28011 MiB, 45, 110.21 W, 2910 MHz, 13801 MHz, Not Active, Not Active, Not Active, Not Active, Not Active
2026/09/03 00:37:48.270, 28011 MiB, 45, 110.21 W, 2910 MHz, 13801 MHz, Not Active, Not Active, Not Active, Not Active, Not Active
2026/09/03 00:37:48.470, 28011 MiB, 45, 110.21 W, 2910 MHz, 13801 MHz, Not Active, Not Active, Not Active, Not Active, Not Active
2026/09/03 00:37:48.670, 28011 MiB, 45, 109.69 W, 2910 MHz, 13801 MHz, Not Active, Not Active, Not Active, Not Active, Not Active
2026/09/03 00:37:48.870, 28011 MiB, 45, 109.69 W, 2910 MHz, 13801 MHz, Not Active, Not Active, Not Active, Not Active, Not Active
2026/09/03 00:37:49.071, 28011 MiB, 45, 107.46 W, 2910 MHz, 13801 MHz, Not Active, Not Active, Not Active, Not Active, Not Active
2026/09/03 00:37:49.271, 28011 MiB, 45, 107.46 W, 2910 MHz, 13801 MHz, Not Active, Not Active, Not Active, Not Active, Not Active
2026/09/03 00:37:49.471, 28011 MiB, 45, 107.46 W, 2910 MHz, 13801 MHz, Not Active, Not Active, Not Active, Not Active, Not Active
2026/09/03 00:37:49.672, 28011 MiB, 45, 107.36 W, 2910 MHz, 13801 MHz, Not Active, Not Active, Not Active, Not Active, Not Active
2026/09/03 00:37:49.872, 28011 MiB, 45, 107.36 W, 2910 MHz, 13801 MHz, Not Active, Not Active, Not Active, Not Active, Not Active
2026/09/03 00:37:50.072, 28011 MiB, 45, 110.26 W, 2910 MHz, 13801 MHz, Not Active, Not Active, Not Active, Not Active, Not Active
2026/09/03 00:37:50.272, 28011 MiB, 45, 110.26 W, 2910 MHz, 13801 MHz, Not Active, Not Active, Not Active, Not Active, Not Active
2026/09/03 00:37:50.473, 28011 MiB, 45, 110.26 W, 2910 MHz, 13801 MHz, Not Active, Not Active, Not Active, Not Active, Not Active
2026/09/03 00:37:50.673, 28011 MiB, 45, 110.20 W, 2910 MHz, 13801 MHz, Not Active, Not Active, Not Active, Not Active, Not Active
2026/09/03 00:37:50.873, 28011 MiB, 45, 110.20 W, 2910 MHz, 13801 MHz, Not Active, Not Active, Not Active, Not Active, Not Active
2026/09/03 00:37:51.073, 28011 MiB, 45, 107.08 W, 2910 MHz, 13801 MHz, Not Active, Not Active, Not Active, Not Active, Not Active
2026/09/03 00:37:51.274, 28011 MiB, 45, 107.08 W, 2910 MHz, 13801 MHz, Not Active, Not Active, Not Active, Not Active, Not Active
2026/09/03 00:37:51.474, 28011 MiB, 45, 107.08 W, 2910 MHz, 13801 MHz, Not Active, Not Active, Not Active, Not Active, Not Active
2026/09/03 00:37:51.674, 28011 MiB, 45, 106.89 W, 2910 MHz, 13801 MHz, Not Active, Not Active, Not Active, Not Active, Not Active
2026/09/03 00:37:51.875, 28011 MiB, 45, 106.89 W, 2910 MHz, 13801 MHz, Not Active, Not Active, Not Active, Not Active, Not Active
2026/09/03 00:37:52.075, 28011 MiB, 45, 109.27 W, 2880 MHz, 13801 MHz, Not Active, Not Active, Not Active, Not Active, Not Active
2026/09/03 00:37:52.275, 28011 MiB, 45, 109.27 W, 2880 MHz, 13801 MHz, Not Active, Not Active, Not Active, Not Active, Not Active
2026/09/03 00:37:52.475, 28011 MiB, 45, 109.44 W, 2910 MHz, 13801 MHz, Not Active, Not Active, Not Active, Not Active, Not Active
2026/09/03 00:37:52.676, 28011 MiB, 45, 109.44 W, 2910 MHz, 13801 MHz, Not Active, Not Active, Not Active, Not Active, Not Active
2026/09/03 00:37:52.876, 28011 MiB, 45, 109.44 W, 2910 MHz, 13801 MHz, Not Active, Not Active, Not Active, Not Active, Not Active
2026/09/03 00:37:53.076, 28011 MiB, 45, 108.69 W, 2910 MHz, 13801 MHz, Not Active, Not Active, Not Active, Not Active, Not Active
2026/09/03 00:37:53.277, 28011 MiB, 45, 108.69 W, 2910 MHz, 13801 MHz, Not Active, Not Active, Not Active, Not Active, Not Active
2026/09/03 00:37:53.477, 28011 MiB, 45, 106.90 W, 2910 MHz, 13801 MHz, Not Active, Not Active, Not Active, Not Active, Not Active
2026/09/03 00:37:53.677, 28011 MiB, 45, 106.90 W, 2910 MHz, 13801 MHz, Not Active, Not Active, Not Active, Not Active, Not Active
2026/09/03 00:37:53.878, 28011 MiB, 45, 106.90 W, 2910 MHz, 13801 MHz, Not Active, Not Active, Not Active, Not Active, Not Active
2026/09/03 00:37:54.078, 28011 MiB, 45, 106.93 W, 2910 MHz, 13801 MHz, Not Active, Not Active, Not Active, Not Active, Not Active
2026/09/03 00:37:54.278, 28011 MiB, 45, 106.93 W, 2910 MHz, 13801 MHz, Not Active, Not Active, Not Active, Not Active, Not Active
2026/09/03 00:37:54.478, 28011 MiB, 45, 109.61 W, 2910 MHz, 13801 MHz, Not Active, Not Active, Not Active, Not Active, Not Active
2026/09/03 00:37:54.679, 28011 MiB, 45, 109.61 W, 2910 MHz, 13801 MHz, Not Active, Not Active, Not Active, Not Active, Not Active
2026/09/03 00:37:54.879, 28011 MiB, 45, 109.61 W, 2910 MHz, 13801 MHz, Not Active, Not Active, Not Active, Not Active, Not Active
2026/09/03 00:37:55.079, 28011 MiB, 45, 109.65 W, 2910 MHz, 13801 MHz, Not Active, Not Active, Not Active, Not Active, Not Active
2026/09/03 00:37:55.279, 28011 MiB, 45, 109.65 W, 2910 MHz, 13801 MHz, Not Active, Not Active, Not Active, Not Active, Not Active
2026/09/03 00:37:55.480, 28011 MiB, 45, 106.94 W, 2910 MHz, 13801 MHz, Not Active, Not Active, Not Active, Not Active, Not Active
2026/09/03 00:37:55.680, 28011 MiB, 45, 106.94 W, 2910 MHz, 13801 MHz, Not Active, Not Active, Not Active, Not Active, Not Active
2026/09/03 00:37:55.880, 28011 MiB, 45, 106.94 W, 2910 MHz, 13801 MHz, Not Active, Not Active, Not Active, Not Active, Not Active
2026/09/03 00:37:56.081, 28011 MiB, 45, 107.11 W, 2910 MHz, 13801 MHz, Not Active, Not Active, Not Active, Not Active, Not Active
2026/09/03 00:37:56.281, 28011 MiB, 45, 107.11 W, 2910 MHz, 13801 MHz, Not Active, Not Active, Not Active, Not Active, Not Active
2026/09/03 00:37:56.481, 28011 MiB, 45, 109.44 W, 2880 MHz, 13801 MHz, Not Active, Not Active, Not Active, Not Active, Not Active
2026/09/03 00:37:56.681, 28011 MiB, 45, 109.44 W, 2880 MHz, 13801 MHz, Not Active, Not Active, Not Active, Not Active, Not Active
2026/09/03 00:37:56.881, 28011 MiB, 45, 109.44 W, 2880 MHz, 13801 MHz, Not Active, Not Active, Not Active, Not Active, Not Active
2026/09/03 00:37:57.082, 28011 MiB, 45, 109.47 W, 2910 MHz, 13801 MHz, Not Active, Not Active, Not Active, Not Active, Not Active
2026/09/03 00:37:57.282, 28011 MiB, 45, 109.47 W, 2910 MHz, 13801 MHz, Not Active, Not Active, Not Active, Not Active, Not Active
2026/09/03 00:37:57.482, 28011 MiB, 45, 106.94 W, 2910 MHz, 13801 MHz, Not Active, Not Active, Not Active, Not Active, Not Active
2026/09/03 00:37:57.682, 28011 MiB, 45, 106.94 W, 2910 MHz, 13801 MHz, Not Active, Not Active, Not Active, Not Active, Not Active
2026/09/03 00:37:57.883, 28011 MiB, 45, 106.94 W, 2910 MHz, 13801 MHz, Not Active, Not Active, Not Active, Not Active, Not Active
2026/09/03 00:37:58.083, 28011 MiB, 45, 107.10 W, 2910 MHz, 13801 MHz, Not Active, Not Active, Not Active, Not Active, Not Active
2026/09/03 00:37:58.283, 28011 MiB, 45, 107.10 W, 2910 MHz, 13801 MHz, Not Active, Not Active, Not Active, Not Active, Not Active
2026/09/03 00:37:58.484, 28011 MiB, 45, 106.60 W, 2910 MHz, 13801 MHz, Not Active, Not Active, Not Active, Not Active, Not Active
2026/09/03 00:37:58.684, 28011 MiB, 45, 106.60 W, 2910 MHz, 13801 MHz, Not Active, Not Active, Not Active, Not Active, Not Active
2026/09/03 00:37:58.884, 28011 MiB, 45, 106.60 W, 2910 MHz, 13801 MHz, Not Active, Not Active, Not Active, Not Active, Not Active
2026/09/03 00:37:59.084, 28011 MiB, 45, 109.68 W, 2910 MHz, 13801 MHz, Not Active, Not Active, Not Active, Not Active, Not Active
2026/09/03 00:37:59.285, 28011 MiB, 45, 109.68 W, 2910 MHz, 13801 MHz, Not Active, Not Active, Not Active, Not Active, Not Active
2026/09/03 00:37:59.485, 28011 MiB, 45, 110.53 W, 2910 MHz, 13801 MHz, Not Active, Not Active, Not Active, Not Active, Not Active
2026/09/03 00:37:59.685, 28011 MiB, 45, 110.53 W, 2910 MHz, 13801 MHz, Not Active, Not Active, Not Active, Not Active, Not Active
2026/09/03 00:37:59.885, 28011 MiB, 45, 110.53 W, 2910 MHz, 13801 MHz, Not Active, Not Active, Not Active, Not Active, Not Active
2026/09/03 00:38:00.085, 28011 MiB, 45, 107.06 W, 2910 MHz, 13801 MHz, Not Active, Not Active, Not Active, Not Active, Not Active
2026/09/03 00:38:00.286, 28011 MiB, 45, 107.06 W, 2910 MHz, 13801 MHz, Not Active, Not Active, Not Active, Not Active, Not Active
2026/09/03 00:38:00.486, 28011 MiB, 45, 106.95 W, 2910 MHz, 13801 MHz, Not Active, Not Active, Not Active, Not Active, Not Active
2026/09/03 00:38:00.686, 28011 MiB, 45, 106.95 W, 2910 MHz, 13801 MHz, Not Active, Not Active, Not Active, Not Active, Not Active
2026/09/03 00:38:00.886, 28011 MiB, 45, 106.95 W, 2910 MHz, 13801 MHz, Not Active, Not Active, Not Active, Not Active, Not Active
2026/09/03 00:38:01.087, 28011 MiB, 45, 109.97 W, 2880 MHz, 13801 MHz, Not Active, Not Active, Not Active, Not Active, Not Active
2026/09/03 00:38:01.287, 28011 MiB, 45, 109.97 W, 2880 MHz, 13801 MHz, Not Active, Not Active, Not Active, Not Active, Not Active
2026/09/03 00:38:01.487, 28011 MiB, 45, 110.18 W, 2910 MHz, 13801 MHz, Not Active, Not Active, Not Active, Not Active, Not Active
2026/09/03 00:38:01.688, 28011 MiB, 45, 110.18 W, 2910 MHz, 13801 MHz, Not Active, Not Active, Not Active, Not Active, Not Active
2026/09/03 00:38:01.888, 28011 MiB, 45, 110.18 W, 2910 MHz, 13801 MHz, Not Active, Not Active, Not Active, Not Active, Not Active
2026/09/03 00:38:02.088, 28011 MiB, 45, 108.02 W, 2910 MHz, 13801 MHz, Not Active, Not Active, Not Active, Not Active, Not Active
2026/09/03 00:38:02.288, 28011 MiB, 45, 108.02 W, 2910 MHz, 13801 MHz, Not Active, Not Active, Not Active, Not Active, Not Active
2026/09/03 00:38:02.489, 28011 MiB, 45, 107.07 W, 2910 MHz, 13801 MHz, Not Active, Not Active, Not Active, Not Active, Not Active
2026/09/03 00:38:02.689, 28011 MiB, 45, 107.07 W, 2910 MHz, 13801 MHz, Not Active, Not Active, Not Active, Not Active, Not Active
2026/09/03 00:38:02.889, 28011 MiB, 45, 107.07 W, 2910 MHz, 13801 MHz, Not Active, Not Active, Not Active, Not Active, Not Active
2026/09/03 00:38:03.089, 28011 MiB, 45, 106.83 W, 2910 MHz, 13801 MHz, Not Active, Not Active, Not Active, Not Active, Not Active
2026/09/03 00:38:03.290, 28011 MiB, 45, 106.83 W, 2910 MHz, 13801 MHz, Not Active, Not Active, Not Active, Not Active, Not Active
2026/09/03 00:38:03.490, 28011 MiB, 45, 109.39 W, 2910 MHz, 13801 MHz, Not Active, Not Active, Not Active, Not Active, Not Active
2026/09/03 00:38:03.690, 28011 MiB, 45, 109.39 W, 2910 MHz, 13801 MHz, Not Active, Not Active, Not Active, Not Active, Not Active
2026/09/03 00:38:03.890, 28011 MiB, 45, 109.39 W, 2910 MHz, 13801 MHz, Not Active, Not Active, Not Active, Not Active, Not Active
2026/09/03 00:38:04.091, 28011 MiB, 45, 109.94 W, 2910 MHz, 13801 MHz, Not Active, Not Active, Not Active, Not Active, Not Active
2026/09/03 00:38:04.291, 28011 MiB, 45, 109.94 W, 2910 MHz, 13801 MHz, Not Active, Not Active, Not Active, Not Active, Not Active
2026/09/03 00:38:04.491, 28011 MiB, 45, 107.28 W, 2910 MHz, 13801 MHz, Not Active, Not Active, Not Active, Not Active, Not Active
2026/09/03 00:38:04.692, 28011 MiB, 45, 107.28 W, 2910 MHz, 13801 MHz, Not Active, Not Active, Not Active, Not Active, Not Active
2026/09/03 00:38:04.892, 28011 MiB, 45, 107.28 W, 2910 MHz, 13801 MHz, Not Active, Not Active, Not Active, Not Active, Not Active
2026/09/03 00:38:05.092, 28011 MiB, 45, 107.34 W, 2910 MHz, 13801 MHz, Not Active, Not Active, Not Active, Not Active, Not Active
2026/09/03 00:38:05.292, 28011 MiB, 45, 107.34 W, 2910 MHz, 13801 MHz, Not Active, Not Active, Not Active, Not Active, Not Active
2026/09/03 00:38:05.493, 28011 MiB, 45, 109.50 W, 2880 MHz, 13801 MHz, Not Active, Not Active, Not Active, Not Active, Not Active
2026/09/03 00:38:05.693, 28011 MiB, 45, 109.50 W, 2880 MHz, 13801 MHz, Not Active, Not Active, Not Active, Not Active, Not Active
2026/09/03 00:38:05.893, 28011 MiB, 45, 109.50 W, 2880 MHz, 13801 MHz, Not Active, Not Active, Not Active, Not Active, Not Active
2026/09/03 00:38:06.093, 28011 MiB, 45, 109.78 W, 2910 MHz, 13801 MHz, Not Active, Not Active, Not Active, Not Active, Not Active
2026/09/03 00:38:06.294, 28011 MiB, 45, 109.78 W, 2910 MHz, 13801 MHz, Not Active, Not Active, Not Active, Not Active, Not Active
2026/09/03 00:38:06.494, 28011 MiB, 45, 107.36 W, 2910 MHz, 13801 MHz, Not Active, Not Active, Not Active, Not Active, Not Active
2026/09/03 00:38:06.694, 28011 MiB, 45, 107.36 W, 2910 MHz, 13801 MHz, Not Active, Not Active, Not Active, Not Active, Not Active
2026/09/03 00:38:06.894, 28011 MiB, 45, 107.36 W, 2910 MHz, 13801 MHz, Not Active, Not Active, Not Active, Not Active, Not Active
2026/09/03 00:38:07.095, 28011 MiB, 45, 107.37 W, 2910 MHz, 13801 MHz, Not Active, Not Active, Not Active, Not Active, Not Active
2026/09/03 00:38:07.295, 28011 MiB, 45, 107.37 W, 2910 MHz, 13801 MHz, Not Active, Not Active, Not Active, Not Active, Not Active
2026/09/03 00:38:07.495, 28011 MiB, 45, 107.77 W, 2910 MHz, 13801 MHz, Not Active, Not Active, Not Active, Not Active, Not Active
2026/09/03 00:38:07.695, 28011 MiB, 45, 107.77 W, 2910 MHz, 13801 MHz, Not Active, Not Active, Not Active, Not Active, Not Active
2026/09/03 00:38:07.896, 28011 MiB, 45, 107.77 W, 2910 MHz, 13801 MHz, Not Active, Not Active, Not Active, Not Active, Not Active
2026/09/03 00:38:08.096, 28011 MiB, 45, 109.68 W, 2910 MHz, 13801 MHz, Not Active, Not Active, Not Active, Not Active, Not Active
2026/09/03 00:38:08.296, 28011 MiB, 45, 109.68 W, 2910 MHz, 13801 MHz, Not Active, Not Active, Not Active, Not Active, Not Active
2026/09/03 00:38:08.497, 28011 MiB, 45, 109.13 W, 2910 MHz, 13801 MHz, Not Active, Not Active, Not Active, Not Active, Not Active
2026/09/03 00:38:08.697, 28011 MiB, 45, 109.13 W, 2910 MHz, 13801 MHz, Not Active, Not Active, Not Active, Not Active, Not Active
2026/09/03 00:38:08.897, 28011 MiB, 45, 109.13 W, 2910 MHz, 13801 MHz, Not Active, Not Active, Not Active, Not Active, Not Active
2026/09/03 00:38:09.097, 28011 MiB, 45, 107.16 W, 2910 MHz, 13801 MHz, Not Active, Not Active, Not Active, Not Active, Not Active
2026/09/03 00:38:09.298, 28011 MiB, 45, 107.16 W, 2910 MHz, 13801 MHz, Not Active, Not Active, Not Active, Not Active, Not Active
2026/09/03 00:38:09.498, 28011 MiB, 44, 107.36 W, 2910 MHz, 13801 MHz, Not Active, Not Active, Not Active, Not Active, Not Active
2026/09/03 00:38:09.698, 28011 MiB, 44, 107.36 W, 2910 MHz, 13801 MHz, Not Active, Not Active, Not Active, Not Active, Not Active
2026/09/03 00:38:09.899, 28011 MiB, 44, 107.36 W, 2910 MHz, 13801 MHz, Not Active, Not Active, Not Active, Not Active, Not Active
2026/09/03 00:38:10.099, 28011 MiB, 45, 109.93 W, 2880 MHz, 13801 MHz, Not Active, Not Active, Not Active, Not Active, Not Active
2026/09/03 00:38:10.299, 28011 MiB, 45, 109.93 W, 2880 MHz, 13801 MHz, Not Active, Not Active, Not Active, Not Active, Not Active
2026/09/03 00:38:10.500, 28011 MiB, 44, 109.82 W, 2910 MHz, 13801 MHz, Not Active, Not Active, Not Active, Not Active, Not Active
2026/09/03 00:38:10.700, 28011 MiB, 44, 109.82 W, 2910 MHz, 13801 MHz, Not Active, Not Active, Not Active, Not Active, Not Active
2026/09/03 00:38:10.900, 28011 MiB, 44, 109.82 W, 2910 MHz, 13801 MHz, Not Active, Not Active, Not Active, Not Active, Not Active
2026/09/03 00:38:11.100, 28011 MiB, 44, 107.19 W, 2910 MHz, 13801 MHz, Not Active, Not Active, Not Active, Not Active, Not Active
2026/09/03 00:38:11.301, 28011 MiB, 44, 107.19 W, 2910 MHz, 13801 MHz, Not Active, Not Active, Not Active, Not Active, Not Active
2026/09/03 00:38:11.501, 28011 MiB, 44, 106.89 W, 2910 MHz, 13801 MHz, Not Active, Not Active, Not Active, Not Active, Not Active
2026/09/03 00:38:11.701, 28011 MiB, 44, 106.89 W, 2910 MHz, 13801 MHz, Not Active, Not Active, Not Active, Not Active, Not Active
2026/09/03 00:38:11.901, 28011 MiB, 44, 106.89 W, 2910 MHz, 13801 MHz, Not Active, Not Active, Not Active, Not Active, Not Active
2026/09/03 00:38:12.101, 28011 MiB, 45, 107.71 W, 2910 MHz, 13801 MHz, Not Active, Not Active, Not Active, Not Active, Not Active
2026/09/03 00:38:12.302, 28011 MiB, 45, 107.71 W, 2910 MHz, 13801 MHz, Not Active, Not Active, Not Active, Not Active, Not Active
2026/09/03 00:38:12.502, 28011 MiB, 44, 109.32 W, 2910 MHz, 13801 MHz, Not Active, Not Active, Not Active, Not Active, Not Active
2026/09/03 00:38:12.702, 28011 MiB, 44, 109.32 W, 2910 MHz, 13801 MHz, Not Active, Not Active, Not Active, Not Active, Not Active
2026/09/03 00:38:12.903, 28011 MiB, 44, 109.32 W, 2910 MHz, 13801 MHz, Not Active, Not Active, Not Active, Not Active, Not Active
2026/09/03 00:38:13.103, 28011 MiB, 44, 108.15 W, 2910 MHz, 13801 MHz, Not Active, Not Active, Not Active, Not Active, Not Active
2026/09/03 00:38:13.303, 28011 MiB, 44, 108.15 W, 2910 MHz, 13801 MHz, Not Active, Not Active, Not Active, Not Active, Not Active
2026/09/03 00:38:13.504, 28011 MiB, 44, 106.61 W, 2910 MHz, 13801 MHz, Not Active, Not Active, Not Active, Not Active, Not Active
2026/09/03 00:38:13.704, 28011 MiB, 44, 106.61 W, 2910 MHz, 13801 MHz, Not Active, Not Active, Not Active, Not Active, Not Active
2026/09/03 00:38:13.904, 28011 MiB, 44, 106.61 W, 2910 MHz, 13801 MHz, Not Active, Not Active, Not Active, Not Active, Not Active
2026/09/03 00:38:14.104, 28011 MiB, 44, 106.71 W, 2910 MHz, 13801 MHz, Not Active, Not Active, Not Active, Not Active, Not Active
2026/09/03 00:38:14.305, 28011 MiB, 44, 106.71 W, 2910 MHz, 13801 MHz, Not Active, Not Active, Not Active, Not Active, Not Active
2026/09/03 00:38:14.505, 28011 MiB, 44, 108.54 W, 2880 MHz, 13801 MHz, Not Active, Not Active, Not Active, Not Active, Not Active
2026/09/03 00:38:14.705, 28011 MiB, 44, 108.54 W, 2880 MHz, 13801 MHz, Not Active, Not Active, Not Active, Not Active, Not Active
2026/09/03 00:38:14.905, 28011 MiB, 44, 108.54 W, 2880 MHz, 13801 MHz, Not Active, Not Active, Not Active, Not Active, Not Active
2026/09/03 00:38:15.106, 28013 MiB, 44, 108.51 W, 2910 MHz, 13801 MHz, Not Active, Not Active, Not Active, Not Active, Not Active
2026/09/03 00:38:15.306, 28013 MiB, 44, 108.51 W, 2910 MHz, 13801 MHz, Not Active, Not Active, Not Active, Not Active, Not Active
2026/09/03 00:38:15.506, 28015 MiB, 44, 106.31 W, 2910 MHz, 13801 MHz, Not Active, Not Active, Not Active, Not Active, Not Active
2026/09/03 00:38:15.707, 28017 MiB, 44, 106.31 W, 2910 MHz, 13801 MHz, Not Active, Not Active, Not Active, Not Active, Not Active
2026/09/03 00:38:15.907, 28017 MiB, 44, 106.31 W, 2910 MHz, 13801 MHz, Not Active, Not Active, Not Active, Not Active, Not Active
2026/09/03 00:38:16.107, 28017 MiB, 44, 106.38 W, 2910 MHz, 13801 MHz, Not Active, Not Active, Not Active, Not Active, Not Active
2026/09/03 00:38:16.307, 28039 MiB, 44, 106.38 W, 2910 MHz, 13801 MHz, Not Active, Not Active, Not Active, Not Active, Not Active
2026/09/03 00:38:16.508, 28039 MiB, 45, 107.42 W, 2902 MHz, 13801 MHz, Not Active, Not Active, Not Active, Not Active, Not Active
2026/09/03 00:38:16.708, 28039 MiB, 45, 107.42 W, 2902 MHz, 13801 MHz, Not Active, Not Active, Not Active, Not Active, Not Active
2026/09/03 00:38:16.908, 28039 MiB, 45, 107.42 W, 2902 MHz, 13801 MHz, Not Active, Not Active, Not Active, Not Active, Not Active
2026/09/03 00:38:17.108, 28039 MiB, 44, 108.32 W, 2910 MHz, 13801 MHz, Not Active, Not Active, Not Active, Not Active, Not Active
2026/09/03 00:38:17.309, 28039 MiB, 44, 108.32 W, 2910 MHz, 13801 MHz, Not Active, Not Active, Not Active, Not Active, Not Active
2026/09/03 00:38:17.509, 28039 MiB, 44, 107.61 W, 2910 MHz, 13801 MHz, Not Active, Not Active, Not Active, Not Active, Not Active
2026/09/03 00:38:17.709, 28039 MiB, 44, 107.61 W, 2910 MHz, 13801 MHz, Not Active, Not Active, Not Active, Not Active, Not Active
2026/09/03 00:38:17.909, 28039 MiB, 44, 107.61 W, 2910 MHz, 13801 MHz, Not Active, Not Active, Not Active, Not Active, Not Active
2026/09/03 00:38:18.110, 28039 MiB, 44, 106.67 W, 2910 MHz, 13801 MHz, Not Active, Not Active, Not Active, Not Active, Not Active
2026/09/03 00:38:18.310, 28039 MiB, 44, 106.67 W, 2910 MHz, 13801 MHz, Not Active, Not Active, Not Active, Not Active, Not Active
2026/09/03 00:38:18.510, 28039 MiB, 44, 106.47 W, 2910 MHz, 13801 MHz, Not Active, Not Active, Not Active, Not Active, Not Active
2026/09/03 00:38:18.711, 28039 MiB, 44, 106.47 W, 2910 MHz, 13801 MHz, Not Active, Not Active, Not Active, Not Active, Not Active
2026/09/03 00:38:18.911, 28039 MiB, 44, 106.47 W, 2910 MHz, 13801 MHz, Not Active, Not Active, Not Active, Not Active, Not Active
2026/09/03 00:38:19.111, 28039 MiB, 44, 108.86 W, 2910 MHz, 13801 MHz, Not Active, Not Active, Not Active, Not Active, Not Active
2026/09/03 00:38:19.312, 28039 MiB, 44, 108.86 W, 2910 MHz, 13801 MHz, Not Active, Not Active, Not Active, Not Active, Not Active
2026/09/03 00:38:19.512, 28039 MiB, 44, 109.12 W, 2910 MHz, 13801 MHz, Not Active, Not Active, Not Active, Not Active, Not Active
2026/09/03 00:38:19.712, 28039 MiB, 44, 109.12 W, 2910 MHz, 13801 MHz, Not Active, Not Active, Not Active, Not Active, Not Active
2026/09/03 00:38:19.912, 28039 MiB, 44, 109.12 W, 2910 MHz, 13801 MHz, Not Active, Not Active, Not Active, Not Active, Not Active
2026/09/03 00:38:20.113, 28039 MiB, 44, 106.95 W, 2910 MHz, 13801 MHz, Not Active, Not Active, Not Active, Not Active, Not Active
2026/09/03 00:38:20.313, 28039 MiB, 44, 106.95 W, 2910 MHz, 13801 MHz, Not Active, Not Active, Not Active, Not Active, Not Active
2026/09/03 00:38:20.513, 28039 MiB, 44, 106.93 W, 2910 MHz, 13801 MHz, Not Active, Not Active, Not Active, Not Active, Not Active
2026/09/03 00:38:20.713, 28041 MiB, 44, 106.93 W, 2910 MHz, 13801 MHz, Not Active, Not Active, Not Active, Not Active, Not Active
2026/09/03 00:38:20.914, 28041 MiB, 44, 106.93 W, 2910 MHz, 13801 MHz, Not Active, Not Active, Not Active, Not Active, Not Active
2026/09/03 00:38:21.114, 28041 MiB, 44, 108.53 W, 2857 MHz, 13801 MHz, Not Active, Not Active, Not Active, Not Active, Not Active
2026/09/03 00:38:21.314, 28041 MiB, 44, 108.53 W, 2857 MHz, 13801 MHz, Not Active, Not Active, Not Active, Not Active, Not Active
2026/09/03 00:38:21.514, 28041 MiB, 44, 109.22 W, 2910 MHz, 13801 MHz, Not Active, Not Active, Not Active, Not Active, Not Active
2026/09/03 00:38:21.715, 28041 MiB, 44, 109.22 W, 2910 MHz, 13801 MHz, Not Active, Not Active, Not Active, Not Active, Not Active
2026/09/03 00:38:21.915, 28041 MiB, 44, 109.22 W, 2910 MHz, 13801 MHz, Not Active, Not Active, Not Active, Not Active, Not Active
2026/09/03 00:38:22.115, 28041 MiB, 44, 107.86 W, 2910 MHz, 13801 MHz, Not Active, Not Active, Not Active, Not Active, Not Active
2026/09/03 00:38:22.315, 28041 MiB, 44, 107.86 W, 2910 MHz, 13801 MHz, Not Active, Not Active, Not Active, Not Active, Not Active
2026/09/03 00:38:22.516, 28041 MiB, 44, 106.76 W, 2910 MHz, 13801 MHz, Not Active, Not Active, Not Active, Not Active, Not Active
2026/09/03 00:38:22.716, 28041 MiB, 44, 106.76 W, 2910 MHz, 13801 MHz, Not Active, Not Active, Not Active, Not Active, Not Active
2026/09/03 00:38:22.916, 28041 MiB, 44, 106.76 W, 2910 MHz, 13801 MHz, Not Active, Not Active, Not Active, Not Active, Not Active
2026/09/03 00:38:23.117, 28041 MiB, 44, 106.65 W, 2910 MHz, 13801 MHz, Not Active, Not Active, Not Active, Not Active, Not Active
2026/09/03 00:38:23.317, 28041 MiB, 44, 106.65 W, 2910 MHz, 13801 MHz, Not Active, Not Active, Not Active, Not Active, Not Active
2026/09/03 00:38:23.517, 28041 MiB, 44, 109.24 W, 2910 MHz, 13801 MHz, Not Active, Not Active, Not Active, Not Active, Not Active
2026/09/03 00:38:23.717, 28041 MiB, 44, 109.24 W, 2910 MHz, 13801 MHz, Not Active, Not Active, Not Active, Not Active, Not Active
2026/09/03 00:38:23.918, 28041 MiB, 44, 109.24 W, 2910 MHz, 13801 MHz, Not Active, Not Active, Not Active, Not Active, Not Active
2026/09/03 00:38:24.118, 28041 MiB, 44, 109.22 W, 2910 MHz, 13801 MHz, Not Active, Not Active, Not Active, Not Active, Not Active
2026/09/03 00:38:24.318, 28041 MiB, 44, 109.22 W, 2910 MHz, 13801 MHz, Not Active, Not Active, Not Active, Not Active, Not Active
2026/09/03 00:38:24.518, 28041 MiB, 44, 106.93 W, 2910 MHz, 13801 MHz, Not Active, Not Active, Not Active, Not Active, Not Active
2026/09/03 00:38:24.718, 28041 MiB, 44, 106.93 W, 2910 MHz, 13801 MHz, Not Active, Not Active, Not Active, Not Active, Not Active
2026/09/03 00:38:24.919, 28041 MiB, 44, 106.93 W, 2910 MHz, 13801 MHz, Not Active, Not Active, Not Active, Not Active, Not Active
2026/09/03 00:38:25.119, 28041 MiB, 44, 106.72 W, 2910 MHz, 13801 MHz, Not Active, Not Active, Not Active, Not Active, Not Active
2026/09/03 00:38:25.319, 28041 MiB, 44, 106.72 W, 2910 MHz, 13801 MHz, Not Active, Not Active, Not Active, Not Active, Not Active
2026/09/03 00:38:25.519, 28041 MiB, 44, 108.35 W, 2872 MHz, 13801 MHz, Not Active, Not Active, Not Active, Not Active, Not Active
2026/09/03 00:38:25.720, 28041 MiB, 44, 108.35 W, 2872 MHz, 13801 MHz, Not Active, Not Active, Not Active, Not Active, Not Active
2026/09/03 00:38:25.920, 28041 MiB, 44, 108.35 W, 2872 MHz, 13801 MHz, Not Active, Not Active, Not Active, Not Active, Not Active
2026/09/03 00:38:26.120, 28041 MiB, 44, 108.81 W, 2910 MHz, 13801 MHz, Not Active, Not Active, Not Active, Not Active, Not Active
2026/09/03 00:38:26.321, 28041 MiB, 44, 108.81 W, 2910 MHz, 13801 MHz, Not Active, Not Active, Not Active, Not Active, Not Active
2026/09/03 00:38:26.521, 28041 MiB, 44, 106.80 W, 2910 MHz, 13801 MHz, Not Active, Not Active, Not Active, Not Active, Not Active
2026/09/03 00:38:26.721, 28041 MiB, 44, 106.80 W, 2910 MHz, 13801 MHz, Not Active, Not Active, Not Active, Not Active, Not Active
2026/09/03 00:38:26.921, 28041 MiB, 44, 106.80 W, 2910 MHz, 13801 MHz, Not Active, Not Active, Not Active, Not Active, Not Active
2026/09/03 00:38:27.121, 28041 MiB, 44, 106.51 W, 2910 MHz, 13801 MHz, Not Active, Not Active, Not Active, Not Active, Not Active
2026/09/03 00:38:27.322, 28041 MiB, 44, 106.51 W, 2910 MHz, 13801 MHz, Not Active, Not Active, Not Active, Not Active, Not Active
2026/09/03 00:38:27.522, 28041 MiB, 44, 106.30 W, 2910 MHz, 13801 MHz, Not Active, Not Active, Not Active, Not Active, Not Active
2026/09/03 00:38:27.722, 28041 MiB, 44, 106.30 W, 2910 MHz, 13801 MHz, Not Active, Not Active, Not Active, Not Active, Not Active
2026/09/03 00:38:27.922, 28041 MiB, 44, 106.30 W, 2910 MHz, 13801 MHz, Not Active, Not Active, Not Active, Not Active, Not Active
2026/09/03 00:38:28.122, 28041 MiB, 44, 108.53 W, 2910 MHz, 13801 MHz, Not Active, Not Active, Not Active, Not Active, Not Active
2026/09/03 00:38:28.323, 28041 MiB, 44, 108.53 W, 2910 MHz, 13801 MHz, Not Active, Not Active, Not Active, Not Active, Not Active
2026/09/03 00:38:28.523, 28041 MiB, 44, 108.99 W, 2910 MHz, 13801 MHz, Not Active, Not Active, Not Active, Not Active, Not Active
2026/09/03 00:38:28.723, 28041 MiB, 44, 108.99 W, 2910 MHz, 13801 MHz, Not Active, Not Active, Not Active, Not Active, Not Active
2026/09/03 00:38:28.923, 28041 MiB, 44, 108.99 W, 2910 MHz, 13801 MHz, Not Active, Not Active, Not Active, Not Active, Not Active
2026/09/03 00:38:29.124, 28041 MiB, 44, 106.56 W, 2910 MHz, 13801 MHz, Not Active, Not Active, Not Active, Not Active, Not Active
2026/09/03 00:38:29.324, 28041 MiB, 44, 106.56 W, 2910 MHz, 13801 MHz, Not Active, Not Active, Not Active, Not Active, Not Active
2026/09/03 00:38:29.524, 28041 MiB, 44, 106.81 W, 2910 MHz, 13801 MHz, Not Active, Not Active, Not Active, Not Active, Not Active
2026/09/03 00:38:29.724, 28041 MiB, 44, 106.81 W, 2910 MHz, 13801 MHz, Not Active, Not Active, Not Active, Not Active, Not Active
2026/09/03 00:38:29.924, 28041 MiB, 44, 106.81 W, 2910 MHz, 13801 MHz, Not Active, Not Active, Not Active, Not Active, Not Active
2026/09/03 00:38:30.125, 28041 MiB, 44, 110.03 W, 2887 MHz, 13801 MHz, Not Active, Not Active, Not Active, Not Active, Not Active
2026/09/03 00:38:30.325, 28041 MiB, 44, 110.03 W, 2887 MHz, 13801 MHz, Not Active, Not Active, Not Active, Not Active, Not Active
2026/09/03 00:38:30.525, 28041 MiB, 44, 109.99 W, 2910 MHz, 13801 MHz, Not Active, Not Active, Not Active, Not Active, Not Active
2026/09/03 00:38:30.725, 28041 MiB, 44, 109.99 W, 2910 MHz, 13801 MHz, Not Active, Not Active, Not Active, Not Active, Not Active
2026/09/03 00:38:30.926, 28041 MiB, 44, 109.99 W, 2910 MHz, 13801 MHz, Not Active, Not Active, Not Active, Not Active, Not Active
2026/09/03 00:38:31.126, 28041 MiB, 44, 106.89 W, 2910 MHz, 13801 MHz, Not Active, Not Active, Not Active, Not Active, Not Active
2026/09/03 00:38:31.326, 28041 MiB, 44, 106.89 W, 2910 MHz, 13801 MHz, Not Active, Not Active, Not Active, Not Active, Not Active
2026/09/03 00:38:31.526, 28041 MiB, 44, 106.92 W, 2910 MHz, 13801 MHz, Not Active, Not Active, Not Active, Not Active, Not Active
2026/09/03 00:38:31.727, 28041 MiB, 44, 106.92 W, 2910 MHz, 13801 MHz, Not Active, Not Active, Not Active, Not Active, Not Active
2026/09/03 00:38:31.927, 28041 MiB, 44, 106.92 W, 2910 MHz, 13801 MHz, Not Active, Not Active, Not Active, Not Active, Not Active
2026/09/03 00:38:32.127, 28041 MiB, 44, 106.11 W, 2910 MHz, 13801 MHz, Not Active, Not Active, Not Active, Not Active, Not Active
2026/09/03 00:38:32.327, 28041 MiB, 44, 106.11 W, 2910 MHz, 13801 MHz, Not Active, Not Active, Not Active, Not Active, Not Active
2026/09/03 00:38:32.528, 28041 MiB, 44, 109.10 W, 2910 MHz, 13801 MHz, Not Active, Not Active, Not Active, Not Active, Not Active
2026/09/03 00:38:32.728, 28041 MiB, 44, 109.10 W, 2910 MHz, 13801 MHz, Not Active, Not Active, Not Active, Not Active, Not Active
2026/09/03 00:38:32.928, 28041 MiB, 44, 109.10 W, 2910 MHz, 13801 MHz, Not Active, Not Active, Not Active, Not Active, Not Active
2026/09/03 00:38:33.128, 28041 MiB, 44, 108.47 W, 2910 MHz, 13801 MHz, Not Active, Not Active, Not Active, Not Active, Not Active
2026/09/03 00:38:33.329, 28041 MiB, 44, 108.47 W, 2910 MHz, 13801 MHz, Not Active, Not Active, Not Active, Not Active, Not Active
2026/09/03 00:38:33.529, 28041 MiB, 44, 106.24 W, 2910 MHz, 13801 MHz, Not Active, Not Active, Not Active, Not Active, Not Active
2026/09/03 00:38:33.729, 28041 MiB, 44, 106.24 W, 2910 MHz, 13801 MHz, Not Active, Not Active, Not Active, Not Active, Not Active
2026/09/03 00:38:33.929, 28041 MiB, 44, 106.24 W, 2910 MHz, 13801 MHz, Not Active, Not Active, Not Active, Not Active, Not Active
2026/09/03 00:38:34.130, 28041 MiB, 44, 106.33 W, 2910 MHz, 13801 MHz, Not Active, Not Active, Not Active, Not Active, Not Active
2026/09/03 00:38:34.330, 28041 MiB, 44, 106.33 W, 2910 MHz, 13801 MHz, Not Active, Not Active, Not Active, Not Active, Not Active
2026/09/03 00:38:34.530, 28041 MiB, 44, 108.12 W, 2872 MHz, 13801 MHz, Not Active, Not Active, Not Active, Not Active, Not Active
2026/09/03 00:38:34.730, 28041 MiB, 44, 108.12 W, 2872 MHz, 13801 MHz, Not Active, Not Active, Not Active, Not Active, Not Active
2026/09/03 00:38:34.931, 28041 MiB, 44, 108.12 W, 2872 MHz, 13801 MHz, Not Active, Not Active, Not Active, Not Active, Not Active
2026/09/03 00:38:35.131, 28041 MiB, 44, 108.37 W, 2910 MHz, 13801 MHz, Not Active, Not Active, Not Active, Not Active, Not Active
2026/09/03 00:38:35.331, 28041 MiB, 44, 108.37 W, 2910 MHz, 13801 MHz, Not Active, Not Active, Not Active, Not Active, Not Active
2026/09/03 00:38:35.531, 28041 MiB, 44, 106.22 W, 2910 MHz, 13801 MHz, Not Active, Not Active, Not Active, Not Active, Not Active
2026/09/03 00:38:35.732, 28041 MiB, 44, 106.22 W, 2910 MHz, 13801 MHz, Not Active, Not Active, Not Active, Not Active, Not Active
2026/09/03 00:38:35.932, 28041 MiB, 44, 106.22 W, 2910 MHz, 13801 MHz, Not Active, Not Active, Not Active, Not Active, Not Active
2026/09/03 00:38:36.132, 28041 MiB, 44, 106.22 W, 2910 MHz, 13801 MHz, Not Active, Not Active, Not Active, Not Active, Not Active
2026/09/03 00:38:36.333, 28041 MiB, 44, 106.22 W, 2910 MHz, 13801 MHz, Not Active, Not Active, Not Active, Not Active, Not Active
2026/09/03 00:38:36.533, 28041 MiB, 44, 106.77 W, 2910 MHz, 13801 MHz, Not Active, Not Active, Not Active, Not Active, Not Active
2026/09/03 00:38:36.733, 28041 MiB, 44, 106.77 W, 2910 MHz, 13801 MHz, Not Active, Not Active, Not Active, Not Active, Not Active
2026/09/03 00:38:36.933, 28041 MiB, 44, 106.77 W, 2910 MHz, 13801 MHz, Not Active, Not Active, Not Active, Not Active, Not Active
2026/09/03 00:38:37.134, 28041 MiB, 44, 108.68 W, 2910 MHz, 13801 MHz, Not Active, Not Active, Not Active, Not Active, Not Active
2026/09/03 00:38:37.334, 28041 MiB, 44, 108.68 W, 2910 MHz, 13801 MHz, Not Active, Not Active, Not Active, Not Active, Not Active
2026/09/03 00:38:37.534, 28041 MiB, 44, 108.75 W, 2910 MHz, 13801 MHz, Not Active, Not Active, Not Active, Not Active, Not Active
2026/09/03 00:38:37.734, 28041 MiB, 44, 108.75 W, 2910 MHz, 13801 MHz, Not Active, Not Active, Not Active, Not Active, Not Active
2026/09/03 00:38:37.935, 28041 MiB, 44, 108.75 W, 2910 MHz, 13801 MHz, Not Active, Not Active, Not Active, Not Active, Not Active
2026/09/03 00:38:38.135, 28041 MiB, 44, 106.52 W, 2910 MHz, 13801 MHz, Not Active, Not Active, Not Active, Not Active, Not Active
2026/09/03 00:38:38.335, 28041 MiB, 44, 106.52 W, 2910 MHz, 13801 MHz, Not Active, Not Active, Not Active, Not Active, Not Active
2026/09/03 00:38:38.535, 28041 MiB, 44, 106.22 W, 2910 MHz, 13801 MHz, Not Active, Not Active, Not Active, Not Active, Not Active
2026/09/03 00:38:38.736, 28041 MiB, 44, 106.22 W, 2910 MHz, 13801 MHz, Not Active, Not Active, Not Active, Not Active, Not Active
2026/09/03 00:38:38.936, 28041 MiB, 44, 106.22 W, 2910 MHz, 13801 MHz, Not Active, Not Active, Not Active, Not Active, Not Active
2026/09/03 00:38:39.136, 28041 MiB, 44, 109.16 W, 2895 MHz, 13801 MHz, Not Active, Not Active, Not Active, Not Active, Not Active
2026/09/03 00:38:39.337, 28041 MiB, 44, 109.16 W, 2895 MHz, 13801 MHz, Not Active, Not Active, Not Active, Not Active, Not Active
2026/09/03 00:38:39.537, 28041 MiB, 44, 109.16 W, 2910 MHz, 13801 MHz, Not Active, Not Active, Not Active, Not Active, Not Active
2026/09/03 00:38:39.737, 28041 MiB, 44, 109.16 W, 2910 MHz, 13801 MHz, Not Active, Not Active, Not Active, Not Active, Not Active
2026/09/03 00:38:39.937, 28041 MiB, 44, 109.16 W, 2910 MHz, 13801 MHz, Not Active, Not Active, Not Active, Not Active, Not Active
2026/09/03 00:38:40.138, 28041 MiB, 44, 106.46 W, 2910 MHz, 13801 MHz, Not Active, Not Active, Not Active, Not Active, Not Active
2026/09/03 00:38:40.338, 28041 MiB, 44, 106.46 W, 2910 MHz, 13801 MHz, Not Active, Not Active, Not Active, Not Active, Not Active
2026/09/03 00:38:40.538, 28041 MiB, 44, 106.62 W, 2910 MHz, 13801 MHz, Not Active, Not Active, Not Active, Not Active, Not Active
2026/09/03 00:38:40.738, 28041 MiB, 44, 106.62 W, 2910 MHz, 13801 MHz, Not Active, Not Active, Not Active, Not Active, Not Active
2026/09/03 00:38:40.939, 28041 MiB, 44, 106.62 W, 2910 MHz, 13801 MHz, Not Active, Not Active, Not Active, Not Active, Not Active
2026/09/03 00:38:41.139, 28041 MiB, 44, 107.65 W, 2910 MHz, 13801 MHz, Not Active, Not Active, Not Active, Not Active, Not Active
2026/09/03 00:38:41.339, 28041 MiB, 44, 107.65 W, 2910 MHz, 13801 MHz, Not Active, Not Active, Not Active, Not Active, Not Active
2026/09/03 00:38:41.540, 28041 MiB, 44, 109.22 W, 2910 MHz, 13801 MHz, Not Active, Not Active, Not Active, Not Active, Not Active
2026/09/03 00:38:41.740, 28041 MiB, 44, 109.22 W, 2910 MHz, 13801 MHz, Not Active, Not Active, Not Active, Not Active, Not Active
2026/09/03 00:38:41.940, 28041 MiB, 44, 109.22 W, 2910 MHz, 13801 MHz, Not Active, Not Active, Not Active, Not Active, Not Active
2026/09/03 00:38:42.140, 28041 MiB, 44, 108.18 W, 2910 MHz, 13801 MHz, Not Active, Not Active, Not Active, Not Active, Not Active
2026/09/03 00:38:42.341, 28041 MiB, 44, 108.18 W, 2910 MHz, 13801 MHz, Not Active, Not Active, Not Active, Not Active, Not Active
2026/09/03 00:38:42.541, 28041 MiB, 44, 106.08 W, 2910 MHz, 13801 MHz, Not Active, Not Active, Not Active, Not Active, Not Active
2026/09/03 00:38:42.741, 28041 MiB, 44, 106.08 W, 2910 MHz, 13801 MHz, Not Active, Not Active, Not Active, Not Active, Not Active
2026/09/03 00:38:42.941, 28041 MiB, 44, 106.08 W, 2910 MHz, 13801 MHz, Not Active, Not Active, Not Active, Not Active, Not Active
2026/09/03 00:38:43.142, 28041 MiB, 44, 106.12 W, 2910 MHz, 13801 MHz, Not Active, Not Active, Not Active, Not Active, Not Active
2026/09/03 00:38:43.342, 28041 MiB, 44, 106.12 W, 2910 MHz, 13801 MHz, Not Active, Not Active, Not Active, Not Active, Not Active
2026/09/03 00:38:43.542, 28041 MiB, 44, 109.33 W, 2895 MHz, 13801 MHz, Not Active, Not Active, Not Active, Not Active, Not Active
2026/09/03 00:38:43.742, 28041 MiB, 44, 109.33 W, 2895 MHz, 13801 MHz, Not Active, Not Active, Not Active, Not Active, Not Active
2026/09/03 00:38:43.943, 28041 MiB, 44, 109.33 W, 2895 MHz, 13801 MHz, Not Active, Not Active, Not Active, Not Active, Not Active
2026/09/03 00:38:44.143, 28041 MiB, 44, 108.94 W, 2910 MHz, 13801 MHz, Not Active, Not Active, Not Active, Not Active, Not Active
2026/09/03 00:38:44.343, 28041 MiB, 44, 108.94 W, 2910 MHz, 13801 MHz, Not Active, Not Active, Not Active, Not Active, Not Active
2026/09/03 00:38:44.543, 28041 MiB, 44, 105.82 W, 2910 MHz, 13801 MHz, Not Active, Not Active, Not Active, Not Active, Not Active
2026/09/03 00:38:44.744, 28041 MiB, 44, 105.82 W, 2910 MHz, 13801 MHz, Not Active, Not Active, Not Active, Not Active, Not Active
2026/09/03 00:38:44.944, 28041 MiB, 44, 105.82 W, 2910 MHz, 13801 MHz, Not Active, Not Active, Not Active, Not Active, Not Active
2026/09/03 00:38:45.144, 28041 MiB, 44, 106.03 W, 2910 MHz, 13801 MHz, Not Active, Not Active, Not Active, Not Active, Not Active
2026/09/03 00:38:45.345, 28041 MiB, 44, 106.03 W, 2910 MHz, 13801 MHz, Not Active, Not Active, Not Active, Not Active, Not Active
2026/09/03 00:38:45.545, 28041 MiB, 44, 107.99 W, 2910 MHz, 13801 MHz, Not Active, Not Active, Not Active, Not Active, Not Active
2026/09/03 00:38:45.745, 28041 MiB, 44, 107.99 W, 2910 MHz, 13801 MHz, Not Active, Not Active, Not Active, Not Active, Not Active
2026/09/03 00:38:45.945, 28041 MiB, 44, 107.99 W, 2910 MHz, 13801 MHz, Not Active, Not Active, Not Active, Not Active, Not Active
2026/09/03 00:38:46.146, 28041 MiB, 44, 108.73 W, 2910 MHz, 13801 MHz, Not Active, Not Active, Not Active, Not Active, Not Active
2026/09/03 00:38:46.346, 28041 MiB, 44, 108.73 W, 2910 MHz, 13801 MHz, Not Active, Not Active, Not Active, Not Active, Not Active
2026/09/03 00:38:46.546, 28041 MiB, 44, 108.38 W, 2910 MHz, 13801 MHz, Not Active, Not Active, Not Active, Not Active, Not Active
2026/09/03 00:38:46.746, 28041 MiB, 44, 108.38 W, 2910 MHz, 13801 MHz, Not Active, Not Active, Not Active, Not Active, Not Active
2026/09/03 00:38:46.947, 28041 MiB, 44, 108.38 W, 2910 MHz, 13801 MHz, Not Active, Not Active, Not Active, Not Active, Not Active
2026/09/03 00:38:47.147, 28041 MiB, 44, 106.05 W, 2910 MHz, 13801 MHz, Not Active, Not Active, Not Active, Not Active, Not Active
2026/09/03 00:38:47.347, 28041 MiB, 44, 106.05 W, 2910 MHz, 13801 MHz, Not Active, Not Active, Not Active, Not Active, Not Active
2026/09/03 00:38:47.547, 28041 MiB, 44, 106.14 W, 2910 MHz, 13801 MHz, Not Active, Not Active, Not Active, Not Active, Not Active
2026/09/03 00:38:47.748, 28041 MiB, 44, 106.14 W, 2910 MHz, 13801 MHz, Not Active, Not Active, Not Active, Not Active, Not Active
2026/09/03 00:38:47.948, 28041 MiB, 44, 106.14 W, 2910 MHz, 13801 MHz, Not Active, Not Active, Not Active, Not Active, Not Active
2026/09/03 00:38:48.148, 28041 MiB, 44, 108.98 W, 2910 MHz, 13801 MHz, Not Active, Not Active, Not Active, Not Active, Not Active
2026/09/03 00:38:48.349, 28041 MiB, 44, 108.98 W, 2910 MHz, 13801 MHz, Not Active, Not Active, Not Active, Not Active, Not Active
2026/09/03 00:38:48.549, 28041 MiB, 44, 109.35 W, 2910 MHz, 13801 MHz, Not Active, Not Active, Not Active, Not Active, Not Active
2026/09/03 00:38:48.749, 28041 MiB, 44, 109.35 W, 2910 MHz, 13801 MHz, Not Active, Not Active, Not Active, Not Active, Not Active
2026/09/03 00:38:48.949, 28041 MiB, 44, 109.35 W, 2910 MHz, 13801 MHz, Not Active, Not Active, Not Active, Not Active, Not Active
2026/09/03 00:38:49.149, 28041 MiB, 44, 106.44 W, 2910 MHz, 13801 MHz, Not Active, Not Active, Not Active, Not Active, Not Active
2026/09/03 00:38:49.350, 28041 MiB, 44, 106.44 W, 2910 MHz, 13801 MHz, Not Active, Not Active, Not Active, Not Active, Not Active
2026/09/03 00:38:49.550, 28041 MiB, 44, 106.36 W, 2910 MHz, 13801 MHz, Not Active, Not Active, Not Active, Not Active, Not Active
2026/09/03 00:38:49.750, 28041 MiB, 44, 106.36 W, 2910 MHz, 13801 MHz, Not Active, Not Active, Not Active, Not Active, Not Active
2026/09/03 00:38:49.951, 28041 MiB, 44, 106.36 W, 2910 MHz, 13801 MHz, Not Active, Not Active, Not Active, Not Active, Not Active
2026/09/03 00:38:50.151, 28041 MiB, 44, 108.99 W, 2895 MHz, 13801 MHz, Not Active, Not Active, Not Active, Not Active, Not Active
2026/09/03 00:38:50.351, 28041 MiB, 44, 108.99 W, 2895 MHz, 13801 MHz, Not Active, Not Active, Not Active, Not Active, Not Active
2026/09/03 00:38:50.551, 28041 MiB, 44, 109.46 W, 2910 MHz, 13801 MHz, Not Active, Not Active, Not Active, Not Active, Not Active
2026/09/03 00:38:50.752, 28041 MiB, 44, 109.46 W, 2910 MHz, 13801 MHz, Not Active, Not Active, Not Active, Not Active, Not Active
2026/09/03 00:38:50.952, 28041 MiB, 44, 109.46 W, 2910 MHz, 13801 MHz, Not Active, Not Active, Not Active, Not Active, Not Active
2026/09/03 00:38:51.152, 28041 MiB, 43, 106.80 W, 2910 MHz, 13801 MHz, Not Active, Not Active, Not Active, Not Active, Not Active
2026/09/03 00:38:51.352, 28041 MiB, 43, 106.80 W, 2910 MHz, 13801 MHz, Not Active, Not Active, Not Active, Not Active, Not Active
2026/09/03 00:38:51.553, 28041 MiB, 44, 106.01 W, 2910 MHz, 13801 MHz, Not Active, Not Active, Not Active, Not Active, Not Active
2026/09/03 00:38:51.753, 28041 MiB, 44, 106.01 W, 2910 MHz, 13801 MHz, Not Active, Not Active, Not Active, Not Active, Not Active
2026/09/03 00:38:51.953, 28041 MiB, 44, 106.01 W, 2910 MHz, 13801 MHz, Not Active, Not Active, Not Active, Not Active, Not Active
2026/09/03 00:38:52.154, 28041 MiB, 44, 105.89 W, 2910 MHz, 13801 MHz, Not Active, Not Active, Not Active, Not Active, Not Active
2026/09/03 00:38:52.354, 28041 MiB, 44, 105.89 W, 2910 MHz, 13801 MHz, Not Active, Not Active, Not Active, Not Active, Not Active
2026/09/03 00:38:52.554, 28041 MiB, 44, 108.47 W, 2910 MHz, 13801 MHz, Not Active, Not Active, Not Active, Not Active, Not Active
2026/09/03 00:38:52.754, 28041 MiB, 44, 108.47 W, 2910 MHz, 13801 MHz, Not Active, Not Active, Not Active, Not Active, Not Active
2026/09/03 00:38:52.955, 28041 MiB, 44, 108.47 W, 2910 MHz, 13801 MHz, Not Active, Not Active, Not Active, Not Active, Not Active
2026/09/03 00:38:53.155, 28041 MiB, 44, 108.54 W, 2910 MHz, 13801 MHz, Not Active, Not Active, Not Active, Not Active, Not Active
2026/09/03 00:38:53.355, 28041 MiB, 44, 108.54 W, 2910 MHz, 13801 MHz, Not Active, Not Active, Not Active, Not Active, Not Active
2026/09/03 00:38:53.556, 28041 MiB, 44, 106.15 W, 2910 MHz, 13801 MHz, Not Active, Not Active, Not Active, Not Active, Not Active
2026/09/03 00:38:53.756, 28041 MiB, 44, 106.15 W, 2910 MHz, 13801 MHz, Not Active, Not Active, Not Active, Not Active, Not Active
2026/09/03 00:38:53.956, 28041 MiB, 44, 106.15 W, 2910 MHz, 13801 MHz, Not Active, Not Active, Not Active, Not Active, Not Active
2026/09/03 00:38:54.156, 28041 MiB, 43, 106.21 W, 2910 MHz, 13801 MHz, Not Active, Not Active, Not Active, Not Active, Not Active
2026/09/03 00:38:54.357, 28041 MiB, 43, 106.21 W, 2910 MHz, 13801 MHz, Not Active, Not Active, Not Active, Not Active, Not Active
2026/09/03 00:38:54.557, 28041 MiB, 42, 93.17 W, 2752 MHz, 13801 MHz, Not Active, Not Active, Not Active, Not Active, Not Active
2026/09/03 00:38:54.757, 28041 MiB, 42, 93.17 W, 2752 MHz, 13801 MHz, Not Active, Not Active, Not Active, Not Active, Not Active
