timestamp, memory.used [MiB], temperature.gpu, power.draw [W], clocks.current.sm [MHz], clocks.current.memory [MHz], clocks_event_reasons.sw_power_cap, clocks_event_reasons.hw_slowdown, clocks_event_reasons.hw_thermal_slowdown, clocks_event_reasons.hw_power_brake_slowdown, clocks_event_reasons.sw_thermal_slowdown
2026/09/02 17:17:13.354, 32108 MiB, 45, 88.78 W, 2910 MHz, 13801 MHz, Not Active, Not Active, Not Active, Not Active, Not Active
2026/09/02 17:17:13.558, 32108 MiB, 45, 88.78 W, 2910 MHz, 13801 MHz, Not Active, Not Active, Not Active, Not Active, Not Active
2026/09/02 17:17:13.759, 32108 MiB, 45, 88.78 W, 2910 MHz, 13801 MHz, Not Active, Not Active, Not Active, Not Active, Not Active
2026/09/02 17:17:13.959, 32108 MiB, 46, 99.04 W, 2910 MHz, 13801 MHz, Not Active, Not Active, Not Active, Not Active, Not Active
2026/09/02 17:17:14.159, 32108 MiB, 46, 99.04 W, 2910 MHz, 13801 MHz, Not Active, Not Active, Not Active, Not Active, Not Active
2026/09/02 17:17:14.359, 32108 MiB, 46, 99.04 W, 2910 MHz, 13801 MHz, Not Active, Not Active, Not Active, Not Active, Not Active
2026/09/02 17:17:14.559, 32108 MiB, 46, 114.64 W, 2910 MHz, 13801 MHz, Not Active, Not Active, Not Active, Not Active, Not Active
2026/09/02 17:17:14.760, 32108 MiB, 46, 114.64 W, 2910 MHz, 13801 MHz, Not Active, Not Active, Not Active, Not Active, Not Active
2026/09/02 17:17:14.960, 32108 MiB, 46, 121.90 W, 2910 MHz, 13801 MHz, Not Active, Not Active, Not Active, Not Active, Not Active
2026/09/02 17:17:15.160, 32108 MiB, 46, 121.90 W, 2910 MHz, 13801 MHz, Not Active, Not Active, Not Active, Not Active, Not Active
2026/09/02 17:17:15.360, 32108 MiB, 46, 121.90 W, 2910 MHz, 13801 MHz, Not Active, Not Active, Not Active, Not Active, Not Active
2026/09/02 17:17:15.561, 32108 MiB, 46, 115.33 W, 2910 MHz, 13801 MHz, Not Active, Not Active, Not Active, Not Active, Not Active
2026/09/02 17:17:15.761, 32108 MiB, 46, 115.33 W, 2910 MHz, 13801 MHz, Not Active, Not Active, Not Active, Not Active, Not Active
2026/09/02 17:17:15.961, 32108 MiB, 46, 115.31 W, 2910 MHz, 13801 MHz, Not Active, Not Active, Not Active, Not Active, Not Active
2026/09/02 17:17:16.161, 32108 MiB, 46, 115.31 W, 2910 MHz, 13801 MHz, Not Active, Not Active, Not Active, Not Active, Not Active
2026/09/02 17:17:16.362, 32108 MiB, 46, 115.31 W, 2910 MHz, 13801 MHz, Not Active, Not Active, Not Active, Not Active, Not Active
2026/09/02 17:17:16.562, 32108 MiB, 46, 114.95 W, 2910 MHz, 13801 MHz, Not Active, Not Active, Not Active, Not Active, Not Active
2026/09/02 17:17:16.762, 32108 MiB, 46, 114.95 W, 2910 MHz, 13801 MHz, Not Active, Not Active, Not Active, Not Active, Not Active
2026/09/02 17:17:16.962, 32108 MiB, 46, 114.40 W, 2910 MHz, 13801 MHz, Not Active, Not Active, Not Active, Not Active, Not Active
2026/09/02 17:17:17.162, 32108 MiB, 46, 114.40 W, 2910 MHz, 13801 MHz, Not Active, Not Active, Not Active, Not Active, Not Active
2026/09/02 17:17:17.363, 32108 MiB, 46, 114.40 W, 2910 MHz, 13801 MHz, Not Active, Not Active, Not Active, Not Active, Not Active
2026/09/02 17:17:17.563, 32108 MiB, 46, 114.13 W, 2910 MHz, 13801 MHz, Not Active, Not Active, Not Active, Not Active, Not Active
2026/09/02 17:17:17.763, 32108 MiB, 46, 114.13 W, 2910 MHz, 13801 MHz, Not Active, Not Active, Not Active, Not Active, Not Active
2026/09/02 17:17:17.963, 32108 MiB, 46, 114.30 W, 2910 MHz, 13801 MHz, Not Active, Not Active, Not Active, Not Active, Not Active
2026/09/02 17:17:18.163, 32108 MiB, 46, 114.30 W, 2910 MHz, 13801 MHz, Not Active, Not Active, Not Active, Not Active, Not Active
2026/09/02 17:17:18.364, 32108 MiB, 46, 114.30 W, 2910 MHz, 13801 MHz, Not Active, Not Active, Not Active, Not Active, Not Active
2026/09/02 17:17:18.564, 32108 MiB, 46, 114.50 W, 2910 MHz, 13801 MHz, Not Active, Not Active, Not Active, Not Active, Not Active
2026/09/02 17:17:18.764, 32108 MiB, 46, 114.50 W, 2910 MHz, 13801 MHz, Not Active, Not Active, Not Active, Not Active, Not Active
2026/09/02 17:17:18.964, 32108 MiB, 46, 114.37 W, 2910 MHz, 13801 MHz, Not Active, Not Active, Not Active, Not Active, Not Active
2026/09/02 17:17:19.164, 32108 MiB, 46, 114.37 W, 2910 MHz, 13801 MHz, Not Active, Not Active, Not Active, Not Active, Not Active
2026/09/02 17:17:19.365, 32108 MiB, 46, 114.37 W, 2910 MHz, 13801 MHz, Not Active, Not Active, Not Active, Not Active, Not Active
2026/09/02 17:17:19.565, 32108 MiB, 46, 114.33 W, 2910 MHz, 13801 MHz, Not Active, Not Active, Not Active, Not Active, Not Active
2026/09/02 17:17:19.765, 32108 MiB, 46, 114.33 W, 2910 MHz, 13801 MHz, Not Active, Not Active, Not Active, Not Active, Not Active
2026/09/02 17:17:19.965, 32108 MiB, 46, 114.19 W, 2910 MHz, 13801 MHz, Not Active, Not Active, Not Active, Not Active, Not Active
2026/09/02 17:17:20.166, 32108 MiB, 46, 114.19 W, 2910 MHz, 13801 MHz, Not Active, Not Active, Not Active, Not Active, Not Active
2026/09/02 17:17:20.366, 32108 MiB, 46, 114.19 W, 2910 MHz, 13801 MHz, Not Active, Not Active, Not Active, Not Active, Not Active
2026/09/02 17:17:20.566, 32108 MiB, 46, 113.86 W, 2910 MHz, 13801 MHz, Not Active, Not Active, Not Active, Not Active, Not Active
2026/09/02 17:17:20.766, 32108 MiB, 46, 113.86 W, 2910 MHz, 13801 MHz, Not Active, Not Active, Not Active, Not Active, Not Active
2026/09/02 17:17:20.966, 32108 MiB, 46, 113.94 W, 2910 MHz, 13801 MHz, Not Active, Not Active, Not Active, Not Active, Not Active
2026/09/02 17:17:21.167, 32108 MiB, 46, 113.94 W, 2910 MHz, 13801 MHz, Not Active, Not Active, Not Active, Not Active, Not Active
2026/09/02 17:17:21.367, 32108 MiB, 46, 113.94 W, 2910 MHz, 13801 MHz, Not Active, Not Active, Not Active, Not Active, Not Active
2026/09/02 17:17:21.567, 32108 MiB, 46, 113.82 W, 2910 MHz, 13801 MHz, Not Active, Not Active, Not Active, Not Active, Not Active
2026/09/02 17:17:21.767, 32108 MiB, 46, 113.82 W, 2910 MHz, 13801 MHz, Not Active, Not Active, Not Active, Not Active, Not Active
2026/09/02 17:17:21.968, 32108 MiB, 45, 113.57 W, 2910 MHz, 13801 MHz, Not Active, Not Active, Not Active, Not Active, Not Active
2026/09/02 17:17:22.168, 32108 MiB, 45, 113.57 W, 2910 MHz, 13801 MHz, Not Active, Not Active, Not Active, Not Active, Not Active
2026/09/02 17:17:22.368, 32108 MiB, 45, 113.57 W, 2910 MHz, 13801 MHz, Not Active, Not Active, Not Active, Not Active, Not Active
2026/09/02 17:17:22.568, 32108 MiB, 45, 113.46 W, 2910 MHz, 13801 MHz, Not Active, Not Active, Not Active, Not Active, Not Active
2026/09/02 17:17:22.768, 32108 MiB, 45, 113.46 W, 2910 MHz, 13801 MHz, Not Active, Not Active, Not Active, Not Active, Not Active
2026/09/02 17:17:22.968, 32108 MiB, 45, 113.40 W, 2910 MHz, 13801 MHz, Not Active, Not Active, Not Active, Not Active, Not Active
2026/09/02 17:17:23.168, 32108 MiB, 45, 113.40 W, 2910 MHz, 13801 MHz, Not Active, Not Active, Not Active, Not Active, Not Active
2026/09/02 17:17:23.369, 32108 MiB, 45, 113.40 W, 2910 MHz, 13801 MHz, Not Active, Not Active, Not Active, Not Active, Not Active
2026/09/02 17:17:23.569, 32108 MiB, 45, 113.24 W, 2910 MHz, 13801 MHz, Not Active, Not Active, Not Active, Not Active, Not Active
2026/09/02 17:17:23.769, 32108 MiB, 45, 113.24 W, 2910 MHz, 13801 MHz, Not Active, Not Active, Not Active, Not Active, Not Active
2026/09/02 17:17:23.969, 32108 MiB, 45, 113.21 W, 2910 MHz, 13801 MHz, Not Active, Not Active, Not Active, Not Active, Not Active
2026/09/02 17:17:24.169, 32108 MiB, 45, 113.21 W, 2910 MHz, 13801 MHz, Not Active, Not Active, Not Active, Not Active, Not Active
2026/09/02 17:17:24.370, 32108 MiB, 45, 113.21 W, 2910 MHz, 13801 MHz, Not Active, Not Active, Not Active, Not Active, Not Active
2026/09/02 17:17:24.570, 32108 MiB, 45, 113.14 W, 2910 MHz, 13801 MHz, Not Active, Not Active, Not Active, Not Active, Not Active
2026/09/02 17:17:24.770, 32108 MiB, 45, 113.14 W, 2910 MHz, 13801 MHz, Not Active, Not Active, Not Active, Not Active, Not Active
2026/09/02 17:17:24.970, 32108 MiB, 45, 113.10 W, 2910 MHz, 13801 MHz, Not Active, Not Active, Not Active, Not Active, Not Active
2026/09/02 17:17:25.170, 32108 MiB, 45, 113.10 W, 2910 MHz, 13801 MHz, Not Active, Not Active, Not Active, Not Active, Not Active
2026/09/02 17:17:25.371, 32108 MiB, 45, 113.10 W, 2910 MHz, 13801 MHz, Not Active, Not Active, Not Active, Not Active, Not Active
2026/09/02 17:17:25.571, 32108 MiB, 45, 113.16 W, 2910 MHz, 13801 MHz, Not Active, Not Active, Not Active, Not Active, Not Active
2026/09/02 17:17:25.771, 32108 MiB, 45, 113.16 W, 2910 MHz, 13801 MHz, Not Active, Not Active, Not Active, Not Active, Not Active
2026/09/02 17:17:25.971, 32108 MiB, 45, 112.97 W, 2910 MHz, 13801 MHz, Not Active, Not Active, Not Active, Not Active, Not Active
2026/09/02 17:17:26.172, 32108 MiB, 45, 112.97 W, 2910 MHz, 13801 MHz, Not Active, Not Active, Not Active, Not Active, Not Active
2026/09/02 17:17:26.372, 32108 MiB, 45, 112.97 W, 2910 MHz, 13801 MHz, Not Active, Not Active, Not Active, Not Active, Not Active
2026/09/02 17:17:26.572, 32108 MiB, 45, 113.12 W, 2910 MHz, 13801 MHz, Not Active, Not Active, Not Active, Not Active, Not Active
2026/09/02 17:17:26.772, 32108 MiB, 45, 113.12 W, 2910 MHz, 13801 MHz, Not Active, Not Active, Not Active, Not Active, Not Active
2026/09/02 17:17:26.972, 32108 MiB, 45, 113.18 W, 2910 MHz, 13801 MHz, Not Active, Not Active, Not Active, Not Active, Not Active
2026/09/02 17:17:27.173, 32108 MiB, 45, 113.18 W, 2910 MHz, 13801 MHz, Not Active, Not Active, Not Active, Not Active, Not Active
2026/09/02 17:17:27.373, 32108 MiB, 45, 113.18 W, 2910 MHz, 13801 MHz, Not Active, Not Active, Not Active, Not Active, Not Active
2026/09/02 17:17:27.573, 32108 MiB, 45, 113.18 W, 2910 MHz, 13801 MHz, Not Active, Not Active, Not Active, Not Active, Not Active
2026/09/02 17:17:27.773, 32108 MiB, 45, 113.18 W, 2910 MHz, 13801 MHz, Not Active, Not Active, Not Active, Not Active, Not Active
2026/09/02 17:17:27.974, 32108 MiB, 45, 115.24 W, 2910 MHz, 13801 MHz, Not Active, Not Active, Not Active, Not Active, Not Active
2026/09/02 17:17:28.174, 32108 MiB, 45, 115.24 W, 2910 MHz, 13801 MHz, Not Active, Not Active, Not Active, Not Active, Not Active
2026/09/02 17:17:28.374, 32108 MiB, 45, 115.24 W, 2910 MHz, 13801 MHz, Not Active, Not Active, Not Active, Not Active, Not Active
2026/09/02 17:17:28.574, 32108 MiB, 45, 116.51 W, 2910 MHz, 13801 MHz, Not Active, Not Active, Not Active, Not Active, Not Active
2026/09/02 17:17:28.774, 32108 MiB, 45, 116.51 W, 2910 MHz, 13801 MHz, Not Active, Not Active, Not Active, Not Active, Not Active
2026/09/02 17:17:28.974, 32108 MiB, 45, 113.88 W, 2910 MHz, 13801 MHz, Not Active, Not Active, Not Active, Not Active, Not Active
2026/09/02 17:17:29.175, 32108 MiB, 45, 113.88 W, 2910 MHz, 13801 MHz, Not Active, Not Active, Not Active, Not Active, Not Active
2026/09/02 17:17:29.375, 32108 MiB, 45, 113.88 W, 2910 MHz, 13801 MHz, Not Active, Not Active, Not Active, Not Active, Not Active
2026/09/02 17:17:29.575, 32108 MiB, 45, 112.37 W, 2910 MHz, 13801 MHz, Not Active, Not Active, Not Active, Not Active, Not Active
2026/09/02 17:17:29.775, 32108 MiB, 45, 112.37 W, 2910 MHz, 13801 MHz, Not Active, Not Active, Not Active, Not Active, Not Active
2026/09/02 17:17:29.975, 32108 MiB, 45, 112.28 W, 2910 MHz, 13801 MHz, Not Active, Not Active, Not Active, Not Active, Not Active
2026/09/02 17:17:30.176, 32108 MiB, 45, 112.28 W, 2910 MHz, 13801 MHz, Not Active, Not Active, Not Active, Not Active, Not Active
2026/09/02 17:17:30.376, 32108 MiB, 45, 112.28 W, 2910 MHz, 13801 MHz, Not Active, Not Active, Not Active, Not Active, Not Active
2026/09/02 17:17:30.576, 32108 MiB, 45, 112.21 W, 2910 MHz, 13801 MHz, Not Active, Not Active, Not Active, Not Active, Not Active
2026/09/02 17:17:30.776, 32108 MiB, 45, 112.21 W, 2910 MHz, 13801 MHz, Not Active, Not Active, Not Active, Not Active, Not Active
2026/09/02 17:17:30.977, 32108 MiB, 45, 112.28 W, 2910 MHz, 13801 MHz, Not Active, Not Active, Not Active, Not Active, Not Active
2026/09/02 17:17:31.177, 32108 MiB, 45, 112.28 W, 2910 MHz, 13801 MHz, Not Active, Not Active, Not Active, Not Active, Not Active
2026/09/02 17:17:31.377, 32108 MiB, 45, 112.28 W, 2910 MHz, 13801 MHz, Not Active, Not Active, Not Active, Not Active, Not Active
2026/09/02 17:17:31.577, 32108 MiB, 45, 112.30 W, 2910 MHz, 13801 MHz, Not Active, Not Active, Not Active, Not Active, Not Active
2026/09/02 17:17:31.777, 32108 MiB, 45, 112.30 W, 2910 MHz, 13801 MHz, Not Active, Not Active, Not Active, Not Active, Not Active
2026/09/02 17:17:31.978, 32108 MiB, 45, 112.17 W, 2910 MHz, 13801 MHz, Not Active, Not Active, Not Active, Not Active, Not Active
2026/09/02 17:17:32.178, 32108 MiB, 45, 112.17 W, 2910 MHz, 13801 MHz, Not Active, Not Active, Not Active, Not Active, Not Active
2026/09/02 17:17:32.378, 32108 MiB, 45, 112.17 W, 2910 MHz, 13801 MHz, Not Active, Not Active, Not Active, Not Active, Not Active
2026/09/02 17:17:32.578, 32108 MiB, 45, 112.18 W, 2910 MHz, 13801 MHz, Not Active, Not Active, Not Active, Not Active, Not Active
2026/09/02 17:17:32.778, 32108 MiB, 45, 112.18 W, 2910 MHz, 13801 MHz, Not Active, Not Active, Not Active, Not Active, Not Active
2026/09/02 17:17:32.979, 32108 MiB, 45, 112.28 W, 2910 MHz, 13801 MHz, Not Active, Not Active, Not Active, Not Active, Not Active
2026/09/02 17:17:33.179, 32108 MiB, 45, 112.28 W, 2910 MHz, 13801 MHz, Not Active, Not Active, Not Active, Not Active, Not Active
2026/09/02 17:17:33.379, 32108 MiB, 45, 112.28 W, 2910 MHz, 13801 MHz, Not Active, Not Active, Not Active, Not Active, Not Active
2026/09/02 17:17:33.579, 32108 MiB, 45, 112.31 W, 2910 MHz, 13801 MHz, Not Active, Not Active, Not Active, Not Active, Not Active
2026/09/02 17:17:33.779, 32108 MiB, 45, 112.31 W, 2910 MHz, 13801 MHz, Not Active, Not Active, Not Active, Not Active, Not Active
2026/09/02 17:17:33.980, 32108 MiB, 45, 112.17 W, 2910 MHz, 13801 MHz, Not Active, Not Active, Not Active, Not Active, Not Active
2026/09/02 17:17:34.180, 32108 MiB, 45, 112.17 W, 2910 MHz, 13801 MHz, Not Active, Not Active, Not Active, Not Active, Not Active
2026/09/02 17:17:34.380, 32108 MiB, 45, 112.17 W, 2910 MHz, 13801 MHz, Not Active, Not Active, Not Active, Not Active, Not Active
2026/09/02 17:17:34.580, 32108 MiB, 45, 112.13 W, 2910 MHz, 13801 MHz, Not Active, Not Active, Not Active, Not Active, Not Active
2026/09/02 17:17:34.781, 32108 MiB, 45, 112.13 W, 2910 MHz, 13801 MHz, Not Active, Not Active, Not Active, Not Active, Not Active
2026/09/02 17:17:34.981, 32108 MiB, 45, 112.19 W, 2910 MHz, 13801 MHz, Not Active, Not Active, Not Active, Not Active, Not Active
2026/09/02 17:17:35.181, 32108 MiB, 45, 112.19 W, 2910 MHz, 13801 MHz, Not Active, Not Active, Not Active, Not Active, Not Active
2026/09/02 17:17:35.381, 32108 MiB, 45, 112.19 W, 2910 MHz, 13801 MHz, Not Active, Not Active, Not Active, Not Active, Not Active
2026/09/02 17:17:35.582, 32108 MiB, 45, 112.22 W, 2910 MHz, 13801 MHz, Not Active, Not Active, Not Active, Not Active, Not Active
2026/09/02 17:17:35.782, 32108 MiB, 45, 112.22 W, 2910 MHz, 13801 MHz, Not Active, Not Active, Not Active, Not Active, Not Active
2026/09/02 17:17:35.982, 32108 MiB, 45, 112.26 W, 2910 MHz, 13801 MHz, Not Active, Not Active, Not Active, Not Active, Not Active
2026/09/02 17:17:36.182, 32108 MiB, 45, 112.26 W, 2910 MHz, 13801 MHz, Not Active, Not Active, Not Active, Not Active, Not Active
2026/09/02 17:17:36.383, 32108 MiB, 45, 112.26 W, 2910 MHz, 13801 MHz, Not Active, Not Active, Not Active, Not Active, Not Active
2026/09/02 17:17:36.583, 32108 MiB, 45, 112.28 W, 2910 MHz, 13801 MHz, Not Active, Not Active, Not Active, Not Active, Not Active
2026/09/02 17:17:36.783, 32108 MiB, 45, 112.28 W, 2910 MHz, 13801 MHz, Not Active, Not Active, Not Active, Not Active, Not Active
2026/09/02 17:17:36.983, 32108 MiB, 45, 112.25 W, 2910 MHz, 13801 MHz, Not Active, Not Active, Not Active, Not Active, Not Active
2026/09/02 17:17:37.183, 32108 MiB, 45, 112.25 W, 2910 MHz, 13801 MHz, Not Active, Not Active, Not Active, Not Active, Not Active
2026/09/02 17:17:37.384, 32108 MiB, 45, 112.25 W, 2910 MHz, 13801 MHz, Not Active, Not Active, Not Active, Not Active, Not Active
2026/09/02 17:17:37.588, 32108 MiB, 45, 113.79 W, 2910 MHz, 13801 MHz, Not Active, Not Active, Not Active, Not Active, Not Active
2026/09/02 17:17:37.788, 32108 MiB, 45, 113.79 W, 2910 MHz, 13801 MHz, Not Active, Not Active, Not Active, Not Active, Not Active
2026/09/02 17:17:37.988, 32108 MiB, 45, 112.66 W, 2910 MHz, 13801 MHz, Not Active, Not Active, Not Active, Not Active, Not Active
2026/09/02 17:17:38.189, 32108 MiB, 45, 112.66 W, 2910 MHz, 13801 MHz, Not Active, Not Active, Not Active, Not Active, Not Active
2026/09/02 17:17:38.389, 32108 MiB, 45, 112.66 W, 2910 MHz, 13801 MHz, Not Active, Not Active, Not Active, Not Active, Not Active
2026/09/02 17:17:38.589, 32108 MiB, 45, 113.04 W, 2910 MHz, 13801 MHz, Not Active, Not Active, Not Active, Not Active, Not Active
2026/09/02 17:17:38.789, 32108 MiB, 45, 113.04 W, 2910 MHz, 13801 MHz, Not Active, Not Active, Not Active, Not Active, Not Active
2026/09/02 17:17:38.989, 32108 MiB, 45, 113.16 W, 2910 MHz, 13801 MHz, Not Active, Not Active, Not Active, Not Active, Not Active
2026/09/02 17:17:39.190, 32108 MiB, 45, 113.16 W, 2910 MHz, 13801 MHz, Not Active, Not Active, Not Active, Not Active, Not Active
2026/09/02 17:17:39.390, 32108 MiB, 45, 113.16 W, 2910 MHz, 13801 MHz, Not Active, Not Active, Not Active, Not Active, Not Active
2026/09/02 17:17:39.590, 32108 MiB, 45, 113.53 W, 2910 MHz, 13801 MHz, Not Active, Not Active, Not Active, Not Active, Not Active
2026/09/02 17:17:39.790, 32108 MiB, 45, 113.53 W, 2910 MHz, 13801 MHz, Not Active, Not Active, Not Active, Not Active, Not Active
2026/09/02 17:17:39.990, 32108 MiB, 45, 113.36 W, 2910 MHz, 13801 MHz, Not Active, Not Active, Not Active, Not Active, Not Active
2026/09/02 17:17:40.191, 32108 MiB, 45, 113.36 W, 2910 MHz, 13801 MHz, Not Active, Not Active, Not Active, Not Active, Not Active
2026/09/02 17:17:40.391, 32108 MiB, 45, 113.36 W, 2910 MHz, 13801 MHz, Not Active, Not Active, Not Active, Not Active, Not Active
2026/09/02 17:17:40.591, 32108 MiB, 45, 112.95 W, 2910 MHz, 13801 MHz, Not Active, Not Active, Not Active, Not Active, Not Active
2026/09/02 17:17:40.791, 32108 MiB, 45, 112.95 W, 2910 MHz, 13801 MHz, Not Active, Not Active, Not Active, Not Active, Not Active
2026/09/02 17:17:40.992, 32108 MiB, 45, 113.21 W, 2910 MHz, 13801 MHz, Not Active, Not Active, Not Active, Not Active, Not Active
2026/09/02 17:17:41.192, 32108 MiB, 45, 113.21 W, 2910 MHz, 13801 MHz, Not Active, Not Active, Not Active, Not Active, Not Active
2026/09/02 17:17:41.392, 32108 MiB, 45, 113.21 W, 2910 MHz, 13801 MHz, Not Active, Not Active, Not Active, Not Active, Not Active
2026/09/02 17:17:41.592, 32108 MiB, 44, 113.66 W, 2910 MHz, 13801 MHz, Not Active, Not Active, Not Active, Not Active, Not Active
2026/09/02 17:17:41.792, 32108 MiB, 44, 113.66 W, 2910 MHz, 13801 MHz, Not Active, Not Active, Not Active, Not Active, Not Active
2026/09/02 17:17:41.993, 32108 MiB, 45, 113.75 W, 2910 MHz, 13801 MHz, Not Active, Not Active, Not Active, Not Active, Not Active
2026/09/02 17:17:42.193, 32108 MiB, 45, 113.75 W, 2910 MHz, 13801 MHz, Not Active, Not Active, Not Active, Not Active, Not Active
2026/09/02 17:17:42.393, 32108 MiB, 45, 113.75 W, 2910 MHz, 13801 MHz, Not Active, Not Active, Not Active, Not Active, Not Active
2026/09/02 17:17:42.593, 32108 MiB, 45, 114.50 W, 2910 MHz, 13801 MHz, Not Active, Not Active, Not Active, Not Active, Not Active
2026/09/02 17:17:42.794, 32108 MiB, 45, 114.50 W, 2910 MHz, 13801 MHz, Not Active, Not Active, Not Active, Not Active, Not Active
2026/09/02 17:17:42.994, 32108 MiB, 44, 114.39 W, 2910 MHz, 13801 MHz, Not Active, Not Active, Not Active, Not Active, Not Active
2026/09/02 17:17:43.194, 32108 MiB, 44, 114.39 W, 2910 MHz, 13801 MHz, Not Active, Not Active, Not Active, Not Active, Not Active
2026/09/02 17:17:43.394, 32108 MiB, 44, 114.39 W, 2910 MHz, 13801 MHz, Not Active, Not Active, Not Active, Not Active, Not Active
2026/09/02 17:17:43.595, 32108 MiB, 44, 113.76 W, 2910 MHz, 13801 MHz, Not Active, Not Active, Not Active, Not Active, Not Active
2026/09/02 17:17:43.795, 32108 MiB, 44, 113.76 W, 2910 MHz, 13801 MHz, Not Active, Not Active, Not Active, Not Active, Not Active
2026/09/02 17:17:43.995, 32108 MiB, 44, 114.01 W, 2910 MHz, 13801 MHz, Not Active, Not Active, Not Active, Not Active, Not Active
2026/09/02 17:17:44.195, 32108 MiB, 44, 114.01 W, 2910 MHz, 13801 MHz, Not Active, Not Active, Not Active, Not Active, Not Active
2026/09/02 17:17:44.395, 32108 MiB, 44, 114.01 W, 2910 MHz, 13801 MHz, Not Active, Not Active, Not Active, Not Active, Not Active
2026/09/02 17:17:44.596, 32108 MiB, 44, 113.89 W, 2910 MHz, 13801 MHz, Not Active, Not Active, Not Active, Not Active, Not Active
2026/09/02 17:17:44.796, 32108 MiB, 44, 113.89 W, 2910 MHz, 13801 MHz, Not Active, Not Active, Not Active, Not Active, Not Active
2026/09/02 17:17:44.996, 32108 MiB, 44, 113.73 W, 2910 MHz, 13801 MHz, Not Active, Not Active, Not Active, Not Active, Not Active
2026/09/02 17:17:45.196, 32108 MiB, 44, 113.73 W, 2910 MHz, 13801 MHz, Not Active, Not Active, Not Active, Not Active, Not Active
2026/09/02 17:17:45.397, 32108 MiB, 44, 113.73 W, 2910 MHz, 13801 MHz, Not Active, Not Active, Not Active, Not Active, Not Active
2026/09/02 17:17:45.597, 32108 MiB, 44, 113.91 W, 2910 MHz, 13801 MHz, Not Active, Not Active, Not Active, Not Active, Not Active
2026/09/02 17:17:45.797, 32108 MiB, 44, 113.91 W, 2910 MHz, 13801 MHz, Not Active, Not Active, Not Active, Not Active, Not Active
2026/09/02 17:17:45.997, 32108 MiB, 44, 114.79 W, 2910 MHz, 13801 MHz, Not Active, Not Active, Not Active, Not Active, Not Active
2026/09/02 17:17:46.198, 32108 MiB, 44, 114.79 W, 2910 MHz, 13801 MHz, Not Active, Not Active, Not Active, Not Active, Not Active
2026/09/02 17:17:46.398, 32108 MiB, 44, 114.79 W, 2910 MHz, 13801 MHz, Not Active, Not Active, Not Active, Not Active, Not Active
2026/09/02 17:17:46.598, 32108 MiB, 44, 115.01 W, 2910 MHz, 13801 MHz, Not Active, Not Active, Not Active, Not Active, Not Active
2026/09/02 17:17:46.798, 32108 MiB, 44, 115.01 W, 2910 MHz, 13801 MHz, Not Active, Not Active, Not Active, Not Active, Not Active
2026/09/02 17:17:46.998, 32108 MiB, 44, 114.78 W, 2910 MHz, 13801 MHz, Not Active, Not Active, Not Active, Not Active, Not Active
2026/09/02 17:17:47.199, 32108 MiB, 44, 114.78 W, 2910 MHz, 13801 MHz, Not Active, Not Active, Not Active, Not Active, Not Active
2026/09/02 17:17:47.399, 32108 MiB, 44, 114.78 W, 2910 MHz, 13801 MHz, Not Active, Not Active, Not Active, Not Active, Not Active
2026/09/02 17:17:47.599, 32108 MiB, 45, 114.85 W, 2910 MHz, 13801 MHz, Not Active, Not Active, Not Active, Not Active, Not Active
2026/09/02 17:17:47.799, 32108 MiB, 45, 114.85 W, 2910 MHz, 13801 MHz, Not Active, Not Active, Not Active, Not Active, Not Active
2026/09/02 17:17:48.000, 32108 MiB, 44, 115.84 W, 2910 MHz, 13801 MHz, Not Active, Not Active, Not Active, Not Active, Not Active
2026/09/02 17:17:48.200, 32108 MiB, 44, 115.84 W, 2910 MHz, 13801 MHz, Not Active, Not Active, Not Active, Not Active, Not Active
2026/09/02 17:17:48.400, 32108 MiB, 44, 115.84 W, 2910 MHz, 13801 MHz, Not Active, Not Active, Not Active, Not Active, Not Active
2026/09/02 17:17:48.600, 32108 MiB, 44, 115.80 W, 2910 MHz, 13801 MHz, Not Active, Not Active, Not Active, Not Active, Not Active
2026/09/02 17:17:48.801, 32108 MiB, 44, 115.80 W, 2910 MHz, 13801 MHz, Not Active, Not Active, Not Active, Not Active, Not Active
2026/09/02 17:17:49.001, 32108 MiB, 44, 114.40 W, 2910 MHz, 13801 MHz, Not Active, Not Active, Not Active, Not Active, Not Active
2026/09/02 17:17:49.201, 32108 MiB, 44, 114.40 W, 2910 MHz, 13801 MHz, Not Active, Not Active, Not Active, Not Active, Not Active
2026/09/02 17:17:49.401, 32108 MiB, 44, 114.40 W, 2910 MHz, 13801 MHz, Not Active, Not Active, Not Active, Not Active, Not Active
2026/09/02 17:17:49.602, 32108 MiB, 44, 113.64 W, 2910 MHz, 13801 MHz, Not Active, Not Active, Not Active, Not Active, Not Active
2026/09/02 17:17:49.802, 32108 MiB, 44, 113.64 W, 2910 MHz, 13801 MHz, Not Active, Not Active, Not Active, Not Active, Not Active
2026/09/02 17:17:50.002, 32108 MiB, 44, 113.62 W, 2910 MHz, 13801 MHz, Not Active, Not Active, Not Active, Not Active, Not Active
2026/09/02 17:17:50.202, 32108 MiB, 44, 113.62 W, 2910 MHz, 13801 MHz, Not Active, Not Active, Not Active, Not Active, Not Active
2026/09/02 17:17:50.403, 32108 MiB, 44, 113.62 W, 2910 MHz, 13801 MHz, Not Active, Not Active, Not Active, Not Active, Not Active
2026/09/02 17:17:50.603, 32108 MiB, 44, 113.60 W, 2910 MHz, 13801 MHz, Not Active, Not Active, Not Active, Not Active, Not Active
2026/09/02 17:17:50.803, 32108 MiB, 44, 113.60 W, 2910 MHz, 13801 MHz, Not Active, Not Active, Not Active, Not Active, Not Active
2026/09/02 17:17:51.003, 32108 MiB, 44, 113.83 W, 2910 MHz, 13801 MHz, Not Active, Not Active, Not Active, Not Active, Not Active
2026/09/02 17:17:51.203, 32108 MiB, 44, 113.83 W, 2910 MHz, 13801 MHz, Not Active, Not Active, Not Active, Not Active, Not Active
2026/09/02 17:17:51.404, 32108 MiB, 44, 113.83 W, 2910 MHz, 13801 MHz, Not Active, Not Active, Not Active, Not Active, Not Active
2026/09/02 17:17:51.604, 32108 MiB, 44, 113.88 W, 2910 MHz, 13801 MHz, Not Active, Not Active, Not Active, Not Active, Not Active
2026/09/02 17:17:51.804, 32108 MiB, 44, 113.88 W, 2910 MHz, 13801 MHz, Not Active, Not Active, Not Active, Not Active, Not Active
2026/09/02 17:17:52.004, 32108 MiB, 44, 113.75 W, 2910 MHz, 13801 MHz, Not Active, Not Active, Not Active, Not Active, Not Active
2026/09/02 17:17:52.204, 32108 MiB, 44, 113.75 W, 2910 MHz, 13801 MHz, Not Active, Not Active, Not Active, Not Active, Not Active
2026/09/02 17:17:52.405, 32108 MiB, 44, 113.75 W, 2910 MHz, 13801 MHz, Not Active, Not Active, Not Active, Not Active, Not Active
2026/09/02 17:17:52.605, 32108 MiB, 44, 114.09 W, 2910 MHz, 13801 MHz, Not Active, Not Active, Not Active, Not Active, Not Active
2026/09/02 17:17:52.805, 32108 MiB, 44, 114.09 W, 2910 MHz, 13801 MHz, Not Active, Not Active, Not Active, Not Active, Not Active
2026/09/02 17:17:53.007, 32108 MiB, 44, 114.29 W, 2910 MHz, 13801 MHz, Not Active, Not Active, Not Active, Not Active, Not Active
2026/09/02 17:17:53.207, 32108 MiB, 44, 114.29 W, 2910 MHz, 13801 MHz, Not Active, Not Active, Not Active, Not Active, Not Active
2026/09/02 17:17:53.407, 32108 MiB, 44, 114.29 W, 2910 MHz, 13801 MHz, Not Active, Not Active, Not Active, Not Active, Not Active
2026/09/02 17:17:53.608, 32108 MiB, 44, 113.97 W, 2910 MHz, 13801 MHz, Not Active, Not Active, Not Active, Not Active, Not Active
2026/09/02 17:17:53.808, 32108 MiB, 44, 113.97 W, 2910 MHz, 13801 MHz, Not Active, Not Active, Not Active, Not Active, Not Active
2026/09/02 17:17:54.008, 32108 MiB, 44, 113.79 W, 2910 MHz, 13801 MHz, Not Active, Not Active, Not Active, Not Active, Not Active
2026/09/02 17:17:54.208, 32108 MiB, 44, 113.79 W, 2910 MHz, 13801 MHz, Not Active, Not Active, Not Active, Not Active, Not Active
2026/09/02 17:17:54.408, 32108 MiB, 44, 113.79 W, 2910 MHz, 13801 MHz, Not Active, Not Active, Not Active, Not Active, Not Active
2026/09/02 17:17:54.609, 32108 MiB, 44, 113.75 W, 2910 MHz, 13801 MHz, Not Active, Not Active, Not Active, Not Active, Not Active
2026/09/02 17:17:54.809, 32108 MiB, 44, 113.75 W, 2910 MHz, 13801 MHz, Not Active, Not Active, Not Active, Not Active, Not Active
2026/09/02 17:17:55.009, 32108 MiB, 44, 113.98 W, 2910 MHz, 13801 MHz, Not Active, Not Active, Not Active, Not Active, Not Active
2026/09/02 17:17:55.209, 32108 MiB, 44, 113.98 W, 2910 MHz, 13801 MHz, Not Active, Not Active, Not Active, Not Active, Not Active
2026/09/02 17:17:55.410, 32108 MiB, 44, 113.98 W, 2910 MHz, 13801 MHz, Not Active, Not Active, Not Active, Not Active, Not Active
2026/09/02 17:17:55.610, 32108 MiB, 44, 114.74 W, 2910 MHz, 13801 MHz, Not Active, Not Active, Not Active, Not Active, Not Active
2026/09/02 17:17:55.810, 32108 MiB, 44, 114.74 W, 2910 MHz, 13801 MHz, Not Active, Not Active, Not Active, Not Active, Not Active
2026/09/02 17:17:56.010, 32108 MiB, 44, 116.15 W, 2910 MHz, 13801 MHz, Not Active, Not Active, Not Active, Not Active, Not Active
2026/09/02 17:17:56.210, 32108 MiB, 44, 116.15 W, 2910 MHz, 13801 MHz, Not Active, Not Active, Not Active, Not Active, Not Active
2026/09/02 17:17:56.411, 32108 MiB, 44, 116.15 W, 2910 MHz, 13801 MHz, Not Active, Not Active, Not Active, Not Active, Not Active
2026/09/02 17:17:56.611, 32108 MiB, 44, 116.05 W, 2910 MHz, 13801 MHz, Not Active, Not Active, Not Active, Not Active, Not Active
2026/09/02 17:17:56.811, 32108 MiB, 44, 116.05 W, 2910 MHz, 13801 MHz, Not Active, Not Active, Not Active, Not Active, Not Active
2026/09/02 17:17:57.011, 32108 MiB, 44, 114.90 W, 2910 MHz, 13801 MHz, Not Active, Not Active, Not Active, Not Active, Not Active
2026/09/02 17:17:57.212, 32108 MiB, 44, 114.90 W, 2910 MHz, 13801 MHz, Not Active, Not Active, Not Active, Not Active, Not Active
2026/09/02 17:17:57.412, 32108 MiB, 44, 114.90 W, 2910 MHz, 13801 MHz, Not Active, Not Active, Not Active, Not Active, Not Active
2026/09/02 17:17:57.612, 32108 MiB, 44, 113.85 W, 2910 MHz, 13801 MHz, Not Active, Not Active, Not Active, Not Active, Not Active
2026/09/02 17:17:57.813, 32108 MiB, 44, 113.85 W, 2910 MHz, 13801 MHz, Not Active, Not Active, Not Active, Not Active, Not Active
2026/09/02 17:17:58.013, 32108 MiB, 44, 113.76 W, 2910 MHz, 13801 MHz, Not Active, Not Active, Not Active, Not Active, Not Active
2026/09/02 17:17:58.213, 32108 MiB, 44, 113.76 W, 2910 MHz, 13801 MHz, Not Active, Not Active, Not Active, Not Active, Not Active
2026/09/02 17:17:58.413, 32108 MiB, 44, 113.76 W, 2910 MHz, 13801 MHz, Not Active, Not Active, Not Active, Not Active, Not Active
2026/09/02 17:17:58.613, 32108 MiB, 44, 113.75 W, 2910 MHz, 13801 MHz, Not Active, Not Active, Not Active, Not Active, Not Active
2026/09/02 17:17:58.813, 32108 MiB, 44, 113.75 W, 2910 MHz, 13801 MHz, Not Active, Not Active, Not Active, Not Active, Not Active
2026/09/02 17:17:59.014, 32108 MiB, 44, 114.19 W, 2910 MHz, 13801 MHz, Not Active, Not Active, Not Active, Not Active, Not Active
2026/09/02 17:17:59.214, 32108 MiB, 44, 114.19 W, 2910 MHz, 13801 MHz, Not Active, Not Active, Not Active, Not Active, Not Active
2026/09/02 17:17:59.414, 32108 MiB, 44, 114.19 W, 2910 MHz, 13801 MHz, Not Active, Not Active, Not Active, Not Active, Not Active
2026/09/02 17:17:59.614, 32108 MiB, 44, 115.12 W, 2910 MHz, 13801 MHz, Not Active, Not Active, Not Active, Not Active, Not Active
2026/09/02 17:17:59.815, 32108 MiB, 44, 115.12 W, 2910 MHz, 13801 MHz, Not Active, Not Active, Not Active, Not Active, Not Active
2026/09/02 17:18:00.015, 32108 MiB, 44, 113.06 W, 2910 MHz, 13801 MHz, Not Active, Not Active, Not Active, Not Active, Not Active
2026/09/02 17:18:00.215, 32108 MiB, 44, 113.06 W, 2910 MHz, 13801 MHz, Not Active, Not Active, Not Active, Not Active, Not Active
2026/09/02 17:18:00.415, 32108 MiB, 44, 113.06 W, 2910 MHz, 13801 MHz, Not Active, Not Active, Not Active, Not Active, Not Active
2026/09/02 17:18:00.615, 32108 MiB, 44, 114.46 W, 2910 MHz, 13801 MHz, Not Active, Not Active, Not Active, Not Active, Not Active
2026/09/02 17:18:00.816, 32108 MiB, 44, 114.46 W, 2910 MHz, 13801 MHz, Not Active, Not Active, Not Active, Not Active, Not Active
2026/09/02 17:18:01.016, 32108 MiB, 44, 116.33 W, 2910 MHz, 13801 MHz, Not Active, Not Active, Not Active, Not Active, Not Active
2026/09/02 17:18:01.216, 32108 MiB, 44, 116.33 W, 2910 MHz, 13801 MHz, Not Active, Not Active, Not Active, Not Active, Not Active
2026/09/02 17:18:01.416, 32108 MiB, 44, 116.33 W, 2910 MHz, 13801 MHz, Not Active, Not Active, Not Active, Not Active, Not Active
2026/09/02 17:18:01.616, 32108 MiB, 44, 115.40 W, 2910 MHz, 13801 MHz, Not Active, Not Active, Not Active, Not Active, Not Active
2026/09/02 17:18:01.817, 32108 MiB, 44, 115.40 W, 2910 MHz, 13801 MHz, Not Active, Not Active, Not Active, Not Active, Not Active
2026/09/02 17:18:02.017, 32108 MiB, 44, 116.81 W, 2910 MHz, 13801 MHz, Not Active, Not Active, Not Active, Not Active, Not Active
2026/09/02 17:18:02.217, 32108 MiB, 44, 116.81 W, 2910 MHz, 13801 MHz, Not Active, Not Active, Not Active, Not Active, Not Active
2026/09/02 17:18:02.417, 32108 MiB, 44, 116.81 W, 2910 MHz, 13801 MHz, Not Active, Not Active, Not Active, Not Active, Not Active
2026/09/02 17:18:02.617, 32108 MiB, 44, 116.97 W, 2910 MHz, 13801 MHz, Not Active, Not Active, Not Active, Not Active, Not Active
2026/09/02 17:18:02.818, 32108 MiB, 44, 116.97 W, 2910 MHz, 13801 MHz, Not Active, Not Active, Not Active, Not Active, Not Active
2026/09/02 17:18:03.018, 32108 MiB, 44, 120.98 W, 2910 MHz, 13801 MHz, Not Active, Not Active, Not Active, Not Active, Not Active
2026/09/02 17:18:03.218, 32108 MiB, 44, 120.98 W, 2910 MHz, 13801 MHz, Not Active, Not Active, Not Active, Not Active, Not Active
2026/09/02 17:18:03.418, 32108 MiB, 44, 120.98 W, 2910 MHz, 13801 MHz, Not Active, Not Active, Not Active, Not Active, Not Active
2026/09/02 17:18:03.618, 32108 MiB, 44, 125.95 W, 2910 MHz, 13801 MHz, Not Active, Not Active, Not Active, Not Active, Not Active
2026/09/02 17:18:03.819, 32108 MiB, 44, 125.95 W, 2910 MHz, 13801 MHz, Not Active, Not Active, Not Active, Not Active, Not Active
2026/09/02 17:18:04.019, 32108 MiB, 44, 120.24 W, 2910 MHz, 13801 MHz, Not Active, Not Active, Not Active, Not Active, Not Active
2026/09/02 17:18:04.219, 32108 MiB, 44, 120.24 W, 2910 MHz, 13801 MHz, Not Active, Not Active, Not Active, Not Active, Not Active
2026/09/02 17:18:04.419, 32108 MiB, 44, 120.24 W, 2910 MHz, 13801 MHz, Not Active, Not Active, Not Active, Not Active, Not Active
2026/09/02 17:18:04.619, 32108 MiB, 44, 115.45 W, 2910 MHz, 13801 MHz, Not Active, Not Active, Not Active, Not Active, Not Active
2026/09/02 17:18:04.820, 32108 MiB, 44, 115.45 W, 2910 MHz, 13801 MHz, Not Active, Not Active, Not Active, Not Active, Not Active
2026/09/02 17:18:05.020, 32108 MiB, 44, 115.03 W, 2910 MHz, 13801 MHz, Not Active, Not Active, Not Active, Not Active, Not Active
2026/09/02 17:18:05.220, 32108 MiB, 44, 115.03 W, 2910 MHz, 13801 MHz, Not Active, Not Active, Not Active, Not Active, Not Active
2026/09/02 17:18:05.420, 32108 MiB, 44, 115.03 W, 2910 MHz, 13801 MHz, Not Active, Not Active, Not Active, Not Active, Not Active
2026/09/02 17:18:05.621, 32108 MiB, 44, 114.92 W, 2910 MHz, 13801 MHz, Not Active, Not Active, Not Active, Not Active, Not Active
2026/09/02 17:18:05.821, 32108 MiB, 44, 114.92 W, 2910 MHz, 13801 MHz, Not Active, Not Active, Not Active, Not Active, Not Active
2026/09/02 17:18:06.021, 32108 MiB, 44, 114.78 W, 2910 MHz, 13801 MHz, Not Active, Not Active, Not Active, Not Active, Not Active
2026/09/02 17:18:06.221, 32108 MiB, 44, 114.78 W, 2910 MHz, 13801 MHz, Not Active, Not Active, Not Active, Not Active, Not Active
2026/09/02 17:18:06.421, 32108 MiB, 44, 114.78 W, 2910 MHz, 13801 MHz, Not Active, Not Active, Not Active, Not Active, Not Active
2026/09/02 17:18:06.622, 32108 MiB, 44, 114.45 W, 2910 MHz, 13801 MHz, Not Active, Not Active, Not Active, Not Active, Not Active
2026/09/02 17:18:06.822, 32108 MiB, 44, 114.45 W, 2910 MHz, 13801 MHz, Not Active, Not Active, Not Active, Not Active, Not Active
2026/09/02 17:18:07.022, 32108 MiB, 44, 114.05 W, 2910 MHz, 13801 MHz, Not Active, Not Active, Not Active, Not Active, Not Active
2026/09/02 17:18:07.222, 32108 MiB, 44, 114.05 W, 2910 MHz, 13801 MHz, Not Active, Not Active, Not Active, Not Active, Not Active
2026/09/02 17:18:07.423, 32108 MiB, 44, 114.05 W, 2910 MHz, 13801 MHz, Not Active, Not Active, Not Active, Not Active, Not Active
2026/09/02 17:18:07.623, 32108 MiB, 44, 114.14 W, 2910 MHz, 13801 MHz, Not Active, Not Active, Not Active, Not Active, Not Active
2026/09/02 17:18:07.823, 32108 MiB, 44, 114.14 W, 2910 MHz, 13801 MHz, Not Active, Not Active, Not Active, Not Active, Not Active
2026/09/02 17:18:08.023, 32108 MiB, 44, 114.00 W, 2910 MHz, 13801 MHz, Not Active, Not Active, Not Active, Not Active, Not Active
2026/09/02 17:18:08.224, 32108 MiB, 44, 114.00 W, 2910 MHz, 13801 MHz, Not Active, Not Active, Not Active, Not Active, Not Active
2026/09/02 17:18:08.424, 32108 MiB, 44, 114.00 W, 2910 MHz, 13801 MHz, Not Active, Not Active, Not Active, Not Active, Not Active
2026/09/02 17:18:08.624, 32108 MiB, 44, 113.70 W, 2910 MHz, 13801 MHz, Not Active, Not Active, Not Active, Not Active, Not Active
2026/09/02 17:18:08.824, 32108 MiB, 44, 113.70 W, 2910 MHz, 13801 MHz, Not Active, Not Active, Not Active, Not Active, Not Active
2026/09/02 17:18:09.025, 32108 MiB, 44, 113.74 W, 2910 MHz, 13801 MHz, Not Active, Not Active, Not Active, Not Active, Not Active
2026/09/02 17:18:09.225, 32108 MiB, 44, 113.74 W, 2910 MHz, 13801 MHz, Not Active, Not Active, Not Active, Not Active, Not Active
2026/09/02 17:18:09.425, 32108 MiB, 44, 113.74 W, 2910 MHz, 13801 MHz, Not Active, Not Active, Not Active, Not Active, Not Active
2026/09/02 17:18:09.625, 32108 MiB, 44, 113.69 W, 2910 MHz, 13801 MHz, Not Active, Not Active, Not Active, Not Active, Not Active
2026/09/02 17:18:09.825, 32108 MiB, 44, 113.69 W, 2910 MHz, 13801 MHz, Not Active, Not Active, Not Active, Not Active, Not Active
2026/09/02 17:18:10.025, 32108 MiB, 43, 113.75 W, 2910 MHz, 13801 MHz, Not Active, Not Active, Not Active, Not Active, Not Active
2026/09/02 17:18:10.225, 32108 MiB, 43, 113.75 W, 2910 MHz, 13801 MHz, Not Active, Not Active, Not Active, Not Active, Not Active
2026/09/02 17:18:10.426, 32108 MiB, 43, 113.75 W, 2910 MHz, 13801 MHz, Not Active, Not Active, Not Active, Not Active, Not Active
2026/09/02 17:18:10.626, 32108 MiB, 44, 113.90 W, 2910 MHz, 13801 MHz, Not Active, Not Active, Not Active, Not Active, Not Active
2026/09/02 17:18:10.826, 32108 MiB, 44, 113.90 W, 2910 MHz, 13801 MHz, Not Active, Not Active, Not Active, Not Active, Not Active
2026/09/02 17:18:11.026, 32108 MiB, 44, 114.08 W, 2910 MHz, 13801 MHz, Not Active, Not Active, Not Active, Not Active, Not Active
2026/09/02 17:18:11.227, 32108 MiB, 44, 114.08 W, 2910 MHz, 13801 MHz, Not Active, Not Active, Not Active, Not Active, Not Active
2026/09/02 17:18:11.427, 32108 MiB, 44, 114.08 W, 2910 MHz, 13801 MHz, Not Active, Not Active, Not Active, Not Active, Not Active
2026/09/02 17:18:11.627, 32108 MiB, 43, 114.25 W, 2910 MHz, 13801 MHz, Not Active, Not Active, Not Active, Not Active, Not Active
2026/09/02 17:18:11.827, 32108 MiB, 43, 114.25 W, 2910 MHz, 13801 MHz, Not Active, Not Active, Not Active, Not Active, Not Active
2026/09/02 17:18:12.028, 32108 MiB, 43, 114.39 W, 2910 MHz, 13801 MHz, Not Active, Not Active, Not Active, Not Active, Not Active
2026/09/02 17:18:12.228, 32108 MiB, 43, 114.39 W, 2910 MHz, 13801 MHz, Not Active, Not Active, Not Active, Not Active, Not Active
2026/09/02 17:18:12.428, 32108 MiB, 43, 114.39 W, 2910 MHz, 13801 MHz, Not Active, Not Active, Not Active, Not Active, Not Active
2026/09/02 17:18:12.628, 32108 MiB, 43, 114.24 W, 2910 MHz, 13801 MHz, Not Active, Not Active, Not Active, Not Active, Not Active
2026/09/02 17:18:12.828, 32108 MiB, 43, 114.24 W, 2910 MHz, 13801 MHz, Not Active, Not Active, Not Active, Not Active, Not Active
2026/09/02 17:18:13.029, 32108 MiB, 43, 113.99 W, 2910 MHz, 13801 MHz, Not Active, Not Active, Not Active, Not Active, Not Active
2026/09/02 17:18:13.229, 32108 MiB, 43, 113.99 W, 2910 MHz, 13801 MHz, Not Active, Not Active, Not Active, Not Active, Not Active
2026/09/02 17:18:13.429, 32108 MiB, 43, 113.99 W, 2910 MHz, 13801 MHz, Not Active, Not Active, Not Active, Not Active, Not Active
2026/09/02 17:18:13.629, 32108 MiB, 43, 113.94 W, 2910 MHz, 13801 MHz, Not Active, Not Active, Not Active, Not Active, Not Active
2026/09/02 17:18:13.830, 32108 MiB, 43, 113.94 W, 2910 MHz, 13801 MHz, Not Active, Not Active, Not Active, Not Active, Not Active
2026/09/02 17:18:14.030, 32108 MiB, 43, 113.81 W, 2910 MHz, 13801 MHz, Not Active, Not Active, Not Active, Not Active, Not Active
2026/09/02 17:18:14.230, 32108 MiB, 43, 113.81 W, 2910 MHz, 13801 MHz, Not Active, Not Active, Not Active, Not Active, Not Active
2026/09/02 17:18:14.430, 32108 MiB, 43, 113.81 W, 2910 MHz, 13801 MHz, Not Active, Not Active, Not Active, Not Active, Not Active
2026/09/02 17:18:14.631, 32108 MiB, 43, 113.57 W, 2910 MHz, 13801 MHz, Not Active, Not Active, Not Active, Not Active, Not Active
2026/09/02 17:18:14.831, 32108 MiB, 43, 113.57 W, 2910 MHz, 13801 MHz, Not Active, Not Active, Not Active, Not Active, Not Active
2026/09/02 17:18:15.031, 32108 MiB, 43, 113.55 W, 2910 MHz, 13801 MHz, Not Active, Not Active, Not Active, Not Active, Not Active
2026/09/02 17:18:15.231, 32108 MiB, 43, 113.55 W, 2910 MHz, 13801 MHz, Not Active, Not Active, Not Active, Not Active, Not Active
2026/09/02 17:18:15.432, 32108 MiB, 43, 113.55 W, 2910 MHz, 13801 MHz, Not Active, Not Active, Not Active, Not Active, Not Active
2026/09/02 17:18:15.632, 32108 MiB, 43, 114.53 W, 2910 MHz, 13801 MHz, Not Active, Not Active, Not Active, Not Active, Not Active
2026/09/02 17:18:15.832, 32108 MiB, 43, 114.53 W, 2910 MHz, 13801 MHz, Not Active, Not Active, Not Active, Not Active, Not Active
2026/09/02 17:18:16.032, 32108 MiB, 43, 117.50 W, 2910 MHz, 13801 MHz, Not Active, Not Active, Not Active, Not Active, Not Active
2026/09/02 17:18:16.233, 32108 MiB, 43, 117.50 W, 2910 MHz, 13801 MHz, Not Active, Not Active, Not Active, Not Active, Not Active
2026/09/02 17:18:16.433, 32108 MiB, 43, 117.50 W, 2910 MHz, 13801 MHz, Not Active, Not Active, Not Active, Not Active, Not Active
2026/09/02 17:18:16.633, 32108 MiB, 43, 116.74 W, 2910 MHz, 13801 MHz, Not Active, Not Active, Not Active, Not Active, Not Active
2026/09/02 17:18:16.833, 32108 MiB, 43, 116.74 W, 2910 MHz, 13801 MHz, Not Active, Not Active, Not Active, Not Active, Not Active
2026/09/02 17:18:17.033, 32108 MiB, 43, 114.09 W, 2910 MHz, 13801 MHz, Not Active, Not Active, Not Active, Not Active, Not Active
2026/09/02 17:18:17.234, 32108 MiB, 43, 114.09 W, 2910 MHz, 13801 MHz, Not Active, Not Active, Not Active, Not Active, Not Active
2026/09/02 17:18:17.434, 32108 MiB, 43, 114.09 W, 2910 MHz, 13801 MHz, Not Active, Not Active, Not Active, Not Active, Not Active
2026/09/02 17:18:17.634, 32108 MiB, 43, 116.01 W, 2910 MHz, 13801 MHz, Not Active, Not Active, Not Active, Not Active, Not Active
2026/09/02 17:18:17.834, 32108 MiB, 43, 116.01 W, 2910 MHz, 13801 MHz, Not Active, Not Active, Not Active, Not Active, Not Active
2026/09/02 17:18:18.035, 32108 MiB, 43, 117.63 W, 2910 MHz, 13801 MHz, Not Active, Not Active, Not Active, Not Active, Not Active
2026/09/02 17:18:18.235, 32108 MiB, 43, 117.63 W, 2910 MHz, 13801 MHz, Not Active, Not Active, Not Active, Not Active, Not Active
2026/09/02 17:18:18.435, 32108 MiB, 43, 117.63 W, 2910 MHz, 13801 MHz, Not Active, Not Active, Not Active, Not Active, Not Active
2026/09/02 17:18:18.635, 32108 MiB, 43, 117.18 W, 2910 MHz, 13801 MHz, Not Active, Not Active, Not Active, Not Active, Not Active
2026/09/02 17:18:18.835, 32108 MiB, 43, 117.18 W, 2910 MHz, 13801 MHz, Not Active, Not Active, Not Active, Not Active, Not Active
2026/09/02 17:18:19.036, 32108 MiB, 44, 117.09 W, 2910 MHz, 13801 MHz, Not Active, Not Active, Not Active, Not Active, Not Active
2026/09/02 17:18:19.236, 32108 MiB, 44, 117.09 W, 2910 MHz, 13801 MHz, Not Active, Not Active, Not Active, Not Active, Not Active
2026/09/02 17:18:19.436, 32108 MiB, 44, 117.09 W, 2910 MHz, 13801 MHz, Not Active, Not Active, Not Active, Not Active, Not Active
2026/09/02 17:18:19.636, 32108 MiB, 43, 114.63 W, 2910 MHz, 13801 MHz, Not Active, Not Active, Not Active, Not Active, Not Active
2026/09/02 17:18:19.837, 32108 MiB, 43, 114.63 W, 2910 MHz, 13801 MHz, Not Active, Not Active, Not Active, Not Active, Not Active
2026/09/02 17:18:20.037, 32108 MiB, 43, 112.81 W, 2910 MHz, 13801 MHz, Not Active, Not Active, Not Active, Not Active, Not Active
2026/09/02 17:18:20.237, 32108 MiB, 43, 112.81 W, 2910 MHz, 13801 MHz, Not Active, Not Active, Not Active, Not Active, Not Active
2026/09/02 17:18:20.438, 32108 MiB, 43, 112.81 W, 2910 MHz, 13801 MHz, Not Active, Not Active, Not Active, Not Active, Not Active
2026/09/02 17:18:20.638, 32108 MiB, 43, 112.26 W, 2910 MHz, 13801 MHz, Not Active, Not Active, Not Active, Not Active, Not Active
2026/09/02 17:18:20.838, 32108 MiB, 43, 112.26 W, 2910 MHz, 13801 MHz, Not Active, Not Active, Not Active, Not Active, Not Active
2026/09/02 17:18:21.038, 32108 MiB, 43, 113.11 W, 2910 MHz, 13801 MHz, Not Active, Not Active, Not Active, Not Active, Not Active
2026/09/02 17:18:21.239, 32108 MiB, 43, 113.11 W, 2910 MHz, 13801 MHz, Not Active, Not Active, Not Active, Not Active, Not Active
2026/09/02 17:18:21.439, 32108 MiB, 43, 113.11 W, 2910 MHz, 13801 MHz, Not Active, Not Active, Not Active, Not Active, Not Active
2026/09/02 17:18:21.639, 32108 MiB, 43, 113.98 W, 2910 MHz, 13801 MHz, Not Active, Not Active, Not Active, Not Active, Not Active
2026/09/02 17:18:21.839, 32108 MiB, 43, 113.98 W, 2910 MHz, 13801 MHz, Not Active, Not Active, Not Active, Not Active, Not Active
2026/09/02 17:18:22.040, 32108 MiB, 43, 116.16 W, 2910 MHz, 13801 MHz, Not Active, Not Active, Not Active, Not Active, Not Active
2026/09/02 17:18:22.240, 32108 MiB, 43, 116.16 W, 2910 MHz, 13801 MHz, Not Active, Not Active, Not Active, Not Active, Not Active
2026/09/02 17:18:22.440, 32108 MiB, 43, 116.16 W, 2910 MHz, 13801 MHz, Not Active, Not Active, Not Active, Not Active, Not Active
2026/09/02 17:18:22.640, 32108 MiB, 43, 117.11 W, 2910 MHz, 13801 MHz, Not Active, Not Active, Not Active, Not Active, Not Active
2026/09/02 17:18:22.840, 32108 MiB, 43, 117.11 W, 2910 MHz, 13801 MHz, Not Active, Not Active, Not Active, Not Active, Not Active
2026/09/02 17:18:23.041, 32108 MiB, 43, 115.17 W, 2910 MHz, 13801 MHz, Not Active, Not Active, Not Active, Not Active, Not Active
2026/09/02 17:18:23.241, 32108 MiB, 43, 115.17 W, 2910 MHz, 13801 MHz, Not Active, Not Active, Not Active, Not Active, Not Active
2026/09/02 17:18:23.441, 32108 MiB, 43, 115.17 W, 2910 MHz, 13801 MHz, Not Active, Not Active, Not Active, Not Active, Not Active
2026/09/02 17:18:23.641, 32108 MiB, 43, 114.84 W, 2910 MHz, 13801 MHz, Not Active, Not Active, Not Active, Not Active, Not Active
2026/09/02 17:18:23.842, 32108 MiB, 43, 114.84 W, 2910 MHz, 13801 MHz, Not Active, Not Active, Not Active, Not Active, Not Active
2026/09/02 17:18:24.042, 32108 MiB, 43, 115.25 W, 2910 MHz, 13801 MHz, Not Active, Not Active, Not Active, Not Active, Not Active
2026/09/02 17:18:24.242, 32108 MiB, 43, 115.25 W, 2910 MHz, 13801 MHz, Not Active, Not Active, Not Active, Not Active, Not Active
2026/09/02 17:18:24.442, 32108 MiB, 43, 115.25 W, 2910 MHz, 13801 MHz, Not Active, Not Active, Not Active, Not Active, Not Active
2026/09/02 17:18:24.643, 32108 MiB, 43, 115.30 W, 2910 MHz, 13801 MHz, Not Active, Not Active, Not Active, Not Active, Not Active
2026/09/02 17:18:24.843, 32108 MiB, 43, 115.30 W, 2910 MHz, 13801 MHz, Not Active, Not Active, Not Active, Not Active, Not Active
2026/09/02 17:18:25.043, 32108 MiB, 43, 116.19 W, 2910 MHz, 13801 MHz, Not Active, Not Active, Not Active, Not Active, Not Active
2026/09/02 17:18:25.243, 32108 MiB, 43, 116.19 W, 2910 MHz, 13801 MHz, Not Active, Not Active, Not Active, Not Active, Not Active
2026/09/02 17:18:25.443, 32108 MiB, 43, 116.19 W, 2910 MHz, 13801 MHz, Not Active, Not Active, Not Active, Not Active, Not Active
2026/09/02 17:18:25.644, 32108 MiB, 43, 116.01 W, 2910 MHz, 13801 MHz, Not Active, Not Active, Not Active, Not Active, Not Active
2026/09/02 17:18:25.844, 32108 MiB, 43, 116.01 W, 2910 MHz, 13801 MHz, Not Active, Not Active, Not Active, Not Active, Not Active
2026/09/02 17:18:26.044, 32108 MiB, 43, 115.61 W, 2910 MHz, 13801 MHz, Not Active, Not Active, Not Active, Not Active, Not Active
2026/09/02 17:18:26.244, 32108 MiB, 43, 115.61 W, 2910 MHz, 13801 MHz, Not Active, Not Active, Not Active, Not Active, Not Active
2026/09/02 17:18:26.445, 32108 MiB, 43, 115.61 W, 2910 MHz, 13801 MHz, Not Active, Not Active, Not Active, Not Active, Not Active
2026/09/02 17:18:26.645, 32108 MiB, 43, 117.09 W, 2910 MHz, 13801 MHz, Not Active, Not Active, Not Active, Not Active, Not Active
2026/09/02 17:18:26.845, 32108 MiB, 43, 117.09 W, 2910 MHz, 13801 MHz, Not Active, Not Active, Not Active, Not Active, Not Active
2026/09/02 17:18:27.045, 32108 MiB, 43, 116.34 W, 2910 MHz, 13801 MHz, Not Active, Not Active, Not Active, Not Active, Not Active
2026/09/02 17:18:27.246, 32108 MiB, 43, 116.34 W, 2910 MHz, 13801 MHz, Not Active, Not Active, Not Active, Not Active, Not Active
2026/09/02 17:18:27.446, 32108 MiB, 43, 116.34 W, 2910 MHz, 13801 MHz, Not Active, Not Active, Not Active, Not Active, Not Active
2026/09/02 17:18:27.646, 32108 MiB, 43, 114.82 W, 2910 MHz, 13801 MHz, Not Active, Not Active, Not Active, Not Active, Not Active
2026/09/02 17:18:27.846, 32108 MiB, 43, 114.82 W, 2910 MHz, 13801 MHz, Not Active, Not Active, Not Active, Not Active, Not Active
2026/09/02 17:18:28.046, 32108 MiB, 43, 114.68 W, 2910 MHz, 13801 MHz, Not Active, Not Active, Not Active, Not Active, Not Active
2026/09/02 17:18:28.247, 32108 MiB, 43, 114.68 W, 2910 MHz, 13801 MHz, Not Active, Not Active, Not Active, Not Active, Not Active
2026/09/02 17:18:28.447, 32108 MiB, 43, 114.68 W, 2910 MHz, 13801 MHz, Not Active, Not Active, Not Active, Not Active, Not Active
2026/09/02 17:18:28.647, 32108 MiB, 43, 114.54 W, 2910 MHz, 13801 MHz, Not Active, Not Active, Not Active, Not Active, Not Active
2026/09/02 17:18:28.847, 32108 MiB, 43, 114.54 W, 2910 MHz, 13801 MHz, Not Active, Not Active, Not Active, Not Active, Not Active
2026/09/02 17:18:29.047, 32108 MiB, 43, 114.26 W, 2910 MHz, 13801 MHz, Not Active, Not Active, Not Active, Not Active, Not Active
2026/09/02 17:18:29.248, 32108 MiB, 43, 114.26 W, 2910 MHz, 13801 MHz, Not Active, Not Active, Not Active, Not Active, Not Active
2026/09/02 17:18:29.448, 32108 MiB, 43, 114.26 W, 2910 MHz, 13801 MHz, Not Active, Not Active, Not Active, Not Active, Not Active
2026/09/02 17:18:29.648, 32108 MiB, 43, 115.46 W, 2910 MHz, 13801 MHz, Not Active, Not Active, Not Active, Not Active, Not Active
2026/09/02 17:18:29.848, 32108 MiB, 43, 115.46 W, 2910 MHz, 13801 MHz, Not Active, Not Active, Not Active, Not Active, Not Active
2026/09/02 17:18:30.049, 32108 MiB, 43, 115.99 W, 2910 MHz, 13801 MHz, Not Active, Not Active, Not Active, Not Active, Not Active
2026/09/02 17:18:30.249, 32108 MiB, 43, 115.99 W, 2910 MHz, 13801 MHz, Not Active, Not Active, Not Active, Not Active, Not Active
2026/09/02 17:18:30.449, 32108 MiB, 43, 115.99 W, 2910 MHz, 13801 MHz, Not Active, Not Active, Not Active, Not Active, Not Active
2026/09/02 17:18:30.649, 32108 MiB, 43, 114.92 W, 2910 MHz, 13801 MHz, Not Active, Not Active, Not Active, Not Active, Not Active
2026/09/02 17:18:30.849, 32108 MiB, 43, 114.92 W, 2910 MHz, 13801 MHz, Not Active, Not Active, Not Active, Not Active, Not Active
2026/09/02 17:18:31.050, 32108 MiB, 43, 114.87 W, 2910 MHz, 13801 MHz, Not Active, Not Active, Not Active, Not Active, Not Active
2026/09/02 17:18:31.250, 32108 MiB, 43, 114.87 W, 2910 MHz, 13801 MHz, Not Active, Not Active, Not Active, Not Active, Not Active
2026/09/02 17:18:31.450, 32108 MiB, 43, 114.87 W, 2910 MHz, 13801 MHz, Not Active, Not Active, Not Active, Not Active, Not Active
2026/09/02 17:18:31.650, 32108 MiB, 43, 114.88 W, 2910 MHz, 13801 MHz, Not Active, Not Active, Not Active, Not Active, Not Active
2026/09/02 17:18:31.850, 32108 MiB, 43, 114.88 W, 2910 MHz, 13801 MHz, Not Active, Not Active, Not Active, Not Active, Not Active
2026/09/02 17:18:32.051, 32108 MiB, 43, 115.29 W, 2910 MHz, 13801 MHz, Not Active, Not Active, Not Active, Not Active, Not Active
2026/09/02 17:18:32.251, 32108 MiB, 43, 115.29 W, 2910 MHz, 13801 MHz, Not Active, Not Active, Not Active, Not Active, Not Active
2026/09/02 17:18:32.451, 32108 MiB, 43, 115.29 W, 2910 MHz, 13801 MHz, Not Active, Not Active, Not Active, Not Active, Not Active
2026/09/02 17:18:32.651, 32108 MiB, 43, 115.12 W, 2910 MHz, 13801 MHz, Not Active, Not Active, Not Active, Not Active, Not Active
2026/09/02 17:18:32.851, 32108 MiB, 43, 115.12 W, 2910 MHz, 13801 MHz, Not Active, Not Active, Not Active, Not Active, Not Active
2026/09/02 17:18:33.052, 32108 MiB, 43, 116.07 W, 2910 MHz, 13801 MHz, Not Active, Not Active, Not Active, Not Active, Not Active
2026/09/02 17:18:33.252, 32108 MiB, 43, 116.07 W, 2910 MHz, 13801 MHz, Not Active, Not Active, Not Active, Not Active, Not Active
2026/09/02 17:18:33.452, 32108 MiB, 43, 116.07 W, 2910 MHz, 13801 MHz, Not Active, Not Active, Not Active, Not Active, Not Active
2026/09/02 17:18:33.652, 32108 MiB, 43, 120.07 W, 2910 MHz, 13801 MHz, Not Active, Not Active, Not Active, Not Active, Not Active
2026/09/02 17:18:33.853, 32108 MiB, 43, 120.07 W, 2910 MHz, 13801 MHz, Not Active, Not Active, Not Active, Not Active, Not Active
2026/09/02 17:18:34.053, 32108 MiB, 43, 120.08 W, 2910 MHz, 13801 MHz, Not Active, Not Active, Not Active, Not Active, Not Active
2026/09/02 17:18:34.253, 32108 MiB, 43, 120.08 W, 2910 MHz, 13801 MHz, Not Active, Not Active, Not Active, Not Active, Not Active
2026/09/02 17:18:34.453, 32108 MiB, 43, 120.08 W, 2910 MHz, 13801 MHz, Not Active, Not Active, Not Active, Not Active, Not Active
2026/09/02 17:18:34.653, 32108 MiB, 43, 116.84 W, 2910 MHz, 13801 MHz, Not Active, Not Active, Not Active, Not Active, Not Active
2026/09/02 17:18:34.854, 32108 MiB, 43, 116.84 W, 2910 MHz, 13801 MHz, Not Active, Not Active, Not Active, Not Active, Not Active
2026/09/02 17:18:35.054, 32108 MiB, 43, 117.32 W, 2910 MHz, 13801 MHz, Not Active, Not Active, Not Active, Not Active, Not Active
2026/09/02 17:18:35.254, 32108 MiB, 43, 117.32 W, 2910 MHz, 13801 MHz, Not Active, Not Active, Not Active, Not Active, Not Active
2026/09/02 17:18:35.454, 32108 MiB, 43, 117.32 W, 2910 MHz, 13801 MHz, Not Active, Not Active, Not Active, Not Active, Not Active
2026/09/02 17:18:35.655, 32108 MiB, 43, 116.53 W, 2910 MHz, 13801 MHz, Not Active, Not Active, Not Active, Not Active, Not Active
2026/09/02 17:18:35.855, 32108 MiB, 43, 116.53 W, 2910 MHz, 13801 MHz, Not Active, Not Active, Not Active, Not Active, Not Active
2026/09/02 17:18:36.055, 32108 MiB, 43, 118.80 W, 2925 MHz, 13801 MHz, Not Active, Not Active, Not Active, Not Active, Not Active
2026/09/02 17:18:36.255, 32108 MiB, 43, 118.80 W, 2925 MHz, 13801 MHz, Not Active, Not Active, Not Active, Not Active, Not Active
2026/09/02 17:18:36.456, 32108 MiB, 43, 118.80 W, 2925 MHz, 13801 MHz, Not Active, Not Active, Not Active, Not Active, Not Active
2026/09/02 17:18:36.656, 32108 MiB, 43, 121.93 W, 2925 MHz, 13801 MHz, Not Active, Not Active, Not Active, Not Active, Not Active
2026/09/02 17:18:36.856, 32108 MiB, 43, 121.93 W, 2925 MHz, 13801 MHz, Not Active, Not Active, Not Active, Not Active, Not Active
2026/09/02 17:18:37.056, 32108 MiB, 43, 118.50 W, 2925 MHz, 13801 MHz, Not Active, Not Active, Not Active, Not Active, Not Active
2026/09/02 17:18:37.257, 32108 MiB, 43, 118.50 W, 2925 MHz, 13801 MHz, Not Active, Not Active, Not Active, Not Active, Not Active
2026/09/02 17:18:37.457, 32108 MiB, 43, 118.50 W, 2925 MHz, 13801 MHz, Not Active, Not Active, Not Active, Not Active, Not Active
2026/09/02 17:18:37.657, 32108 MiB, 43, 114.02 W, 2925 MHz, 13801 MHz, Not Active, Not Active, Not Active, Not Active, Not Active
2026/09/02 17:18:37.857, 32108 MiB, 43, 114.02 W, 2925 MHz, 13801 MHz, Not Active, Not Active, Not Active, Not Active, Not Active
2026/09/02 17:18:38.057, 32108 MiB, 43, 114.25 W, 2925 MHz, 13801 MHz, Not Active, Not Active, Not Active, Not Active, Not Active
2026/09/02 17:18:38.258, 32108 MiB, 43, 114.25 W, 2925 MHz, 13801 MHz, Not Active, Not Active, Not Active, Not Active, Not Active
2026/09/02 17:18:38.458, 32108 MiB, 43, 114.25 W, 2925 MHz, 13801 MHz, Not Active, Not Active, Not Active, Not Active, Not Active
2026/09/02 17:18:38.658, 32108 MiB, 43, 114.50 W, 2925 MHz, 13801 MHz, Not Active, Not Active, Not Active, Not Active, Not Active
2026/09/02 17:18:38.858, 32108 MiB, 43, 114.50 W, 2925 MHz, 13801 MHz, Not Active, Not Active, Not Active, Not Active, Not Active
2026/09/02 17:18:39.058, 32108 MiB, 43, 114.43 W, 2925 MHz, 13801 MHz, Not Active, Not Active, Not Active, Not Active, Not Active
2026/09/02 17:18:39.259, 32108 MiB, 43, 114.43 W, 2925 MHz, 13801 MHz, Not Active, Not Active, Not Active, Not Active, Not Active
2026/09/02 17:18:39.459, 32108 MiB, 43, 114.43 W, 2925 MHz, 13801 MHz, Not Active, Not Active, Not Active, Not Active, Not Active
2026/09/02 17:18:39.659, 32108 MiB, 43, 114.21 W, 2925 MHz, 13801 MHz, Not Active, Not Active, Not Active, Not Active, Not Active
2026/09/02 17:18:39.859, 32108 MiB, 43, 114.21 W, 2925 MHz, 13801 MHz, Not Active, Not Active, Not Active, Not Active, Not Active
2026/09/02 17:18:40.059, 32108 MiB, 43, 114.07 W, 2925 MHz, 13801 MHz, Not Active, Not Active, Not Active, Not Active, Not Active
2026/09/02 17:18:40.260, 32108 MiB, 43, 114.07 W, 2925 MHz, 13801 MHz, Not Active, Not Active, Not Active, Not Active, Not Active
2026/09/02 17:18:40.460, 32108 MiB, 43, 114.11 W, 2925 MHz, 13801 MHz, Not Active, Not Active, Not Active, Not Active, Not Active
2026/09/02 17:18:40.660, 32108 MiB, 43, 114.11 W, 2925 MHz, 13801 MHz, Not Active, Not Active, Not Active, Not Active, Not Active
2026/09/02 17:18:40.860, 32108 MiB, 43, 114.11 W, 2925 MHz, 13801 MHz, Not Active, Not Active, Not Active, Not Active, Not Active
2026/09/02 17:18:41.061, 32108 MiB, 43, 114.17 W, 2925 MHz, 13801 MHz, Not Active, Not Active, Not Active, Not Active, Not Active
2026/09/02 17:18:41.261, 32108 MiB, 43, 114.17 W, 2925 MHz, 13801 MHz, Not Active, Not Active, Not Active, Not Active, Not Active
2026/09/02 17:18:41.461, 32108 MiB, 43, 114.08 W, 2925 MHz, 13801 MHz, Not Active, Not Active, Not Active, Not Active, Not Active
2026/09/02 17:18:41.661, 32108 MiB, 43, 114.08 W, 2925 MHz, 13801 MHz, Not Active, Not Active, Not Active, Not Active, Not Active
2026/09/02 17:18:41.862, 32108 MiB, 43, 114.08 W, 2925 MHz, 13801 MHz, Not Active, Not Active, Not Active, Not Active, Not Active
2026/09/02 17:18:42.062, 32108 MiB, 43, 113.81 W, 2925 MHz, 13801 MHz, Not Active, Not Active, Not Active, Not Active, Not Active
2026/09/02 17:18:42.262, 32108 MiB, 43, 113.81 W, 2925 MHz, 13801 MHz, Not Active, Not Active, Not Active, Not Active, Not Active
2026/09/02 17:18:42.462, 32108 MiB, 43, 113.39 W, 2925 MHz, 13801 MHz, Not Active, Not Active, Not Active, Not Active, Not Active
2026/09/02 17:18:42.662, 32108 MiB, 43, 113.39 W, 2925 MHz, 13801 MHz, Not Active, Not Active, Not Active, Not Active, Not Active
2026/09/02 17:18:42.863, 32108 MiB, 43, 113.39 W, 2925 MHz, 13801 MHz, Not Active, Not Active, Not Active, Not Active, Not Active
2026/09/02 17:18:43.063, 32108 MiB, 43, 113.25 W, 2925 MHz, 13801 MHz, Not Active, Not Active, Not Active, Not Active, Not Active
2026/09/02 17:18:43.263, 32108 MiB, 43, 113.25 W, 2925 MHz, 13801 MHz, Not Active, Not Active, Not Active, Not Active, Not Active
2026/09/02 17:18:43.463, 32108 MiB, 43, 113.46 W, 2925 MHz, 13801 MHz, Not Active, Not Active, Not Active, Not Active, Not Active
2026/09/02 17:18:43.664, 32108 MiB, 43, 113.46 W, 2925 MHz, 13801 MHz, Not Active, Not Active, Not Active, Not Active, Not Active
2026/09/02 17:18:43.864, 32108 MiB, 43, 113.46 W, 2925 MHz, 13801 MHz, Not Active, Not Active, Not Active, Not Active, Not Active
2026/09/02 17:18:44.064, 32108 MiB, 43, 113.50 W, 2925 MHz, 13801 MHz, Not Active, Not Active, Not Active, Not Active, Not Active
2026/09/02 17:18:44.264, 32108 MiB, 43, 113.50 W, 2925 MHz, 13801 MHz, Not Active, Not Active, Not Active, Not Active, Not Active
2026/09/02 17:18:44.464, 32108 MiB, 43, 113.61 W, 2925 MHz, 13801 MHz, Not Active, Not Active, Not Active, Not Active, Not Active
2026/09/02 17:18:44.665, 32108 MiB, 43, 113.61 W, 2925 MHz, 13801 MHz, Not Active, Not Active, Not Active, Not Active, Not Active
2026/09/02 17:18:44.865, 32108 MiB, 43, 113.61 W, 2925 MHz, 13801 MHz, Not Active, Not Active, Not Active, Not Active, Not Active
2026/09/02 17:18:45.065, 32108 MiB, 43, 113.52 W, 2925 MHz, 13801 MHz, Not Active, Not Active, Not Active, Not Active, Not Active
2026/09/02 17:18:45.265, 32108 MiB, 43, 113.52 W, 2925 MHz, 13801 MHz, Not Active, Not Active, Not Active, Not Active, Not Active
2026/09/02 17:18:45.466, 32108 MiB, 43, 113.44 W, 2925 MHz, 13801 MHz, Not Active, Not Active, Not Active, Not Active, Not Active
2026/09/02 17:18:45.666, 32108 MiB, 43, 113.44 W, 2925 MHz, 13801 MHz, Not Active, Not Active, Not Active, Not Active, Not Active
2026/09/02 17:18:45.866, 32108 MiB, 43, 113.44 W, 2925 MHz, 13801 MHz, Not Active, Not Active, Not Active, Not Active, Not Active
2026/09/02 17:18:46.066, 32108 MiB, 43, 113.32 W, 2925 MHz, 13801 MHz, Not Active, Not Active, Not Active, Not Active, Not Active
2026/09/02 17:18:46.266, 32108 MiB, 43, 113.32 W, 2925 MHz, 13801 MHz, Not Active, Not Active, Not Active, Not Active, Not Active
2026/09/02 17:18:46.467, 32108 MiB, 43, 113.26 W, 2925 MHz, 13801 MHz, Not Active, Not Active, Not Active, Not Active, Not Active
2026/09/02 17:18:46.667, 32108 MiB, 43, 113.26 W, 2925 MHz, 13801 MHz, Not Active, Not Active, Not Active, Not Active, Not Active
2026/09/02 17:18:46.867, 32108 MiB, 43, 113.26 W, 2925 MHz, 13801 MHz, Not Active, Not Active, Not Active, Not Active, Not Active
2026/09/02 17:18:47.067, 32108 MiB, 43, 113.38 W, 2925 MHz, 13801 MHz, Not Active, Not Active, Not Active, Not Active, Not Active
2026/09/02 17:18:47.268, 32108 MiB, 43, 113.38 W, 2925 MHz, 13801 MHz, Not Active, Not Active, Not Active, Not Active, Not Active
2026/09/02 17:18:47.468, 32108 MiB, 43, 113.25 W, 2925 MHz, 13801 MHz, Not Active, Not Active, Not Active, Not Active, Not Active
2026/09/02 17:18:47.668, 32108 MiB, 43, 113.25 W, 2925 MHz, 13801 MHz, Not Active, Not Active, Not Active, Not Active, Not Active
2026/09/02 17:18:47.868, 32108 MiB, 43, 113.25 W, 2925 MHz, 13801 MHz, Not Active, Not Active, Not Active, Not Active, Not Active
2026/09/02 17:18:48.069, 32108 MiB, 43, 113.15 W, 2925 MHz, 13801 MHz, Not Active, Not Active, Not Active, Not Active, Not Active
2026/09/02 17:18:48.269, 32108 MiB, 43, 113.15 W, 2925 MHz, 13801 MHz, Not Active, Not Active, Not Active, Not Active, Not Active
2026/09/02 17:18:48.469, 32108 MiB, 43, 114.81 W, 2925 MHz, 13801 MHz, Not Active, Not Active, Not Active, Not Active, Not Active
2026/09/02 17:18:48.669, 32108 MiB, 43, 114.81 W, 2925 MHz, 13801 MHz, Not Active, Not Active, Not Active, Not Active, Not Active
2026/09/02 17:18:48.870, 32108 MiB, 43, 114.81 W, 2925 MHz, 13801 MHz, Not Active, Not Active, Not Active, Not Active, Not Active
2026/09/02 17:18:49.070, 32108 MiB, 43, 117.31 W, 2925 MHz, 13801 MHz, Not Active, Not Active, Not Active, Not Active, Not Active
2026/09/02 17:18:49.270, 32108 MiB, 43, 117.31 W, 2925 MHz, 13801 MHz, Not Active, Not Active, Not Active, Not Active, Not Active
2026/09/02 17:18:49.470, 32108 MiB, 43, 117.03 W, 2925 MHz, 13801 MHz, Not Active, Not Active, Not Active, Not Active, Not Active
2026/09/02 17:18:49.670, 32108 MiB, 43, 117.03 W, 2925 MHz, 13801 MHz, Not Active, Not Active, Not Active, Not Active, Not Active
2026/09/02 17:18:49.871, 32108 MiB, 43, 117.03 W, 2925 MHz, 13801 MHz, Not Active, Not Active, Not Active, Not Active, Not Active
2026/09/02 17:18:50.071, 32108 MiB, 43, 114.92 W, 2925 MHz, 13801 MHz, Not Active, Not Active, Not Active, Not Active, Not Active
2026/09/02 17:18:50.271, 32108 MiB, 43, 114.92 W, 2925 MHz, 13801 MHz, Not Active, Not Active, Not Active, Not Active, Not Active
2026/09/02 17:18:50.471, 32108 MiB, 43, 115.55 W, 2925 MHz, 13801 MHz, Not Active, Not Active, Not Active, Not Active, Not Active
2026/09/02 17:18:50.671, 32108 MiB, 43, 115.55 W, 2925 MHz, 13801 MHz, Not Active, Not Active, Not Active, Not Active, Not Active
2026/09/02 17:18:50.872, 32108 MiB, 43, 115.55 W, 2925 MHz, 13801 MHz, Not Active, Not Active, Not Active, Not Active, Not Active
2026/09/02 17:18:51.072, 32108 MiB, 43, 121.77 W, 2925 MHz, 13801 MHz, Not Active, Not Active, Not Active, Not Active, Not Active
2026/09/02 17:18:51.272, 32108 MiB, 43, 121.77 W, 2925 MHz, 13801 MHz, Not Active, Not Active, Not Active, Not Active, Not Active
2026/09/02 17:18:51.472, 32108 MiB, 43, 118.28 W, 2925 MHz, 13801 MHz, Not Active, Not Active, Not Active, Not Active, Not Active
2026/09/02 17:18:51.673, 32108 MiB, 43, 118.28 W, 2925 MHz, 13801 MHz, Not Active, Not Active, Not Active, Not Active, Not Active
2026/09/02 17:18:51.873, 32108 MiB, 43, 118.28 W, 2925 MHz, 13801 MHz, Not Active, Not Active, Not Active, Not Active, Not Active
2026/09/02 17:18:52.073, 32108 MiB, 43, 111.10 W, 2925 MHz, 13801 MHz, Not Active, Not Active, Not Active, Not Active, Not Active
2026/09/02 17:18:52.273, 32108 MiB, 43, 111.10 W, 2925 MHz, 13801 MHz, Not Active, Not Active, Not Active, Not Active, Not Active
2026/09/02 17:18:52.473, 32108 MiB, 43, 112.99 W, 2925 MHz, 13801 MHz, Not Active, Not Active, Not Active, Not Active, Not Active
2026/09/02 17:18:52.673, 32108 MiB, 43, 112.99 W, 2925 MHz, 13801 MHz, Not Active, Not Active, Not Active, Not Active, Not Active
2026/09/02 17:18:52.874, 32108 MiB, 43, 112.99 W, 2925 MHz, 13801 MHz, Not Active, Not Active, Not Active, Not Active, Not Active
2026/09/02 17:18:53.074, 32108 MiB, 43, 113.89 W, 2925 MHz, 13801 MHz, Not Active, Not Active, Not Active, Not Active, Not Active
2026/09/02 17:18:53.274, 32108 MiB, 43, 113.89 W, 2925 MHz, 13801 MHz, Not Active, Not Active, Not Active, Not Active, Not Active
2026/09/02 17:18:53.474, 32108 MiB, 43, 112.72 W, 2925 MHz, 13801 MHz, Not Active, Not Active, Not Active, Not Active, Not Active
2026/09/02 17:18:53.674, 32108 MiB, 43, 112.72 W, 2925 MHz, 13801 MHz, Not Active, Not Active, Not Active, Not Active, Not Active
2026/09/02 17:18:53.875, 32108 MiB, 43, 112.72 W, 2925 MHz, 13801 MHz, Not Active, Not Active, Not Active, Not Active, Not Active
2026/09/02 17:18:54.075, 32108 MiB, 43, 112.92 W, 2925 MHz, 13801 MHz, Not Active, Not Active, Not Active, Not Active, Not Active
2026/09/02 17:18:54.275, 32108 MiB, 43, 112.92 W, 2925 MHz, 13801 MHz, Not Active, Not Active, Not Active, Not Active, Not Active
2026/09/02 17:18:54.475, 32108 MiB, 43, 113.94 W, 2925 MHz, 13801 MHz, Not Active, Not Active, Not Active, Not Active, Not Active
2026/09/02 17:18:54.676, 32108 MiB, 43, 113.94 W, 2925 MHz, 13801 MHz, Not Active, Not Active, Not Active, Not Active, Not Active
2026/09/02 17:18:54.876, 32108 MiB, 43, 113.94 W, 2925 MHz, 13801 MHz, Not Active, Not Active, Not Active, Not Active, Not Active
2026/09/02 17:18:55.076, 32108 MiB, 43, 114.64 W, 2925 MHz, 13801 MHz, Not Active, Not Active, Not Active, Not Active, Not Active
2026/09/02 17:18:55.276, 32108 MiB, 43, 114.64 W, 2925 MHz, 13801 MHz, Not Active, Not Active, Not Active, Not Active, Not Active
2026/09/02 17:18:55.476, 32108 MiB, 43, 116.03 W, 2925 MHz, 13801 MHz, Not Active, Not Active, Not Active, Not Active, Not Active
2026/09/02 17:18:55.677, 32108 MiB, 43, 116.03 W, 2925 MHz, 13801 MHz, Not Active, Not Active, Not Active, Not Active, Not Active
2026/09/02 17:18:55.877, 32108 MiB, 43, 116.03 W, 2925 MHz, 13801 MHz, Not Active, Not Active, Not Active, Not Active, Not Active
2026/09/02 17:18:56.077, 32108 MiB, 43, 116.09 W, 2925 MHz, 13801 MHz, Not Active, Not Active, Not Active, Not Active, Not Active
2026/09/02 17:18:56.277, 32108 MiB, 43, 116.09 W, 2925 MHz, 13801 MHz, Not Active, Not Active, Not Active, Not Active, Not Active
2026/09/02 17:18:56.478, 32108 MiB, 43, 115.13 W, 2925 MHz, 13801 MHz, Not Active, Not Active, Not Active, Not Active, Not Active
2026/09/02 17:18:56.678, 32108 MiB, 43, 115.13 W, 2925 MHz, 13801 MHz, Not Active, Not Active, Not Active, Not Active, Not Active
2026/09/02 17:18:56.878, 32108 MiB, 43, 115.13 W, 2925 MHz, 13801 MHz, Not Active, Not Active, Not Active, Not Active, Not Active
2026/09/02 17:18:57.078, 32108 MiB, 43, 115.45 W, 2925 MHz, 13801 MHz, Not Active, Not Active, Not Active, Not Active, Not Active
2026/09/02 17:18:57.279, 32108 MiB, 43, 115.45 W, 2925 MHz, 13801 MHz, Not Active, Not Active, Not Active, Not Active, Not Active
2026/09/02 17:18:57.479, 32108 MiB, 43, 115.59 W, 2925 MHz, 13801 MHz, Not Active, Not Active, Not Active, Not Active, Not Active
2026/09/02 17:18:57.679, 32108 MiB, 43, 115.59 W, 2925 MHz, 13801 MHz, Not Active, Not Active, Not Active, Not Active, Not Active
2026/09/02 17:18:57.879, 32108 MiB, 43, 115.59 W, 2925 MHz, 13801 MHz, Not Active, Not Active, Not Active, Not Active, Not Active
2026/09/02 17:18:58.080, 32108 MiB, 43, 115.29 W, 2925 MHz, 13801 MHz, Not Active, Not Active, Not Active, Not Active, Not Active
2026/09/02 17:18:58.280, 32108 MiB, 43, 115.29 W, 2925 MHz, 13801 MHz, Not Active, Not Active, Not Active, Not Active, Not Active
2026/09/02 17:18:58.480, 32108 MiB, 43, 114.89 W, 2925 MHz, 13801 MHz, Not Active, Not Active, Not Active, Not Active, Not Active
2026/09/02 17:18:58.680, 32108 MiB, 43, 114.89 W, 2925 MHz, 13801 MHz, Not Active, Not Active, Not Active, Not Active, Not Active
2026/09/02 17:18:58.880, 32108 MiB, 43, 114.89 W, 2925 MHz, 13801 MHz, Not Active, Not Active, Not Active, Not Active, Not Active
2026/09/02 17:18:59.081, 32108 MiB, 43, 115.32 W, 2925 MHz, 13801 MHz, Not Active, Not Active, Not Active, Not Active, Not Active
2026/09/02 17:18:59.281, 32108 MiB, 43, 115.32 W, 2925 MHz, 13801 MHz, Not Active, Not Active, Not Active, Not Active, Not Active
2026/09/02 17:18:59.481, 32108 MiB, 43, 116.49 W, 2925 MHz, 13801 MHz, Not Active, Not Active, Not Active, Not Active, Not Active
2026/09/02 17:18:59.681, 32108 MiB, 43, 116.49 W, 2925 MHz, 13801 MHz, Not Active, Not Active, Not Active, Not Active, Not Active
2026/09/02 17:18:59.881, 32108 MiB, 43, 116.49 W, 2925 MHz, 13801 MHz, Not Active, Not Active, Not Active, Not Active, Not Active
2026/09/02 17:19:00.082, 32108 MiB, 43, 115.83 W, 2925 MHz, 13801 MHz, Not Active, Not Active, Not Active, Not Active, Not Active
2026/09/02 17:19:00.282, 32108 MiB, 43, 115.83 W, 2925 MHz, 13801 MHz, Not Active, Not Active, Not Active, Not Active, Not Active
2026/09/02 17:19:00.482, 32108 MiB, 43, 115.86 W, 2925 MHz, 13801 MHz, Not Active, Not Active, Not Active, Not Active, Not Active
2026/09/02 17:19:00.682, 32108 MiB, 43, 115.86 W, 2925 MHz, 13801 MHz, Not Active, Not Active, Not Active, Not Active, Not Active
2026/09/02 17:19:00.883, 32108 MiB, 43, 115.86 W, 2925 MHz, 13801 MHz, Not Active, Not Active, Not Active, Not Active, Not Active
2026/09/02 17:19:01.083, 32108 MiB, 43, 117.13 W, 2925 MHz, 13801 MHz, Not Active, Not Active, Not Active, Not Active, Not Active
2026/09/02 17:19:01.283, 32108 MiB, 43, 117.13 W, 2925 MHz, 13801 MHz, Not Active, Not Active, Not Active, Not Active, Not Active
2026/09/02 17:19:01.483, 32108 MiB, 42, 117.70 W, 2925 MHz, 13801 MHz, Not Active, Not Active, Not Active, Not Active, Not Active
2026/09/02 17:19:01.683, 32108 MiB, 42, 117.70 W, 2925 MHz, 13801 MHz, Not Active, Not Active, Not Active, Not Active, Not Active
2026/09/02 17:19:01.884, 32108 MiB, 42, 117.70 W, 2925 MHz, 13801 MHz, Not Active, Not Active, Not Active, Not Active, Not Active
2026/09/02 17:19:02.084, 32108 MiB, 43, 116.29 W, 2925 MHz, 13801 MHz, Not Active, Not Active, Not Active, Not Active, Not Active
2026/09/02 17:19:02.284, 32108 MiB, 43, 116.29 W, 2925 MHz, 13801 MHz, Not Active, Not Active, Not Active, Not Active, Not Active
2026/09/02 17:19:02.484, 32108 MiB, 43, 115.76 W, 2925 MHz, 13801 MHz, Not Active, Not Active, Not Active, Not Active, Not Active
2026/09/02 17:19:02.684, 32108 MiB, 43, 115.76 W, 2925 MHz, 13801 MHz, Not Active, Not Active, Not Active, Not Active, Not Active
2026/09/02 17:19:02.884, 32108 MiB, 43, 115.76 W, 2925 MHz, 13801 MHz, Not Active, Not Active, Not Active, Not Active, Not Active
2026/09/02 17:19:03.085, 32108 MiB, 42, 116.05 W, 2925 MHz, 13801 MHz, Not Active, Not Active, Not Active, Not Active, Not Active
2026/09/02 17:19:03.285, 32108 MiB, 42, 116.05 W, 2925 MHz, 13801 MHz, Not Active, Not Active, Not Active, Not Active, Not Active
2026/09/02 17:19:03.485, 32108 MiB, 42, 116.05 W, 2925 MHz, 13801 MHz, Not Active, Not Active, Not Active, Not Active, Not Active
2026/09/02 17:19:03.685, 32108 MiB, 42, 116.05 W, 2925 MHz, 13801 MHz, Not Active, Not Active, Not Active, Not Active, Not Active
2026/09/02 17:19:03.886, 32108 MiB, 42, 116.05 W, 2925 MHz, 13801 MHz, Not Active, Not Active, Not Active, Not Active, Not Active
2026/09/02 17:19:04.086, 32108 MiB, 43, 116.17 W, 2925 MHz, 13801 MHz, Not Active, Not Active, Not Active, Not Active, Not Active
2026/09/02 17:19:04.286, 32108 MiB, 43, 116.17 W, 2925 MHz, 13801 MHz, Not Active, Not Active, Not Active, Not Active, Not Active
2026/09/02 17:19:04.486, 32108 MiB, 42, 115.82 W, 2925 MHz, 13801 MHz, Not Active, Not Active, Not Active, Not Active, Not Active
2026/09/02 17:19:04.687, 32108 MiB, 42, 115.82 W, 2925 MHz, 13801 MHz, Not Active, Not Active, Not Active, Not Active, Not Active
2026/09/02 17:19:04.887, 32108 MiB, 42, 115.82 W, 2925 MHz, 13801 MHz, Not Active, Not Active, Not Active, Not Active, Not Active
2026/09/02 17:19:05.087, 32108 MiB, 42, 114.43 W, 2925 MHz, 13801 MHz, Not Active, Not Active, Not Active, Not Active, Not Active
2026/09/02 17:19:05.287, 32108 MiB, 42, 114.43 W, 2925 MHz, 13801 MHz, Not Active, Not Active, Not Active, Not Active, Not Active
2026/09/02 17:19:05.487, 32108 MiB, 42, 114.27 W, 2925 MHz, 13801 MHz, Not Active, Not Active, Not Active, Not Active, Not Active
2026/09/02 17:19:05.688, 32108 MiB, 42, 114.27 W, 2925 MHz, 13801 MHz, Not Active, Not Active, Not Active, Not Active, Not Active
2026/09/02 17:19:05.888, 32108 MiB, 42, 114.27 W, 2925 MHz, 13801 MHz, Not Active, Not Active, Not Active, Not Active, Not Active
2026/09/02 17:19:06.088, 32108 MiB, 42, 115.22 W, 2925 MHz, 13801 MHz, Not Active, Not Active, Not Active, Not Active, Not Active
2026/09/02 17:19:06.288, 32108 MiB, 42, 115.22 W, 2925 MHz, 13801 MHz, Not Active, Not Active, Not Active, Not Active, Not Active
2026/09/02 17:19:06.489, 32108 MiB, 43, 115.18 W, 2925 MHz, 13801 MHz, Not Active, Not Active, Not Active, Not Active, Not Active
2026/09/02 17:19:06.689, 32108 MiB, 43, 115.18 W, 2925 MHz, 13801 MHz, Not Active, Not Active, Not Active, Not Active, Not Active
2026/09/02 17:19:06.889, 32108 MiB, 43, 115.18 W, 2925 MHz, 13801 MHz, Not Active, Not Active, Not Active, Not Active, Not Active
2026/09/02 17:19:07.089, 32108 MiB, 43, 117.01 W, 2925 MHz, 13801 MHz, Not Active, Not Active, Not Active, Not Active, Not Active
2026/09/02 17:19:07.290, 32108 MiB, 43, 117.01 W, 2925 MHz, 13801 MHz, Not Active, Not Active, Not Active, Not Active, Not Active
2026/09/02 17:19:07.490, 32108 MiB, 42, 117.18 W, 2925 MHz, 13801 MHz, Not Active, Not Active, Not Active, Not Active, Not Active
2026/09/02 17:19:07.690, 32108 MiB, 42, 117.18 W, 2925 MHz, 13801 MHz, Not Active, Not Active, Not Active, Not Active, Not Active
2026/09/02 17:19:07.890, 32108 MiB, 42, 117.18 W, 2925 MHz, 13801 MHz, Not Active, Not Active, Not Active, Not Active, Not Active
2026/09/02 17:19:08.091, 32108 MiB, 42, 116.65 W, 2925 MHz, 13801 MHz, Not Active, Not Active, Not Active, Not Active, Not Active
2026/09/02 17:19:08.291, 32108 MiB, 42, 116.65 W, 2925 MHz, 13801 MHz, Not Active, Not Active, Not Active, Not Active, Not Active
2026/09/02 17:19:08.491, 32108 MiB, 43, 120.43 W, 2925 MHz, 13801 MHz, Not Active, Not Active, Not Active, Not Active, Not Active
2026/09/02 17:19:08.691, 32108 MiB, 43, 120.43 W, 2925 MHz, 13801 MHz, Not Active, Not Active, Not Active, Not Active, Not Active
2026/09/02 17:19:08.891, 32108 MiB, 43, 120.43 W, 2925 MHz, 13801 MHz, Not Active, Not Active, Not Active, Not Active, Not Active
2026/09/02 17:19:09.092, 32108 MiB, 42, 122.77 W, 2925 MHz, 13801 MHz, Not Active, Not Active, Not Active, Not Active, Not Active
2026/09/02 17:19:09.292, 32108 MiB, 42, 122.77 W, 2925 MHz, 13801 MHz, Not Active, Not Active, Not Active, Not Active, Not Active
2026/09/02 17:19:09.492, 32108 MiB, 42, 117.90 W, 2925 MHz, 13801 MHz, Not Active, Not Active, Not Active, Not Active, Not Active
2026/09/02 17:19:09.692, 32108 MiB, 42, 117.90 W, 2925 MHz, 13801 MHz, Not Active, Not Active, Not Active, Not Active, Not Active
2026/09/02 17:19:09.892, 32108 MiB, 42, 117.90 W, 2925 MHz, 13801 MHz, Not Active, Not Active, Not Active, Not Active, Not Active
2026/09/02 17:19:10.093, 32108 MiB, 42, 114.38 W, 2925 MHz, 13801 MHz, Not Active, Not Active, Not Active, Not Active, Not Active
2026/09/02 17:19:10.293, 32108 MiB, 42, 114.38 W, 2925 MHz, 13801 MHz, Not Active, Not Active, Not Active, Not Active, Not Active
2026/09/02 17:19:10.493, 32108 MiB, 42, 114.66 W, 2925 MHz, 13801 MHz, Not Active, Not Active, Not Active, Not Active, Not Active
2026/09/02 17:19:10.693, 32108 MiB, 42, 114.66 W, 2925 MHz, 13801 MHz, Not Active, Not Active, Not Active, Not Active, Not Active
2026/09/02 17:19:10.894, 32108 MiB, 42, 114.66 W, 2925 MHz, 13801 MHz, Not Active, Not Active, Not Active, Not Active, Not Active
2026/09/02 17:19:11.094, 32108 MiB, 42, 114.45 W, 2925 MHz, 13801 MHz, Not Active, Not Active, Not Active, Not Active, Not Active
2026/09/02 17:19:11.294, 32108 MiB, 42, 114.45 W, 2925 MHz, 13801 MHz, Not Active, Not Active, Not Active, Not Active, Not Active
2026/09/02 17:19:11.494, 32108 MiB, 42, 113.71 W, 2925 MHz, 13801 MHz, Not Active, Not Active, Not Active, Not Active, Not Active
2026/09/02 17:19:11.694, 32108 MiB, 42, 113.71 W, 2925 MHz, 13801 MHz, Not Active, Not Active, Not Active, Not Active, Not Active
2026/09/02 17:19:11.895, 32108 MiB, 42, 113.71 W, 2925 MHz, 13801 MHz, Not Active, Not Active, Not Active, Not Active, Not Active
2026/09/02 17:19:12.095, 32108 MiB, 42, 113.37 W, 2925 MHz, 13801 MHz, Not Active, Not Active, Not Active, Not Active, Not Active
2026/09/02 17:19:12.295, 32108 MiB, 42, 113.37 W, 2925 MHz, 13801 MHz, Not Active, Not Active, Not Active, Not Active, Not Active
2026/09/02 17:19:12.495, 32108 MiB, 42, 113.31 W, 2925 MHz, 13801 MHz, Not Active, Not Active, Not Active, Not Active, Not Active
2026/09/02 17:19:12.696, 32108 MiB, 42, 113.31 W, 2925 MHz, 13801 MHz, Not Active, Not Active, Not Active, Not Active, Not Active
2026/09/02 17:19:12.896, 32108 MiB, 42, 113.31 W, 2925 MHz, 13801 MHz, Not Active, Not Active, Not Active, Not Active, Not Active
2026/09/02 17:19:13.096, 32108 MiB, 42, 113.33 W, 2925 MHz, 13801 MHz, Not Active, Not Active, Not Active, Not Active, Not Active
2026/09/02 17:19:13.296, 32108 MiB, 42, 113.33 W, 2925 MHz, 13801 MHz, Not Active, Not Active, Not Active, Not Active, Not Active
2026/09/02 17:19:13.496, 32108 MiB, 42, 113.19 W, 2925 MHz, 13801 MHz, Not Active, Not Active, Not Active, Not Active, Not Active
2026/09/02 17:19:13.697, 32108 MiB, 42, 113.19 W, 2925 MHz, 13801 MHz, Not Active, Not Active, Not Active, Not Active, Not Active
2026/09/02 17:19:13.897, 32108 MiB, 42, 113.19 W, 2925 MHz, 13801 MHz, Not Active, Not Active, Not Active, Not Active, Not Active
2026/09/02 17:19:14.097, 32108 MiB, 42, 113.17 W, 2925 MHz, 13801 MHz, Not Active, Not Active, Not Active, Not Active, Not Active
2026/09/02 17:19:14.297, 32108 MiB, 42, 113.17 W, 2925 MHz, 13801 MHz, Not Active, Not Active, Not Active, Not Active, Not Active
2026/09/02 17:19:14.497, 32108 MiB, 42, 113.14 W, 2925 MHz, 13801 MHz, Not Active, Not Active, Not Active, Not Active, Not Active
2026/09/02 17:19:14.698, 32108 MiB, 42, 113.14 W, 2925 MHz, 13801 MHz, Not Active, Not Active, Not Active, Not Active, Not Active
2026/09/02 17:19:14.898, 32108 MiB, 42, 113.14 W, 2925 MHz, 13801 MHz, Not Active, Not Active, Not Active, Not Active, Not Active
2026/09/02 17:19:15.098, 32108 MiB, 42, 112.99 W, 2925 MHz, 13801 MHz, Not Active, Not Active, Not Active, Not Active, Not Active
2026/09/02 17:19:15.298, 32108 MiB, 42, 112.99 W, 2925 MHz, 13801 MHz, Not Active, Not Active, Not Active, Not Active, Not Active
2026/09/02 17:19:15.499, 32108 MiB, 42, 112.99 W, 2925 MHz, 13801 MHz, Not Active, Not Active, Not Active, Not Active, Not Active
2026/09/02 17:19:15.699, 32108 MiB, 42, 112.99 W, 2925 MHz, 13801 MHz, Not Active, Not Active, Not Active, Not Active, Not Active
2026/09/02 17:19:15.899, 32108 MiB, 42, 112.99 W, 2925 MHz, 13801 MHz, Not Active, Not Active, Not Active, Not Active, Not Active
2026/09/02 17:19:16.099, 32108 MiB, 42, 112.89 W, 2925 MHz, 13801 MHz, Not Active, Not Active, Not Active, Not Active, Not Active
2026/09/02 17:19:16.300, 32108 MiB, 42, 112.89 W, 2925 MHz, 13801 MHz, Not Active, Not Active, Not Active, Not Active, Not Active
2026/09/02 17:19:16.500, 32108 MiB, 42, 112.81 W, 2925 MHz, 13801 MHz, Not Active, Not Active, Not Active, Not Active, Not Active
2026/09/02 17:19:16.700, 32108 MiB, 42, 112.81 W, 2925 MHz, 13801 MHz, Not Active, Not Active, Not Active, Not Active, Not Active
2026/09/02 17:19:16.900, 32108 MiB, 42, 112.81 W, 2925 MHz, 13801 MHz, Not Active, Not Active, Not Active, Not Active, Not Active
2026/09/02 17:19:17.100, 32108 MiB, 42, 112.97 W, 2925 MHz, 13801 MHz, Not Active, Not Active, Not Active, Not Active, Not Active
2026/09/02 17:19:17.301, 32108 MiB, 42, 112.97 W, 2925 MHz, 13801 MHz, Not Active, Not Active, Not Active, Not Active, Not Active
2026/09/02 17:19:17.501, 32108 MiB, 42, 113.22 W, 2925 MHz, 13801 MHz, Not Active, Not Active, Not Active, Not Active, Not Active
2026/09/02 17:19:17.701, 32108 MiB, 42, 113.22 W, 2925 MHz, 13801 MHz, Not Active, Not Active, Not Active, Not Active, Not Active
2026/09/02 17:19:17.901, 32108 MiB, 42, 113.22 W, 2925 MHz, 13801 MHz, Not Active, Not Active, Not Active, Not Active, Not Active
2026/09/02 17:19:18.101, 32108 MiB, 42, 113.42 W, 2925 MHz, 13801 MHz, Not Active, Not Active, Not Active, Not Active, Not Active
2026/09/02 17:19:18.302, 32108 MiB, 42, 113.42 W, 2925 MHz, 13801 MHz, Not Active, Not Active, Not Active, Not Active, Not Active
2026/09/02 17:19:18.502, 32108 MiB, 42, 113.20 W, 2925 MHz, 13801 MHz, Not Active, Not Active, Not Active, Not Active, Not Active
2026/09/02 17:19:18.702, 32108 MiB, 42, 113.20 W, 2925 MHz, 13801 MHz, Not Active, Not Active, Not Active, Not Active, Not Active
2026/09/02 17:19:18.902, 32108 MiB, 42, 113.20 W, 2925 MHz, 13801 MHz, Not Active, Not Active, Not Active, Not Active, Not Active
2026/09/02 17:19:19.103, 32108 MiB, 42, 112.86 W, 2925 MHz, 13801 MHz, Not Active, Not Active, Not Active, Not Active, Not Active
2026/09/02 17:19:19.303, 32108 MiB, 42, 112.86 W, 2925 MHz, 13801 MHz, Not Active, Not Active, Not Active, Not Active, Not Active
2026/09/02 17:19:19.503, 32108 MiB, 42, 112.94 W, 2925 MHz, 13801 MHz, Not Active, Not Active, Not Active, Not Active, Not Active
2026/09/02 17:19:19.703, 32108 MiB, 42, 112.94 W, 2925 MHz, 13801 MHz, Not Active, Not Active, Not Active, Not Active, Not Active
2026/09/02 17:19:19.903, 32108 MiB, 42, 112.94 W, 2925 MHz, 13801 MHz, Not Active, Not Active, Not Active, Not Active, Not Active
2026/09/02 17:19:20.104, 32108 MiB, 42, 112.92 W, 2925 MHz, 13801 MHz, Not Active, Not Active, Not Active, Not Active, Not Active
2026/09/02 17:19:20.304, 32108 MiB, 42, 112.92 W, 2925 MHz, 13801 MHz, Not Active, Not Active, Not Active, Not Active, Not Active
2026/09/02 17:19:20.504, 32108 MiB, 42, 112.70 W, 2925 MHz, 13801 MHz, Not Active, Not Active, Not Active, Not Active, Not Active
2026/09/02 17:19:20.704, 32108 MiB, 42, 112.70 W, 2925 MHz, 13801 MHz, Not Active, Not Active, Not Active, Not Active, Not Active
2026/09/02 17:19:20.904, 32108 MiB, 42, 112.70 W, 2925 MHz, 13801 MHz, Not Active, Not Active, Not Active, Not Active, Not Active
2026/09/02 17:19:21.105, 32108 MiB, 42, 112.54 W, 2925 MHz, 13801 MHz, Not Active, Not Active, Not Active, Not Active, Not Active
2026/09/02 17:19:21.305, 32108 MiB, 42, 112.54 W, 2925 MHz, 13801 MHz, Not Active, Not Active, Not Active, Not Active, Not Active
2026/09/02 17:19:21.505, 32108 MiB, 42, 112.51 W, 2925 MHz, 13801 MHz, Not Active, Not Active, Not Active, Not Active, Not Active
2026/09/02 17:19:21.705, 32108 MiB, 42, 112.51 W, 2925 MHz, 13801 MHz, Not Active, Not Active, Not Active, Not Active, Not Active
2026/09/02 17:19:21.906, 32108 MiB, 42, 112.51 W, 2925 MHz, 13801 MHz, Not Active, Not Active, Not Active, Not Active, Not Active
2026/09/02 17:19:22.106, 32108 MiB, 42, 112.64 W, 2925 MHz, 13801 MHz, Not Active, Not Active, Not Active, Not Active, Not Active
2026/09/02 17:19:22.306, 32108 MiB, 42, 112.64 W, 2925 MHz, 13801 MHz, Not Active, Not Active, Not Active, Not Active, Not Active
2026/09/02 17:19:22.506, 32108 MiB, 42, 112.69 W, 2925 MHz, 13801 MHz, Not Active, Not Active, Not Active, Not Active, Not Active
2026/09/02 17:19:22.706, 32108 MiB, 42, 112.69 W, 2925 MHz, 13801 MHz, Not Active, Not Active, Not Active, Not Active, Not Active
2026/09/02 17:19:22.907, 32108 MiB, 42, 112.69 W, 2925 MHz, 13801 MHz, Not Active, Not Active, Not Active, Not Active, Not Active
2026/09/02 17:19:23.107, 32108 MiB, 42, 112.74 W, 2925 MHz, 13801 MHz, Not Active, Not Active, Not Active, Not Active, Not Active
2026/09/02 17:19:23.307, 32108 MiB, 42, 112.74 W, 2925 MHz, 13801 MHz, Not Active, Not Active, Not Active, Not Active, Not Active
2026/09/02 17:19:23.507, 32108 MiB, 42, 114.04 W, 2925 MHz, 13801 MHz, Not Active, Not Active, Not Active, Not Active, Not Active
2026/09/02 17:19:23.707, 32108 MiB, 42, 114.04 W, 2925 MHz, 13801 MHz, Not Active, Not Active, Not Active, Not Active, Not Active
2026/09/02 17:19:23.908, 32108 MiB, 42, 114.04 W, 2925 MHz, 13801 MHz, Not Active, Not Active, Not Active, Not Active, Not Active
2026/09/02 17:19:24.108, 32108 MiB, 42, 116.69 W, 2925 MHz, 13801 MHz, Not Active, Not Active, Not Active, Not Active, Not Active
2026/09/02 17:19:24.308, 32108 MiB, 42, 116.69 W, 2925 MHz, 13801 MHz, Not Active, Not Active, Not Active, Not Active, Not Active
2026/09/02 17:19:24.509, 32108 MiB, 42, 116.15 W, 2925 MHz, 13801 MHz, Not Active, Not Active, Not Active, Not Active, Not Active
2026/09/02 17:19:24.709, 32108 MiB, 42, 116.15 W, 2925 MHz, 13801 MHz, Not Active, Not Active, Not Active, Not Active, Not Active
2026/09/02 17:19:24.909, 32108 MiB, 42, 116.15 W, 2925 MHz, 13801 MHz, Not Active, Not Active, Not Active, Not Active, Not Active
2026/09/02 17:19:25.109, 32108 MiB, 42, 113.22 W, 2925 MHz, 13801 MHz, Not Active, Not Active, Not Active, Not Active, Not Active
2026/09/02 17:19:25.309, 32108 MiB, 42, 113.22 W, 2925 MHz, 13801 MHz, Not Active, Not Active, Not Active, Not Active, Not Active
2026/09/02 17:19:25.510, 32108 MiB, 42, 111.96 W, 2925 MHz, 13801 MHz, Not Active, Not Active, Not Active, Not Active, Not Active
2026/09/02 17:19:25.710, 32108 MiB, 42, 111.96 W, 2925 MHz, 13801 MHz, Not Active, Not Active, Not Active, Not Active, Not Active
2026/09/02 17:19:25.910, 32108 MiB, 42, 111.96 W, 2925 MHz, 13801 MHz, Not Active, Not Active, Not Active, Not Active, Not Active
2026/09/02 17:19:26.110, 32108 MiB, 42, 112.02 W, 2925 MHz, 13801 MHz, Not Active, Not Active, Not Active, Not Active, Not Active
2026/09/02 17:19:26.311, 32108 MiB, 42, 112.02 W, 2925 MHz, 13801 MHz, Not Active, Not Active, Not Active, Not Active, Not Active
2026/09/02 17:19:26.511, 32108 MiB, 42, 112.02 W, 2925 MHz, 13801 MHz, Not Active, Not Active, Not Active, Not Active, Not Active
2026/09/02 17:19:26.711, 32108 MiB, 42, 112.02 W, 2925 MHz, 13801 MHz, Not Active, Not Active, Not Active, Not Active, Not Active
2026/09/02 17:19:26.911, 32108 MiB, 42, 112.02 W, 2925 MHz, 13801 MHz, Not Active, Not Active, Not Active, Not Active, Not Active
2026/09/02 17:19:27.112, 32108 MiB, 42, 112.04 W, 2925 MHz, 13801 MHz, Not Active, Not Active, Not Active, Not Active, Not Active
2026/09/02 17:19:27.312, 32108 MiB, 42, 112.04 W, 2925 MHz, 13801 MHz, Not Active, Not Active, Not Active, Not Active, Not Active
2026/09/02 17:19:27.512, 32108 MiB, 42, 112.18 W, 2925 MHz, 13801 MHz, Not Active, Not Active, Not Active, Not Active, Not Active
2026/09/02 17:19:27.712, 32108 MiB, 42, 112.18 W, 2925 MHz, 13801 MHz, Not Active, Not Active, Not Active, Not Active, Not Active
2026/09/02 17:19:27.912, 32108 MiB, 42, 112.18 W, 2925 MHz, 13801 MHz, Not Active, Not Active, Not Active, Not Active, Not Active
2026/09/02 17:19:28.113, 32108 MiB, 42, 112.12 W, 2925 MHz, 13801 MHz, Not Active, Not Active, Not Active, Not Active, Not Active
2026/09/02 17:19:28.313, 32108 MiB, 42, 112.12 W, 2925 MHz, 13801 MHz, Not Active, Not Active, Not Active, Not Active, Not Active
2026/09/02 17:19:28.513, 32108 MiB, 42, 111.92 W, 2925 MHz, 13801 MHz, Not Active, Not Active, Not Active, Not Active, Not Active
2026/09/02 17:19:28.713, 32108 MiB, 42, 111.92 W, 2925 MHz, 13801 MHz, Not Active, Not Active, Not Active, Not Active, Not Active
2026/09/02 17:19:28.913, 32108 MiB, 42, 111.92 W, 2925 MHz, 13801 MHz, Not Active, Not Active, Not Active, Not Active, Not Active
2026/09/02 17:19:29.114, 32108 MiB, 42, 111.79 W, 2925 MHz, 13801 MHz, Not Active, Not Active, Not Active, Not Active, Not Active
2026/09/02 17:19:29.314, 32108 MiB, 42, 111.79 W, 2925 MHz, 13801 MHz, Not Active, Not Active, Not Active, Not Active, Not Active
2026/09/02 17:19:29.514, 32108 MiB, 42, 111.77 W, 2925 MHz, 13801 MHz, Not Active, Not Active, Not Active, Not Active, Not Active
2026/09/02 17:19:29.714, 32108 MiB, 42, 111.77 W, 2925 MHz, 13801 MHz, Not Active, Not Active, Not Active, Not Active, Not Active
2026/09/02 17:19:29.914, 32108 MiB, 42, 111.77 W, 2925 MHz, 13801 MHz, Not Active, Not Active, Not Active, Not Active, Not Active
2026/09/02 17:19:30.114, 32108 MiB, 42, 111.80 W, 2925 MHz, 13801 MHz, Not Active, Not Active, Not Active, Not Active, Not Active
2026/09/02 17:19:30.315, 32108 MiB, 42, 111.80 W, 2925 MHz, 13801 MHz, Not Active, Not Active, Not Active, Not Active, Not Active
2026/09/02 17:19:30.515, 32108 MiB, 42, 111.81 W, 2925 MHz, 13801 MHz, Not Active, Not Active, Not Active, Not Active, Not Active
2026/09/02 17:19:30.715, 32108 MiB, 42, 111.81 W, 2925 MHz, 13801 MHz, Not Active, Not Active, Not Active, Not Active, Not Active
2026/09/02 17:19:30.915, 32108 MiB, 42, 111.81 W, 2925 MHz, 13801 MHz, Not Active, Not Active, Not Active, Not Active, Not Active
2026/09/02 17:19:31.116, 32108 MiB, 42, 112.10 W, 2925 MHz, 13801 MHz, Not Active, Not Active, Not Active, Not Active, Not Active
2026/09/02 17:19:31.316, 32108 MiB, 42, 112.10 W, 2925 MHz, 13801 MHz, Not Active, Not Active, Not Active, Not Active, Not Active
2026/09/02 17:19:31.516, 32108 MiB, 42, 112.30 W, 2925 MHz, 13801 MHz, Not Active, Not Active, Not Active, Not Active, Not Active
2026/09/02 17:19:31.716, 32108 MiB, 42, 112.30 W, 2925 MHz, 13801 MHz, Not Active, Not Active, Not Active, Not Active, Not Active
2026/09/02 17:19:31.916, 32108 MiB, 42, 112.30 W, 2925 MHz, 13801 MHz, Not Active, Not Active, Not Active, Not Active, Not Active
2026/09/02 17:19:32.117, 32108 MiB, 42, 112.33 W, 2925 MHz, 13801 MHz, Not Active, Not Active, Not Active, Not Active, Not Active
2026/09/02 17:19:32.317, 32108 MiB, 42, 112.33 W, 2925 MHz, 13801 MHz, Not Active, Not Active, Not Active, Not Active, Not Active
2026/09/02 17:19:32.517, 32108 MiB, 42, 112.15 W, 2925 MHz, 13801 MHz, Not Active, Not Active, Not Active, Not Active, Not Active
2026/09/02 17:19:32.717, 32108 MiB, 42, 112.15 W, 2925 MHz, 13801 MHz, Not Active, Not Active, Not Active, Not Active, Not Active
2026/09/02 17:19:32.918, 32108 MiB, 42, 112.15 W, 2925 MHz, 13801 MHz, Not Active, Not Active, Not Active, Not Active, Not Active
2026/09/02 17:19:33.118, 32108 MiB, 42, 112.15 W, 2925 MHz, 13801 MHz, Not Active, Not Active, Not Active, Not Active, Not Active
2026/09/02 17:19:33.318, 32108 MiB, 42, 112.15 W, 2925 MHz, 13801 MHz, Not Active, Not Active, Not Active, Not Active, Not Active
2026/09/02 17:19:33.518, 32108 MiB, 42, 112.09 W, 2925 MHz, 13801 MHz, Not Active, Not Active, Not Active, Not Active, Not Active
2026/09/02 17:19:33.718, 32108 MiB, 42, 112.09 W, 2925 MHz, 13801 MHz, Not Active, Not Active, Not Active, Not Active, Not Active
2026/09/02 17:19:33.919, 32108 MiB, 42, 112.09 W, 2925 MHz, 13801 MHz, Not Active, Not Active, Not Active, Not Active, Not Active
2026/09/02 17:19:34.119, 32108 MiB, 42, 112.04 W, 2925 MHz, 13801 MHz, Not Active, Not Active, Not Active, Not Active, Not Active
2026/09/02 17:19:34.319, 32108 MiB, 42, 112.04 W, 2925 MHz, 13801 MHz, Not Active, Not Active, Not Active, Not Active, Not Active
2026/09/02 17:19:34.519, 32108 MiB, 42, 111.10 W, 2925 MHz, 13801 MHz, Not Active, Not Active, Not Active, Not Active, Not Active
2026/09/02 17:19:34.720, 32108 MiB, 42, 111.10 W, 2925 MHz, 13801 MHz, Not Active, Not Active, Not Active, Not Active, Not Active
2026/09/02 17:19:34.920, 32108 MiB, 42, 111.10 W, 2925 MHz, 13801 MHz, Not Active, Not Active, Not Active, Not Active, Not Active
2026/09/02 17:19:35.120, 32108 MiB, 42, 112.50 W, 2925 MHz, 13801 MHz, Not Active, Not Active, Not Active, Not Active, Not Active
2026/09/02 17:19:35.320, 32108 MiB, 42, 112.50 W, 2925 MHz, 13801 MHz, Not Active, Not Active, Not Active, Not Active, Not Active
2026/09/02 17:19:35.520, 32108 MiB, 44, 125.50 W, 2917 MHz, 13801 MHz, Not Active, Not Active, Not Active, Not Active, Not Active
2026/09/02 17:19:35.721, 32108 MiB, 44, 125.50 W, 2917 MHz, 13801 MHz, Not Active, Not Active, Not Active, Not Active, Not Active
2026/09/02 17:19:35.921, 32108 MiB, 44, 125.50 W, 2917 MHz, 13801 MHz, Not Active, Not Active, Not Active, Not Active, Not Active
2026/09/02 17:19:36.121, 32108 MiB, 43, 165.23 W, 2887 MHz, 13801 MHz, Not Active, Not Active, Not Active, Not Active, Not Active
2026/09/02 17:19:36.321, 32108 MiB, 43, 165.23 W, 2887 MHz, 13801 MHz, Not Active, Not Active, Not Active, Not Active, Not Active
2026/09/02 17:19:36.521, 32108 MiB, 42, 162.16 W, 2917 MHz, 13801 MHz, Not Active, Not Active, Not Active, Not Active, Not Active
2026/09/02 17:19:36.722, 32108 MiB, 42, 162.16 W, 2917 MHz, 13801 MHz, Not Active, Not Active, Not Active, Not Active, Not Active
2026/09/02 17:19:36.922, 32108 MiB, 42, 162.16 W, 2917 MHz, 13801 MHz, Not Active, Not Active, Not Active, Not Active, Not Active
2026/09/02 17:19:37.122, 32108 MiB, 42, 125.74 W, 2925 MHz, 13801 MHz, Not Active, Not Active, Not Active, Not Active, Not Active
2026/09/02 17:19:37.322, 32108 MiB, 42, 125.74 W, 2925 MHz, 13801 MHz, Not Active, Not Active, Not Active, Not Active, Not Active
2026/09/02 17:19:37.523, 32108 MiB, 42, 114.61 W, 2925 MHz, 13801 MHz, Not Active, Not Active, Not Active, Not Active, Not Active
2026/09/02 17:19:37.723, 32108 MiB, 42, 114.61 W, 2925 MHz, 13801 MHz, Not Active, Not Active, Not Active, Not Active, Not Active
2026/09/02 17:19:37.923, 32108 MiB, 42, 114.61 W, 2925 MHz, 13801 MHz, Not Active, Not Active, Not Active, Not Active, Not Active
2026/09/02 17:19:38.123, 32108 MiB, 42, 112.54 W, 2925 MHz, 13801 MHz, Not Active, Not Active, Not Active, Not Active, Not Active
2026/09/02 17:19:38.323, 32108 MiB, 42, 112.54 W, 2925 MHz, 13801 MHz, Not Active, Not Active, Not Active, Not Active, Not Active
2026/09/02 17:19:38.524, 32108 MiB, 42, 112.79 W, 2925 MHz, 13801 MHz, Not Active, Not Active, Not Active, Not Active, Not Active
2026/09/02 17:19:38.724, 32108 MiB, 42, 112.79 W, 2925 MHz, 13801 MHz, Not Active, Not Active, Not Active, Not Active, Not Active
2026/09/02 17:19:38.924, 32108 MiB, 42, 112.79 W, 2925 MHz, 13801 MHz, Not Active, Not Active, Not Active, Not Active, Not Active
2026/09/02 17:19:39.124, 32108 MiB, 42, 113.20 W, 2925 MHz, 13801 MHz, Not Active, Not Active, Not Active, Not Active, Not Active
2026/09/02 17:19:39.325, 32108 MiB, 42, 113.20 W, 2925 MHz, 13801 MHz, Not Active, Not Active, Not Active, Not Active, Not Active
2026/09/02 17:19:39.525, 32108 MiB, 42, 118.16 W, 2925 MHz, 13801 MHz, Not Active, Not Active, Not Active, Not Active, Not Active
2026/09/02 17:19:39.725, 32108 MiB, 42, 118.16 W, 2925 MHz, 13801 MHz, Not Active, Not Active, Not Active, Not Active, Not Active
2026/09/02 17:19:39.925, 32108 MiB, 42, 118.16 W, 2925 MHz, 13801 MHz, Not Active, Not Active, Not Active, Not Active, Not Active
2026/09/02 17:19:40.125, 32108 MiB, 42, 121.04 W, 2925 MHz, 13801 MHz, Not Active, Not Active, Not Active, Not Active, Not Active
2026/09/02 17:19:40.326, 32108 MiB, 42, 121.04 W, 2925 MHz, 13801 MHz, Not Active, Not Active, Not Active, Not Active, Not Active
2026/09/02 17:19:40.526, 32108 MiB, 42, 116.04 W, 2925 MHz, 13801 MHz, Not Active, Not Active, Not Active, Not Active, Not Active
2026/09/02 17:19:40.726, 32108 MiB, 42, 116.04 W, 2925 MHz, 13801 MHz, Not Active, Not Active, Not Active, Not Active, Not Active
2026/09/02 17:19:40.926, 32108 MiB, 42, 116.04 W, 2925 MHz, 13801 MHz, Not Active, Not Active, Not Active, Not Active, Not Active
2026/09/02 17:19:41.126, 32108 MiB, 42, 112.63 W, 2925 MHz, 13801 MHz, Not Active, Not Active, Not Active, Not Active, Not Active
2026/09/02 17:19:41.327, 32108 MiB, 42, 112.63 W, 2925 MHz, 13801 MHz, Not Active, Not Active, Not Active, Not Active, Not Active
2026/09/02 17:19:41.527, 32108 MiB, 42, 112.69 W, 2925 MHz, 13801 MHz, Not Active, Not Active, Not Active, Not Active, Not Active
2026/09/02 17:19:41.727, 32108 MiB, 42, 112.69 W, 2925 MHz, 13801 MHz, Not Active, Not Active, Not Active, Not Active, Not Active
2026/09/02 17:19:41.927, 32108 MiB, 42, 112.69 W, 2925 MHz, 13801 MHz, Not Active, Not Active, Not Active, Not Active, Not Active
2026/09/02 17:19:42.128, 32108 MiB, 42, 112.69 W, 2925 MHz, 13801 MHz, Not Active, Not Active, Not Active, Not Active, Not Active
2026/09/02 17:19:42.328, 32108 MiB, 42, 112.69 W, 2925 MHz, 13801 MHz, Not Active, Not Active, Not Active, Not Active, Not Active
2026/09/02 17:19:42.528, 32108 MiB, 42, 112.72 W, 2925 MHz, 13801 MHz, Not Active, Not Active, Not Active, Not Active, Not Active
2026/09/02 17:19:42.728, 32108 MiB, 42, 112.72 W, 2925 MHz, 13801 MHz, Not Active, Not Active, Not Active, Not Active, Not Active
2026/09/02 17:19:42.929, 32108 MiB, 42, 112.72 W, 2925 MHz, 13801 MHz, Not Active, Not Active, Not Active, Not Active, Not Active
2026/09/02 17:19:43.129, 32108 MiB, 42, 112.74 W, 2925 MHz, 13801 MHz, Not Active, Not Active, Not Active, Not Active, Not Active
2026/09/02 17:19:43.329, 32108 MiB, 42, 112.74 W, 2925 MHz, 13801 MHz, Not Active, Not Active, Not Active, Not Active, Not Active
2026/09/02 17:19:43.529, 32108 MiB, 42, 112.83 W, 2925 MHz, 13801 MHz, Not Active, Not Active, Not Active, Not Active, Not Active
2026/09/02 17:19:43.729, 32108 MiB, 42, 112.83 W, 2925 MHz, 13801 MHz, Not Active, Not Active, Not Active, Not Active, Not Active
2026/09/02 17:19:43.930, 32108 MiB, 42, 112.83 W, 2925 MHz, 13801 MHz, Not Active, Not Active, Not Active, Not Active, Not Active
2026/09/02 17:19:44.130, 32108 MiB, 42, 112.82 W, 2925 MHz, 13801 MHz, Not Active, Not Active, Not Active, Not Active, Not Active
2026/09/02 17:19:44.330, 32108 MiB, 42, 112.82 W, 2925 MHz, 13801 MHz, Not Active, Not Active, Not Active, Not Active, Not Active
2026/09/02 17:19:44.530, 32108 MiB, 42, 112.87 W, 2925 MHz, 13801 MHz, Not Active, Not Active, Not Active, Not Active, Not Active
2026/09/02 17:19:44.730, 32108 MiB, 42, 112.87 W, 2925 MHz, 13801 MHz, Not Active, Not Active, Not Active, Not Active, Not Active
2026/09/02 17:19:44.930, 32108 MiB, 42, 112.87 W, 2925 MHz, 13801 MHz, Not Active, Not Active, Not Active, Not Active, Not Active
2026/09/02 17:19:45.131, 32108 MiB, 42, 112.75 W, 2925 MHz, 13801 MHz, Not Active, Not Active, Not Active, Not Active, Not Active
2026/09/02 17:19:45.331, 32108 MiB, 42, 112.75 W, 2925 MHz, 13801 MHz, Not Active, Not Active, Not Active, Not Active, Not Active
2026/09/02 17:19:45.531, 32108 MiB, 42, 112.69 W, 2925 MHz, 13801 MHz, Not Active, Not Active, Not Active, Not Active, Not Active
2026/09/02 17:19:45.731, 32108 MiB, 42, 112.69 W, 2925 MHz, 13801 MHz, Not Active, Not Active, Not Active, Not Active, Not Active
2026/09/02 17:19:45.931, 32108 MiB, 42, 112.69 W, 2925 MHz, 13801 MHz, Not Active, Not Active, Not Active, Not Active, Not Active
2026/09/02 17:19:46.132, 32108 MiB, 42, 112.70 W, 2925 MHz, 13801 MHz, Not Active, Not Active, Not Active, Not Active, Not Active
2026/09/02 17:19:46.332, 32108 MiB, 42, 112.70 W, 2925 MHz, 13801 MHz, Not Active, Not Active, Not Active, Not Active, Not Active
2026/09/02 17:19:46.532, 32108 MiB, 42, 112.78 W, 2925 MHz, 13801 MHz, Not Active, Not Active, Not Active, Not Active, Not Active
2026/09/02 17:19:46.732, 32108 MiB, 42, 112.78 W, 2925 MHz, 13801 MHz, Not Active, Not Active, Not Active, Not Active, Not Active
2026/09/02 17:19:46.933, 32108 MiB, 42, 112.78 W, 2925 MHz, 13801 MHz, Not Active, Not Active, Not Active, Not Active, Not Active
2026/09/02 17:19:47.133, 32108 MiB, 42, 112.88 W, 2925 MHz, 13801 MHz, Not Active, Not Active, Not Active, Not Active, Not Active
2026/09/02 17:19:47.333, 32108 MiB, 42, 112.88 W, 2925 MHz, 13801 MHz, Not Active, Not Active, Not Active, Not Active, Not Active
2026/09/02 17:19:47.533, 32108 MiB, 42, 112.99 W, 2925 MHz, 13801 MHz, Not Active, Not Active, Not Active, Not Active, Not Active
2026/09/02 17:19:47.734, 32108 MiB, 42, 112.99 W, 2925 MHz, 13801 MHz, Not Active, Not Active, Not Active, Not Active, Not Active
2026/09/02 17:19:47.934, 32108 MiB, 42, 112.99 W, 2925 MHz, 13801 MHz, Not Active, Not Active, Not Active, Not Active, Not Active
2026/09/02 17:19:48.134, 32108 MiB, 42, 113.07 W, 2925 MHz, 13801 MHz, Not Active, Not Active, Not Active, Not Active, Not Active
2026/09/02 17:19:48.334, 32108 MiB, 42, 113.07 W, 2925 MHz, 13801 MHz, Not Active, Not Active, Not Active, Not Active, Not Active
2026/09/02 17:19:48.534, 32108 MiB, 42, 112.89 W, 2925 MHz, 13801 MHz, Not Active, Not Active, Not Active, Not Active, Not Active
2026/09/02 17:19:48.735, 32108 MiB, 42, 112.89 W, 2925 MHz, 13801 MHz, Not Active, Not Active, Not Active, Not Active, Not Active
2026/09/02 17:19:48.935, 32108 MiB, 42, 112.89 W, 2925 MHz, 13801 MHz, Not Active, Not Active, Not Active, Not Active, Not Active
2026/09/02 17:19:49.135, 32108 MiB, 42, 112.79 W, 2925 MHz, 13801 MHz, Not Active, Not Active, Not Active, Not Active, Not Active
2026/09/02 17:19:49.335, 32108 MiB, 42, 112.79 W, 2925 MHz, 13801 MHz, Not Active, Not Active, Not Active, Not Active, Not Active
2026/09/02 17:19:49.536, 32108 MiB, 42, 112.82 W, 2925 MHz, 13801 MHz, Not Active, Not Active, Not Active, Not Active, Not Active
2026/09/02 17:19:49.736, 32108 MiB, 42, 112.82 W, 2925 MHz, 13801 MHz, Not Active, Not Active, Not Active, Not Active, Not Active
2026/09/02 17:19:49.936, 32108 MiB, 42, 112.82 W, 2925 MHz, 13801 MHz, Not Active, Not Active, Not Active, Not Active, Not Active
2026/09/02 17:19:50.136, 32108 MiB, 42, 112.91 W, 2925 MHz, 13801 MHz, Not Active, Not Active, Not Active, Not Active, Not Active
2026/09/02 17:19:50.336, 32108 MiB, 42, 112.91 W, 2925 MHz, 13801 MHz, Not Active, Not Active, Not Active, Not Active, Not Active
2026/09/02 17:19:50.537, 32108 MiB, 42, 112.79 W, 2925 MHz, 13801 MHz, Not Active, Not Active, Not Active, Not Active, Not Active
2026/09/02 17:19:50.737, 32108 MiB, 42, 112.79 W, 2925 MHz, 13801 MHz, Not Active, Not Active, Not Active, Not Active, Not Active
2026/09/02 17:19:50.937, 32108 MiB, 42, 112.79 W, 2925 MHz, 13801 MHz, Not Active, Not Active, Not Active, Not Active, Not Active
2026/09/02 17:19:51.137, 32108 MiB, 42, 112.57 W, 2925 MHz, 13801 MHz, Not Active, Not Active, Not Active, Not Active, Not Active
2026/09/02 17:19:51.337, 32108 MiB, 42, 112.57 W, 2925 MHz, 13801 MHz, Not Active, Not Active, Not Active, Not Active, Not Active
2026/09/02 17:19:51.538, 32108 MiB, 42, 112.52 W, 2925 MHz, 13801 MHz, Not Active, Not Active, Not Active, Not Active, Not Active
2026/09/02 17:19:51.738, 32108 MiB, 42, 112.52 W, 2925 MHz, 13801 MHz, Not Active, Not Active, Not Active, Not Active, Not Active
2026/09/02 17:19:51.938, 32108 MiB, 42, 112.52 W, 2925 MHz, 13801 MHz, Not Active, Not Active, Not Active, Not Active, Not Active
2026/09/02 17:19:52.138, 32108 MiB, 42, 112.52 W, 2925 MHz, 13801 MHz, Not Active, Not Active, Not Active, Not Active, Not Active
2026/09/02 17:19:52.339, 32108 MiB, 42, 112.52 W, 2925 MHz, 13801 MHz, Not Active, Not Active, Not Active, Not Active, Not Active
2026/09/02 17:19:52.539, 32108 MiB, 42, 112.53 W, 2925 MHz, 13801 MHz, Not Active, Not Active, Not Active, Not Active, Not Active
2026/09/02 17:19:52.739, 32108 MiB, 42, 112.53 W, 2925 MHz, 13801 MHz, Not Active, Not Active, Not Active, Not Active, Not Active
2026/09/02 17:19:52.939, 32108 MiB, 42, 112.53 W, 2925 MHz, 13801 MHz, Not Active, Not Active, Not Active, Not Active, Not Active
2026/09/02 17:19:53.139, 32108 MiB, 42, 112.51 W, 2925 MHz, 13801 MHz, Not Active, Not Active, Not Active, Not Active, Not Active
2026/09/02 17:19:53.339, 32108 MiB, 42, 112.51 W, 2925 MHz, 13801 MHz, Not Active, Not Active, Not Active, Not Active, Not Active
2026/09/02 17:19:53.540, 32108 MiB, 42, 112.49 W, 2925 MHz, 13801 MHz, Not Active, Not Active, Not Active, Not Active, Not Active
2026/09/02 17:19:53.740, 32108 MiB, 42, 112.49 W, 2925 MHz, 13801 MHz, Not Active, Not Active, Not Active, Not Active, Not Active
2026/09/02 17:19:53.940, 32108 MiB, 42, 112.49 W, 2925 MHz, 13801 MHz, Not Active, Not Active, Not Active, Not Active, Not Active
2026/09/02 17:19:54.140, 32108 MiB, 42, 113.97 W, 2925 MHz, 13801 MHz, Not Active, Not Active, Not Active, Not Active, Not Active
2026/09/02 17:19:54.340, 32108 MiB, 42, 113.97 W, 2925 MHz, 13801 MHz, Not Active, Not Active, Not Active, Not Active, Not Active
2026/09/02 17:19:54.541, 32108 MiB, 42, 115.90 W, 2925 MHz, 13801 MHz, Not Active, Not Active, Not Active, Not Active, Not Active
2026/09/02 17:19:54.741, 32108 MiB, 42, 115.90 W, 2925 MHz, 13801 MHz, Not Active, Not Active, Not Active, Not Active, Not Active
2026/09/02 17:19:54.941, 32108 MiB, 42, 115.90 W, 2925 MHz, 13801 MHz, Not Active, Not Active, Not Active, Not Active, Not Active
2026/09/02 17:19:55.141, 32108 MiB, 42, 114.23 W, 2925 MHz, 13801 MHz, Not Active, Not Active, Not Active, Not Active, Not Active
2026/09/02 17:19:55.342, 32108 MiB, 42, 114.23 W, 2925 MHz, 13801 MHz, Not Active, Not Active, Not Active, Not Active, Not Active
2026/09/02 17:19:55.542, 32108 MiB, 42, 111.58 W, 2925 MHz, 13801 MHz, Not Active, Not Active, Not Active, Not Active, Not Active
2026/09/02 17:19:55.742, 32108 MiB, 42, 111.58 W, 2925 MHz, 13801 MHz, Not Active, Not Active, Not Active, Not Active, Not Active
2026/09/02 17:19:55.942, 32108 MiB, 42, 111.58 W, 2925 MHz, 13801 MHz, Not Active, Not Active, Not Active, Not Active, Not Active
2026/09/02 17:19:56.143, 32108 MiB, 42, 111.59 W, 2925 MHz, 13801 MHz, Not Active, Not Active, Not Active, Not Active, Not Active
2026/09/02 17:19:56.343, 32108 MiB, 42, 111.59 W, 2925 MHz, 13801 MHz, Not Active, Not Active, Not Active, Not Active, Not Active
2026/09/02 17:19:56.543, 32108 MiB, 42, 111.72 W, 2925 MHz, 13801 MHz, Not Active, Not Active, Not Active, Not Active, Not Active
2026/09/02 17:19:56.743, 32108 MiB, 42, 111.72 W, 2925 MHz, 13801 MHz, Not Active, Not Active, Not Active, Not Active, Not Active
2026/09/02 17:19:56.944, 32108 MiB, 42, 111.72 W, 2925 MHz, 13801 MHz, Not Active, Not Active, Not Active, Not Active, Not Active
2026/09/02 17:19:57.144, 32108 MiB, 42, 111.84 W, 2925 MHz, 13801 MHz, Not Active, Not Active, Not Active, Not Active, Not Active
2026/09/02 17:19:57.344, 32108 MiB, 42, 111.84 W, 2925 MHz, 13801 MHz, Not Active, Not Active, Not Active, Not Active, Not Active
2026/09/02 17:19:57.544, 32108 MiB, 42, 111.69 W, 2925 MHz, 13801 MHz, Not Active, Not Active, Not Active, Not Active, Not Active
2026/09/02 17:19:57.744, 32108 MiB, 42, 111.69 W, 2925 MHz, 13801 MHz, Not Active, Not Active, Not Active, Not Active, Not Active
2026/09/02 17:19:57.945, 32108 MiB, 42, 111.69 W, 2925 MHz, 13801 MHz, Not Active, Not Active, Not Active, Not Active, Not Active
2026/09/02 17:19:58.145, 32108 MiB, 42, 111.63 W, 2925 MHz, 13801 MHz, Not Active, Not Active, Not Active, Not Active, Not Active
2026/09/02 17:19:58.345, 32108 MiB, 42, 111.63 W, 2925 MHz, 13801 MHz, Not Active, Not Active, Not Active, Not Active, Not Active
2026/09/02 17:19:58.546, 32108 MiB, 42, 111.68 W, 2925 MHz, 13801 MHz, Not Active, Not Active, Not Active, Not Active, Not Active
2026/09/02 17:19:58.746, 32108 MiB, 42, 111.68 W, 2925 MHz, 13801 MHz, Not Active, Not Active, Not Active, Not Active, Not Active
2026/09/02 17:19:58.946, 32108 MiB, 42, 111.68 W, 2925 MHz, 13801 MHz, Not Active, Not Active, Not Active, Not Active, Not Active
2026/09/02 17:19:59.146, 32108 MiB, 42, 111.71 W, 2925 MHz, 13801 MHz, Not Active, Not Active, Not Active, Not Active, Not Active
2026/09/02 17:19:59.347, 32108 MiB, 42, 111.71 W, 2925 MHz, 13801 MHz, Not Active, Not Active, Not Active, Not Active, Not Active
2026/09/02 17:19:59.547, 32108 MiB, 42, 111.66 W, 2925 MHz, 13801 MHz, Not Active, Not Active, Not Active, Not Active, Not Active
2026/09/02 17:19:59.747, 32108 MiB, 42, 111.66 W, 2925 MHz, 13801 MHz, Not Active, Not Active, Not Active, Not Active, Not Active
2026/09/02 17:19:59.947, 32108 MiB, 42, 111.66 W, 2925 MHz, 13801 MHz, Not Active, Not Active, Not Active, Not Active, Not Active
2026/09/02 17:20:00.147, 32108 MiB, 42, 111.58 W, 2925 MHz, 13801 MHz, Not Active, Not Active, Not Active, Not Active, Not Active
2026/09/02 17:20:00.348, 32108 MiB, 42, 111.58 W, 2925 MHz, 13801 MHz, Not Active, Not Active, Not Active, Not Active, Not Active
2026/09/02 17:20:00.548, 32108 MiB, 42, 111.44 W, 2925 MHz, 13801 MHz, Not Active, Not Active, Not Active, Not Active, Not Active
2026/09/02 17:20:00.748, 32108 MiB, 42, 111.44 W, 2925 MHz, 13801 MHz, Not Active, Not Active, Not Active, Not Active, Not Active
2026/09/02 17:20:00.948, 32108 MiB, 42, 111.44 W, 2925 MHz, 13801 MHz, Not Active, Not Active, Not Active, Not Active, Not Active
2026/09/02 17:20:01.149, 32108 MiB, 42, 114.56 W, 2917 MHz, 13801 MHz, Not Active, Not Active, Not Active, Not Active, Not Active
2026/09/02 17:20:01.349, 32108 MiB, 42, 114.56 W, 2917 MHz, 13801 MHz, Not Active, Not Active, Not Active, Not Active, Not Active
2026/09/02 17:20:01.549, 32108 MiB, 42, 113.79 W, 2925 MHz, 13801 MHz, Not Active, Not Active, Not Active, Not Active, Not Active
2026/09/02 17:20:01.749, 32108 MiB, 42, 113.79 W, 2925 MHz, 13801 MHz, Not Active, Not Active, Not Active, Not Active, Not Active
2026/09/02 17:20:01.949, 32108 MiB, 42, 113.79 W, 2925 MHz, 13801 MHz, Not Active, Not Active, Not Active, Not Active, Not Active
2026/09/02 17:20:02.150, 32108 MiB, 42, 111.46 W, 2925 MHz, 13801 MHz, Not Active, Not Active, Not Active, Not Active, Not Active
2026/09/02 17:20:02.350, 32108 MiB, 42, 111.46 W, 2925 MHz, 13801 MHz, Not Active, Not Active, Not Active, Not Active, Not Active
2026/09/02 17:20:02.550, 32108 MiB, 42, 115.98 W, 2925 MHz, 13801 MHz, Not Active, Not Active, Not Active, Not Active, Not Active
2026/09/02 17:20:02.751, 32108 MiB, 42, 115.98 W, 2925 MHz, 13801 MHz, Not Active, Not Active, Not Active, Not Active, Not Active
2026/09/02 17:20:02.951, 32108 MiB, 42, 115.98 W, 2925 MHz, 13801 MHz, Not Active, Not Active, Not Active, Not Active, Not Active
2026/09/02 17:20:03.151, 32108 MiB, 42, 116.55 W, 2925 MHz, 13801 MHz, Not Active, Not Active, Not Active, Not Active, Not Active
2026/09/02 17:20:03.351, 32108 MiB, 42, 116.55 W, 2925 MHz, 13801 MHz, Not Active, Not Active, Not Active, Not Active, Not Active
2026/09/02 17:20:03.551, 32108 MiB, 42, 115.21 W, 2925 MHz, 13801 MHz, Not Active, Not Active, Not Active, Not Active, Not Active
2026/09/02 17:20:03.752, 32108 MiB, 42, 115.21 W, 2925 MHz, 13801 MHz, Not Active, Not Active, Not Active, Not Active, Not Active
2026/09/02 17:20:03.952, 32108 MiB, 42, 115.21 W, 2925 MHz, 13801 MHz, Not Active, Not Active, Not Active, Not Active, Not Active
2026/09/02 17:20:04.152, 32108 MiB, 42, 115.88 W, 2925 MHz, 13801 MHz, Not Active, Not Active, Not Active, Not Active, Not Active
2026/09/02 17:20:04.352, 32108 MiB, 42, 115.88 W, 2925 MHz, 13801 MHz, Not Active, Not Active, Not Active, Not Active, Not Active
2026/09/02 17:20:04.552, 32108 MiB, 42, 117.44 W, 2925 MHz, 13801 MHz, Not Active, Not Active, Not Active, Not Active, Not Active
2026/09/02 17:20:04.753, 32108 MiB, 42, 117.44 W, 2925 MHz, 13801 MHz, Not Active, Not Active, Not Active, Not Active, Not Active
2026/09/02 17:20:04.953, 32108 MiB, 42, 117.44 W, 2925 MHz, 13801 MHz, Not Active, Not Active, Not Active, Not Active, Not Active
2026/09/02 17:20:05.153, 32108 MiB, 42, 117.40 W, 2925 MHz, 13801 MHz, Not Active, Not Active, Not Active, Not Active, Not Active
2026/09/02 17:20:05.353, 32108 MiB, 42, 117.40 W, 2925 MHz, 13801 MHz, Not Active, Not Active, Not Active, Not Active, Not Active
2026/09/02 17:20:05.554, 32108 MiB, 42, 116.63 W, 2925 MHz, 13801 MHz, Not Active, Not Active, Not Active, Not Active, Not Active
2026/09/02 17:20:05.754, 32108 MiB, 42, 116.63 W, 2925 MHz, 13801 MHz, Not Active, Not Active, Not Active, Not Active, Not Active
2026/09/02 17:20:05.954, 32108 MiB, 42, 116.63 W, 2925 MHz, 13801 MHz, Not Active, Not Active, Not Active, Not Active, Not Active
2026/09/02 17:20:06.154, 32108 MiB, 42, 117.20 W, 2925 MHz, 13801 MHz, Not Active, Not Active, Not Active, Not Active, Not Active
2026/09/02 17:20:06.354, 32108 MiB, 42, 117.20 W, 2925 MHz, 13801 MHz, Not Active, Not Active, Not Active, Not Active, Not Active
2026/09/02 17:20:06.555, 32108 MiB, 42, 118.09 W, 2925 MHz, 13801 MHz, Not Active, Not Active, Not Active, Not Active, Not Active
2026/09/02 17:20:06.755, 32108 MiB, 42, 118.09 W, 2925 MHz, 13801 MHz, Not Active, Not Active, Not Active, Not Active, Not Active
2026/09/02 17:20:06.955, 32108 MiB, 42, 118.09 W, 2925 MHz, 13801 MHz, Not Active, Not Active, Not Active, Not Active, Not Active
2026/09/02 17:20:07.155, 32108 MiB, 42, 118.65 W, 2925 MHz, 13801 MHz, Not Active, Not Active, Not Active, Not Active, Not Active
2026/09/02 17:20:07.355, 32108 MiB, 42, 118.65 W, 2925 MHz, 13801 MHz, Not Active, Not Active, Not Active, Not Active, Not Active
2026/09/02 17:20:07.556, 32108 MiB, 42, 120.43 W, 2925 MHz, 13801 MHz, Not Active, Not Active, Not Active, Not Active, Not Active
2026/09/02 17:20:07.756, 32108 MiB, 42, 120.43 W, 2925 MHz, 13801 MHz, Not Active, Not Active, Not Active, Not Active, Not Active
2026/09/02 17:20:07.956, 32108 MiB, 42, 120.43 W, 2925 MHz, 13801 MHz, Not Active, Not Active, Not Active, Not Active, Not Active
2026/09/02 17:20:08.156, 32108 MiB, 42, 122.30 W, 2925 MHz, 13801 MHz, Not Active, Not Active, Not Active, Not Active, Not Active
2026/09/02 17:20:08.356, 32108 MiB, 42, 122.30 W, 2925 MHz, 13801 MHz, Not Active, Not Active, Not Active, Not Active, Not Active
2026/09/02 17:20:08.556, 32108 MiB, 42, 122.73 W, 2925 MHz, 13801 MHz, Not Active, Not Active, Not Active, Not Active, Not Active
2026/09/02 17:20:08.757, 32108 MiB, 42, 122.73 W, 2925 MHz, 13801 MHz, Not Active, Not Active, Not Active, Not Active, Not Active
2026/09/02 17:20:08.957, 32108 MiB, 42, 122.73 W, 2925 MHz, 13801 MHz, Not Active, Not Active, Not Active, Not Active, Not Active
2026/09/02 17:20:09.157, 32108 MiB, 42, 119.69 W, 2925 MHz, 13801 MHz, Not Active, Not Active, Not Active, Not Active, Not Active
2026/09/02 17:20:09.357, 32108 MiB, 42, 119.69 W, 2925 MHz, 13801 MHz, Not Active, Not Active, Not Active, Not Active, Not Active
2026/09/02 17:20:09.557, 32108 MiB, 42, 118.21 W, 2925 MHz, 13801 MHz, Not Active, Not Active, Not Active, Not Active, Not Active
2026/09/02 17:20:09.758, 32108 MiB, 42, 118.21 W, 2925 MHz, 13801 MHz, Not Active, Not Active, Not Active, Not Active, Not Active
2026/09/02 17:20:09.958, 32108 MiB, 42, 118.21 W, 2925 MHz, 13801 MHz, Not Active, Not Active, Not Active, Not Active, Not Active
2026/09/02 17:20:10.158, 32108 MiB, 42, 122.11 W, 2925 MHz, 13801 MHz, Not Active, Not Active, Not Active, Not Active, Not Active
2026/09/02 17:20:10.358, 32108 MiB, 42, 122.11 W, 2925 MHz, 13801 MHz, Not Active, Not Active, Not Active, Not Active, Not Active
2026/09/02 17:20:10.558, 32108 MiB, 42, 122.25 W, 2925 MHz, 13801 MHz, Not Active, Not Active, Not Active, Not Active, Not Active
2026/09/02 17:20:10.759, 32108 MiB, 42, 122.25 W, 2925 MHz, 13801 MHz, Not Active, Not Active, Not Active, Not Active, Not Active
2026/09/02 17:20:10.959, 32108 MiB, 42, 122.25 W, 2925 MHz, 13801 MHz, Not Active, Not Active, Not Active, Not Active, Not Active
2026/09/02 17:20:11.159, 32108 MiB, 42, 121.23 W, 2925 MHz, 13801 MHz, Not Active, Not Active, Not Active, Not Active, Not Active
2026/09/02 17:20:11.359, 32108 MiB, 42, 121.23 W, 2925 MHz, 13801 MHz, Not Active, Not Active, Not Active, Not Active, Not Active
2026/09/02 17:20:11.559, 32108 MiB, 42, 117.48 W, 2925 MHz, 13801 MHz, Not Active, Not Active, Not Active, Not Active, Not Active
2026/09/02 17:20:11.760, 32108 MiB, 42, 117.48 W, 2925 MHz, 13801 MHz, Not Active, Not Active, Not Active, Not Active, Not Active
2026/09/02 17:20:11.960, 32108 MiB, 42, 117.48 W, 2925 MHz, 13801 MHz, Not Active, Not Active, Not Active, Not Active, Not Active
2026/09/02 17:20:12.161, 32108 MiB, 42, 113.89 W, 2925 MHz, 13801 MHz, Not Active, Not Active, Not Active, Not Active, Not Active
2026/09/02 17:20:12.361, 32108 MiB, 42, 113.89 W, 2925 MHz, 13801 MHz, Not Active, Not Active, Not Active, Not Active, Not Active
2026/09/02 17:20:12.561, 32108 MiB, 42, 112.45 W, 2925 MHz, 13801 MHz, Not Active, Not Active, Not Active, Not Active, Not Active
2026/09/02 17:20:12.761, 32108 MiB, 42, 112.45 W, 2925 MHz, 13801 MHz, Not Active, Not Active, Not Active, Not Active, Not Active
2026/09/02 17:20:12.962, 32108 MiB, 42, 112.45 W, 2925 MHz, 13801 MHz, Not Active, Not Active, Not Active, Not Active, Not Active
2026/09/02 17:20:13.162, 32108 MiB, 42, 112.39 W, 2925 MHz, 13801 MHz, Not Active, Not Active, Not Active, Not Active, Not Active
2026/09/02 17:20:13.362, 32108 MiB, 42, 112.39 W, 2925 MHz, 13801 MHz, Not Active, Not Active, Not Active, Not Active, Not Active
2026/09/02 17:20:13.562, 32108 MiB, 42, 112.44 W, 2925 MHz, 13801 MHz, Not Active, Not Active, Not Active, Not Active, Not Active
2026/09/02 17:20:13.763, 32108 MiB, 42, 112.44 W, 2925 MHz, 13801 MHz, Not Active, Not Active, Not Active, Not Active, Not Active
2026/09/02 17:20:13.963, 32108 MiB, 42, 112.51 W, 2925 MHz, 13801 MHz, Not Active, Not Active, Not Active, Not Active, Not Active
2026/09/02 17:20:14.163, 32108 MiB, 42, 112.51 W, 2925 MHz, 13801 MHz, Not Active, Not Active, Not Active, Not Active, Not Active
2026/09/02 17:20:14.363, 32108 MiB, 42, 112.51 W, 2925 MHz, 13801 MHz, Not Active, Not Active, Not Active, Not Active, Not Active
2026/09/02 17:20:14.564, 32108 MiB, 42, 112.45 W, 2925 MHz, 13801 MHz, Not Active, Not Active, Not Active, Not Active, Not Active
2026/09/02 17:20:14.764, 32108 MiB, 42, 112.45 W, 2925 MHz, 13801 MHz, Not Active, Not Active, Not Active, Not Active, Not Active
2026/09/02 17:20:14.964, 32108 MiB, 42, 112.35 W, 2925 MHz, 13801 MHz, Not Active, Not Active, Not Active, Not Active, Not Active
2026/09/02 17:20:15.164, 32108 MiB, 42, 112.35 W, 2925 MHz, 13801 MHz, Not Active, Not Active, Not Active, Not Active, Not Active
2026/09/02 17:20:15.364, 32108 MiB, 42, 112.35 W, 2925 MHz, 13801 MHz, Not Active, Not Active, Not Active, Not Active, Not Active
2026/09/02 17:20:15.564, 32108 MiB, 42, 112.37 W, 2925 MHz, 13801 MHz, Not Active, Not Active, Not Active, Not Active, Not Active
2026/09/02 17:20:15.765, 32108 MiB, 42, 112.37 W, 2925 MHz, 13801 MHz, Not Active, Not Active, Not Active, Not Active, Not Active
2026/09/02 17:20:15.965, 32108 MiB, 42, 112.54 W, 2925 MHz, 13801 MHz, Not Active, Not Active, Not Active, Not Active, Not Active
2026/09/02 17:20:16.165, 32108 MiB, 42, 112.54 W, 2925 MHz, 13801 MHz, Not Active, Not Active, Not Active, Not Active, Not Active
2026/09/02 17:20:16.365, 32108 MiB, 42, 112.54 W, 2925 MHz, 13801 MHz, Not Active, Not Active, Not Active, Not Active, Not Active
2026/09/02 17:20:16.565, 32108 MiB, 42, 112.46 W, 2925 MHz, 13801 MHz, Not Active, Not Active, Not Active, Not Active, Not Active
2026/09/02 17:20:16.766, 32108 MiB, 42, 112.46 W, 2925 MHz, 13801 MHz, Not Active, Not Active, Not Active, Not Active, Not Active
2026/09/02 17:20:16.966, 32108 MiB, 42, 112.30 W, 2925 MHz, 13801 MHz, Not Active, Not Active, Not Active, Not Active, Not Active
2026/09/02 17:20:17.166, 32108 MiB, 42, 112.30 W, 2925 MHz, 13801 MHz, Not Active, Not Active, Not Active, Not Active, Not Active
2026/09/02 17:20:17.366, 32108 MiB, 42, 112.30 W, 2925 MHz, 13801 MHz, Not Active, Not Active, Not Active, Not Active, Not Active
2026/09/02 17:20:17.567, 32108 MiB, 42, 112.14 W, 2925 MHz, 13801 MHz, Not Active, Not Active, Not Active, Not Active, Not Active
2026/09/02 17:20:17.767, 32108 MiB, 42, 112.14 W, 2925 MHz, 13801 MHz, Not Active, Not Active, Not Active, Not Active, Not Active
2026/09/02 17:20:17.967, 32108 MiB, 42, 112.18 W, 2925 MHz, 13801 MHz, Not Active, Not Active, Not Active, Not Active, Not Active
2026/09/02 17:20:18.167, 32108 MiB, 42, 112.18 W, 2925 MHz, 13801 MHz, Not Active, Not Active, Not Active, Not Active, Not Active
2026/09/02 17:20:18.367, 32108 MiB, 42, 112.18 W, 2925 MHz, 13801 MHz, Not Active, Not Active, Not Active, Not Active, Not Active
2026/09/02 17:20:18.568, 32108 MiB, 42, 112.26 W, 2925 MHz, 13801 MHz, Not Active, Not Active, Not Active, Not Active, Not Active
2026/09/02 17:20:18.768, 32108 MiB, 42, 112.26 W, 2925 MHz, 13801 MHz, Not Active, Not Active, Not Active, Not Active, Not Active
2026/09/02 17:20:18.968, 32108 MiB, 42, 112.14 W, 2925 MHz, 13801 MHz, Not Active, Not Active, Not Active, Not Active, Not Active
2026/09/02 17:20:19.168, 32108 MiB, 42, 112.14 W, 2925 MHz, 13801 MHz, Not Active, Not Active, Not Active, Not Active, Not Active
2026/09/02 17:20:19.368, 32108 MiB, 42, 112.14 W, 2925 MHz, 13801 MHz, Not Active, Not Active, Not Active, Not Active, Not Active
2026/09/02 17:20:19.569, 32108 MiB, 42, 112.11 W, 2925 MHz, 13801 MHz, Not Active, Not Active, Not Active, Not Active, Not Active
2026/09/02 17:20:19.769, 32108 MiB, 42, 112.11 W, 2925 MHz, 13801 MHz, Not Active, Not Active, Not Active, Not Active, Not Active
2026/09/02 17:20:19.969, 32108 MiB, 42, 112.14 W, 2925 MHz, 13801 MHz, Not Active, Not Active, Not Active, Not Active, Not Active
2026/09/02 17:20:20.169, 32108 MiB, 42, 112.14 W, 2925 MHz, 13801 MHz, Not Active, Not Active, Not Active, Not Active, Not Active
2026/09/02 17:20:20.369, 32108 MiB, 42, 112.14 W, 2925 MHz, 13801 MHz, Not Active, Not Active, Not Active, Not Active, Not Active
2026/09/02 17:20:20.569, 32108 MiB, 42, 112.16 W, 2925 MHz, 13801 MHz, Not Active, Not Active, Not Active, Not Active, Not Active
2026/09/02 17:20:20.770, 32108 MiB, 42, 112.16 W, 2925 MHz, 13801 MHz, Not Active, Not Active, Not Active, Not Active, Not Active
2026/09/02 17:20:20.970, 32108 MiB, 42, 112.15 W, 2925 MHz, 13801 MHz, Not Active, Not Active, Not Active, Not Active, Not Active
2026/09/02 17:20:21.170, 32108 MiB, 42, 112.15 W, 2925 MHz, 13801 MHz, Not Active, Not Active, Not Active, Not Active, Not Active
2026/09/02 17:20:21.370, 32108 MiB, 42, 112.15 W, 2925 MHz, 13801 MHz, Not Active, Not Active, Not Active, Not Active, Not Active
2026/09/02 17:20:21.571, 32108 MiB, 41, 112.14 W, 2925 MHz, 13801 MHz, Not Active, Not Active, Not Active, Not Active, Not Active
2026/09/02 17:20:21.771, 32108 MiB, 41, 112.14 W, 2925 MHz, 13801 MHz, Not Active, Not Active, Not Active, Not Active, Not Active
2026/09/02 17:20:21.971, 32108 MiB, 42, 112.16 W, 2925 MHz, 13801 MHz, Not Active, Not Active, Not Active, Not Active, Not Active
2026/09/02 17:20:22.171, 32108 MiB, 42, 112.16 W, 2925 MHz, 13801 MHz, Not Active, Not Active, Not Active, Not Active, Not Active
2026/09/02 17:20:22.371, 32108 MiB, 42, 112.16 W, 2925 MHz, 13801 MHz, Not Active, Not Active, Not Active, Not Active, Not Active
2026/09/02 17:20:22.571, 32108 MiB, 42, 112.14 W, 2925 MHz, 13801 MHz, Not Active, Not Active, Not Active, Not Active, Not Active
2026/09/02 17:20:22.772, 32108 MiB, 42, 112.14 W, 2925 MHz, 13801 MHz, Not Active, Not Active, Not Active, Not Active, Not Active
2026/09/02 17:20:22.972, 32108 MiB, 41, 112.19 W, 2925 MHz, 13801 MHz, Not Active, Not Active, Not Active, Not Active, Not Active
2026/09/02 17:20:23.172, 32108 MiB, 41, 112.19 W, 2925 MHz, 13801 MHz, Not Active, Not Active, Not Active, Not Active, Not Active
2026/09/02 17:20:23.372, 32108 MiB, 41, 112.19 W, 2925 MHz, 13801 MHz, Not Active, Not Active, Not Active, Not Active, Not Active
2026/09/02 17:20:23.573, 32108 MiB, 42, 112.29 W, 2925 MHz, 13801 MHz, Not Active, Not Active, Not Active, Not Active, Not Active
2026/09/02 17:20:23.773, 32108 MiB, 42, 112.29 W, 2925 MHz, 13801 MHz, Not Active, Not Active, Not Active, Not Active, Not Active
2026/09/02 17:20:23.973, 32108 MiB, 41, 112.12 W, 2925 MHz, 13801 MHz, Not Active, Not Active, Not Active, Not Active, Not Active
2026/09/02 17:20:24.173, 32108 MiB, 41, 112.12 W, 2925 MHz, 13801 MHz, Not Active, Not Active, Not Active, Not Active, Not Active
2026/09/02 17:20:24.373, 32108 MiB, 41, 112.12 W, 2925 MHz, 13801 MHz, Not Active, Not Active, Not Active, Not Active, Not Active
2026/09/02 17:20:24.573, 32108 MiB, 41, 112.01 W, 2925 MHz, 13801 MHz, Not Active, Not Active, Not Active, Not Active, Not Active
2026/09/02 17:20:24.773, 32108 MiB, 41, 112.01 W, 2925 MHz, 13801 MHz, Not Active, Not Active, Not Active, Not Active, Not Active
2026/09/02 17:20:24.974, 32108 MiB, 41, 112.08 W, 2925 MHz, 13801 MHz, Not Active, Not Active, Not Active, Not Active, Not Active
2026/09/02 17:20:25.174, 32108 MiB, 41, 112.08 W, 2925 MHz, 13801 MHz, Not Active, Not Active, Not Active, Not Active, Not Active
2026/09/02 17:20:25.374, 32108 MiB, 41, 112.08 W, 2925 MHz, 13801 MHz, Not Active, Not Active, Not Active, Not Active, Not Active
2026/09/02 17:20:25.574, 32108 MiB, 42, 112.08 W, 2925 MHz, 13801 MHz, Not Active, Not Active, Not Active, Not Active, Not Active
2026/09/02 17:20:25.774, 32108 MiB, 42, 112.08 W, 2925 MHz, 13801 MHz, Not Active, Not Active, Not Active, Not Active, Not Active
2026/09/02 17:20:25.975, 32108 MiB, 41, 112.10 W, 2925 MHz, 13801 MHz, Not Active, Not Active, Not Active, Not Active, Not Active
2026/09/02 17:20:26.175, 32108 MiB, 41, 112.10 W, 2925 MHz, 13801 MHz, Not Active, Not Active, Not Active, Not Active, Not Active
2026/09/02 17:20:26.375, 32108 MiB, 41, 112.10 W, 2925 MHz, 13801 MHz, Not Active, Not Active, Not Active, Not Active, Not Active
2026/09/02 17:20:26.575, 32108 MiB, 41, 112.18 W, 2925 MHz, 13801 MHz, Not Active, Not Active, Not Active, Not Active, Not Active
2026/09/02 17:20:26.775, 32108 MiB, 41, 112.18 W, 2925 MHz, 13801 MHz, Not Active, Not Active, Not Active, Not Active, Not Active
2026/09/02 17:20:26.976, 32108 MiB, 41, 112.16 W, 2925 MHz, 13801 MHz, Not Active, Not Active, Not Active, Not Active, Not Active
2026/09/02 17:20:27.176, 32108 MiB, 41, 112.16 W, 2925 MHz, 13801 MHz, Not Active, Not Active, Not Active, Not Active, Not Active
2026/09/02 17:20:27.376, 32108 MiB, 41, 112.16 W, 2925 MHz, 13801 MHz, Not Active, Not Active, Not Active, Not Active, Not Active
2026/09/02 17:20:27.576, 32108 MiB, 41, 112.02 W, 2925 MHz, 13801 MHz, Not Active, Not Active, Not Active, Not Active, Not Active
2026/09/02 17:20:27.777, 32108 MiB, 41, 112.02 W, 2925 MHz, 13801 MHz, Not Active, Not Active, Not Active, Not Active, Not Active
2026/09/02 17:20:27.977, 32108 MiB, 41, 111.87 W, 2925 MHz, 13801 MHz, Not Active, Not Active, Not Active, Not Active, Not Active
2026/09/02 17:20:28.177, 32108 MiB, 41, 111.87 W, 2925 MHz, 13801 MHz, Not Active, Not Active, Not Active, Not Active, Not Active
2026/09/02 17:20:28.377, 32108 MiB, 41, 111.87 W, 2925 MHz, 13801 MHz, Not Active, Not Active, Not Active, Not Active, Not Active
2026/09/02 17:20:28.577, 32108 MiB, 41, 111.95 W, 2925 MHz, 13801 MHz, Not Active, Not Active, Not Active, Not Active, Not Active
2026/09/02 17:20:28.778, 32108 MiB, 41, 111.95 W, 2925 MHz, 13801 MHz, Not Active, Not Active, Not Active, Not Active, Not Active
2026/09/02 17:20:28.978, 32108 MiB, 41, 112.04 W, 2925 MHz, 13801 MHz, Not Active, Not Active, Not Active, Not Active, Not Active
2026/09/02 17:20:29.178, 32108 MiB, 41, 112.04 W, 2925 MHz, 13801 MHz, Not Active, Not Active, Not Active, Not Active, Not Active
2026/09/02 17:20:29.378, 32108 MiB, 41, 112.04 W, 2925 MHz, 13801 MHz, Not Active, Not Active, Not Active, Not Active, Not Active
2026/09/02 17:20:29.579, 32108 MiB, 41, 112.06 W, 2925 MHz, 13801 MHz, Not Active, Not Active, Not Active, Not Active, Not Active
2026/09/02 17:20:29.779, 32108 MiB, 41, 112.06 W, 2925 MHz, 13801 MHz, Not Active, Not Active, Not Active, Not Active, Not Active
2026/09/02 17:20:29.979, 32108 MiB, 42, 113.38 W, 2925 MHz, 13801 MHz, Not Active, Not Active, Not Active, Not Active, Not Active
2026/09/02 17:20:30.179, 32108 MiB, 42, 113.38 W, 2925 MHz, 13801 MHz, Not Active, Not Active, Not Active, Not Active, Not Active
2026/09/02 17:20:30.380, 32108 MiB, 42, 113.38 W, 2925 MHz, 13801 MHz, Not Active, Not Active, Not Active, Not Active, Not Active
2026/09/02 17:20:30.580, 32108 MiB, 42, 115.31 W, 2925 MHz, 13801 MHz, Not Active, Not Active, Not Active, Not Active, Not Active
2026/09/02 17:20:30.786, 32108 MiB, 42, 115.31 W, 2925 MHz, 13801 MHz, Not Active, Not Active, Not Active, Not Active, Not Active
2026/09/02 17:20:30.986, 32108 MiB, 41, 114.05 W, 2925 MHz, 13801 MHz, Not Active, Not Active, Not Active, Not Active, Not Active
2026/09/02 17:20:31.186, 32108 MiB, 41, 114.05 W, 2925 MHz, 13801 MHz, Not Active, Not Active, Not Active, Not Active, Not Active
2026/09/02 17:20:31.386, 32108 MiB, 41, 114.05 W, 2925 MHz, 13801 MHz, Not Active, Not Active, Not Active, Not Active, Not Active
2026/09/02 17:20:31.586, 32108 MiB, 41, 111.54 W, 2925 MHz, 13801 MHz, Not Active, Not Active, Not Active, Not Active, Not Active
2026/09/02 17:20:31.787, 32108 MiB, 41, 111.54 W, 2925 MHz, 13801 MHz, Not Active, Not Active, Not Active, Not Active, Not Active
2026/09/02 17:20:31.987, 32108 MiB, 41, 110.71 W, 2925 MHz, 13801 MHz, Not Active, Not Active, Not Active, Not Active, Not Active
2026/09/02 17:20:32.187, 32108 MiB, 41, 110.71 W, 2925 MHz, 13801 MHz, Not Active, Not Active, Not Active, Not Active, Not Active
2026/09/02 17:20:32.387, 32108 MiB, 41, 110.71 W, 2925 MHz, 13801 MHz, Not Active, Not Active, Not Active, Not Active, Not Active
2026/09/02 17:20:32.587, 32108 MiB, 41, 110.90 W, 2925 MHz, 13801 MHz, Not Active, Not Active, Not Active, Not Active, Not Active
2026/09/02 17:20:32.788, 32108 MiB, 41, 110.90 W, 2925 MHz, 13801 MHz, Not Active, Not Active, Not Active, Not Active, Not Active
2026/09/02 17:20:32.988, 32108 MiB, 41, 110.93 W, 2925 MHz, 13801 MHz, Not Active, Not Active, Not Active, Not Active, Not Active
2026/09/02 17:20:33.188, 32108 MiB, 41, 110.93 W, 2925 MHz, 13801 MHz, Not Active, Not Active, Not Active, Not Active, Not Active
2026/09/02 17:20:33.388, 32108 MiB, 41, 110.93 W, 2925 MHz, 13801 MHz, Not Active, Not Active, Not Active, Not Active, Not Active
2026/09/02 17:20:33.589, 32108 MiB, 41, 110.87 W, 2925 MHz, 13801 MHz, Not Active, Not Active, Not Active, Not Active, Not Active
2026/09/02 17:20:33.789, 32108 MiB, 41, 110.87 W, 2925 MHz, 13801 MHz, Not Active, Not Active, Not Active, Not Active, Not Active
2026/09/02 17:20:33.989, 32108 MiB, 41, 110.86 W, 2925 MHz, 13801 MHz, Not Active, Not Active, Not Active, Not Active, Not Active
2026/09/02 17:20:34.189, 32108 MiB, 41, 110.86 W, 2925 MHz, 13801 MHz, Not Active, Not Active, Not Active, Not Active, Not Active
2026/09/02 17:20:34.389, 32108 MiB, 41, 110.86 W, 2925 MHz, 13801 MHz, Not Active, Not Active, Not Active, Not Active, Not Active
2026/09/02 17:20:34.590, 32108 MiB, 41, 110.90 W, 2925 MHz, 13801 MHz, Not Active, Not Active, Not Active, Not Active, Not Active
2026/09/02 17:20:34.790, 32108 MiB, 41, 110.90 W, 2925 MHz, 13801 MHz, Not Active, Not Active, Not Active, Not Active, Not Active
2026/09/02 17:20:34.990, 32108 MiB, 41, 110.86 W, 2925 MHz, 13801 MHz, Not Active, Not Active, Not Active, Not Active, Not Active
2026/09/02 17:20:35.190, 32108 MiB, 41, 110.86 W, 2925 MHz, 13801 MHz, Not Active, Not Active, Not Active, Not Active, Not Active
2026/09/02 17:20:35.391, 32108 MiB, 41, 110.86 W, 2925 MHz, 13801 MHz, Not Active, Not Active, Not Active, Not Active, Not Active
2026/09/02 17:20:35.591, 32108 MiB, 41, 110.86 W, 2925 MHz, 13801 MHz, Not Active, Not Active, Not Active, Not Active, Not Active
2026/09/02 17:20:35.791, 32108 MiB, 41, 110.86 W, 2925 MHz, 13801 MHz, Not Active, Not Active, Not Active, Not Active, Not Active
2026/09/02 17:20:35.991, 32108 MiB, 41, 110.92 W, 2925 MHz, 13801 MHz, Not Active, Not Active, Not Active, Not Active, Not Active
2026/09/02 17:20:36.191, 32108 MiB, 41, 110.92 W, 2925 MHz, 13801 MHz, Not Active, Not Active, Not Active, Not Active, Not Active
2026/09/02 17:20:36.392, 32108 MiB, 41, 110.92 W, 2925 MHz, 13801 MHz, Not Active, Not Active, Not Active, Not Active, Not Active
2026/09/02 17:20:36.592, 32108 MiB, 41, 110.93 W, 2925 MHz, 13801 MHz, Not Active, Not Active, Not Active, Not Active, Not Active
2026/09/02 17:20:36.792, 32108 MiB, 41, 110.93 W, 2925 MHz, 13801 MHz, Not Active, Not Active, Not Active, Not Active, Not Active
2026/09/02 17:20:36.992, 32108 MiB, 41, 110.77 W, 2925 MHz, 13801 MHz, Not Active, Not Active, Not Active, Not Active, Not Active
2026/09/02 17:20:37.192, 32108 MiB, 41, 110.77 W, 2925 MHz, 13801 MHz, Not Active, Not Active, Not Active, Not Active, Not Active
2026/09/02 17:20:37.393, 32108 MiB, 41, 110.77 W, 2925 MHz, 13801 MHz, Not Active, Not Active, Not Active, Not Active, Not Active
2026/09/02 17:20:37.593, 32108 MiB, 41, 110.85 W, 2925 MHz, 13801 MHz, Not Active, Not Active, Not Active, Not Active, Not Active
2026/09/02 17:20:37.793, 32108 MiB, 41, 110.85 W, 2925 MHz, 13801 MHz, Not Active, Not Active, Not Active, Not Active, Not Active
2026/09/02 17:20:37.993, 32108 MiB, 41, 110.98 W, 2925 MHz, 13801 MHz, Not Active, Not Active, Not Active, Not Active, Not Active
2026/09/02 17:20:38.193, 32108 MiB, 41, 110.98 W, 2925 MHz, 13801 MHz, Not Active, Not Active, Not Active, Not Active, Not Active
2026/09/02 17:20:38.393, 32108 MiB, 41, 110.98 W, 2925 MHz, 13801 MHz, Not Active, Not Active, Not Active, Not Active, Not Active
2026/09/02 17:20:38.594, 32108 MiB, 41, 110.99 W, 2925 MHz, 13801 MHz, Not Active, Not Active, Not Active, Not Active, Not Active
2026/09/02 17:20:38.794, 32108 MiB, 41, 110.99 W, 2925 MHz, 13801 MHz, Not Active, Not Active, Not Active, Not Active, Not Active
2026/09/02 17:20:38.994, 32108 MiB, 41, 110.89 W, 2925 MHz, 13801 MHz, Not Active, Not Active, Not Active, Not Active, Not Active
2026/09/02 17:20:39.194, 32108 MiB, 41, 110.89 W, 2925 MHz, 13801 MHz, Not Active, Not Active, Not Active, Not Active, Not Active
2026/09/02 17:20:39.395, 32108 MiB, 41, 110.89 W, 2925 MHz, 13801 MHz, Not Active, Not Active, Not Active, Not Active, Not Active
2026/09/02 17:20:39.595, 32108 MiB, 41, 110.87 W, 2925 MHz, 13801 MHz, Not Active, Not Active, Not Active, Not Active, Not Active
2026/09/02 17:20:39.795, 32108 MiB, 41, 110.87 W, 2925 MHz, 13801 MHz, Not Active, Not Active, Not Active, Not Active, Not Active
2026/09/02 17:20:39.995, 32108 MiB, 41, 110.96 W, 2925 MHz, 13801 MHz, Not Active, Not Active, Not Active, Not Active, Not Active
2026/09/02 17:20:40.196, 32108 MiB, 41, 110.96 W, 2925 MHz, 13801 MHz, Not Active, Not Active, Not Active, Not Active, Not Active
2026/09/02 17:20:40.396, 32108 MiB, 41, 110.96 W, 2925 MHz, 13801 MHz, Not Active, Not Active, Not Active, Not Active, Not Active
2026/09/02 17:20:40.596, 32108 MiB, 41, 110.99 W, 2925 MHz, 13801 MHz, Not Active, Not Active, Not Active, Not Active, Not Active
2026/09/02 17:20:40.796, 32108 MiB, 41, 110.99 W, 2925 MHz, 13801 MHz, Not Active, Not Active, Not Active, Not Active, Not Active
2026/09/02 17:20:40.997, 32108 MiB, 41, 110.60 W, 2925 MHz, 13801 MHz, Not Active, Not Active, Not Active, Not Active, Not Active
2026/09/02 17:20:41.197, 32108 MiB, 41, 110.60 W, 2925 MHz, 13801 MHz, Not Active, Not Active, Not Active, Not Active, Not Active
2026/09/02 17:20:41.397, 32108 MiB, 41, 110.60 W, 2925 MHz, 13801 MHz, Not Active, Not Active, Not Active, Not Active, Not Active
2026/09/02 17:20:41.597, 32108 MiB, 41, 109.65 W, 2925 MHz, 13801 MHz, Not Active, Not Active, Not Active, Not Active, Not Active
2026/09/02 17:20:41.798, 32108 MiB, 41, 109.65 W, 2925 MHz, 13801 MHz, Not Active, Not Active, Not Active, Not Active, Not Active
2026/09/02 17:20:41.998, 32108 MiB, 41, 109.93 W, 2925 MHz, 13801 MHz, Not Active, Not Active, Not Active, Not Active, Not Active
2026/09/02 17:20:42.198, 32108 MiB, 41, 109.93 W, 2925 MHz, 13801 MHz, Not Active, Not Active, Not Active, Not Active, Not Active
2026/09/02 17:20:42.398, 32108 MiB, 41, 109.93 W, 2925 MHz, 13801 MHz, Not Active, Not Active, Not Active, Not Active, Not Active
2026/09/02 17:20:42.598, 32108 MiB, 41, 111.29 W, 2925 MHz, 13801 MHz, Not Active, Not Active, Not Active, Not Active, Not Active
2026/09/02 17:20:42.799, 32108 MiB, 41, 111.29 W, 2925 MHz, 13801 MHz, Not Active, Not Active, Not Active, Not Active, Not Active
2026/09/02 17:20:42.999, 32108 MiB, 41, 111.52 W, 2925 MHz, 13801 MHz, Not Active, Not Active, Not Active, Not Active, Not Active
2026/09/02 17:20:43.199, 32108 MiB, 41, 111.52 W, 2925 MHz, 13801 MHz, Not Active, Not Active, Not Active, Not Active, Not Active
2026/09/02 17:20:43.399, 32108 MiB, 41, 111.52 W, 2925 MHz, 13801 MHz, Not Active, Not Active, Not Active, Not Active, Not Active
2026/09/02 17:20:43.599, 32108 MiB, 41, 111.32 W, 2925 MHz, 13801 MHz, Not Active, Not Active, Not Active, Not Active, Not Active
2026/09/02 17:20:43.800, 32108 MiB, 41, 111.32 W, 2925 MHz, 13801 MHz, Not Active, Not Active, Not Active, Not Active, Not Active
2026/09/02 17:20:44.000, 32108 MiB, 41, 111.82 W, 2925 MHz, 13801 MHz, Not Active, Not Active, Not Active, Not Active, Not Active
2026/09/02 17:20:44.200, 32108 MiB, 41, 111.82 W, 2925 MHz, 13801 MHz, Not Active, Not Active, Not Active, Not Active, Not Active
2026/09/02 17:20:44.400, 32108 MiB, 41, 111.82 W, 2925 MHz, 13801 MHz, Not Active, Not Active, Not Active, Not Active, Not Active
2026/09/02 17:20:44.601, 32108 MiB, 41, 112.17 W, 2925 MHz, 13801 MHz, Not Active, Not Active, Not Active, Not Active, Not Active
2026/09/02 17:20:44.801, 32108 MiB, 41, 112.17 W, 2925 MHz, 13801 MHz, Not Active, Not Active, Not Active, Not Active, Not Active
2026/09/02 17:20:45.001, 32108 MiB, 41, 111.88 W, 2925 MHz, 13801 MHz, Not Active, Not Active, Not Active, Not Active, Not Active
2026/09/02 17:20:45.201, 32108 MiB, 41, 111.88 W, 2925 MHz, 13801 MHz, Not Active, Not Active, Not Active, Not Active, Not Active
2026/09/02 17:20:45.401, 32108 MiB, 41, 111.88 W, 2925 MHz, 13801 MHz, Not Active, Not Active, Not Active, Not Active, Not Active
2026/09/02 17:20:45.602, 32108 MiB, 41, 112.86 W, 2925 MHz, 13801 MHz, Not Active, Not Active, Not Active, Not Active, Not Active
2026/09/02 17:20:45.802, 32108 MiB, 41, 112.86 W, 2925 MHz, 13801 MHz, Not Active, Not Active, Not Active, Not Active, Not Active
2026/09/02 17:20:46.002, 32108 MiB, 41, 113.62 W, 2925 MHz, 13801 MHz, Not Active, Not Active, Not Active, Not Active, Not Active
2026/09/02 17:20:46.202, 32108 MiB, 41, 113.62 W, 2925 MHz, 13801 MHz, Not Active, Not Active, Not Active, Not Active, Not Active
2026/09/02 17:20:46.402, 32108 MiB, 41, 113.62 W, 2925 MHz, 13801 MHz, Not Active, Not Active, Not Active, Not Active, Not Active
2026/09/02 17:20:46.603, 32108 MiB, 41, 113.13 W, 2925 MHz, 13801 MHz, Not Active, Not Active, Not Active, Not Active, Not Active
2026/09/02 17:20:46.803, 32108 MiB, 41, 113.13 W, 2925 MHz, 13801 MHz, Not Active, Not Active, Not Active, Not Active, Not Active
2026/09/02 17:20:47.003, 32108 MiB, 41, 113.80 W, 2925 MHz, 13801 MHz, Not Active, Not Active, Not Active, Not Active, Not Active
2026/09/02 17:20:47.203, 32108 MiB, 41, 113.80 W, 2925 MHz, 13801 MHz, Not Active, Not Active, Not Active, Not Active, Not Active
2026/09/02 17:20:47.404, 32108 MiB, 41, 113.80 W, 2925 MHz, 13801 MHz, Not Active, Not Active, Not Active, Not Active, Not Active
2026/09/02 17:20:47.604, 32108 MiB, 41, 113.15 W, 2925 MHz, 13801 MHz, Not Active, Not Active, Not Active, Not Active, Not Active
2026/09/02 17:20:47.804, 32108 MiB, 41, 113.15 W, 2925 MHz, 13801 MHz, Not Active, Not Active, Not Active, Not Active, Not Active
2026/09/02 17:20:48.004, 32108 MiB, 41, 113.14 W, 2925 MHz, 13801 MHz, Not Active, Not Active, Not Active, Not Active, Not Active
2026/09/02 17:20:48.204, 32108 MiB, 41, 113.14 W, 2925 MHz, 13801 MHz, Not Active, Not Active, Not Active, Not Active, Not Active
2026/09/02 17:20:48.405, 32108 MiB, 41, 113.14 W, 2925 MHz, 13801 MHz, Not Active, Not Active, Not Active, Not Active, Not Active
2026/09/02 17:20:48.605, 32108 MiB, 41, 114.34 W, 2925 MHz, 13801 MHz, Not Active, Not Active, Not Active, Not Active, Not Active
2026/09/02 17:20:48.805, 32108 MiB, 41, 114.34 W, 2925 MHz, 13801 MHz, Not Active, Not Active, Not Active, Not Active, Not Active
2026/09/02 17:20:49.005, 32108 MiB, 41, 113.81 W, 2925 MHz, 13801 MHz, Not Active, Not Active, Not Active, Not Active, Not Active
2026/09/02 17:20:49.206, 32108 MiB, 41, 113.81 W, 2925 MHz, 13801 MHz, Not Active, Not Active, Not Active, Not Active, Not Active
2026/09/02 17:20:49.406, 32108 MiB, 41, 113.81 W, 2925 MHz, 13801 MHz, Not Active, Not Active, Not Active, Not Active, Not Active
2026/09/02 17:20:49.606, 32108 MiB, 41, 113.11 W, 2925 MHz, 13801 MHz, Not Active, Not Active, Not Active, Not Active, Not Active
2026/09/02 17:20:49.806, 32108 MiB, 41, 113.11 W, 2925 MHz, 13801 MHz, Not Active, Not Active, Not Active, Not Active, Not Active
2026/09/02 17:20:50.006, 32108 MiB, 41, 112.66 W, 2925 MHz, 13801 MHz, Not Active, Not Active, Not Active, Not Active, Not Active
2026/09/02 17:20:50.206, 32108 MiB, 41, 112.66 W, 2925 MHz, 13801 MHz, Not Active, Not Active, Not Active, Not Active, Not Active
2026/09/02 17:20:50.407, 32108 MiB, 41, 112.66 W, 2925 MHz, 13801 MHz, Not Active, Not Active, Not Active, Not Active, Not Active
2026/09/02 17:20:50.607, 32108 MiB, 41, 112.33 W, 2925 MHz, 13801 MHz, Not Active, Not Active, Not Active, Not Active, Not Active
2026/09/02 17:20:50.807, 32108 MiB, 41, 112.33 W, 2925 MHz, 13801 MHz, Not Active, Not Active, Not Active, Not Active, Not Active
2026/09/02 17:20:51.007, 32108 MiB, 41, 112.49 W, 2925 MHz, 13801 MHz, Not Active, Not Active, Not Active, Not Active, Not Active
2026/09/02 17:20:51.208, 32108 MiB, 41, 112.49 W, 2925 MHz, 13801 MHz, Not Active, Not Active, Not Active, Not Active, Not Active
2026/09/02 17:20:51.408, 32108 MiB, 41, 112.49 W, 2925 MHz, 13801 MHz, Not Active, Not Active, Not Active, Not Active, Not Active
2026/09/02 17:20:51.608, 32108 MiB, 41, 112.01 W, 2925 MHz, 13801 MHz, Not Active, Not Active, Not Active, Not Active, Not Active
2026/09/02 17:20:51.808, 32108 MiB, 41, 112.01 W, 2925 MHz, 13801 MHz, Not Active, Not Active, Not Active, Not Active, Not Active
2026/09/02 17:20:52.009, 32108 MiB, 41, 112.25 W, 2925 MHz, 13801 MHz, Not Active, Not Active, Not Active, Not Active, Not Active
2026/09/02 17:20:52.209, 32108 MiB, 41, 112.25 W, 2925 MHz, 13801 MHz, Not Active, Not Active, Not Active, Not Active, Not Active
2026/09/02 17:20:52.409, 32108 MiB, 41, 112.25 W, 2925 MHz, 13801 MHz, Not Active, Not Active, Not Active, Not Active, Not Active
2026/09/02 17:20:52.609, 32108 MiB, 41, 112.87 W, 2925 MHz, 13801 MHz, Not Active, Not Active, Not Active, Not Active, Not Active
2026/09/02 17:20:52.810, 32108 MiB, 41, 112.87 W, 2925 MHz, 13801 MHz, Not Active, Not Active, Not Active, Not Active, Not Active
2026/09/02 17:20:53.010, 32108 MiB, 41, 112.85 W, 2925 MHz, 13801 MHz, Not Active, Not Active, Not Active, Not Active, Not Active
2026/09/02 17:20:53.210, 32108 MiB, 41, 112.85 W, 2925 MHz, 13801 MHz, Not Active, Not Active, Not Active, Not Active, Not Active
2026/09/02 17:20:53.410, 32108 MiB, 41, 112.85 W, 2925 MHz, 13801 MHz, Not Active, Not Active, Not Active, Not Active, Not Active
2026/09/02 17:20:53.610, 32108 MiB, 41, 112.69 W, 2925 MHz, 13801 MHz, Not Active, Not Active, Not Active, Not Active, Not Active
2026/09/02 17:20:53.811, 32108 MiB, 41, 112.69 W, 2925 MHz, 13801 MHz, Not Active, Not Active, Not Active, Not Active, Not Active
2026/09/02 17:20:54.011, 32108 MiB, 41, 112.96 W, 2925 MHz, 13801 MHz, Not Active, Not Active, Not Active, Not Active, Not Active
2026/09/02 17:20:54.211, 32108 MiB, 41, 112.96 W, 2925 MHz, 13801 MHz, Not Active, Not Active, Not Active, Not Active, Not Active
2026/09/02 17:20:54.411, 32108 MiB, 41, 112.96 W, 2925 MHz, 13801 MHz, Not Active, Not Active, Not Active, Not Active, Not Active
2026/09/02 17:20:54.611, 32108 MiB, 41, 114.33 W, 2925 MHz, 13801 MHz, Not Active, Not Active, Not Active, Not Active, Not Active
2026/09/02 17:20:54.812, 32108 MiB, 41, 114.33 W, 2925 MHz, 13801 MHz, Not Active, Not Active, Not Active, Not Active, Not Active
2026/09/02 17:20:55.012, 32108 MiB, 41, 114.35 W, 2925 MHz, 13801 MHz, Not Active, Not Active, Not Active, Not Active, Not Active
2026/09/02 17:20:55.212, 32108 MiB, 41, 114.35 W, 2925 MHz, 13801 MHz, Not Active, Not Active, Not Active, Not Active, Not Active
2026/09/02 17:20:55.412, 32108 MiB, 41, 114.35 W, 2925 MHz, 13801 MHz, Not Active, Not Active, Not Active, Not Active, Not Active
2026/09/02 17:20:55.613, 32108 MiB, 41, 113.69 W, 2925 MHz, 13801 MHz, Not Active, Not Active, Not Active, Not Active, Not Active
2026/09/02 17:20:55.813, 32108 MiB, 41, 113.69 W, 2925 MHz, 13801 MHz, Not Active, Not Active, Not Active, Not Active, Not Active
2026/09/02 17:20:56.013, 32108 MiB, 41, 113.02 W, 2925 MHz, 13801 MHz, Not Active, Not Active, Not Active, Not Active, Not Active
2026/09/02 17:20:56.213, 32108 MiB, 41, 113.02 W, 2925 MHz, 13801 MHz, Not Active, Not Active, Not Active, Not Active, Not Active
2026/09/02 17:20:56.414, 32108 MiB, 41, 113.02 W, 2925 MHz, 13801 MHz, Not Active, Not Active, Not Active, Not Active, Not Active
2026/09/02 17:20:56.614, 32108 MiB, 41, 112.54 W, 2925 MHz, 13801 MHz, Not Active, Not Active, Not Active, Not Active, Not Active
2026/09/02 17:20:56.814, 32108 MiB, 41, 112.54 W, 2925 MHz, 13801 MHz, Not Active, Not Active, Not Active, Not Active, Not Active
2026/09/02 17:20:57.014, 32108 MiB, 41, 112.83 W, 2925 MHz, 13801 MHz, Not Active, Not Active, Not Active, Not Active, Not Active
2026/09/02 17:20:57.215, 32108 MiB, 41, 112.83 W, 2925 MHz, 13801 MHz, Not Active, Not Active, Not Active, Not Active, Not Active
2026/09/02 17:20:57.415, 32108 MiB, 41, 112.83 W, 2925 MHz, 13801 MHz, Not Active, Not Active, Not Active, Not Active, Not Active
2026/09/02 17:20:57.615, 32108 MiB, 41, 113.71 W, 2925 MHz, 13801 MHz, Not Active, Not Active, Not Active, Not Active, Not Active
2026/09/02 17:20:57.815, 32108 MiB, 41, 113.71 W, 2925 MHz, 13801 MHz, Not Active, Not Active, Not Active, Not Active, Not Active
2026/09/02 17:20:58.015, 32108 MiB, 41, 114.30 W, 2925 MHz, 13801 MHz, Not Active, Not Active, Not Active, Not Active, Not Active
2026/09/02 17:20:58.215, 32108 MiB, 41, 114.30 W, 2925 MHz, 13801 MHz, Not Active, Not Active, Not Active, Not Active, Not Active
2026/09/02 17:20:58.416, 32108 MiB, 41, 114.30 W, 2925 MHz, 13801 MHz, Not Active, Not Active, Not Active, Not Active, Not Active
2026/09/02 17:20:58.616, 32108 MiB, 41, 114.33 W, 2925 MHz, 13801 MHz, Not Active, Not Active, Not Active, Not Active, Not Active
2026/09/02 17:20:58.816, 32108 MiB, 41, 114.33 W, 2925 MHz, 13801 MHz, Not Active, Not Active, Not Active, Not Active, Not Active
2026/09/02 17:20:59.016, 32108 MiB, 41, 114.24 W, 2925 MHz, 13801 MHz, Not Active, Not Active, Not Active, Not Active, Not Active
2026/09/02 17:20:59.217, 32108 MiB, 41, 114.24 W, 2925 MHz, 13801 MHz, Not Active, Not Active, Not Active, Not Active, Not Active
2026/09/02 17:20:59.417, 32108 MiB, 41, 114.24 W, 2925 MHz, 13801 MHz, Not Active, Not Active, Not Active, Not Active, Not Active
2026/09/02 17:20:59.617, 32108 MiB, 41, 115.11 W, 2925 MHz, 13801 MHz, Not Active, Not Active, Not Active, Not Active, Not Active
2026/09/02 17:20:59.817, 32108 MiB, 41, 115.11 W, 2925 MHz, 13801 MHz, Not Active, Not Active, Not Active, Not Active, Not Active
2026/09/02 17:21:00.017, 32108 MiB, 41, 116.07 W, 2925 MHz, 13801 MHz, Not Active, Not Active, Not Active, Not Active, Not Active
2026/09/02 17:21:00.218, 32108 MiB, 41, 116.07 W, 2925 MHz, 13801 MHz, Not Active, Not Active, Not Active, Not Active, Not Active
2026/09/02 17:21:00.418, 32108 MiB, 41, 116.07 W, 2925 MHz, 13801 MHz, Not Active, Not Active, Not Active, Not Active, Not Active
2026/09/02 17:21:00.618, 32108 MiB, 42, 115.57 W, 2925 MHz, 13801 MHz, Not Active, Not Active, Not Active, Not Active, Not Active
2026/09/02 17:21:00.818, 32108 MiB, 42, 115.57 W, 2925 MHz, 13801 MHz, Not Active, Not Active, Not Active, Not Active, Not Active
2026/09/02 17:21:01.019, 32108 MiB, 42, 116.19 W, 2925 MHz, 13801 MHz, Not Active, Not Active, Not Active, Not Active, Not Active
2026/09/02 17:21:01.219, 32108 MiB, 42, 116.19 W, 2925 MHz, 13801 MHz, Not Active, Not Active, Not Active, Not Active, Not Active
2026/09/02 17:21:01.419, 32108 MiB, 42, 116.19 W, 2925 MHz, 13801 MHz, Not Active, Not Active, Not Active, Not Active, Not Active
2026/09/02 17:21:01.619, 32108 MiB, 41, 117.31 W, 2925 MHz, 13801 MHz, Not Active, Not Active, Not Active, Not Active, Not Active
2026/09/02 17:21:01.820, 32108 MiB, 41, 117.31 W, 2925 MHz, 13801 MHz, Not Active, Not Active, Not Active, Not Active, Not Active
2026/09/02 17:21:02.020, 32108 MiB, 41, 116.51 W, 2925 MHz, 13801 MHz, Not Active, Not Active, Not Active, Not Active, Not Active
2026/09/02 17:21:02.220, 32108 MiB, 41, 116.51 W, 2925 MHz, 13801 MHz, Not Active, Not Active, Not Active, Not Active, Not Active
2026/09/02 17:21:02.420, 32108 MiB, 41, 116.51 W, 2925 MHz, 13801 MHz, Not Active, Not Active, Not Active, Not Active, Not Active
2026/09/02 17:21:02.621, 32108 MiB, 41, 115.47 W, 2925 MHz, 13801 MHz, Not Active, Not Active, Not Active, Not Active, Not Active
2026/09/02 17:21:02.821, 32108 MiB, 41, 115.47 W, 2925 MHz, 13801 MHz, Not Active, Not Active, Not Active, Not Active, Not Active
2026/09/02 17:21:03.021, 32108 MiB, 41, 118.18 W, 2925 MHz, 13801 MHz, Not Active, Not Active, Not Active, Not Active, Not Active
2026/09/02 17:21:03.221, 32108 MiB, 41, 118.18 W, 2925 MHz, 13801 MHz, Not Active, Not Active, Not Active, Not Active, Not Active
2026/09/02 17:21:03.422, 32108 MiB, 41, 118.18 W, 2925 MHz, 13801 MHz, Not Active, Not Active, Not Active, Not Active, Not Active
2026/09/02 17:21:03.622, 32108 MiB, 41, 122.83 W, 2925 MHz, 13801 MHz, Not Active, Not Active, Not Active, Not Active, Not Active
2026/09/02 17:21:03.822, 32108 MiB, 41, 122.83 W, 2925 MHz, 13801 MHz, Not Active, Not Active, Not Active, Not Active, Not Active
2026/09/02 17:21:04.022, 32108 MiB, 41, 121.27 W, 2925 MHz, 13801 MHz, Not Active, Not Active, Not Active, Not Active, Not Active
2026/09/02 17:21:04.223, 32108 MiB, 41, 121.27 W, 2925 MHz, 13801 MHz, Not Active, Not Active, Not Active, Not Active, Not Active
2026/09/02 17:21:04.423, 32108 MiB, 41, 121.27 W, 2925 MHz, 13801 MHz, Not Active, Not Active, Not Active, Not Active, Not Active
2026/09/02 17:21:04.623, 32108 MiB, 41, 114.83 W, 2925 MHz, 13801 MHz, Not Active, Not Active, Not Active, Not Active, Not Active
2026/09/02 17:21:04.823, 32108 MiB, 41, 114.83 W, 2925 MHz, 13801 MHz, Not Active, Not Active, Not Active, Not Active, Not Active
2026/09/02 17:21:05.024, 32108 MiB, 41, 113.89 W, 2925 MHz, 13801 MHz, Not Active, Not Active, Not Active, Not Active, Not Active
2026/09/02 17:21:05.224, 32108 MiB, 41, 113.89 W, 2925 MHz, 13801 MHz, Not Active, Not Active, Not Active, Not Active, Not Active
2026/09/02 17:21:05.424, 32108 MiB, 41, 113.89 W, 2925 MHz, 13801 MHz, Not Active, Not Active, Not Active, Not Active, Not Active
2026/09/02 17:21:05.624, 32108 MiB, 41, 113.26 W, 2925 MHz, 13801 MHz, Not Active, Not Active, Not Active, Not Active, Not Active
2026/09/02 17:21:05.824, 32108 MiB, 41, 113.26 W, 2925 MHz, 13801 MHz, Not Active, Not Active, Not Active, Not Active, Not Active
2026/09/02 17:21:06.025, 32108 MiB, 41, 113.07 W, 2925 MHz, 13801 MHz, Not Active, Not Active, Not Active, Not Active, Not Active
2026/09/02 17:21:06.225, 32108 MiB, 41, 113.07 W, 2925 MHz, 13801 MHz, Not Active, Not Active, Not Active, Not Active, Not Active
2026/09/02 17:21:06.426, 32108 MiB, 41, 113.07 W, 2925 MHz, 13801 MHz, Not Active, Not Active, Not Active, Not Active, Not Active
2026/09/02 17:21:06.626, 32108 MiB, 41, 113.04 W, 2925 MHz, 13801 MHz, Not Active, Not Active, Not Active, Not Active, Not Active
2026/09/02 17:21:06.826, 32108 MiB, 41, 113.04 W, 2925 MHz, 13801 MHz, Not Active, Not Active, Not Active, Not Active, Not Active
2026/09/02 17:21:07.027, 32108 MiB, 41, 113.16 W, 2925 MHz, 13801 MHz, Not Active, Not Active, Not Active, Not Active, Not Active
2026/09/02 17:21:07.227, 32108 MiB, 41, 113.16 W, 2925 MHz, 13801 MHz, Not Active, Not Active, Not Active, Not Active, Not Active
2026/09/02 17:21:07.427, 32108 MiB, 41, 113.16 W, 2925 MHz, 13801 MHz, Not Active, Not Active, Not Active, Not Active, Not Active
2026/09/02 17:21:07.627, 32108 MiB, 41, 113.08 W, 2925 MHz, 13801 MHz, Not Active, Not Active, Not Active, Not Active, Not Active
2026/09/02 17:21:07.827, 32108 MiB, 41, 113.08 W, 2925 MHz, 13801 MHz, Not Active, Not Active, Not Active, Not Active, Not Active
2026/09/02 17:21:08.028, 32108 MiB, 41, 113.16 W, 2925 MHz, 13801 MHz, Not Active, Not Active, Not Active, Not Active, Not Active
2026/09/02 17:21:08.228, 32108 MiB, 41, 113.16 W, 2925 MHz, 13801 MHz, Not Active, Not Active, Not Active, Not Active, Not Active
2026/09/02 17:21:08.428, 32108 MiB, 41, 113.16 W, 2925 MHz, 13801 MHz, Not Active, Not Active, Not Active, Not Active, Not Active
2026/09/02 17:21:08.628, 32108 MiB, 41, 113.04 W, 2925 MHz, 13801 MHz, Not Active, Not Active, Not Active, Not Active, Not Active
2026/09/02 17:21:08.829, 32108 MiB, 41, 113.04 W, 2925 MHz, 13801 MHz, Not Active, Not Active, Not Active, Not Active, Not Active
2026/09/02 17:21:09.029, 32108 MiB, 41, 113.06 W, 2925 MHz, 13801 MHz, Not Active, Not Active, Not Active, Not Active, Not Active
2026/09/02 17:21:09.229, 32108 MiB, 41, 113.06 W, 2925 MHz, 13801 MHz, Not Active, Not Active, Not Active, Not Active, Not Active
2026/09/02 17:21:09.429, 32108 MiB, 41, 113.06 W, 2925 MHz, 13801 MHz, Not Active, Not Active, Not Active, Not Active, Not Active
2026/09/02 17:21:09.629, 32108 MiB, 41, 112.97 W, 2925 MHz, 13801 MHz, Not Active, Not Active, Not Active, Not Active, Not Active
2026/09/02 17:21:09.829, 32108 MiB, 41, 112.97 W, 2925 MHz, 13801 MHz, Not Active, Not Active, Not Active, Not Active, Not Active
2026/09/02 17:21:10.030, 32108 MiB, 41, 113.03 W, 2925 MHz, 13801 MHz, Not Active, Not Active, Not Active, Not Active, Not Active
2026/09/02 17:21:10.230, 32108 MiB, 41, 113.03 W, 2925 MHz, 13801 MHz, Not Active, Not Active, Not Active, Not Active, Not Active
2026/09/02 17:21:10.430, 32108 MiB, 41, 113.03 W, 2925 MHz, 13801 MHz, Not Active, Not Active, Not Active, Not Active, Not Active
2026/09/02 17:21:10.630, 32108 MiB, 41, 113.07 W, 2925 MHz, 13801 MHz, Not Active, Not Active, Not Active, Not Active, Not Active
2026/09/02 17:21:10.830, 32108 MiB, 41, 113.07 W, 2925 MHz, 13801 MHz, Not Active, Not Active, Not Active, Not Active, Not Active
2026/09/02 17:21:11.031, 32108 MiB, 41, 112.87 W, 2925 MHz, 13801 MHz, Not Active, Not Active, Not Active, Not Active, Not Active
2026/09/02 17:21:11.231, 32108 MiB, 41, 112.87 W, 2925 MHz, 13801 MHz, Not Active, Not Active, Not Active, Not Active, Not Active
2026/09/02 17:21:11.431, 32108 MiB, 41, 112.87 W, 2925 MHz, 13801 MHz, Not Active, Not Active, Not Active, Not Active, Not Active
2026/09/02 17:21:11.631, 32108 MiB, 41, 112.71 W, 2925 MHz, 13801 MHz, Not Active, Not Active, Not Active, Not Active, Not Active
2026/09/02 17:21:11.831, 32108 MiB, 41, 112.71 W, 2925 MHz, 13801 MHz, Not Active, Not Active, Not Active, Not Active, Not Active
2026/09/02 17:21:12.032, 32108 MiB, 41, 112.64 W, 2925 MHz, 13801 MHz, Not Active, Not Active, Not Active, Not Active, Not Active
2026/09/02 17:21:12.232, 32108 MiB, 41, 112.64 W, 2925 MHz, 13801 MHz, Not Active, Not Active, Not Active, Not Active, Not Active
2026/09/02 17:21:12.432, 32108 MiB, 41, 112.64 W, 2925 MHz, 13801 MHz, Not Active, Not Active, Not Active, Not Active, Not Active
2026/09/02 17:21:12.632, 32108 MiB, 41, 112.73 W, 2925 MHz, 13801 MHz, Not Active, Not Active, Not Active, Not Active, Not Active
2026/09/02 17:21:12.833, 32108 MiB, 41, 112.73 W, 2925 MHz, 13801 MHz, Not Active, Not Active, Not Active, Not Active, Not Active
2026/09/02 17:21:13.033, 32108 MiB, 41, 112.59 W, 2925 MHz, 13801 MHz, Not Active, Not Active, Not Active, Not Active, Not Active
2026/09/02 17:21:13.233, 32108 MiB, 41, 112.59 W, 2925 MHz, 13801 MHz, Not Active, Not Active, Not Active, Not Active, Not Active
2026/09/02 17:21:13.433, 32108 MiB, 41, 112.59 W, 2925 MHz, 13801 MHz, Not Active, Not Active, Not Active, Not Active, Not Active
2026/09/02 17:21:13.633, 32108 MiB, 41, 112.38 W, 2925 MHz, 13801 MHz, Not Active, Not Active, Not Active, Not Active, Not Active
2026/09/02 17:21:13.834, 32108 MiB, 41, 112.38 W, 2925 MHz, 13801 MHz, Not Active, Not Active, Not Active, Not Active, Not Active
2026/09/02 17:21:14.034, 32108 MiB, 41, 112.34 W, 2925 MHz, 13801 MHz, Not Active, Not Active, Not Active, Not Active, Not Active
2026/09/02 17:21:14.234, 32108 MiB, 41, 112.34 W, 2925 MHz, 13801 MHz, Not Active, Not Active, Not Active, Not Active, Not Active
2026/09/02 17:21:14.434, 32108 MiB, 41, 112.34 W, 2925 MHz, 13801 MHz, Not Active, Not Active, Not Active, Not Active, Not Active
2026/09/02 17:21:14.635, 32108 MiB, 41, 112.31 W, 2925 MHz, 13801 MHz, Not Active, Not Active, Not Active, Not Active, Not Active
2026/09/02 17:21:14.835, 32108 MiB, 41, 112.31 W, 2925 MHz, 13801 MHz, Not Active, Not Active, Not Active, Not Active, Not Active
2026/09/02 17:21:15.035, 32108 MiB, 41, 112.18 W, 2925 MHz, 13801 MHz, Not Active, Not Active, Not Active, Not Active, Not Active
2026/09/02 17:21:15.235, 32108 MiB, 41, 112.18 W, 2925 MHz, 13801 MHz, Not Active, Not Active, Not Active, Not Active, Not Active
2026/09/02 17:21:15.436, 32108 MiB, 41, 112.18 W, 2925 MHz, 13801 MHz, Not Active, Not Active, Not Active, Not Active, Not Active
2026/09/02 17:21:15.636, 32108 MiB, 41, 112.23 W, 2925 MHz, 13801 MHz, Not Active, Not Active, Not Active, Not Active, Not Active
2026/09/02 17:21:15.836, 32108 MiB, 41, 112.23 W, 2925 MHz, 13801 MHz, Not Active, Not Active, Not Active, Not Active, Not Active
2026/09/02 17:21:16.036, 32108 MiB, 41, 112.25 W, 2925 MHz, 13801 MHz, Not Active, Not Active, Not Active, Not Active, Not Active
2026/09/02 17:21:16.236, 32108 MiB, 41, 112.25 W, 2925 MHz, 13801 MHz, Not Active, Not Active, Not Active, Not Active, Not Active
2026/09/02 17:21:16.437, 32108 MiB, 41, 112.25 W, 2925 MHz, 13801 MHz, Not Active, Not Active, Not Active, Not Active, Not Active
2026/09/02 17:21:16.637, 32108 MiB, 41, 112.13 W, 2925 MHz, 13801 MHz, Not Active, Not Active, Not Active, Not Active, Not Active
2026/09/02 17:21:16.837, 32108 MiB, 41, 112.13 W, 2925 MHz, 13801 MHz, Not Active, Not Active, Not Active, Not Active, Not Active
2026/09/02 17:21:17.037, 32108 MiB, 41, 112.10 W, 2925 MHz, 13801 MHz, Not Active, Not Active, Not Active, Not Active, Not Active
2026/09/02 17:21:17.238, 32108 MiB, 41, 112.10 W, 2925 MHz, 13801 MHz, Not Active, Not Active, Not Active, Not Active, Not Active
2026/09/02 17:21:17.438, 32108 MiB, 41, 112.10 W, 2925 MHz, 13801 MHz, Not Active, Not Active, Not Active, Not Active, Not Active
2026/09/02 17:21:17.638, 32108 MiB, 41, 113.39 W, 2925 MHz, 13801 MHz, Not Active, Not Active, Not Active, Not Active, Not Active
2026/09/02 17:21:17.838, 32108 MiB, 41, 113.39 W, 2925 MHz, 13801 MHz, Not Active, Not Active, Not Active, Not Active, Not Active
2026/09/02 17:21:18.039, 32108 MiB, 41, 114.92 W, 2925 MHz, 13801 MHz, Not Active, Not Active, Not Active, Not Active, Not Active
2026/09/02 17:21:18.239, 32108 MiB, 41, 114.92 W, 2925 MHz, 13801 MHz, Not Active, Not Active, Not Active, Not Active, Not Active
2026/09/02 17:21:18.439, 32108 MiB, 41, 114.92 W, 2925 MHz, 13801 MHz, Not Active, Not Active, Not Active, Not Active, Not Active
2026/09/02 17:21:18.639, 32108 MiB, 41, 113.43 W, 2925 MHz, 13801 MHz, Not Active, Not Active, Not Active, Not Active, Not Active
2026/09/02 17:21:18.839, 32108 MiB, 41, 113.43 W, 2925 MHz, 13801 MHz, Not Active, Not Active, Not Active, Not Active, Not Active
2026/09/02 17:21:19.040, 32108 MiB, 41, 111.49 W, 2925 MHz, 13801 MHz, Not Active, Not Active, Not Active, Not Active, Not Active
2026/09/02 17:21:19.240, 32108 MiB, 41, 111.49 W, 2925 MHz, 13801 MHz, Not Active, Not Active, Not Active, Not Active, Not Active
2026/09/02 17:21:19.440, 32108 MiB, 41, 111.49 W, 2925 MHz, 13801 MHz, Not Active, Not Active, Not Active, Not Active, Not Active
2026/09/02 17:21:19.640, 32108 MiB, 41, 111.18 W, 2925 MHz, 13801 MHz, Not Active, Not Active, Not Active, Not Active, Not Active
2026/09/02 17:21:19.841, 32108 MiB, 41, 111.18 W, 2925 MHz, 13801 MHz, Not Active, Not Active, Not Active, Not Active, Not Active
2026/09/02 17:21:20.041, 32108 MiB, 41, 111.29 W, 2925 MHz, 13801 MHz, Not Active, Not Active, Not Active, Not Active, Not Active
2026/09/02 17:21:20.241, 32108 MiB, 41, 111.29 W, 2925 MHz, 13801 MHz, Not Active, Not Active, Not Active, Not Active, Not Active
2026/09/02 17:21:20.441, 32108 MiB, 41, 111.29 W, 2925 MHz, 13801 MHz, Not Active, Not Active, Not Active, Not Active, Not Active
2026/09/02 17:21:20.641, 32108 MiB, 41, 111.43 W, 2925 MHz, 13801 MHz, Not Active, Not Active, Not Active, Not Active, Not Active
2026/09/02 17:21:20.842, 32108 MiB, 41, 111.43 W, 2925 MHz, 13801 MHz, Not Active, Not Active, Not Active, Not Active, Not Active
2026/09/02 17:21:21.042, 32108 MiB, 41, 111.39 W, 2925 MHz, 13801 MHz, Not Active, Not Active, Not Active, Not Active, Not Active
2026/09/02 17:21:21.242, 32108 MiB, 41, 111.39 W, 2925 MHz, 13801 MHz, Not Active, Not Active, Not Active, Not Active, Not Active
2026/09/02 17:21:21.442, 32108 MiB, 41, 111.39 W, 2925 MHz, 13801 MHz, Not Active, Not Active, Not Active, Not Active, Not Active
2026/09/02 17:21:21.643, 32108 MiB, 41, 111.36 W, 2925 MHz, 13801 MHz, Not Active, Not Active, Not Active, Not Active, Not Active
2026/09/02 17:21:21.843, 32108 MiB, 41, 111.36 W, 2925 MHz, 13801 MHz, Not Active, Not Active, Not Active, Not Active, Not Active
2026/09/02 17:21:22.043, 32108 MiB, 41, 111.37 W, 2925 MHz, 13801 MHz, Not Active, Not Active, Not Active, Not Active, Not Active
2026/09/02 17:21:22.243, 32108 MiB, 41, 111.37 W, 2925 MHz, 13801 MHz, Not Active, Not Active, Not Active, Not Active, Not Active
2026/09/02 17:21:22.443, 32108 MiB, 41, 111.37 W, 2925 MHz, 13801 MHz, Not Active, Not Active, Not Active, Not Active, Not Active
2026/09/02 17:21:22.643, 32108 MiB, 41, 111.25 W, 2925 MHz, 13801 MHz, Not Active, Not Active, Not Active, Not Active, Not Active
2026/09/02 17:21:22.844, 32108 MiB, 41, 111.25 W, 2925 MHz, 13801 MHz, Not Active, Not Active, Not Active, Not Active, Not Active
2026/09/02 17:21:23.044, 32108 MiB, 41, 111.08 W, 2925 MHz, 13801 MHz, Not Active, Not Active, Not Active, Not Active, Not Active
2026/09/02 17:21:23.244, 32108 MiB, 41, 111.08 W, 2925 MHz, 13801 MHz, Not Active, Not Active, Not Active, Not Active, Not Active
2026/09/02 17:21:23.444, 32108 MiB, 41, 111.08 W, 2925 MHz, 13801 MHz, Not Active, Not Active, Not Active, Not Active, Not Active
2026/09/02 17:21:23.645, 32108 MiB, 41, 111.08 W, 2925 MHz, 13801 MHz, Not Active, Not Active, Not Active, Not Active, Not Active
2026/09/02 17:21:23.845, 32108 MiB, 41, 111.08 W, 2925 MHz, 13801 MHz, Not Active, Not Active, Not Active, Not Active, Not Active
2026/09/02 17:21:24.045, 32108 MiB, 41, 111.08 W, 2925 MHz, 13801 MHz, Not Active, Not Active, Not Active, Not Active, Not Active
2026/09/02 17:21:24.245, 32108 MiB, 41, 111.08 W, 2925 MHz, 13801 MHz, Not Active, Not Active, Not Active, Not Active, Not Active
2026/09/02 17:21:24.446, 32108 MiB, 41, 111.08 W, 2925 MHz, 13801 MHz, Not Active, Not Active, Not Active, Not Active, Not Active
2026/09/02 17:21:24.646, 32108 MiB, 41, 111.14 W, 2925 MHz, 13801 MHz, Not Active, Not Active, Not Active, Not Active, Not Active
2026/09/02 17:21:24.846, 32108 MiB, 41, 111.14 W, 2925 MHz, 13801 MHz, Not Active, Not Active, Not Active, Not Active, Not Active
2026/09/02 17:21:25.046, 32108 MiB, 41, 111.06 W, 2925 MHz, 13801 MHz, Not Active, Not Active, Not Active, Not Active, Not Active
2026/09/02 17:21:25.247, 32108 MiB, 41, 111.06 W, 2925 MHz, 13801 MHz, Not Active, Not Active, Not Active, Not Active, Not Active
2026/09/02 17:21:25.447, 32108 MiB, 41, 111.06 W, 2925 MHz, 13801 MHz, Not Active, Not Active, Not Active, Not Active, Not Active
2026/09/02 17:21:25.647, 32108 MiB, 41, 111.04 W, 2925 MHz, 13801 MHz, Not Active, Not Active, Not Active, Not Active, Not Active
2026/09/02 17:21:25.847, 32108 MiB, 41, 111.04 W, 2925 MHz, 13801 MHz, Not Active, Not Active, Not Active, Not Active, Not Active
2026/09/02 17:21:26.047, 32108 MiB, 41, 111.12 W, 2925 MHz, 13801 MHz, Not Active, Not Active, Not Active, Not Active, Not Active
2026/09/02 17:21:26.248, 32108 MiB, 41, 111.12 W, 2925 MHz, 13801 MHz, Not Active, Not Active, Not Active, Not Active, Not Active
2026/09/02 17:21:26.448, 32108 MiB, 41, 111.12 W, 2925 MHz, 13801 MHz, Not Active, Not Active, Not Active, Not Active, Not Active
2026/09/02 17:21:26.648, 32108 MiB, 41, 111.10 W, 2925 MHz, 13801 MHz, Not Active, Not Active, Not Active, Not Active, Not Active
2026/09/02 17:21:26.848, 32108 MiB, 41, 111.10 W, 2925 MHz, 13801 MHz, Not Active, Not Active, Not Active, Not Active, Not Active
2026/09/02 17:21:27.048, 32108 MiB, 41, 111.17 W, 2925 MHz, 13801 MHz, Not Active, Not Active, Not Active, Not Active, Not Active
2026/09/02 17:21:27.249, 32108 MiB, 41, 111.17 W, 2925 MHz, 13801 MHz, Not Active, Not Active, Not Active, Not Active, Not Active
2026/09/02 17:21:27.449, 32108 MiB, 41, 111.17 W, 2925 MHz, 13801 MHz, Not Active, Not Active, Not Active, Not Active, Not Active
2026/09/02 17:21:27.649, 32108 MiB, 41, 111.24 W, 2925 MHz, 13801 MHz, Not Active, Not Active, Not Active, Not Active, Not Active
2026/09/02 17:21:27.849, 32108 MiB, 41, 111.24 W, 2925 MHz, 13801 MHz, Not Active, Not Active, Not Active, Not Active, Not Active
2026/09/02 17:21:28.050, 32108 MiB, 41, 111.29 W, 2925 MHz, 13801 MHz, Not Active, Not Active, Not Active, Not Active, Not Active
2026/09/02 17:21:28.250, 32108 MiB, 41, 111.29 W, 2925 MHz, 13801 MHz, Not Active, Not Active, Not Active, Not Active, Not Active
2026/09/02 17:21:28.450, 32108 MiB, 41, 111.29 W, 2925 MHz, 13801 MHz, Not Active, Not Active, Not Active, Not Active, Not Active
2026/09/02 17:21:28.650, 32108 MiB, 41, 111.38 W, 2925 MHz, 13801 MHz, Not Active, Not Active, Not Active, Not Active, Not Active
2026/09/02 17:21:28.851, 32108 MiB, 41, 111.38 W, 2925 MHz, 13801 MHz, Not Active, Not Active, Not Active, Not Active, Not Active
2026/09/02 17:21:29.051, 32108 MiB, 41, 110.28 W, 2925 MHz, 13801 MHz, Not Active, Not Active, Not Active, Not Active, Not Active
2026/09/02 17:21:29.251, 32108 MiB, 41, 110.28 W, 2925 MHz, 13801 MHz, Not Active, Not Active, Not Active, Not Active, Not Active
2026/09/02 17:21:29.451, 32108 MiB, 41, 110.28 W, 2925 MHz, 13801 MHz, Not Active, Not Active, Not Active, Not Active, Not Active
2026/09/02 17:21:29.652, 32108 MiB, 41, 111.36 W, 2925 MHz, 13801 MHz, Not Active, Not Active, Not Active, Not Active, Not Active
2026/09/02 17:21:29.852, 32108 MiB, 41, 111.36 W, 2925 MHz, 13801 MHz, Not Active, Not Active, Not Active, Not Active, Not Active
2026/09/02 17:21:30.052, 32108 MiB, 41, 113.02 W, 2925 MHz, 13801 MHz, Not Active, Not Active, Not Active, Not Active, Not Active
2026/09/02 17:21:30.252, 32108 MiB, 41, 113.02 W, 2925 MHz, 13801 MHz, Not Active, Not Active, Not Active, Not Active, Not Active
2026/09/02 17:21:30.452, 32108 MiB, 41, 113.02 W, 2925 MHz, 13801 MHz, Not Active, Not Active, Not Active, Not Active, Not Active
2026/09/02 17:21:30.653, 32108 MiB, 41, 112.22 W, 2925 MHz, 13801 MHz, Not Active, Not Active, Not Active, Not Active, Not Active
2026/09/02 17:21:30.853, 32108 MiB, 41, 112.22 W, 2925 MHz, 13801 MHz, Not Active, Not Active, Not Active, Not Active, Not Active
2026/09/02 17:21:31.053, 32108 MiB, 41, 112.78 W, 2925 MHz, 13801 MHz, Not Active, Not Active, Not Active, Not Active, Not Active
2026/09/02 17:21:31.253, 32108 MiB, 41, 112.78 W, 2925 MHz, 13801 MHz, Not Active, Not Active, Not Active, Not Active, Not Active
2026/09/02 17:21:31.454, 32108 MiB, 41, 112.78 W, 2925 MHz, 13801 MHz, Not Active, Not Active, Not Active, Not Active, Not Active
2026/09/02 17:21:31.654, 32108 MiB, 41, 112.91 W, 2925 MHz, 13801 MHz, Not Active, Not Active, Not Active, Not Active, Not Active
2026/09/02 17:21:31.854, 32108 MiB, 41, 112.91 W, 2925 MHz, 13801 MHz, Not Active, Not Active, Not Active, Not Active, Not Active
2026/09/02 17:21:32.054, 32108 MiB, 41, 112.59 W, 2925 MHz, 13801 MHz, Not Active, Not Active, Not Active, Not Active, Not Active
2026/09/02 17:21:32.254, 32108 MiB, 41, 112.59 W, 2925 MHz, 13801 MHz, Not Active, Not Active, Not Active, Not Active, Not Active
2026/09/02 17:21:32.455, 32108 MiB, 41, 112.59 W, 2925 MHz, 13801 MHz, Not Active, Not Active, Not Active, Not Active, Not Active
2026/09/02 17:21:32.655, 32108 MiB, 41, 112.46 W, 2925 MHz, 13801 MHz, Not Active, Not Active, Not Active, Not Active, Not Active
2026/09/02 17:21:32.855, 32108 MiB, 41, 112.46 W, 2925 MHz, 13801 MHz, Not Active, Not Active, Not Active, Not Active, Not Active
2026/09/02 17:21:33.055, 32108 MiB, 41, 112.19 W, 2925 MHz, 13801 MHz, Not Active, Not Active, Not Active, Not Active, Not Active
2026/09/02 17:21:33.255, 32108 MiB, 41, 112.19 W, 2925 MHz, 13801 MHz, Not Active, Not Active, Not Active, Not Active, Not Active
2026/09/02 17:21:33.456, 32108 MiB, 41, 112.19 W, 2925 MHz, 13801 MHz, Not Active, Not Active, Not Active, Not Active, Not Active
2026/09/02 17:21:33.656, 32108 MiB, 41, 112.05 W, 2925 MHz, 13801 MHz, Not Active, Not Active, Not Active, Not Active, Not Active
2026/09/02 17:21:33.856, 32108 MiB, 41, 112.05 W, 2925 MHz, 13801 MHz, Not Active, Not Active, Not Active, Not Active, Not Active
2026/09/02 17:21:34.056, 32108 MiB, 41, 111.75 W, 2925 MHz, 13801 MHz, Not Active, Not Active, Not Active, Not Active, Not Active
2026/09/02 17:21:34.256, 32108 MiB, 41, 111.75 W, 2925 MHz, 13801 MHz, Not Active, Not Active, Not Active, Not Active, Not Active
2026/09/02 17:21:34.457, 32108 MiB, 41, 111.75 W, 2925 MHz, 13801 MHz, Not Active, Not Active, Not Active, Not Active, Not Active
2026/09/02 17:21:34.657, 32108 MiB, 41, 112.12 W, 2925 MHz, 13801 MHz, Not Active, Not Active, Not Active, Not Active, Not Active
2026/09/02 17:21:34.857, 32108 MiB, 41, 112.12 W, 2925 MHz, 13801 MHz, Not Active, Not Active, Not Active, Not Active, Not Active
2026/09/02 17:21:35.057, 32108 MiB, 41, 113.40 W, 2925 MHz, 13801 MHz, Not Active, Not Active, Not Active, Not Active, Not Active
2026/09/02 17:21:35.257, 32108 MiB, 41, 113.40 W, 2925 MHz, 13801 MHz, Not Active, Not Active, Not Active, Not Active, Not Active
2026/09/02 17:21:35.458, 32108 MiB, 41, 113.40 W, 2925 MHz, 13801 MHz, Not Active, Not Active, Not Active, Not Active, Not Active
2026/09/02 17:21:35.658, 32108 MiB, 41, 113.49 W, 2925 MHz, 13801 MHz, Not Active, Not Active, Not Active, Not Active, Not Active
2026/09/02 17:21:35.858, 32108 MiB, 41, 113.49 W, 2925 MHz, 13801 MHz, Not Active, Not Active, Not Active, Not Active, Not Active
2026/09/02 17:21:36.058, 32108 MiB, 41, 113.84 W, 2925 MHz, 13801 MHz, Not Active, Not Active, Not Active, Not Active, Not Active
2026/09/02 17:21:36.259, 32108 MiB, 41, 113.84 W, 2925 MHz, 13801 MHz, Not Active, Not Active, Not Active, Not Active, Not Active
2026/09/02 17:21:36.459, 32108 MiB, 41, 113.84 W, 2925 MHz, 13801 MHz, Not Active, Not Active, Not Active, Not Active, Not Active
2026/09/02 17:21:36.659, 32108 MiB, 41, 113.52 W, 2925 MHz, 13801 MHz, Not Active, Not Active, Not Active, Not Active, Not Active
2026/09/02 17:21:36.859, 32108 MiB, 41, 113.52 W, 2925 MHz, 13801 MHz, Not Active, Not Active, Not Active, Not Active, Not Active
2026/09/02 17:21:37.059, 32108 MiB, 41, 112.29 W, 2925 MHz, 13801 MHz, Not Active, Not Active, Not Active, Not Active, Not Active
2026/09/02 17:21:37.260, 32108 MiB, 41, 112.29 W, 2925 MHz, 13801 MHz, Not Active, Not Active, Not Active, Not Active, Not Active
2026/09/02 17:21:37.460, 32108 MiB, 41, 112.29 W, 2925 MHz, 13801 MHz, Not Active, Not Active, Not Active, Not Active, Not Active
2026/09/02 17:21:37.660, 32108 MiB, 41, 112.48 W, 2925 MHz, 13801 MHz, Not Active, Not Active, Not Active, Not Active, Not Active
2026/09/02 17:21:37.860, 32108 MiB, 41, 112.48 W, 2925 MHz, 13801 MHz, Not Active, Not Active, Not Active, Not Active, Not Active
2026/09/02 17:21:38.060, 32108 MiB, 41, 113.38 W, 2925 MHz, 13801 MHz, Not Active, Not Active, Not Active, Not Active, Not Active
2026/09/02 17:21:38.261, 32108 MiB, 41, 113.38 W, 2925 MHz, 13801 MHz, Not Active, Not Active, Not Active, Not Active, Not Active
2026/09/02 17:21:38.461, 32108 MiB, 41, 113.38 W, 2925 MHz, 13801 MHz, Not Active, Not Active, Not Active, Not Active, Not Active
2026/09/02 17:21:38.661, 32108 MiB, 41, 113.11 W, 2925 MHz, 13801 MHz, Not Active, Not Active, Not Active, Not Active, Not Active
2026/09/02 17:21:38.861, 32108 MiB, 41, 113.11 W, 2925 MHz, 13801 MHz, Not Active, Not Active, Not Active, Not Active, Not Active
2026/09/02 17:21:39.062, 32108 MiB, 41, 112.25 W, 2925 MHz, 13801 MHz, Not Active, Not Active, Not Active, Not Active, Not Active
2026/09/02 17:21:39.262, 32108 MiB, 41, 112.25 W, 2925 MHz, 13801 MHz, Not Active, Not Active, Not Active, Not Active, Not Active
2026/09/02 17:21:39.462, 32108 MiB, 41, 112.25 W, 2925 MHz, 13801 MHz, Not Active, Not Active, Not Active, Not Active, Not Active
2026/09/02 17:21:39.662, 32108 MiB, 41, 113.15 W, 2925 MHz, 13801 MHz, Not Active, Not Active, Not Active, Not Active, Not Active
2026/09/02 17:21:39.862, 32108 MiB, 41, 113.15 W, 2925 MHz, 13801 MHz, Not Active, Not Active, Not Active, Not Active, Not Active
2026/09/02 17:21:40.063, 32108 MiB, 41, 113.57 W, 2925 MHz, 13801 MHz, Not Active, Not Active, Not Active, Not Active, Not Active
2026/09/02 17:21:40.263, 32108 MiB, 41, 113.57 W, 2925 MHz, 13801 MHz, Not Active, Not Active, Not Active, Not Active, Not Active
2026/09/02 17:21:40.463, 32108 MiB, 41, 113.57 W, 2925 MHz, 13801 MHz, Not Active, Not Active, Not Active, Not Active, Not Active
2026/09/02 17:21:40.663, 32108 MiB, 41, 113.58 W, 2925 MHz, 13801 MHz, Not Active, Not Active, Not Active, Not Active, Not Active
2026/09/02 17:21:40.863, 32108 MiB, 41, 113.58 W, 2925 MHz, 13801 MHz, Not Active, Not Active, Not Active, Not Active, Not Active
2026/09/02 17:21:41.064, 32108 MiB, 41, 113.95 W, 2925 MHz, 13801 MHz, Not Active, Not Active, Not Active, Not Active, Not Active
2026/09/02 17:21:41.264, 32108 MiB, 41, 113.95 W, 2925 MHz, 13801 MHz, Not Active, Not Active, Not Active, Not Active, Not Active
2026/09/02 17:21:41.464, 32108 MiB, 41, 113.95 W, 2925 MHz, 13801 MHz, Not Active, Not Active, Not Active, Not Active, Not Active
2026/09/02 17:21:41.664, 32108 MiB, 41, 113.94 W, 2925 MHz, 13801 MHz, Not Active, Not Active, Not Active, Not Active, Not Active
2026/09/02 17:21:41.864, 32108 MiB, 41, 113.94 W, 2925 MHz, 13801 MHz, Not Active, Not Active, Not Active, Not Active, Not Active
2026/09/02 17:21:42.065, 32108 MiB, 41, 114.29 W, 2925 MHz, 13801 MHz, Not Active, Not Active, Not Active, Not Active, Not Active
2026/09/02 17:21:42.265, 32108 MiB, 41, 114.29 W, 2925 MHz, 13801 MHz, Not Active, Not Active, Not Active, Not Active, Not Active
2026/09/02 17:21:42.465, 32108 MiB, 41, 114.29 W, 2925 MHz, 13801 MHz, Not Active, Not Active, Not Active, Not Active, Not Active
2026/09/02 17:21:42.665, 32108 MiB, 41, 114.53 W, 2925 MHz, 13801 MHz, Not Active, Not Active, Not Active, Not Active, Not Active
2026/09/02 17:21:42.865, 32108 MiB, 41, 114.53 W, 2925 MHz, 13801 MHz, Not Active, Not Active, Not Active, Not Active, Not Active
2026/09/02 17:21:43.066, 32108 MiB, 41, 114.13 W, 2925 MHz, 13801 MHz, Not Active, Not Active, Not Active, Not Active, Not Active
2026/09/02 17:21:43.266, 32108 MiB, 41, 114.13 W, 2925 MHz, 13801 MHz, Not Active, Not Active, Not Active, Not Active, Not Active
2026/09/02 17:21:43.466, 32108 MiB, 41, 114.13 W, 2925 MHz, 13801 MHz, Not Active, Not Active, Not Active, Not Active, Not Active
2026/09/02 17:21:43.666, 32108 MiB, 41, 113.47 W, 2925 MHz, 13801 MHz, Not Active, Not Active, Not Active, Not Active, Not Active
2026/09/02 17:21:43.866, 32108 MiB, 41, 113.47 W, 2925 MHz, 13801 MHz, Not Active, Not Active, Not Active, Not Active, Not Active
2026/09/02 17:21:44.067, 32108 MiB, 41, 114.97 W, 2925 MHz, 13801 MHz, Not Active, Not Active, Not Active, Not Active, Not Active
2026/09/02 17:21:44.267, 32108 MiB, 41, 114.97 W, 2925 MHz, 13801 MHz, Not Active, Not Active, Not Active, Not Active, Not Active
2026/09/02 17:21:44.467, 32108 MiB, 41, 114.97 W, 2925 MHz, 13801 MHz, Not Active, Not Active, Not Active, Not Active, Not Active
2026/09/02 17:21:44.667, 32108 MiB, 41, 117.08 W, 2925 MHz, 13801 MHz, Not Active, Not Active, Not Active, Not Active, Not Active
2026/09/02 17:21:44.868, 32108 MiB, 41, 117.08 W, 2925 MHz, 13801 MHz, Not Active, Not Active, Not Active, Not Active, Not Active
2026/09/02 17:21:45.068, 32108 MiB, 41, 116.75 W, 2925 MHz, 13801 MHz, Not Active, Not Active, Not Active, Not Active, Not Active
2026/09/02 17:21:45.268, 32108 MiB, 41, 116.75 W, 2925 MHz, 13801 MHz, Not Active, Not Active, Not Active, Not Active, Not Active
2026/09/02 17:21:45.469, 32108 MiB, 41, 116.75 W, 2925 MHz, 13801 MHz, Not Active, Not Active, Not Active, Not Active, Not Active
2026/09/02 17:21:45.669, 32108 MiB, 41, 115.14 W, 2925 MHz, 13801 MHz, Not Active, Not Active, Not Active, Not Active, Not Active
2026/09/02 17:21:45.869, 32108 MiB, 41, 115.14 W, 2925 MHz, 13801 MHz, Not Active, Not Active, Not Active, Not Active, Not Active
2026/09/02 17:21:46.069, 32108 MiB, 41, 113.78 W, 2925 MHz, 13801 MHz, Not Active, Not Active, Not Active, Not Active, Not Active
2026/09/02 17:21:46.269, 32108 MiB, 41, 113.78 W, 2925 MHz, 13801 MHz, Not Active, Not Active, Not Active, Not Active, Not Active
2026/09/02 17:21:46.470, 32108 MiB, 41, 113.78 W, 2925 MHz, 13801 MHz, Not Active, Not Active, Not Active, Not Active, Not Active
2026/09/02 17:21:46.670, 32108 MiB, 41, 114.44 W, 2925 MHz, 13801 MHz, Not Active, Not Active, Not Active, Not Active, Not Active
2026/09/02 17:21:46.870, 32108 MiB, 41, 114.44 W, 2925 MHz, 13801 MHz, Not Active, Not Active, Not Active, Not Active, Not Active
2026/09/02 17:21:47.071, 32108 MiB, 41, 113.53 W, 2925 MHz, 13801 MHz, Not Active, Not Active, Not Active, Not Active, Not Active
2026/09/02 17:21:47.271, 32108 MiB, 41, 113.53 W, 2925 MHz, 13801 MHz, Not Active, Not Active, Not Active, Not Active, Not Active
2026/09/02 17:21:47.471, 32108 MiB, 41, 113.53 W, 2925 MHz, 13801 MHz, Not Active, Not Active, Not Active, Not Active, Not Active
2026/09/02 17:21:47.671, 32108 MiB, 41, 112.50 W, 2925 MHz, 13801 MHz, Not Active, Not Active, Not Active, Not Active, Not Active
2026/09/02 17:21:47.871, 32108 MiB, 41, 112.50 W, 2925 MHz, 13801 MHz, Not Active, Not Active, Not Active, Not Active, Not Active
2026/09/02 17:21:48.072, 32108 MiB, 41, 113.73 W, 2925 MHz, 13801 MHz, Not Active, Not Active, Not Active, Not Active, Not Active
2026/09/02 17:21:48.272, 32108 MiB, 41, 113.73 W, 2925 MHz, 13801 MHz, Not Active, Not Active, Not Active, Not Active, Not Active
2026/09/02 17:21:48.472, 32108 MiB, 41, 113.73 W, 2925 MHz, 13801 MHz, Not Active, Not Active, Not Active, Not Active, Not Active
2026/09/02 17:21:48.672, 32108 MiB, 41, 114.34 W, 2925 MHz, 13801 MHz, Not Active, Not Active, Not Active, Not Active, Not Active
2026/09/02 17:21:48.873, 32108 MiB, 41, 114.34 W, 2925 MHz, 13801 MHz, Not Active, Not Active, Not Active, Not Active, Not Active
2026/09/02 17:21:49.073, 32108 MiB, 41, 114.60 W, 2925 MHz, 13801 MHz, Not Active, Not Active, Not Active, Not Active, Not Active
2026/09/02 17:21:49.273, 32108 MiB, 41, 114.60 W, 2925 MHz, 13801 MHz, Not Active, Not Active, Not Active, Not Active, Not Active
2026/09/02 17:21:49.473, 32108 MiB, 41, 114.60 W, 2925 MHz, 13801 MHz, Not Active, Not Active, Not Active, Not Active, Not Active
2026/09/02 17:21:49.673, 32108 MiB, 41, 114.26 W, 2925 MHz, 13801 MHz, Not Active, Not Active, Not Active, Not Active, Not Active
2026/09/02 17:21:49.874, 32108 MiB, 41, 114.26 W, 2925 MHz, 13801 MHz, Not Active, Not Active, Not Active, Not Active, Not Active
2026/09/02 17:21:50.074, 32108 MiB, 41, 113.53 W, 2925 MHz, 13801 MHz, Not Active, Not Active, Not Active, Not Active, Not Active
2026/09/02 17:21:50.274, 32108 MiB, 41, 113.53 W, 2925 MHz, 13801 MHz, Not Active, Not Active, Not Active, Not Active, Not Active
2026/09/02 17:21:50.474, 32108 MiB, 41, 113.53 W, 2925 MHz, 13801 MHz, Not Active, Not Active, Not Active, Not Active, Not Active
2026/09/02 17:21:50.674, 32108 MiB, 41, 113.45 W, 2925 MHz, 13801 MHz, Not Active, Not Active, Not Active, Not Active, Not Active
2026/09/02 17:21:50.875, 32108 MiB, 41, 113.45 W, 2925 MHz, 13801 MHz, Not Active, Not Active, Not Active, Not Active, Not Active
2026/09/02 17:21:51.075, 32108 MiB, 41, 111.37 W, 2925 MHz, 13801 MHz, Not Active, Not Active, Not Active, Not Active, Not Active
2026/09/02 17:21:51.275, 32108 MiB, 41, 111.37 W, 2925 MHz, 13801 MHz, Not Active, Not Active, Not Active, Not Active, Not Active
2026/09/02 17:21:51.475, 32108 MiB, 41, 111.37 W, 2925 MHz, 13801 MHz, Not Active, Not Active, Not Active, Not Active, Not Active
2026/09/02 17:21:51.675, 32108 MiB, 41, 111.97 W, 2925 MHz, 13801 MHz, Not Active, Not Active, Not Active, Not Active, Not Active
2026/09/02 17:21:51.876, 32108 MiB, 41, 111.97 W, 2925 MHz, 13801 MHz, Not Active, Not Active, Not Active, Not Active, Not Active
2026/09/02 17:21:52.076, 32108 MiB, 41, 116.50 W, 2925 MHz, 13801 MHz, Not Active, Not Active, Not Active, Not Active, Not Active
2026/09/02 17:21:52.276, 32108 MiB, 41, 116.50 W, 2925 MHz, 13801 MHz, Not Active, Not Active, Not Active, Not Active, Not Active
2026/09/02 17:21:52.476, 32108 MiB, 41, 116.50 W, 2925 MHz, 13801 MHz, Not Active, Not Active, Not Active, Not Active, Not Active
2026/09/02 17:21:52.677, 32108 MiB, 41, 115.57 W, 2925 MHz, 13801 MHz, Not Active, Not Active, Not Active, Not Active, Not Active
2026/09/02 17:21:52.877, 32108 MiB, 41, 115.57 W, 2925 MHz, 13801 MHz, Not Active, Not Active, Not Active, Not Active, Not Active
2026/09/02 17:21:53.077, 32108 MiB, 41, 117.06 W, 2925 MHz, 13801 MHz, Not Active, Not Active, Not Active, Not Active, Not Active
2026/09/02 17:21:53.277, 32108 MiB, 41, 117.06 W, 2925 MHz, 13801 MHz, Not Active, Not Active, Not Active, Not Active, Not Active
2026/09/02 17:21:53.477, 32108 MiB, 41, 117.06 W, 2925 MHz, 13801 MHz, Not Active, Not Active, Not Active, Not Active, Not Active
2026/09/02 17:21:53.678, 32108 MiB, 41, 121.43 W, 2925 MHz, 13801 MHz, Not Active, Not Active, Not Active, Not Active, Not Active
2026/09/02 17:21:53.878, 32108 MiB, 41, 121.43 W, 2925 MHz, 13801 MHz, Not Active, Not Active, Not Active, Not Active, Not Active
2026/09/02 17:21:54.078, 32108 MiB, 41, 120.68 W, 2925 MHz, 13801 MHz, Not Active, Not Active, Not Active, Not Active, Not Active
2026/09/02 17:21:54.278, 32108 MiB, 41, 120.68 W, 2925 MHz, 13801 MHz, Not Active, Not Active, Not Active, Not Active, Not Active
2026/09/02 17:21:54.479, 32108 MiB, 41, 120.68 W, 2925 MHz, 13801 MHz, Not Active, Not Active, Not Active, Not Active, Not Active
2026/09/02 17:21:54.679, 32108 MiB, 41, 113.96 W, 2925 MHz, 13801 MHz, Not Active, Not Active, Not Active, Not Active, Not Active
2026/09/02 17:21:54.879, 32108 MiB, 41, 113.96 W, 2925 MHz, 13801 MHz, Not Active, Not Active, Not Active, Not Active, Not Active
2026/09/02 17:21:55.079, 32108 MiB, 41, 113.94 W, 2925 MHz, 13801 MHz, Not Active, Not Active, Not Active, Not Active, Not Active
2026/09/02 17:21:55.279, 32108 MiB, 41, 113.94 W, 2925 MHz, 13801 MHz, Not Active, Not Active, Not Active, Not Active, Not Active
2026/09/02 17:21:55.480, 32108 MiB, 41, 113.94 W, 2925 MHz, 13801 MHz, Not Active, Not Active, Not Active, Not Active, Not Active
2026/09/02 17:21:55.680, 32108 MiB, 41, 113.79 W, 2925 MHz, 13801 MHz, Not Active, Not Active, Not Active, Not Active, Not Active
2026/09/02 17:21:55.880, 32108 MiB, 41, 113.79 W, 2925 MHz, 13801 MHz, Not Active, Not Active, Not Active, Not Active, Not Active
2026/09/02 17:21:56.080, 32108 MiB, 41, 113.18 W, 2925 MHz, 13801 MHz, Not Active, Not Active, Not Active, Not Active, Not Active
2026/09/02 17:21:56.281, 32108 MiB, 41, 113.18 W, 2925 MHz, 13801 MHz, Not Active, Not Active, Not Active, Not Active, Not Active
2026/09/02 17:21:56.481, 32108 MiB, 41, 113.18 W, 2925 MHz, 13801 MHz, Not Active, Not Active, Not Active, Not Active, Not Active
2026/09/02 17:21:56.681, 32108 MiB, 41, 113.07 W, 2925 MHz, 13801 MHz, Not Active, Not Active, Not Active, Not Active, Not Active
2026/09/02 17:21:56.881, 32108 MiB, 41, 113.07 W, 2925 MHz, 13801 MHz, Not Active, Not Active, Not Active, Not Active, Not Active
2026/09/02 17:21:57.082, 32108 MiB, 41, 113.07 W, 2925 MHz, 13801 MHz, Not Active, Not Active, Not Active, Not Active, Not Active
2026/09/02 17:21:57.282, 32108 MiB, 41, 113.07 W, 2925 MHz, 13801 MHz, Not Active, Not Active, Not Active, Not Active, Not Active
2026/09/02 17:21:57.482, 32108 MiB, 41, 113.07 W, 2925 MHz, 13801 MHz, Not Active, Not Active, Not Active, Not Active, Not Active
2026/09/02 17:21:57.682, 32108 MiB, 41, 112.96 W, 2925 MHz, 13801 MHz, Not Active, Not Active, Not Active, Not Active, Not Active
2026/09/02 17:21:57.882, 32108 MiB, 41, 112.96 W, 2925 MHz, 13801 MHz, Not Active, Not Active, Not Active, Not Active, Not Active
2026/09/02 17:21:58.082, 32108 MiB, 41, 113.01 W, 2925 MHz, 13801 MHz, Not Active, Not Active, Not Active, Not Active, Not Active
2026/09/02 17:21:58.283, 32108 MiB, 41, 113.01 W, 2925 MHz, 13801 MHz, Not Active, Not Active, Not Active, Not Active, Not Active
2026/09/02 17:21:58.483, 32108 MiB, 41, 113.01 W, 2925 MHz, 13801 MHz, Not Active, Not Active, Not Active, Not Active, Not Active
2026/09/02 17:21:58.683, 32108 MiB, 41, 113.14 W, 2925 MHz, 13801 MHz, Not Active, Not Active, Not Active, Not Active, Not Active
2026/09/02 17:21:58.883, 32108 MiB, 41, 113.14 W, 2925 MHz, 13801 MHz, Not Active, Not Active, Not Active, Not Active, Not Active
2026/09/02 17:21:59.083, 32108 MiB, 41, 112.98 W, 2925 MHz, 13801 MHz, Not Active, Not Active, Not Active, Not Active, Not Active
2026/09/02 17:21:59.284, 32108 MiB, 41, 112.98 W, 2925 MHz, 13801 MHz, Not Active, Not Active, Not Active, Not Active, Not Active
2026/09/02 17:21:59.484, 32108 MiB, 41, 112.98 W, 2925 MHz, 13801 MHz, Not Active, Not Active, Not Active, Not Active, Not Active
2026/09/02 17:21:59.684, 32108 MiB, 41, 112.95 W, 2925 MHz, 13801 MHz, Not Active, Not Active, Not Active, Not Active, Not Active
2026/09/02 17:21:59.884, 32108 MiB, 41, 112.95 W, 2925 MHz, 13801 MHz, Not Active, Not Active, Not Active, Not Active, Not Active
2026/09/02 17:22:00.084, 32108 MiB, 41, 113.14 W, 2925 MHz, 13801 MHz, Not Active, Not Active, Not Active, Not Active, Not Active
2026/09/02 17:22:00.284, 32108 MiB, 41, 113.14 W, 2925 MHz, 13801 MHz, Not Active, Not Active, Not Active, Not Active, Not Active
2026/09/02 17:22:00.485, 32108 MiB, 41, 113.25 W, 2925 MHz, 13801 MHz, Not Active, Not Active, Not Active, Not Active, Not Active
2026/09/02 17:22:00.685, 32108 MiB, 41, 113.25 W, 2925 MHz, 13801 MHz, Not Active, Not Active, Not Active, Not Active, Not Active
2026/09/02 17:22:00.885, 32108 MiB, 41, 113.25 W, 2925 MHz, 13801 MHz, Not Active, Not Active, Not Active, Not Active, Not Active
2026/09/02 17:22:01.085, 32108 MiB, 41, 113.28 W, 2925 MHz, 13801 MHz, Not Active, Not Active, Not Active, Not Active, Not Active
2026/09/02 17:22:01.285, 32108 MiB, 41, 113.28 W, 2925 MHz, 13801 MHz, Not Active, Not Active, Not Active, Not Active, Not Active
2026/09/02 17:22:01.486, 32108 MiB, 41, 113.46 W, 2925 MHz, 13801 MHz, Not Active, Not Active, Not Active, Not Active, Not Active
2026/09/02 17:22:01.686, 32108 MiB, 41, 113.46 W, 2925 MHz, 13801 MHz, Not Active, Not Active, Not Active, Not Active, Not Active
2026/09/02 17:22:01.886, 32108 MiB, 41, 113.46 W, 2925 MHz, 13801 MHz, Not Active, Not Active, Not Active, Not Active, Not Active
2026/09/02 17:22:02.086, 32108 MiB, 41, 113.46 W, 2925 MHz, 13801 MHz, Not Active, Not Active, Not Active, Not Active, Not Active
2026/09/02 17:22:02.286, 32108 MiB, 41, 113.46 W, 2925 MHz, 13801 MHz, Not Active, Not Active, Not Active, Not Active, Not Active
2026/09/02 17:22:02.486, 32108 MiB, 41, 113.48 W, 2925 MHz, 13801 MHz, Not Active, Not Active, Not Active, Not Active, Not Active
2026/09/02 17:22:02.687, 32108 MiB, 41, 113.48 W, 2925 MHz, 13801 MHz, Not Active, Not Active, Not Active, Not Active, Not Active
2026/09/02 17:22:02.887, 32108 MiB, 41, 113.48 W, 2925 MHz, 13801 MHz, Not Active, Not Active, Not Active, Not Active, Not Active
2026/09/02 17:22:03.087, 32108 MiB, 41, 113.39 W, 2925 MHz, 13801 MHz, Not Active, Not Active, Not Active, Not Active, Not Active
2026/09/02 17:22:03.287, 32108 MiB, 41, 113.39 W, 2925 MHz, 13801 MHz, Not Active, Not Active, Not Active, Not Active, Not Active
2026/09/02 17:22:03.488, 32108 MiB, 41, 113.36 W, 2925 MHz, 13801 MHz, Not Active, Not Active, Not Active, Not Active, Not Active
2026/09/02 17:22:03.688, 32108 MiB, 41, 113.36 W, 2925 MHz, 13801 MHz, Not Active, Not Active, Not Active, Not Active, Not Active
2026/09/02 17:22:03.888, 32108 MiB, 41, 113.36 W, 2925 MHz, 13801 MHz, Not Active, Not Active, Not Active, Not Active, Not Active
2026/09/02 17:22:04.088, 32108 MiB, 41, 112.99 W, 2925 MHz, 13801 MHz, Not Active, Not Active, Not Active, Not Active, Not Active
2026/09/02 17:22:04.289, 32108 MiB, 41, 112.99 W, 2925 MHz, 13801 MHz, Not Active, Not Active, Not Active, Not Active, Not Active
2026/09/02 17:22:04.489, 32108 MiB, 41, 112.74 W, 2925 MHz, 13801 MHz, Not Active, Not Active, Not Active, Not Active, Not Active
2026/09/02 17:22:04.689, 32108 MiB, 41, 112.74 W, 2925 MHz, 13801 MHz, Not Active, Not Active, Not Active, Not Active, Not Active
2026/09/02 17:22:04.889, 32108 MiB, 41, 112.74 W, 2925 MHz, 13801 MHz, Not Active, Not Active, Not Active, Not Active, Not Active
2026/09/02 17:22:05.089, 32108 MiB, 41, 112.73 W, 2925 MHz, 13801 MHz, Not Active, Not Active, Not Active, Not Active, Not Active
2026/09/02 17:22:05.290, 32108 MiB, 41, 112.73 W, 2925 MHz, 13801 MHz, Not Active, Not Active, Not Active, Not Active, Not Active
2026/09/02 17:22:05.490, 32108 MiB, 41, 116.76 W, 2925 MHz, 13801 MHz, Not Active, Not Active, Not Active, Not Active, Not Active
2026/09/02 17:22:05.690, 32108 MiB, 41, 116.76 W, 2925 MHz, 13801 MHz, Not Active, Not Active, Not Active, Not Active, Not Active
2026/09/02 17:22:05.890, 32108 MiB, 41, 116.76 W, 2925 MHz, 13801 MHz, Not Active, Not Active, Not Active, Not Active, Not Active
2026/09/02 17:22:06.091, 32108 MiB, 41, 117.89 W, 2925 MHz, 13801 MHz, Not Active, Not Active, Not Active, Not Active, Not Active
2026/09/02 17:22:06.291, 32108 MiB, 41, 117.89 W, 2925 MHz, 13801 MHz, Not Active, Not Active, Not Active, Not Active, Not Active
2026/09/02 17:22:06.491, 32108 MiB, 41, 115.35 W, 2925 MHz, 13801 MHz, Not Active, Not Active, Not Active, Not Active, Not Active
2026/09/02 17:22:06.691, 32108 MiB, 41, 115.35 W, 2925 MHz, 13801 MHz, Not Active, Not Active, Not Active, Not Active, Not Active
2026/09/02 17:22:06.892, 32108 MiB, 41, 115.35 W, 2925 MHz, 13801 MHz, Not Active, Not Active, Not Active, Not Active, Not Active
2026/09/02 17:22:07.092, 32108 MiB, 41, 115.13 W, 2925 MHz, 13801 MHz, Not Active, Not Active, Not Active, Not Active, Not Active
2026/09/02 17:22:07.292, 32108 MiB, 41, 115.13 W, 2925 MHz, 13801 MHz, Not Active, Not Active, Not Active, Not Active, Not Active
2026/09/02 17:22:07.492, 32108 MiB, 41, 116.44 W, 2925 MHz, 13801 MHz, Not Active, Not Active, Not Active, Not Active, Not Active
2026/09/02 17:22:07.693, 32108 MiB, 41, 116.44 W, 2925 MHz, 13801 MHz, Not Active, Not Active, Not Active, Not Active, Not Active
2026/09/02 17:22:07.893, 32108 MiB, 41, 116.44 W, 2925 MHz, 13801 MHz, Not Active, Not Active, Not Active, Not Active, Not Active
2026/09/02 17:22:08.093, 32108 MiB, 41, 116.21 W, 2925 MHz, 13801 MHz, Not Active, Not Active, Not Active, Not Active, Not Active
2026/09/02 17:22:08.293, 32108 MiB, 41, 116.21 W, 2925 MHz, 13801 MHz, Not Active, Not Active, Not Active, Not Active, Not Active
2026/09/02 17:22:08.493, 32108 MiB, 41, 115.26 W, 2925 MHz, 13801 MHz, Not Active, Not Active, Not Active, Not Active, Not Active
2026/09/02 17:22:08.694, 32108 MiB, 41, 115.26 W, 2925 MHz, 13801 MHz, Not Active, Not Active, Not Active, Not Active, Not Active
2026/09/02 17:22:08.894, 32108 MiB, 41, 115.26 W, 2925 MHz, 13801 MHz, Not Active, Not Active, Not Active, Not Active, Not Active
2026/09/02 17:22:09.094, 32108 MiB, 41, 115.31 W, 2925 MHz, 13801 MHz, Not Active, Not Active, Not Active, Not Active, Not Active
2026/09/02 17:22:09.294, 32108 MiB, 41, 115.31 W, 2925 MHz, 13801 MHz, Not Active, Not Active, Not Active, Not Active, Not Active
2026/09/02 17:22:09.494, 32108 MiB, 41, 112.06 W, 2925 MHz, 13801 MHz, Not Active, Not Active, Not Active, Not Active, Not Active
2026/09/02 17:22:09.694, 32108 MiB, 41, 112.06 W, 2925 MHz, 13801 MHz, Not Active, Not Active, Not Active, Not Active, Not Active
2026/09/02 17:22:09.895, 32108 MiB, 41, 112.06 W, 2925 MHz, 13801 MHz, Not Active, Not Active, Not Active, Not Active, Not Active
2026/09/02 17:22:10.095, 32108 MiB, 41, 110.00 W, 2925 MHz, 13801 MHz, Not Active, Not Active, Not Active, Not Active, Not Active
2026/09/02 17:22:10.295, 32108 MiB, 41, 110.00 W, 2925 MHz, 13801 MHz, Not Active, Not Active, Not Active, Not Active, Not Active
2026/09/02 17:22:10.495, 32108 MiB, 41, 111.78 W, 2925 MHz, 13801 MHz, Not Active, Not Active, Not Active, Not Active, Not Active
2026/09/02 17:22:10.695, 32108 MiB, 41, 111.78 W, 2925 MHz, 13801 MHz, Not Active, Not Active, Not Active, Not Active, Not Active
2026/09/02 17:22:10.895, 32108 MiB, 41, 111.78 W, 2925 MHz, 13801 MHz, Not Active, Not Active, Not Active, Not Active, Not Active
2026/09/02 17:22:11.096, 32108 MiB, 41, 112.37 W, 2925 MHz, 13801 MHz, Not Active, Not Active, Not Active, Not Active, Not Active
2026/09/02 17:22:11.296, 32108 MiB, 41, 112.37 W, 2925 MHz, 13801 MHz, Not Active, Not Active, Not Active, Not Active, Not Active
2026/09/02 17:22:11.496, 32108 MiB, 41, 112.26 W, 2925 MHz, 13801 MHz, Not Active, Not Active, Not Active, Not Active, Not Active
2026/09/02 17:22:11.696, 32108 MiB, 41, 112.26 W, 2925 MHz, 13801 MHz, Not Active, Not Active, Not Active, Not Active, Not Active
2026/09/02 17:22:11.897, 32108 MiB, 41, 112.26 W, 2925 MHz, 13801 MHz, Not Active, Not Active, Not Active, Not Active, Not Active
2026/09/02 17:22:12.097, 32108 MiB, 41, 112.53 W, 2925 MHz, 13801 MHz, Not Active, Not Active, Not Active, Not Active, Not Active
2026/09/02 17:22:12.297, 32108 MiB, 41, 112.53 W, 2925 MHz, 13801 MHz, Not Active, Not Active, Not Active, Not Active, Not Active
2026/09/02 17:22:12.497, 32108 MiB, 41, 113.01 W, 2925 MHz, 13801 MHz, Not Active, Not Active, Not Active, Not Active, Not Active
2026/09/02 17:22:12.698, 32108 MiB, 41, 113.01 W, 2925 MHz, 13801 MHz, Not Active, Not Active, Not Active, Not Active, Not Active
2026/09/02 17:22:12.898, 32108 MiB, 41, 113.01 W, 2925 MHz, 13801 MHz, Not Active, Not Active, Not Active, Not Active, Not Active
2026/09/02 17:22:13.098, 32108 MiB, 41, 114.20 W, 2925 MHz, 13801 MHz, Not Active, Not Active, Not Active, Not Active, Not Active
2026/09/02 17:22:13.298, 32108 MiB, 41, 114.20 W, 2925 MHz, 13801 MHz, Not Active, Not Active, Not Active, Not Active, Not Active
2026/09/02 17:22:13.498, 32108 MiB, 41, 114.11 W, 2925 MHz, 13801 MHz, Not Active, Not Active, Not Active, Not Active, Not Active
2026/09/02 17:22:13.699, 32108 MiB, 41, 114.11 W, 2925 MHz, 13801 MHz, Not Active, Not Active, Not Active, Not Active, Not Active
2026/09/02 17:22:13.899, 32108 MiB, 41, 114.11 W, 2925 MHz, 13801 MHz, Not Active, Not Active, Not Active, Not Active, Not Active
2026/09/02 17:22:14.099, 32108 MiB, 41, 114.40 W, 2925 MHz, 13801 MHz, Not Active, Not Active, Not Active, Not Active, Not Active
2026/09/02 17:22:14.299, 32108 MiB, 41, 114.40 W, 2925 MHz, 13801 MHz, Not Active, Not Active, Not Active, Not Active, Not Active
2026/09/02 17:22:14.499, 32108 MiB, 41, 115.71 W, 2925 MHz, 13801 MHz, Not Active, Not Active, Not Active, Not Active, Not Active
2026/09/02 17:22:14.700, 32108 MiB, 41, 115.71 W, 2925 MHz, 13801 MHz, Not Active, Not Active, Not Active, Not Active, Not Active
2026/09/02 17:22:14.900, 32108 MiB, 41, 115.71 W, 2925 MHz, 13801 MHz, Not Active, Not Active, Not Active, Not Active, Not Active
2026/09/02 17:22:15.100, 32108 MiB, 41, 113.81 W, 2925 MHz, 13801 MHz, Not Active, Not Active, Not Active, Not Active, Not Active
2026/09/02 17:22:15.300, 32108 MiB, 41, 113.81 W, 2925 MHz, 13801 MHz, Not Active, Not Active, Not Active, Not Active, Not Active
2026/09/02 17:22:15.501, 32108 MiB, 41, 112.06 W, 2925 MHz, 13801 MHz, Not Active, Not Active, Not Active, Not Active, Not Active
2026/09/02 17:22:15.701, 32108 MiB, 41, 112.06 W, 2925 MHz, 13801 MHz, Not Active, Not Active, Not Active, Not Active, Not Active
2026/09/02 17:22:15.901, 32108 MiB, 41, 112.06 W, 2925 MHz, 13801 MHz, Not Active, Not Active, Not Active, Not Active, Not Active
2026/09/02 17:22:16.101, 32108 MiB, 41, 112.60 W, 2925 MHz, 13801 MHz, Not Active, Not Active, Not Active, Not Active, Not Active
2026/09/02 17:22:16.302, 32108 MiB, 41, 112.60 W, 2925 MHz, 13801 MHz, Not Active, Not Active, Not Active, Not Active, Not Active
2026/09/02 17:22:16.502, 32108 MiB, 41, 113.69 W, 2925 MHz, 13801 MHz, Not Active, Not Active, Not Active, Not Active, Not Active
2026/09/02 17:22:16.702, 32108 MiB, 41, 113.69 W, 2925 MHz, 13801 MHz, Not Active, Not Active, Not Active, Not Active, Not Active
2026/09/02 17:22:16.902, 32108 MiB, 41, 113.69 W, 2925 MHz, 13801 MHz, Not Active, Not Active, Not Active, Not Active, Not Active
2026/09/02 17:22:17.103, 32108 MiB, 41, 114.42 W, 2925 MHz, 13801 MHz, Not Active, Not Active, Not Active, Not Active, Not Active
2026/09/02 17:22:17.303, 32108 MiB, 41, 114.42 W, 2925 MHz, 13801 MHz, Not Active, Not Active, Not Active, Not Active, Not Active
2026/09/02 17:22:17.503, 32108 MiB, 41, 114.65 W, 2925 MHz, 13801 MHz, Not Active, Not Active, Not Active, Not Active, Not Active
2026/09/02 17:22:17.703, 32108 MiB, 41, 114.65 W, 2925 MHz, 13801 MHz, Not Active, Not Active, Not Active, Not Active, Not Active
2026/09/02 17:22:17.903, 32108 MiB, 41, 114.65 W, 2925 MHz, 13801 MHz, Not Active, Not Active, Not Active, Not Active, Not Active
2026/09/02 17:22:18.104, 32108 MiB, 41, 114.56 W, 2925 MHz, 13801 MHz, Not Active, Not Active, Not Active, Not Active, Not Active
2026/09/02 17:22:18.304, 32108 MiB, 41, 114.56 W, 2925 MHz, 13801 MHz, Not Active, Not Active, Not Active, Not Active, Not Active
2026/09/02 17:22:18.504, 32108 MiB, 41, 114.38 W, 2925 MHz, 13801 MHz, Not Active, Not Active, Not Active, Not Active, Not Active
2026/09/02 17:22:18.704, 32108 MiB, 41, 114.38 W, 2925 MHz, 13801 MHz, Not Active, Not Active, Not Active, Not Active, Not Active
2026/09/02 17:22:18.904, 32108 MiB, 41, 114.38 W, 2925 MHz, 13801 MHz, Not Active, Not Active, Not Active, Not Active, Not Active
2026/09/02 17:22:19.105, 32108 MiB, 41, 116.33 W, 2925 MHz, 13801 MHz, Not Active, Not Active, Not Active, Not Active, Not Active
2026/09/02 17:22:19.305, 32108 MiB, 41, 116.33 W, 2925 MHz, 13801 MHz, Not Active, Not Active, Not Active, Not Active, Not Active
2026/09/02 17:22:19.505, 32108 MiB, 41, 117.50 W, 2925 MHz, 13801 MHz, Not Active, Not Active, Not Active, Not Active, Not Active
2026/09/02 17:22:19.705, 32108 MiB, 41, 117.50 W, 2925 MHz, 13801 MHz, Not Active, Not Active, Not Active, Not Active, Not Active
2026/09/02 17:22:19.905, 32108 MiB, 41, 117.50 W, 2925 MHz, 13801 MHz, Not Active, Not Active, Not Active, Not Active, Not Active
2026/09/02 17:22:20.106, 32108 MiB, 41, 116.42 W, 2925 MHz, 13801 MHz, Not Active, Not Active, Not Active, Not Active, Not Active
2026/09/02 17:22:20.306, 32108 MiB, 41, 116.42 W, 2925 MHz, 13801 MHz, Not Active, Not Active, Not Active, Not Active, Not Active
2026/09/02 17:22:20.506, 32108 MiB, 41, 115.91 W, 2925 MHz, 13801 MHz, Not Active, Not Active, Not Active, Not Active, Not Active
2026/09/02 17:22:20.706, 32108 MiB, 41, 115.91 W, 2925 MHz, 13801 MHz, Not Active, Not Active, Not Active, Not Active, Not Active
2026/09/02 17:22:20.907, 32108 MiB, 41, 115.91 W, 2925 MHz, 13801 MHz, Not Active, Not Active, Not Active, Not Active, Not Active
2026/09/02 17:22:21.107, 32108 MiB, 41, 114.74 W, 2925 MHz, 13801 MHz, Not Active, Not Active, Not Active, Not Active, Not Active
2026/09/02 17:22:21.307, 32108 MiB, 41, 114.74 W, 2925 MHz, 13801 MHz, Not Active, Not Active, Not Active, Not Active, Not Active
2026/09/02 17:22:21.507, 32108 MiB, 41, 113.05 W, 2925 MHz, 13801 MHz, Not Active, Not Active, Not Active, Not Active, Not Active
2026/09/02 17:22:21.707, 32108 MiB, 41, 113.05 W, 2925 MHz, 13801 MHz, Not Active, Not Active, Not Active, Not Active, Not Active
2026/09/02 17:22:21.908, 32108 MiB, 41, 113.05 W, 2925 MHz, 13801 MHz, Not Active, Not Active, Not Active, Not Active, Not Active
2026/09/02 17:22:22.108, 32108 MiB, 41, 114.09 W, 2925 MHz, 13801 MHz, Not Active, Not Active, Not Active, Not Active, Not Active
2026/09/02 17:22:22.308, 32108 MiB, 41, 114.09 W, 2925 MHz, 13801 MHz, Not Active, Not Active, Not Active, Not Active, Not Active
2026/09/02 17:22:22.508, 32108 MiB, 41, 113.41 W, 2925 MHz, 13801 MHz, Not Active, Not Active, Not Active, Not Active, Not Active
2026/09/02 17:22:22.709, 32108 MiB, 41, 113.41 W, 2925 MHz, 13801 MHz, Not Active, Not Active, Not Active, Not Active, Not Active
2026/09/02 17:22:22.909, 32108 MiB, 41, 113.41 W, 2925 MHz, 13801 MHz, Not Active, Not Active, Not Active, Not Active, Not Active
2026/09/02 17:22:23.109, 32108 MiB, 41, 113.03 W, 2925 MHz, 13801 MHz, Not Active, Not Active, Not Active, Not Active, Not Active
2026/09/02 17:22:23.309, 32108 MiB, 41, 113.03 W, 2925 MHz, 13801 MHz, Not Active, Not Active, Not Active, Not Active, Not Active
2026/09/02 17:22:23.509, 32108 MiB, 41, 114.72 W, 2925 MHz, 13801 MHz, Not Active, Not Active, Not Active, Not Active, Not Active
2026/09/02 17:22:23.710, 32108 MiB, 41, 114.72 W, 2925 MHz, 13801 MHz, Not Active, Not Active, Not Active, Not Active, Not Active
2026/09/02 17:22:23.910, 32108 MiB, 41, 114.72 W, 2925 MHz, 13801 MHz, Not Active, Not Active, Not Active, Not Active, Not Active
2026/09/02 17:22:24.110, 32108 MiB, 41, 115.74 W, 2925 MHz, 13801 MHz, Not Active, Not Active, Not Active, Not Active, Not Active
2026/09/02 17:22:24.310, 32108 MiB, 41, 115.74 W, 2925 MHz, 13801 MHz, Not Active, Not Active, Not Active, Not Active, Not Active
2026/09/02 17:22:24.511, 32108 MiB, 41, 115.28 W, 2925 MHz, 13801 MHz, Not Active, Not Active, Not Active, Not Active, Not Active
2026/09/02 17:22:24.711, 32108 MiB, 41, 115.28 W, 2925 MHz, 13801 MHz, Not Active, Not Active, Not Active, Not Active, Not Active
2026/09/02 17:22:24.911, 32108 MiB, 41, 115.28 W, 2925 MHz, 13801 MHz, Not Active, Not Active, Not Active, Not Active, Not Active
2026/09/02 17:22:25.111, 32108 MiB, 41, 115.12 W, 2925 MHz, 13801 MHz, Not Active, Not Active, Not Active, Not Active, Not Active
2026/09/02 17:22:25.312, 32108 MiB, 41, 115.12 W, 2925 MHz, 13801 MHz, Not Active, Not Active, Not Active, Not Active, Not Active
2026/09/02 17:22:25.512, 32108 MiB, 41, 115.62 W, 2925 MHz, 13801 MHz, Not Active, Not Active, Not Active, Not Active, Not Active
2026/09/02 17:22:25.712, 32108 MiB, 41, 115.62 W, 2925 MHz, 13801 MHz, Not Active, Not Active, Not Active, Not Active, Not Active
2026/09/02 17:22:25.912, 32108 MiB, 41, 115.62 W, 2925 MHz, 13801 MHz, Not Active, Not Active, Not Active, Not Active, Not Active
2026/09/02 17:22:26.113, 32108 MiB, 41, 115.48 W, 2925 MHz, 13801 MHz, Not Active, Not Active, Not Active, Not Active, Not Active
2026/09/02 17:22:26.313, 32108 MiB, 41, 115.48 W, 2925 MHz, 13801 MHz, Not Active, Not Active, Not Active, Not Active, Not Active
2026/09/02 17:22:26.513, 32108 MiB, 41, 114.34 W, 2925 MHz, 13801 MHz, Not Active, Not Active, Not Active, Not Active, Not Active
2026/09/02 17:22:26.713, 32108 MiB, 41, 114.34 W, 2925 MHz, 13801 MHz, Not Active, Not Active, Not Active, Not Active, Not Active
2026/09/02 17:22:26.914, 32108 MiB, 41, 114.34 W, 2925 MHz, 13801 MHz, Not Active, Not Active, Not Active, Not Active, Not Active
2026/09/02 17:22:27.114, 32108 MiB, 41, 114.69 W, 2925 MHz, 13801 MHz, Not Active, Not Active, Not Active, Not Active, Not Active
2026/09/02 17:22:27.314, 32108 MiB, 41, 114.69 W, 2925 MHz, 13801 MHz, Not Active, Not Active, Not Active, Not Active, Not Active
2026/09/02 17:22:27.514, 32108 MiB, 41, 116.06 W, 2925 MHz, 13801 MHz, Not Active, Not Active, Not Active, Not Active, Not Active
2026/09/02 17:22:27.714, 32108 MiB, 41, 116.06 W, 2925 MHz, 13801 MHz, Not Active, Not Active, Not Active, Not Active, Not Active
2026/09/02 17:22:27.914, 32108 MiB, 41, 116.06 W, 2925 MHz, 13801 MHz, Not Active, Not Active, Not Active, Not Active, Not Active
2026/09/02 17:22:28.115, 32108 MiB, 41, 116.99 W, 2925 MHz, 13801 MHz, Not Active, Not Active, Not Active, Not Active, Not Active
2026/09/02 17:22:28.315, 32108 MiB, 41, 116.99 W, 2925 MHz, 13801 MHz, Not Active, Not Active, Not Active, Not Active, Not Active
2026/09/02 17:22:28.515, 32108 MiB, 40, 102.04 W, 2925 MHz, 13801 MHz, Not Active, Not Active, Not Active, Not Active, Not Active
2026/09/02 17:22:28.715, 32108 MiB, 40, 102.04 W, 2925 MHz, 13801 MHz, Not Active, Not Active, Not Active, Not Active, Not Active
2026/09/02 17:22:28.916, 32108 MiB, 40, 102.04 W, 2925 MHz, 13801 MHz, Not Active, Not Active, Not Active, Not Active, Not Active
2026/09/02 17:22:29.116, 32108 MiB, 40, 85.64 W, 2925 MHz, 13801 MHz, Not Active, Not Active, Not Active, Not Active, Not Active
